{"type":"FeatureCollection","name":"AreaNB_2km","crs":{"type":"name","properties":{"name":"urn:ogc:def:crs:OGC:1.3:CRS84"}},"xy_coordinate_resolution":1e-15,"features":[{"type":"Feature","properties":{"id":1,"name":"East Devon"},"geometry":{"type":"MultiPolygon","coordinates":[[[[-1.597037903109285,50.67980121146497],[-1.59697419845406,50.67981888417022],[-1.59628422109569,50.67999395834831],[-1.596123916487251,50.68023130307391],[-1.596095213554386,50.680271659949916],[-1.595622881809857,50.68087452463001],[-1.594608497999378,50.68205609890887],[-1.594066444701306,50.68263480789673],[-1.593979228260445,50.68272045198132],[-1.593499409316388,50.68314237920461],[-1.593328429088543,50.68331440102359],[-1.593312776345039,50.68332953991602],[-1.592789155278101,50.68380213856971],[-1.59169517945506,50.684724984414245],[-1.591124824452553,50.6851752307395],[-1.591084769741824,50.685204848717966],[-1.590474372974901,50.68562808040705],[-1.589212287041026,50.68644893114215],[-1.588560597846042,50.68684654974479],[-1.588515319200511,50.68687246226037],[-1.588355823099574,50.686962366747764],[-1.588034715462109,50.68714063863238],[-1.587873103928106,50.68722900602384],[-1.587861493739019,50.68723525824083],[-1.587643947340369,50.68735005617657],[-1.5875469827898,50.687400192094174],[-1.587444510513636,50.68745865040034],[-1.58683770500769,50.6877857171554],[-1.586815077380836,50.687797234266604],[-1.586058575581522,50.688156619924726],[-1.58450949182471,50.68884252447648],[-1.583716910823885,50.689169043324064],[-1.583656126758592,50.689192291689785],[-1.583033440178186,50.689417018104365],[-1.581770955387958,50.68984616849062],[-1.581131157568203,50.690050592278986],[-1.581095578758046,50.69006125248413],[-1.580207367214208,50.69030417749762],[-1.579711187028536,50.69042729522667],[-1.579600988628855,50.69046525851651],[-1.57951927617139,50.69049246409821],[-1.579382802809356,50.69054528146516],[-1.579375658016922,50.690547952688],[-1.577849838008783,50.69102068693713],[-1.577146838531291,50.69129104652321],[-1.576034921084625,50.69167656827849],[-1.575986577500805,50.69169158708209],[-1.575483259557913,50.69184025553272],[-1.5744678264765,50.692124938597985],[-1.573955711547841,50.69226095321486],[-1.57389183235977,50.69227699186817],[-1.573682402469681,50.69232835896735],[-1.573262285341796,50.692428976090156],[-1.573051598120319,50.69247822610927],[-1.57290842560355,50.692510877317744],[-1.572879927548358,50.6925173642799],[-1.572796383025665,50.69253633396685],[-1.572645095177102,50.692570068457485],[-1.572341927065898,50.69263644634333],[-1.572190046809488,50.69266908973698],[-1.572151919553073,50.692677131778076],[-1.571715328656637,50.69276426870072],[-1.570947809295987,50.69290883432702],[-1.570944290218223,50.69290969839983],[-1.570836482530573,50.69293584908739],[-1.570620534796776,50.69298759110789],[-1.570512394752845,50.69301318244018],[-1.570421501124019,50.69303442474613],[-1.569890195389901,50.693151038606445],[-1.56954772025064,50.69322140296669],[-1.569547706958184,50.69322137686368],[-1.569487684591785,50.693234861627005],[-1.568789068158625,50.69337724395865],[-1.568282524838004,50.693473887117946],[-1.568252825624034,50.69347917125065],[-1.567932238032965,50.69353364451735],[-1.567289138253814,50.69363780054278],[-1.566998654652371,50.69368254938407],[-1.566050880721934,50.69453621464947],[-1.562964057089304,50.696553033158644],[-1.559418370850619,50.69823831049026],[-1.555501114372302,50.69955053564969],[-1.551308758831408,50.70045738338984],[-1.546944570642486,50.7009365120099],[-1.542516068233186,50.70097611795644],[-1.540105349325972,50.70075567917756],[-1.54015032937619,50.70096010547281],[-1.540176923565562,50.7010876173521],[-1.540178147273422,50.701093825444026],[-1.540263033020621,50.70167908325061],[-1.540372429685699,50.70285187021773],[-1.540396939062235,50.703439399395684],[-1.540396875003879,50.703445962129244],[-1.540367409946688,50.70397270100816],[-1.540259932624787,50.7050241774671],[-1.54018191925068,50.7055489149748],[-1.540181059134524,50.705553317183906],[-1.540180184516851,50.70555779029021],[-1.54017149105558,50.70560137705358],[-1.540153832426017,50.70568821042442],[-1.540144836666222,50.70573161346023],[-1.540143489912995,50.70573799127926],[-1.539822640442035,50.70678308920925],[-1.538988607248796,50.708841871104354],[-1.537777071173339,50.71082359197685],[-1.536205004272585,50.712700474711085],[-1.535422431404752,50.71352498683551],[-1.535237309081622,50.71369830852651],[-1.535178161738318,50.713754761113655],[-1.535148084138805,50.71378342937711],[-1.535058848077872,50.71386744274942],[-1.534880459268138,50.71403336550948],[-1.534857822432336,50.71405416985101],[-1.533085596204528,50.71603750512124],[-1.530314315479843,50.71824211856861],[-1.527032452824821,50.72014345297688],[-1.523321240775318,50.72169441459456],[-1.519272573912891,50.72285658372343],[-1.514986758702124,50.72360117514232],[-1.514684179425003,50.72362231908462],[-1.513845243220058,50.72382153414968],[-1.513828386223963,50.723825060083094],[-1.511691441102211,50.72415781774526],[-1.50766909755191,50.7245771578796],[-1.50742866908432,50.72460915583166],[-1.507425352385934,50.724599114771316],[-1.506104492399436,50.72474461603536],[-1.5027620196244,50.724983885972506],[-1.50107954842905,50.72504029386489],[-1.501067984123981,50.72504024439674],[-1.497981429990263,50.724810640166005],[-1.497949205307013,50.72480592449669],[-1.496068364586049,50.724771678866816],[-1.49606856496818,50.724796557571025],[-1.49574386492963,50.7247976096648],[-1.495363104351149,50.72475882992513],[-1.494633199311007,50.724745527487954],[-1.49463380349706,50.72475392539486],[-1.494629574129653,50.72475404797836],[-1.494232918061856,50.724746496010106],[-1.493781759107788,50.72477639653513],[-1.493448925975325,50.7247652446181],[-1.492652449664236,50.724724228873946],[-1.4924973046796,50.72471343562571],[-1.492490177226066,50.724713299806886],[-1.49233306568495,50.72470272673538],[-1.492269761099436,50.724698375151426],[-1.491837206203972,50.72466801578238],[-1.491678297942767,50.72470936551048],[-1.491490465408686,50.7247572492757],[-1.491472470861128,50.724761742076176],[-1.491208677599597,50.72483743873579],[-1.491055120915558,50.72487605541112],[-1.490790010337349,50.72494263474573],[-1.490744672221248,50.724954010062596],[-1.490110443481959,50.72514734650188],[-1.489841950069454,50.72521121736226],[-1.489829923930461,50.72521408083733],[-1.489672880515195,50.72525141458272],[-1.489539045871555,50.72528319273435],[-1.489425349828383,50.72530983700975],[-1.489197817538768,50.72536245711697],[-1.489083874070533,50.725388458406854],[-1.489016893535444,50.72540353808606],[-1.488994770423478,50.72540850567832],[-1.488950511252598,50.72541841758299],[-1.488928375193703,50.72542336189546],[-1.488877320857488,50.7254347352234],[-1.488516986876856,50.72551157514979],[-1.48779319736713,50.72565908775398],[-1.487429741916415,50.72572976038702],[-1.487182651902883,50.72577551305802],[-1.487151153954385,50.725781331411945],[-1.487121574918288,50.72578677974738],[-1.487098846401469,50.72579095103994],[-1.487053378412497,50.725799269513026],[-1.487030638940366,50.72580341669356],[-1.486914763152768,50.725824483343004],[-1.485333423787677,50.72605073227439],[-1.485216557670317,50.726063042124494],[-1.484719045554068,50.72614728945846],[-1.484154215679423,50.72623425601229],[-1.484137891351446,50.726238354076756],[-1.483730464969221,50.72633606389556],[-1.483510300163699,50.72638642268412],[-1.48337891717236,50.726416011197834],[-1.482903435594685,50.72652142303404],[-1.482614859988717,50.726583196867146],[-1.482593551312268,50.726587596937215],[-1.482469648584256,50.72661278303063],[-1.482221483572158,50.72666243156036],[-1.482097221291536,50.72668689399594],[-1.482060462254934,50.72669401312784],[-1.481682734484024,50.726763544331],[-1.481221499329206,50.72684405740401],[-1.480496678013226,50.72719520891104],[-1.480137697399935,50.72735829261611],[-1.480090345692939,50.7273821850611],[-1.479605760972467,50.727616085810666],[-1.478621193173566,50.72807045158392],[-1.478121210230121,50.72829091647923],[-1.47811276040868,50.72829447398147],[-1.477644256943262,50.72847788543014],[-1.477424515483187,50.72861733713053],[-1.476712642491177,50.729053585410064],[-1.476350698557364,50.72926776204744],[-1.476302142472705,50.72929550435563],[-1.47595471667499,50.72948760463307],[-1.475250198390592,50.72986453004049],[-1.474893105936411,50.7300493551127],[-1.474857510183269,50.730067174992485],[-1.474718144487549,50.73013599887325],[-1.474703736895514,50.73014384141624],[-1.474218313935393,50.730396444318906],[-1.474211147075439,50.73040000821911],[-1.474203429820894,50.73040384562539],[-1.47325613840755,50.73083614503083],[-1.471308685126508,50.73164978188404],[-1.470308519261923,50.732031121052245],[-1.470231695492419,50.73205774325021],[-1.469526731343973,50.732286051639946],[-1.469279201335525,50.73236076042472],[-1.469235449526658,50.73237735391533],[-1.468963835945492,50.73247778844732],[-1.468946592151387,50.73248400307468],[-1.46885235791862,50.73251598504498],[-1.468843952783674,50.7325198168064],[-1.468630841693683,50.73261680294696],[-1.468275129577939,50.732773511038104],[-1.467485884678842,50.73310997961864],[-1.467345895192307,50.733167486207925],[-1.466733939968225,50.73344251214846],[-1.466721003257216,50.73345113576297],[-1.466522816599175,50.73354732343079],[-1.466405713381455,50.733590021634164],[-1.466108970170266,50.73372338046714],[-1.465851022003338,50.73382006781595],[-1.465773555609706,50.73386004051751],[-1.464369749018276,50.73449831391265],[-1.464365289232126,50.73450009108476],[-1.464227145525886,50.73455444101738],[-1.463949883895925,50.734662131205546],[-1.463810765975979,50.734715471458834],[-1.463803725531924,50.73471813602206],[-1.462684762752842,50.735099552250304],[-1.460397460941938,50.7357972299394],[-1.460248409760662,50.735837577941524],[-1.458973427877821,50.736486665157074],[-1.458924432744559,50.73644790753499],[-1.458746620115053,50.73656058191314],[-1.458778575834695,50.736585860573],[-1.458758153031961,50.73659625738437],[-1.458489257509785,50.736723663205076],[-1.458434945953198,50.736758078237244],[-1.45836340999556,50.73679100936386],[-1.458275599105532,50.736831108678764],[-1.458144446704804,50.73689051897995],[-1.45814189141348,50.73688824733766],[-1.457969394655163,50.73696997651281],[-1.457789959099867,50.73704898529627],[-1.457767587093021,50.73705881588443],[-1.457268196024986,50.73727780357089],[-1.456972988830669,50.73740380782251],[-1.456917338160491,50.7374269226853],[-1.455955767553386,50.737792676652845],[-1.453990029499692,50.738474779031755],[-1.452985863518305,50.73879112673763],[-1.452805442079244,50.73884242404595],[-1.452789150662703,50.73884704817736],[-1.452756558655614,50.7388562834102],[-1.452740258065074,50.73886089451162],[-1.452555502111913,50.73891306947203],[-1.451826829996637,50.73910362040919],[-1.451757494690219,50.739120336034325],[-1.451638248243417,50.73915615708342],[-1.451510656875316,50.73919399338155],[-1.451504911894613,50.7391956749891],[-1.451258632591574,50.7392659639845],[-1.450764005626747,50.73940354896975],[-1.45051565808769,50.73947084535361],[-1.450394815235636,50.73950273030206],[-1.450262168305959,50.73953700744791],[-1.450238082996519,50.73954375627276],[-1.450096346818674,50.739582886584586],[-1.44981220958585,50.739660163388244],[-1.449669808535726,50.73969830987845],[-1.449662776001378,50.73970016514376],[-1.449513250948566,50.739738492470686],[-1.449393981512039,50.739773273613416],[-1.4490103945215,50.73988080045177],[-1.449000547993931,50.73988345082033],[-1.448709980858259,50.739959261256416],[-1.44812626675215,50.740106774016596],[-1.447833119824611,50.740178476327785],[-1.447814488570761,50.74018288352248],[-1.447323921027892,50.74029246260962],[-1.446336773156401,50.740500118872326],[-1.446249854041233,50.74051728602609],[-1.446072457169491,50.74057672529198],[-1.446058729520729,50.740580960681385],[-1.445986039915133,50.74060569977708],[-1.445939915008902,50.74062738781829],[-1.445444303205079,50.74085014494062],[-1.445417173411264,50.74086179274114],[-1.445222399908766,50.74094393722822],[-1.444830741070674,50.74110617451479],[-1.444633855744946,50.741186267307235],[-1.444593821370304,50.741202258968386],[-1.443887020803852,50.74146677279163],[-1.442450453776519,50.741969386443465],[-1.441720687878902,50.742207485990626],[-1.441674010861381,50.74222164628795],[-1.441428413100829,50.74229433004301],[-1.440935069866854,50.742436702973],[-1.440687324418715,50.74250639212214],[-1.440635740476001,50.74252052937227],[-1.440334658733981,50.74260044678952],[-1.439729671727506,50.742755858986555],[-1.439425766511096,50.742831353751896],[-1.439370686411786,50.74284457435162],[-1.439154315205581,50.74289523545124],[-1.438720300747591,50.74299431562258],[-1.438502657513985,50.7430427346896],[-1.438445835988543,50.74305504718762],[-1.438008099145636,50.74314489118602],[-1.437128255162885,50.74331551173503],[-1.43668614817816,50.7433962882532],[-1.436675959538027,50.743398036660196],[-1.436592243974044,50.743412228392664],[-1.43642467750329,50.74344028664603],[-1.436340826597606,50.74345415316673],[-1.436228540884531,50.74347248946469],[-1.435876288965115,50.743526973035685],[-1.435719821553361,50.743549832526114],[-1.435617262850726,50.74357497446215],[-1.435598629120204,50.743579379707754],[-1.435454135740113,50.74361297389718],[-1.43516458197711,50.743679164277125],[-1.435019521599596,50.74371176046624],[-1.434999602337508,50.74371615938454],[-1.434770504421852,50.74376536590844],[-1.434311015796902,50.74386128528365],[-1.434080625713121,50.74390800028484],[-1.434062352885662,50.74391159660463],[-1.433967275598441,50.74393007719704],[-1.433776918767081,50.74396661443178],[-1.433681639224506,50.7439846710738],[-1.433672738239671,50.74398633635709],[-1.433406255960861,50.74403440091595],[-1.432871859882633,50.74412721403897],[-1.432603946118186,50.74417196259667],[-1.43258708557458,50.74417466719859],[-1.432371433391446,50.74420812180085],[-1.431939328600843,50.74427288243558],[-1.431722876012068,50.74430418846515],[-1.431686119419251,50.74430931279691],[-1.431186442088853,50.74437301964847],[-1.430183796161273,50.74448898649569],[-1.42968082780057,50.744541246463676],[-1.429606772765511,50.74454807572135],[-1.429300293769713,50.74457417541927],[-1.428686510158447,50.74462212373025],[-1.428379205597713,50.74464397233908],[-1.428314063538629,50.74464814765086],[-1.42785563807154,50.74467276776367],[-1.426937767650498,50.744712549174004],[-1.426478322880496,50.7447277104639],[-1.426413213473202,50.74472918704595],[-1.426105052340003,50.744734046890514],[-1.425488636089155,50.74473951069987],[-1.425180381027307,50.74474011466428],[-1.425083744029655,50.7447396370329],[-1.424936047821152,50.74473841851102],[-1.424640683432117,50.74473500434953],[-1.424493015257722,50.74473280871002],[-1.424357136665909,50.744730338647784],[-1.424279376625144,50.744728789486125],[-1.424123871123386,50.744725420209605],[-1.424046125663289,50.744723600094765],[-1.423957104416621,50.74472136068788],[-1.423927033955412,50.74472058393457],[-1.423866895701795,50.744718989893244],[-1.42383682790944,50.74471817260524],[-1.423601317992649,50.74471161187393],[-1.423350738850967,50.74470322009983],[-1.422849854190541,50.744683621541355],[-1.422599548701658,50.74467241475819],[-1.42254022019764,50.74466942329009],[-1.422391981498464,50.744661451685054],[-1.422095644264794,50.744644521096276],[-1.421947545736466,50.74463556211287],[-1.421886475245416,50.744631662377586],[-1.421698979767894,50.74461888943626],[-1.421324273509715,50.74459176100965],[-1.421137062741492,50.7445774055253],[-1.421101572596719,50.74457453196093],[-1.4209532890195,50.74456202069031],[-1.42065693844899,50.74453600529263],[-1.420508871461829,50.74452250116615],[-1.420449693081352,50.74451690147807],[-1.420386268923696,50.744510806879234],[-1.420259464775872,50.744498435506536],[-1.420196084786184,50.74449215873275],[-1.419856326315639,50.74445801057465],[-1.419622022625453,50.74443318193202],[-1.419154104685398,50.74438103513741],[-1.418920490459496,50.74435371698819],[-1.418843945820438,50.74434434448608],[-1.418720057538868,50.744328811330035],[-1.418472504248608,50.74429704485874],[-1.418348839243446,50.74428081154397],[-1.418272307388845,50.74427053945255],[-1.418081481543435,50.744244053611745],[-1.417700423674069,50.744189414761294],[-1.417510191770724,50.744161261785734],[-1.41745537129761,50.74415289553111],[-1.417150369127566,50.74410625093963],[-1.417011901439931,50.744084605768094],[-1.416735465943991,50.74404045587332],[-1.416597423320361,50.74401793970803],[-1.416241155559101,50.74395861460813],[-1.4162108803365,50.743953550487156],[-1.416150347615009,50.743943379798516],[-1.41612009011617,50.74393827323088],[-1.416076014270471,50.74393080143573],[-1.41567469681686,50.74406793221812],[-1.415367871029817,50.74416972565581],[-1.415202905215781,50.744222836774945],[-1.41471197892513,50.74437342587551],[-1.413721350160037,50.744662503998605],[-1.413221647887802,50.74480099294875],[-1.413184715444836,50.74481069596871],[-1.412631265967134,50.744947550209694],[-1.411515805219954,50.74520641646969],[-1.410953794256817,50.74532842840982],[-1.410936455641735,50.745331936806025],[-1.409913722159859,50.74551240209032],[-1.407849811984279,50.745824231085095],[-1.407510158129302,50.74586708579546],[-1.407054522480865,50.746017209566936],[-1.406871032930874,50.74607659518594],[-1.406722251631106,50.74612388601752],[-1.40632532783377,50.746254079719094],[-1.406248647185399,50.74627904408491],[-1.406095047782423,50.746328676355944],[-1.406018129028541,50.746353344260854],[-1.405909708743252,50.74638785241086],[-1.405478697901959,50.746518788523815],[-1.405020431652493,50.74671727882515],[-1.404922108154562,50.74675732148423],[-1.403841146625718,50.74715596048822],[-1.401628001213898,50.74789121451227],[-1.400495819690447,50.74822782888117],[-1.400475767582732,50.74823311938821],[-1.398654701941879,50.74862398461691],[-1.398412635086866,50.74866456587903],[-1.398408258441789,50.74866604251311],[-1.398399819362663,50.74866788644748],[-1.398300197825164,50.748689391530995],[-1.398100705550333,50.74873193162025],[-1.398000834814779,50.74875296662558],[-1.397992398262256,50.74875472151534],[-1.396952401457959,50.748943486908864],[-1.396563528828238,50.749003984791],[-1.396399328627923,50.749035578715535],[-1.396066298251414,50.749098245575205],[-1.39589948009835,50.749128931373164],[-1.395880034167894,50.74913242658766],[-1.395013737036577,50.74926958761077],[-1.394693837350756,50.74931349485982],[-1.394473688014537,50.74936377246043],[-1.394452360758897,50.7493681569201],[-1.393954708000956,50.74946158070983],[-1.39392861913495,50.74947164142374],[-1.392451362926326,50.75000350595715],[-1.391700152692405,50.75025537970708],[-1.391685954381467,50.75025980004162],[-1.391554632535049,50.750300153351894],[-1.391291340301941,50.75037999975721],[-1.391159369918993,50.750419492850796],[-1.391147402827287,50.75042302642107],[-1.390994938235202,50.75046735080125],[-1.390689192167049,50.75055485143551],[-1.390535910718182,50.7505980276997],[-1.390529224330694,50.750599881148716],[-1.390230417321424,50.750680137779526],[-1.389629982571305,50.75083628842385],[-1.389328354877294,50.75091218242332],[-1.389303030017982,50.75091834261175],[-1.388809256472538,50.75103183947041],[-1.387861112955055,50.751237244570255],[-1.387727434509688,50.75127264547437],[-1.387650968986808,50.75129272899322],[-1.38760699070597,50.75130418447765],[-1.387342309804898,50.75137116384931],[-1.38681087668785,50.75150173176745],[-1.386544124504783,50.751565320304806],[-1.386433458309258,50.7515908983962],[-1.386189971277228,50.75164558570582],[-1.385701465070066,50.75175213510359],[-1.385578715389566,50.75177851051864],[-1.385145454014362,50.751870206291976],[-1.385122063018817,50.75187517573188],[-1.385106492748799,50.751878477287484],[-1.384567708669457,50.751992500693746],[-1.384387710421131,50.752029747605484],[-1.384026944861892,50.752102712114144],[-1.383846177561618,50.75213842970872],[-1.383800829651015,50.752147179564844],[-1.383337656381024,50.75222540192793],[-1.382853868918733,50.75234550763642],[-1.382834292658864,50.75234989925904],[-1.382655110404454,50.75238924243195],[-1.382603385462604,50.7524003544569],[-1.382325795442928,50.752483047503226],[-1.382307141371982,50.752488343210665],[-1.381976425147969,50.75257904711238],[-1.381311461548721,50.75275509053271],[-1.380977214236819,50.752840430031256],[-1.380962908341738,50.75284394921127],[-1.380091656196314,50.753037528228084],[-1.379381871275393,50.75324934043629],[-1.378865590822851,50.753395499746425],[-1.378845532910008,50.75340087643709],[-1.377973426279586,50.75361344449514],[-1.377540085161436,50.75370879252603],[-1.377440223597998,50.753735669838335],[-1.377335889577852,50.7537711822207],[-1.37718723146873,50.75382106285598],[-1.377149782462457,50.75383344863655],[-1.376905521452519,50.75391233856657],[-1.376414637978235,50.75406710614822],[-1.376168015537866,50.754142983789976],[-1.376129758617549,50.75415446563681],[-1.375701469627354,50.754277532374516],[-1.374838686402907,50.754514583182804],[-1.374404192305582,50.75462856720772],[-1.374397155787627,50.75463032702374],[-1.37432423893015,50.75464841588715],[-1.374178248653451,50.75468433773026],[-1.37410517523491,50.754702170709784],[-1.374079375943441,50.75470841497518],[-1.374055498786406,50.754714188679735],[-1.373867830202903,50.75475860329098],[-1.373492919819927,50.754845421222164],[-1.373304982396283,50.754887992720306],[-1.373265358195675,50.75489676933802],[-1.373134666404428,50.75492526436926],[-1.372872850615155,50.7549814444396],[-1.372741726621162,50.75500912947771],[-1.37273328659503,50.75501088252613],[-1.372677873674133,50.75502213590203],[-1.372592378250558,50.755220527484816],[-1.372339505332485,50.755772470886576],[-1.372206112657182,50.75604716028176],[-1.372203351411334,50.75605253924452],[-1.372108727103706,50.756230532072344],[-1.371913635710408,50.75658522479396],[-1.37181316858598,50.75676192467809],[-1.371810536928031,50.75676640595363],[-1.371796314735213,50.7567905651123],[-1.371788336976644,50.75680408260252],[-1.37177579471197,50.75682523481524],[-1.371750626383324,50.75686751917435],[-1.371738000319287,50.75688865132077],[-1.371732142105444,50.756898419105795],[-1.371490943737773,50.757274771128934],[-1.371427152510475,50.75736819897168],[-1.371427149827951,50.75736820626991],[-1.371422613364664,50.75737528424923],[-1.371312200399305,50.75753655537363],[-1.371299943843869,50.75755450598361],[-1.37129991586983,50.75755449829823],[-1.371232116745339,50.75765352620354],[-1.371232299109861,50.757653576305124],[-1.370981982113002,50.75802017857713],[-1.37071421851384,50.75838923388761],[-1.370643909102959,50.75848064366917],[-1.370576469462981,50.75856714123729],[-1.370402799993975,50.758786911179826],[-1.370301106612592,50.75891310554825],[-1.370289341342493,50.75892742578973],[-1.370027256154714,50.75923194114891],[-1.369484750982642,50.75983433045009],[-1.369204330841403,50.76013220430621],[-1.369201605443224,50.76013497638535],[-1.369131266497342,50.760205783942666],[-1.368989552016286,50.760346980622195],[-1.368918176479282,50.760417369743124],[-1.368867922219307,50.7604664260465],[-1.368642541956293,50.76069131847226],[-1.368337350927536,50.76098313410269],[-1.368282668347095,50.76103327217915],[-1.368185258434219,50.761121453206094],[-1.367988779853598,50.76129706892696],[-1.367889711181939,50.7613845036217],[-1.36780359611167,50.761459553320755],[-1.367783719237403,50.76147683283638],[-1.367743900696348,50.76151136181969],[-1.367723959029539,50.76152861128738],[-1.367660798714204,50.761583108577234],[-1.367424608040425,50.76178111445571],[-1.366943691455138,50.76217291323238],[-1.366698965516454,50.76236670609586],[-1.366686325796021,50.76237643670978],[-1.366658187486238,50.762398030174595],[-1.366601804859349,50.76244116138026],[-1.366573560542214,50.76246269912105],[-1.366553480256403,50.7624779629281],[-1.366396502041953,50.76259523376576],[-1.366079403139411,50.76282805441671],[-1.365919282447548,50.7629436042216],[-1.365879032891262,50.76297215362346],[-1.36577257896908,50.763046816882564],[-1.365558358947337,50.76319538261472],[-1.365450592847143,50.763269285085336],[-1.365155856979734,50.763469147694565],[-1.365136785157077,50.76348138236261],[-1.365127085657461,50.76348931272761],[-1.365088243751015,50.76352092434144],[-1.36501033802448,50.76358403742197],[-1.364971274204281,50.76361553888848],[-1.364876720755559,50.76369143883923],[-1.363825483611435,50.764444529897936],[-1.361165874361374,50.76614746446145],[-1.35945180715646,50.766968621487585],[-1.359129368341465,50.76717285459164],[-1.359020274092208,50.767248685178195],[-1.359004579237562,50.767259297510726],[-1.358470954845371,50.767601297046184],[-1.357375602979222,50.76826669895816],[-1.356813875544401,50.768590101071716],[-1.356781244698842,50.768607901070354],[-1.356439267377839,50.76878860255827],[-1.355953558376313,50.769037161774904],[-1.355842414452996,50.76911720185535],[-1.355782003611559,50.769148984485916],[-1.355509153560776,50.76928895372395],[-1.355386478553549,50.769350307262776],[-1.35417091872004,50.76989513224728],[-1.351576634634874,50.770932819784534],[-1.350232310831061,50.77140790369142],[-1.35010677949517,50.771446762556785],[-1.349290063343794,50.771679625197905],[-1.347635059512847,50.77211218074095],[-1.346796772786444,50.77231187332319],[-1.346744348103672,50.77232317712845],[-1.346579980043874,50.77235790910426],[-1.346398221143459,50.77239553486772],[-1.345733036248305,50.772542900330066],[-1.345486577390105,50.77259433918075],[-1.343129716405845,50.773245045956195],[-1.339182590855881,50.773926600483925],[-1.335121638794546,50.77423988465698],[-1.333073236901127,50.77430313690491],[-1.333025070314747,50.774302412174244],[-1.329734854223304,50.77400587903568],[-1.323353795093078,50.772935150396],[-1.320263013095039,50.77216096583775],[-1.320157131716786,50.77212483719453],[-1.319620302727588,50.771931994000504],[-1.318560394227466,50.77153167548891],[-1.318037314437471,50.771324200113746],[-1.318029644659587,50.77132100866487],[-1.31770642727083,50.771182444116114],[-1.317066132050802,50.770899726425355],[-1.316749054261108,50.770755573317444],[-1.316741272104014,50.770751931480106],[-1.315559798336067,50.77013383033355],[-1.313308965085472,50.76882039629762],[-1.312239606168739,50.76812506556442],[-1.312234978599601,50.76812171180831],[-1.310678545773469,50.76675330244029],[-1.30799637767108,50.763856134673915],[-1.306215004667961,50.76069216926702],[-1.305461157461512,50.75763333282054],[-1.30544234965232,50.75770998746865],[-1.305418222045215,50.757788624565],[-1.305454664135848,50.757972840957926],[-1.305561575645055,50.75928948716472],[-1.305558920370615,50.75936633964756],[-1.305554752211559,50.75948551463224],[-1.305550417082039,50.75961406602563],[-1.305546104740201,50.759740044436825],[-1.305545473309562,50.759758025727486],[-1.305539641863504,50.75991857094756],[-1.30553678196785,50.76001764466939],[-1.305532227307405,50.76013416613335],[-1.305516917921579,50.76044461028088],[-1.305512623110357,50.76052124277959],[-1.305502516860116,50.76068223193538],[-1.305486513546932,50.76098654852066],[-1.305465588654387,50.76138344645239],[-1.305464746096113,50.76139998912853],[-1.305463462747117,50.76142417754482],[-1.305458014199837,50.7615229178289],[-1.30545619167618,50.76156000193078],[-1.305451704403183,50.761650261303046],[-1.305447886467378,50.761725744181874],[-1.305445615911452,50.7617924082543],[-1.305444213899996,50.76182994265722],[-1.305434532649498,50.76206812575227],[-1.305428448214122,50.76218719695253],[-1.305411680198247,50.76245959650678],[-1.305409646562075,50.76249120665628],[-1.305405403961154,50.76255442222048],[-1.305403194996165,50.76258602763516],[-1.30540071106406,50.76262020809286],[-1.305399511088051,50.76266692273481],[-1.305397574293953,50.762729114582946],[-1.305389147494109,50.76295936717325],[-1.305386746593017,50.76302674989136],[-1.305385630874799,50.76305745224097],[-1.305382224532964,50.76313612469167],[-1.305374369915971,50.76329258019977],[-1.305369905831067,50.76337079710944],[-1.305368366447222,50.76339487074824],[-1.305391420824173,50.763568247474794],[-1.305480570669666,50.76415509040381],[-1.305481111406757,50.76415842071081],[-1.305513082868056,50.764357252123254],[-1.305520656113251,50.764403020015074],[-1.305592383335976,50.76508629011537],[-1.305653654656931,50.766454310327816],[-1.305643196304996,50.76713906044849],[-1.305640432521793,50.767175724470114],[-1.305390888443104,50.768478963994674],[-1.304595186453123,50.77104850765796],[-1.303217867053939,50.77351718425906],[-1.301288201942542,50.77583235402121],[-1.298847282186779,50.77794461993971],[-1.295947102404043,50.77980897013949],[-1.292649472899971,50.78138563857622],[-1.28902470292232,50.78264099160212],[-1.285150099850626,50.78354824737446],[-1.281108229468661,50.784088079910845],[-1.279056102103278,50.784264176354185],[-1.279054112090315,50.784264254],[-1.278915028146279,50.7842692461871],[-1.278636789563419,50.78427836392121],[-1.278497634929798,50.78428248946809],[-1.27847013770169,50.78428321889964],[-1.278140418189637,50.784289531357345],[-1.277480836690815,50.78429729125369],[-1.277150974773416,50.78429873869207],[-1.2771229056011,50.78429865490682],[-1.276733432208945,50.784294100845365],[-1.276190738660073,50.7842830258769],[-1.276182396018572,50.78428301069845],[-1.276130124142163,50.78428232704421],[-1.275920015497886,50.784279564211204],[-1.275665910435814,50.784274777837396],[-1.275157888465292,50.784262317629164],[-1.274903965692888,50.78425464371824],[-1.274760479987252,50.78424948981664],[-1.274760484280011,50.784249441795616],[-1.274711223557595,50.78424777756445],[-1.274657337316597,50.7842457576831],[-1.27448450402374,50.78423860748745],[-1.27389243823774,50.78421180928489],[-1.273584123807913,50.78419570908744],[-1.273412699458164,50.784185562718335],[-1.273248497235031,50.784175793047154],[-1.272917197007476,50.78415358749197],[-1.272255831619427,50.78410427119229],[-1.271925606113047,50.784077150907365],[-1.271570189167947,50.784045267371475],[-1.271495377049492,50.7840384270852],[-1.271345811443712,50.78402449374425],[-1.271271057957184,50.784017400689635],[-1.271161630653183,50.7840068284417],[-1.270968951295834,50.78398735206855],[-1.270584033928361,50.783946720084614],[-1.270391795931794,50.783925564475396],[-1.269902021764895,50.783869461326866],[-1.26985372454539,50.7838638740769],[-1.269757160937133,50.78385259357797],[-1.269708894548594,50.78384690032908],[-1.269517668934229,50.783824127026875],[-1.269380154201931,50.783807304033516],[-1.269205493859972,50.78378536901511],[-1.268837468643285,50.783742627908055],[-1.268570605354044,50.78370995634817],[-1.267997245249873,50.78363613893053],[-1.267711164417844,50.78359735326103],[-1.267195464710987,50.783523901419606],[-1.267061079976186,50.783504324950336],[-1.266792617380194,50.78346434434915],[-1.266658539523506,50.78344394021801],[-1.266186726510508,50.783370598431965],[-1.266091006842003,50.7833563950794],[-1.265973061563929,50.78333892979692],[-1.265149366627351,50.783200286706304],[-1.263516613155319,50.78289187477954],[-1.262707555611474,50.782722106172706],[-1.262652784076171,50.782709443409395],[-1.262623928470124,50.78270274974194],[-1.26256624022285,50.78268932277491],[-1.262537407581666,50.78268258947533],[-1.262433697170653,50.78265828895555],[-1.261488162132535,50.78241183340116],[-1.259627580938009,50.781876365298054],[-1.258712536122987,50.781587353267234],[-1.258617734846337,50.78155465545673],[-1.258595860757731,50.781547102101264],[-1.257877865221947,50.78129876557893],[-1.257637384576329,50.78121365620308],[-1.257159077871469,50.78104049189636],[-1.256921251832406,50.78095243697687],[-1.256918113145989,50.78095124881832],[-1.256875428494098,50.78093502594071],[-1.256790149326515,50.780902485291136],[-1.256747554810932,50.78088616751924],[-1.256039976011452,50.78061401783653],[-1.256006585682184,50.78060115286284],[-1.255857527489881,50.78054358769274],[-1.255837281582036,50.78053605029228],[-1.255708524674585,50.78048828011707],[-1.255419460962197,50.780378087596986],[-1.254845552363205,50.78015337396218],[-1.254560707509199,50.78003885286892],[-1.254250715979563,50.7799109185375],[-1.253877139751619,50.77975132914944],[-1.253138177094413,50.77942470628516],[-1.252772790724796,50.77925767286198],[-1.252534836609115,50.779145208920546],[-1.252369370938873,50.77906580397523],[-1.252030319679695,50.77890060850135],[-1.251858129636246,50.77881536646678],[-1.251344923986555,50.77855724380124],[-1.251153244097043,50.77846173801735],[-1.250744510652479,50.77825776757768],[-1.25038208183201,50.77807908844425],[-1.250157535861246,50.77796841518319],[-1.250062792077368,50.77792130756482],[-1.249873939243078,50.77782658385415],[-1.249779830193418,50.77777896776288],[-1.249591655388155,50.77768292521344],[-1.249491671082237,50.77763241058815],[-1.248953757174631,50.77734656003174],[-1.247608861660436,50.77659515450037],[-1.246955172401606,50.77620596083713],[-1.246889303208189,50.77616418120016],[-1.246861415367858,50.77614644307732],[-1.246805717779713,50.77611091763095],[-1.246777908031898,50.77609313030743],[-1.24660934897172,50.77598501751488],[-1.246524927257173,50.77594880422009],[-1.246473065755299,50.775926451670784],[-1.246243356175608,50.77582697373312],[-1.246011268907164,50.775724297221544],[-1.24555037488446,50.77551602731828],[-1.245321568165103,50.77541043425169],[-1.245187933205608,50.77534745923409],[-1.245073689063453,50.7752944015137],[-1.245041116611371,50.77527936904604],[-1.244560936026251,50.77504769293341],[-1.243616566277185,50.77457159386943],[-1.243152377206435,50.77432717104699],[-1.242857162647376,50.774164870069455],[-1.242807469411737,50.77413742137346],[-1.242708284826167,50.77408237778764],[-1.242658793476306,50.77405478289799],[-1.242506980941492,50.773969739020124],[-1.242467792548239,50.773947704151645],[-1.24238954448778,50.77390354275306],[-1.242350484820604,50.77388141622301],[-1.242025005715004,50.7736963509725],[-1.241985819274747,50.77367398619634],[-1.241907577905222,50.77362916438555],[-1.24186852297598,50.773606707350986],[-1.241856707306449,50.7735998877758],[-1.241805108635513,50.77356995902511],[-1.241702144869668,50.77350994048564],[-1.241650779774806,50.773479850697086],[-1.241488758029162,50.77338446701989],[-1.241297826184732,50.77327427685645],[-1.241151073339846,50.77318837678631],[-1.240802471865704,50.772981423083145],[-1.2406295462102,50.77287701535263],[-1.240582192195975,50.77284793828519],[-1.240563732244864,50.77283659176854],[-1.240492629580854,50.77279282861418],[-1.240353725923663,50.77270614619267],[-1.240077811920073,50.77253157864342],[-1.239940801573603,50.77244369352015],[-1.239879359171795,50.772403735730016],[-1.239567668974645,50.7721944324245],[-1.238955022364859,50.771769604244305],[-1.238654065934717,50.77155407942547],[-1.238616051773031,50.77152596178286],[-1.238569736038545,50.77149152873785],[-1.238477378654412,50.7714225152173],[-1.238431337004647,50.771387934741966],[-1.238413317497329,50.77137433152234],[-1.238291837246203,50.7712813636277],[-1.238050857595605,50.77109440158685],[-1.237931358193369,50.77100040744468],[-1.237901692016505,50.770976749665095],[-1.237882934589287,50.77096175851341],[-1.237845470124737,50.77093175092208],[-1.237826763087392,50.77091673448245],[-1.237803102889355,50.77089770043986],[-1.237712513768894,50.77082403979269],[-1.237532547957038,50.7706761255384],[-1.237443171264023,50.770601871933096],[-1.237424829926976,50.770586468796104],[-1.237155189589756,50.770352262934935],[-1.236627965976732,50.76987845798399],[-1.236370382637418,50.769638858947964],[-1.236272648059979,50.76954472110494],[-1.235882658459962,50.76914689049719],[-1.235135897722437,50.768338886693364],[-1.234863359921979,50.76802555626487],[-1.234481104864519,50.76789295806051],[-1.234131467372652,50.7677675599658],[-1.234111710104723,50.76776023779208],[-1.233923213323586,50.767689133474704],[-1.233547978282173,50.76754508350276],[-1.23336124003132,50.76747213785358],[-1.2333497406703,50.767467567663026],[-1.233121468254942,50.7673749063405],[-1.232667761004227,50.76718683185475],[-1.232442326513372,50.76709141827208],[-1.232421197014634,50.76708228901414],[-1.232170120809548,50.766971272880134],[-1.231671809015568,50.76674582799082],[-1.231424573444084,50.766631399251885],[-1.231414943278095,50.7666268402399],[-1.230631224209261,50.76622761442824],[-1.229110396774583,50.76539493670937],[-1.228373288676991,50.76496148540659],[-1.228298308735668,50.764914149782],[-1.227768365151361,50.764555708526544],[-1.227733179912475,50.76453336043084],[-1.227584112414892,50.76443724876179],[-1.227288267952236,50.76424361830592],[-1.227141490986451,50.764146099524886],[-1.227103797238365,50.76412067680118],[-1.226929698221973,50.7640011043024],[-1.226584943596432,50.76375997970858],[-1.226414287983906,50.76363842762366],[-1.226378013473276,50.76361211478577],[-1.226148649071957,50.763441490376955],[-1.225696704069935,50.7630966663492],[-1.225474123453229,50.76292246675629],[-1.225458316467989,50.762909775311385],[-1.225327902714858,50.76280343760859],[-1.225069603378524,50.762589534562295],[-1.224941717790432,50.762481969224304],[-1.224909901623844,50.76245478716001],[-1.224738535775868,50.762305190946115],[-1.224400693449692,50.76200379454728],[-1.224234216955647,50.761851994376286],[-1.224203131739225,50.761823018396214],[-1.22418851129652,50.76180936305434],[-1.224159309981312,50.7617820353664],[-1.224144729108797,50.76176836302042],[-1.224065416014749,50.761693844429175],[-1.224044433737935,50.76167407404504],[-1.224002551922893,50.76163449806457],[-1.223997931940729,50.76163011990732],[-1.223864789648986,50.761511120264856],[-1.223839912337726,50.76148847873451],[-1.223692043729709,50.76135121098269],[-1.223400335356342,50.761074964545195],[-1.223256495577692,50.76093598586947],[-1.223246488828114,50.760926119651295],[-1.22305451241641,50.760731418487715],[-1.222678465514795,50.76033896942224],[-1.222508074415702,50.76015591749457],[-1.221846034185911,50.76002060448774],[-1.221462860335615,50.75993844129978],[-1.221405094090309,50.75992546918235],[-1.220465623236987,50.75969028745018],[-1.219975401892042,50.75955457235136],[-1.219671573957981,50.759481092738135],[-1.219271686675973,50.7593799427402],[-1.219233278689337,50.7593697961093],[-1.218885858123245,50.75927454223802],[-1.218195154090622,50.75907818281659],[-1.217851870482094,50.758977077318164],[-1.217812675120225,50.75896512725823],[-1.217347326893043,50.75881651087469],[-1.216425563071673,50.758508527556415],[-1.215969147649787,50.75834916064366],[-1.215680188506743,50.758243828953916],[-1.215472027492719,50.75816644709232],[-1.215445764290982,50.7581564925433],[-1.215191417636218,50.75807073384992],[-1.214588036237474,50.757855135735326],[-1.214570844220889,50.757848636787834],[-1.214207831301323,50.757706672710185],[-1.213488708382494,50.75741587953216],[-1.213132598444916,50.75726705047434],[-1.213115886722322,50.75725983511904],[-1.212946683413114,50.75718240130091],[-1.212940681814661,50.75718047247781],[-1.212253063178906,50.756944139252035],[-1.212178128610105,50.75691666154022],[-1.212137706241221,50.756901832131014],[-1.212115769385222,50.756893767596445],[-1.212072104796747,50.75687768228044],[-1.212050283804325,50.756869627284686],[-1.21193887675048,50.75682841812376],[-1.21177364717947,50.75676634476759],[-1.211444530105925,50.756640783345134],[-1.211280642609657,50.75657729528267],[-1.211199239955363,50.75654527853841],[-1.210991521387951,50.756461989932305],[-1.210691316537889,50.75633929324801],[-1.210650897945358,50.756323135843836],[-1.210636453614384,50.75631727456983],[-1.209919073284972,50.75622678723823],[-1.209444905583669,50.756161605514876],[-1.209419603502857,50.75615783863007],[-1.209262433580786,50.756133839006004],[-1.208948535915829,50.75608470379563],[-1.208791808180077,50.756059568210546],[-1.208774673109098,50.75605675408566],[-1.207839598607537,50.75588120316179],[-1.205990711832967,50.75548971654047],[-1.205076900971165,50.755273781185004],[-1.205055721172684,50.75526824286724],[-1.204690200400369,50.75516883416089],[-1.203963703628784,50.75496354824454],[-1.20390937273538,50.75494761265219],[-1.203569151301504,50.754869284500664],[-1.203544010826774,50.75486299942602],[-1.203418096090671,50.7548310786685],[-1.203166754247645,50.75476647419108],[-1.203041327144124,50.75473379047225],[-1.203037835521175,50.75473286821929],[-1.202839099370017,50.75467924475874],[-1.202442939377536,50.75457008246178],[-1.202245515549275,50.75451454362985],[-1.202234930581202,50.75451150445972],[-1.202148075127761,50.754486342435754],[-1.201974633658582,50.75443564764679],[-1.201888047643918,50.7544101148822],[-1.201872579981347,50.75440551346807],[-1.200718931257076,50.75402030646508],[-1.198472361724396,50.753184255401024],[-1.197379442762028,50.75273341247969],[-1.197365410133108,50.752727022657695],[-1.196503725514458,50.752301817034606],[-1.195619486643299,50.751829697990715],[-1.195418803375091,50.75180770230678],[-1.195138523505183,50.75177513813971],[-1.195123011084494,50.75177323339443],[-1.19492567722328,50.751748079499045],[-1.194531593094465,50.75169599568927],[-1.194334842841066,50.75166906577694],[-1.194281441042394,50.75166150430402],[-1.194024613218679,50.751622919575496],[-1.193894481062166,50.7516108103731],[-1.193865662059284,50.75160791418971],[-1.193630673733097,50.75158301262553],[-1.193161390822201,50.75153070610856],[-1.192927096261655,50.7515033011587],[-1.192771507693205,50.751484242956415],[-1.192604917866966,50.75146317932933],[-1.192272148547971,50.751419786419824],[-1.19210596906377,50.75139745713866],[-1.192064924976136,50.75139177884169],[-1.191876785952703,50.75136489848095],[-1.191501102479679,50.751309515529286],[-1.191313558042314,50.751281012940325],[-1.191193380084687,50.75126219907256],[-1.190948733321036,50.75122242905452],[-1.19091012506435,50.75121591974032],[-1.189720103339939,50.75134987671244],[-1.18969084782889,50.75135192077287],[-1.189029099770282,50.751388222294935],[-1.187703647568073,50.75144110772948],[-1.18703994397899,50.75145769162288],[-1.18687149217572,50.75145939406175],[-1.186576557910219,50.751460427356115],[-1.185986719440463,50.75145859856954],[-1.185691815285103,50.75145573648895],[-1.185527996873392,50.751453064605194],[-1.185460457431228,50.751451860776484],[-1.183972865095425,50.7514230848378],[-1.181069061723372,50.751173504350135],[-1.179911800010389,50.75110311549931],[-1.175220293732933,50.750561115741974],[-1.170739535909913,50.749526013016656],[-1.1665972772289,50.74802736598578],[-1.162911612957763,50.746107940181034],[-1.159787708565737,50.74382243562325],[-1.157314567351406,50.741236032985526],[-1.155562599752652,50.73842248204983],[-1.15458162179898,50.73546199597054],[-1.154540719329988,50.734783278279174],[-1.154373864948532,50.73386297019455],[-1.154373075551763,50.7338548735104],[-1.154350163845182,50.73308240290414],[-1.154394927838914,50.73190636930554],[-1.154395717226337,50.731906381387454],[-1.154395193278371,50.7318315500619],[-1.154410873209882,50.731492445408655],[-1.154490561102132,50.730768191348155],[-1.154492516119898,50.730756966963604],[-1.154511431071307,50.730653826309926],[-1.154551136003364,50.73044769042969],[-1.15457192597597,50.73034469520243],[-1.154574863182521,50.730330781823014],[-1.154637080191433,50.730066057194186],[-1.154768192039919,50.729559926868404],[-1.15487538573548,50.729132885621226],[-1.154956882620882,50.72877236240777],[-1.154983421173361,50.72863499534672],[-1.155386426331037,50.72687214736898],[-1.156816868384595,50.72403989672213],[-1.15897554456954,50.721384132180596],[-1.161799064799733,50.718992883888795],[-1.165208878286339,50.71693259077767],[-1.169110158186538,50.71526051018486],[-1.173394502775661,50.71402310509859],[-1.175942428303133,50.71359269021698],[-1.175205456628579,50.71347359596603],[-1.172998239072542,50.71287529809585],[-1.172966235400772,50.71292572351179],[-1.17247251940345,50.71279940453241],[-1.171925114881008,50.71265078024237],[-1.171893045962693,50.71264156227607],[-1.17129512884606,50.712458859466736],[-1.171018710172008,50.71236927116511],[-1.170986645427285,50.71235930334934],[-1.170105817577196,50.71207339042283],[-1.16957777652094,50.7118929326152],[-1.169452877256526,50.71184805704429],[-1.169301828744781,50.71179300464597],[-1.169000081651267,50.7116814546334],[-1.168852893887468,50.71162628393573],[-1.168698563009132,50.711567635193134],[-1.168418148238599,50.71145824153434],[-1.167839120853375,50.71122642762517],[-1.167551814104726,50.71110829932369],[-1.167475776227929,50.711076200882154],[-1.167304440940649,50.711002722725745],[-1.166963479871364,50.71085418527519],[-1.166793854096026,50.71077912598569],[-1.166749133846973,50.710759027696696],[-1.166716243650296,50.7107442013913],[-1.166650529966851,50.7107144893307],[-1.166617706480128,50.710699603575534],[-1.166575539371741,50.710680422732956],[-1.166198150937587,50.710502667235005],[-1.165452878890613,50.71013930073136],[-1.165084995333467,50.709953689783454],[-1.16489813483348,50.70985615607351],[-1.164811114550481,50.70981036400349],[-1.164637652870171,50.70971834014479],[-1.164551211473388,50.709672108356955],[-1.164412642986474,50.70959739465748],[-1.164356869276159,50.70956716417118],[-1.164351799889642,50.70956440201846],[-1.164312610347353,50.709563856835295],[-1.163710756878174,50.709551416857394],[-1.163409934515423,50.70954316431521],[-1.163210370361208,50.709536338903746],[-1.163054954402009,50.709530479011484],[-1.16258593525213,50.70951115025099],[-1.162307709697789,50.709497934642854],[-1.162271076840415,50.70949596395613],[-1.161919922064045,50.70947427226329],[-1.161218573889115,50.709425338036425],[-1.160868380581981,50.709398095504156],[-1.16082150931787,50.709394072280034],[-1.16057146285282,50.70937116520074],[-1.160072054216249,50.70932252082794],[-1.159822692077512,50.709296783535954],[-1.159787377717244,50.709292933006424],[-1.159453427112456,50.709253897128896],[-1.158787098000397,50.70917074968567],[-1.15857026261643,50.709142571883106],[-1.158333326679091,50.70911055459467],[-1.158260555437026,50.70910059384497],[-1.157879989516075,50.70904783704552],[-1.157689992635323,50.7090206272824],[-1.1576573827827,50.709015807266546],[-1.157041550848782,50.70891547567017],[-1.156254756916702,50.708775262112496],[-1.156191558382213,50.70876672890317],[-1.156176460632807,50.70876469919241],[-1.156007419419476,50.708741287523324],[-1.155669800607948,50.70869315387157],[-1.155501223018856,50.70866843189009],[-1.155469896347254,50.708663709615],[-1.1548725989569,50.70856489080916],[-1.153685361465293,50.708350811262505],[-1.153095421752557,50.708235550588874],[-1.153064477789359,50.708229032731545],[-1.152973077294589,50.70820956106148],[-1.152790487422296,50.70817022285356],[-1.152699298046153,50.70815035631603],[-1.152669754692406,50.70814384851986],[-1.152450156405593,50.70809418570816],[-1.152012278460975,50.707992570309024],[-1.151793998821945,50.70794061772616],[-1.151782605682293,50.70793783791721],[-1.151363913935795,50.70783078731526],[-1.150541698672344,50.70761082476196],[-1.150510510784567,50.707602515284925],[-1.150471199738588,50.707591997271244],[-1.150269454329043,50.70753779088399],[-1.14986279111265,50.707429060380086],[-1.149537087239529,50.70733890369594],[-1.149382120713532,50.70729453037755],[-1.149091462685836,50.70720877582094],[-1.148403000842005,50.70699960326813],[-1.148051904187911,50.706889112267206],[-1.147987246319676,50.706868051562466],[-1.14772028473777,50.706778801164184],[-1.147189419687509,50.706596707310176],[-1.147082680816202,50.70655971715807],[-1.146936811911832,50.706508648944485],[-1.146469492392247,50.706345383135314],[-1.146234320722386,50.706261357446905],[-1.145844806355703,50.70611906446588],[-1.145460629570901,50.705973542923026],[-1.144699713578929,50.70567486300225],[-1.14432297444971,50.70552170467153],[-1.143885079284413,50.705337424905444],[-1.143766894747419,50.705287612776736],[-1.143491534619547,50.70520720594797],[-1.143211592050453,50.705123092956974],[-1.143184770982577,50.70511480495937],[-1.143088342009053,50.70508471945052],[-1.142895846688097,50.705024084452205],[-1.142799780342136,50.70499353496333],[-1.142785735020223,50.7049890260813],[-1.142414131367756,50.70486530835176],[-1.141676865496317,50.70461093221443],[-1.141311203355924,50.70448027384293],[-1.141286151210254,50.70447100917794],[-1.141108116052748,50.70440405789003],[-1.140753606850903,50.70426850964467],[-1.140577132814642,50.70419991269182],[-1.140551629917025,50.70418983606716],[-1.140428199381823,50.70414050471184],[-1.140182145748885,50.7040410369205],[-1.140059522653704,50.70399090048617],[-1.139886857274889,50.7039195016293],[-1.139802239091759,50.70388423687142],[-1.139633402208079,50.70381332397477],[-1.139549183508309,50.70377767583653],[-1.139417750931495,50.703721610889126],[-1.139217331949975,50.703638583561094],[-1.138461193538721,50.703302527484986],[-1.136902548383449,50.70256056854291],[-1.136140492391869,50.70217096771337],[-1.136108590079441,50.70215347016422],[-1.135458651880899,50.701754345138966],[-1.135449339349547,50.70174898459475],[-1.135427434778644,50.70173634922116],[-1.13538366730154,50.70171104941584],[-1.135361804395342,50.701698384984155],[-1.135349097951289,50.70169100910931],[-1.134636576727517,50.70124712856193],[-1.133262575946946,50.700328583871055],[-1.132601088799904,50.69985392259982],[-1.132585892941103,50.69984221138617],[-1.13256957122526,50.699829609203],[-1.132536963853884,50.69980438604047],[-1.132520678198346,50.69979176506112],[-1.132476134142397,50.69975718051813],[-1.13203206732121,50.69939097143468],[-1.132023471992311,50.69938427916571],[-1.131994252183436,50.69936068723994],[-1.131606710035443,50.699032659174215],[-1.130855593545732,50.69836571852509],[-1.130510716990574,50.698044235873745],[-1.130487579628626,50.69803016341579],[-1.13046550560789,50.698016708615405],[-1.130417828060096,50.69798758471452],[-1.129946844430416,50.6976859588592],[-1.129027849503356,50.697068910942235],[-1.128579838169431,50.69675348906015],[-1.128518338188322,50.69670807735259],[-1.128027253648162,50.69632462241689],[-1.127079023511443,50.695541147462784],[-1.12662187767571,50.69514112771769],[-1.126585727365593,50.69510759292523],[-1.126289073102481,50.694820811072965],[-1.126155145560961,50.69468579425743],[-1.125460681275678,50.694732518664324],[-1.12483779404275,50.69476272996215],[-1.124215687682104,50.69478416748427],[-1.122970591380284,50.69480962717926],[-1.122347601901276,50.694813649343914],[-1.1214873682873,50.69480717385966],[-1.121285753014824,50.69480474303062],[-1.120882597521566,50.69479805660906],[-1.120681057316455,50.69479380101688],[-1.120040592338342,50.69477737395164],[-1.119513396438082,50.69475758784521],[-1.118460535003614,50.69470553324614],[-1.117934866365933,50.694673264788506],[-1.117617069440947,50.69464994821746],[-1.117207989812013,50.694623900525755],[-1.116181030317377,50.69451574129638],[-1.116114864224868,50.69451789726631],[-1.115999953869824,50.69452134419203],[-1.115811213007824,50.694526517494985],[-1.115811210527064,50.6945264809826],[-1.115770099183784,50.694527733274064],[-1.115682839378242,50.694530019887395],[-1.115557477542832,50.694532951531386],[-1.115052512428513,50.69454333633219],[-1.114774774106535,50.6945473150584],[-1.114660118342905,50.69454824261859],[-1.114324804432311,50.69454843232681],[-1.113654263682076,50.694543764923395],[-1.113319036912839,50.69453890781285],[-1.113256723659863,50.69453753574589],[-1.113145402603065,50.69453480593656],[-1.112922797797351,50.69452878971065],[-1.112811514051007,50.69452550329417],[-1.112737896756321,50.694523144778806],[-1.112669130799532,50.6945208351403],[-1.112531617407354,50.694516003325454],[-1.11246286997257,50.694513481149144],[-1.112228044148822,50.694504501656965],[-1.111955890521511,50.6944924215944],[-1.111412000740279,50.694464930938786],[-1.111140264623766,50.69444952034795],[-1.111010138616446,50.6944413370485],[-1.110641898372318,50.694415083387284],[-1.109906627105935,50.694356460375715],[-1.109539596175586,50.69432409103378],[-1.109398251868612,50.69431042540759],[-1.109100313033349,50.694279551358164],[-1.108505540706277,50.69421377314195],[-1.108208707262693,50.694178868981226],[-1.108070348144113,50.69416162827224],[-1.107862226465367,50.6941346628737],[-1.107446644183462,50.69407875077495],[-1.107239183596606,50.69404980407724],[-1.106956752420445,50.69400898316685],[-1.106928668894617,50.6940049050087],[-1.106573708935072,50.69395311731273],[-1.106341386768702,50.693917908495045],[-1.106176652506921,50.693892007653226],[-1.105847335609836,50.69402064705181],[-1.104627252746165,50.69444867166386],[-1.104462583885776,50.69453210888389],[-1.103350916763796,50.69504145928395],[-1.103338091379972,50.69504675558892],[-1.102085774462165,50.69550783394928],[-1.099513468066835,50.696346322566725],[-1.098278296044597,50.69669948378748],[-1.097889494031355,50.696890295656445],[-1.097486609288765,50.69708086320599],[-1.097443738996696,50.69710039975781],[-1.097328813703719,50.697152224149214],[-1.097098155765547,50.69725514340589],[-1.096982423122182,50.69730623826958],[-1.096835281177646,50.69737051216402],[-1.096627963244692,50.6974612812937],[-1.096462331508451,50.69753270674487],[-1.096129492937992,50.697674062367014],[-1.095962286109649,50.69774399253354],[-1.095537581785081,50.697918891369206],[-1.095296368344661,50.69801819309618],[-1.095238072314425,50.698042063405886],[-1.095121309539012,50.698089617028295],[-1.095062836372672,50.69811330298438],[-1.094661966396849,50.69827480771306],[-1.094590156062708,50.69830354744928],[-1.094446265148107,50.69836075286875],[-1.094374184568158,50.698389218551696],[-1.093877515948643,50.69858404955287],[-1.093767938950744,50.698626598604925],[-1.093548181161906,50.69871106338467],[-1.09343800037284,50.69875297911125],[-1.093306989966056,50.69880230735985],[-1.093155888566026,50.69885840132152],[-1.092852604476291,50.69896939816119],[-1.092700421791703,50.69902430103643],[-1.092653164043216,50.69904110562234],[-1.092481366416438,50.69910120681508],[-1.092136475467838,50.69921989129979],[-1.091963382153849,50.69927847458797],[-1.091820847614236,50.699325912887616],[-1.091784616135905,50.69933792909175],[-1.091712098655894,50.69936189499079],[-1.091675812654289,50.699373844685645],[-1.091523537385257,50.699423814753374],[-1.091397998823695,50.69946450929167],[-1.091146289435007,50.69954510230961],[-1.091020118611042,50.699585000787856],[-1.090814795916885,50.69964912076857],[-1.09068617664381,50.699688775992264],[-1.090428313515,50.699767259184654],[-1.090299069662739,50.699806087151956],[-1.090021355894512,50.699888431217445],[-1.089554954502629,50.700020269874855],[-1.088461188042391,50.700314550920375],[-1.087899244569631,50.70045682479682],[-1.087459622241497,50.70056127149654],[-1.087424372230513,50.7005696123194],[-1.087353837274002,50.70058623440073],[-1.087318552337134,50.700594515661],[-1.086592425886427,50.700764236301744],[-1.086435158562248,50.70080093415829],[-1.08598511182154,50.70096963559419],[-1.085557732973379,50.701140693642046],[-1.084402618932439,50.70155629312346],[-1.084373950570791,50.70156550803664],[-1.084096829002103,50.7016521847529],[-1.083539671460094,50.70182167650269],[-1.083259635521658,50.701904491522356],[-1.083230399156579,50.70191289232788],[-1.082891008202751,50.70200703655697],[-1.082208461404882,50.702189653115454],[-1.081865305627725,50.70227812542292],[-1.081819312511369,50.70228954064325],[-1.081472144584902,50.70237239341155],[-1.080774507479397,50.70253229355982],[-1.080424038374233,50.7026093409201],[-1.080383706752576,50.70261783342447],[-1.08003668957578,50.70268323357065],[-1.078948806831892,50.70295367970606],[-1.078620441486421,50.70301491899432],[-1.077581431623888,50.70318184114069],[-1.075486488640425,50.70346527667658],[-1.074430557627096,50.703581789763334],[-1.07437488524649,50.70358656221155],[-1.073341563895881,50.70365074751071],[-1.071270287291266,50.70373083846855],[-1.070232334114514,50.70374674404453],[-1.070197894219947,50.70374646957987],[-1.069375534787135,50.70372472166933],[-1.067734198274288,50.70365090431246],[-1.066915222057804,50.70359883483934],[-1.066813570336759,50.70359047038893],[-1.066140958850253,50.703524650185734],[-1.064801498864122,50.70337255252591],[-1.064134650917771,50.703286275136485],[-1.063995871478053,50.703266102063395],[-1.063244849689857,50.70314309239195],[-1.061754550982662,50.70287113078518],[-1.061015274801763,50.702722179000766],[-1.06095273345929,50.70270836958717],[-1.059585748653801,50.70235480117266],[-1.056917227653138,50.70155917468581],[-1.055615695268326,50.70111711810996],[-1.055554865157762,50.70109378975124],[-1.054749606357151,50.70076077733841],[-1.053176548464268,50.700060811947054],[-1.052408749171475,50.69969386085565],[-1.052339065678618,50.69965814157103],[-1.051549335292476,50.699221741279594],[-1.05002284858144,50.698313059057746],[-1.049286090814833,50.697840779422165],[-1.049212284100711,50.69778983049759],[-1.04870471306714,50.69741966206893],[-1.047722154020343,50.69666228001486],[-1.047247165827869,50.696275066662906],[-1.047201615162642,50.696235765853544],[-1.046567609934039,50.69564027330826],[-1.045376563080732,50.69441901623171],[-1.04481952018046,50.69379325248813],[-1.044781597935915,50.69374637077177],[-1.044619342528846,50.69353926901951],[-1.044303276624388,50.69312248239201],[-1.04414946606787,50.69291279753986],[-1.044089771530471,50.692828605235945],[-1.043912833909046,50.69256815783204],[-1.043571985994201,50.69204384780801],[-1.043408075833946,50.691779985496446],[-1.04335886877512,50.69169695922918],[-1.043152103139574,50.69132333000234],[-1.042764681094679,50.69057065006562],[-1.042584024306952,50.69019159943729],[-1.042533599401253,50.69007673524908],[-1.042200979743459,50.68912052491765],[-1.041701429812026,50.68719079733062],[-1.041534492855881,50.68621728070006],[-1.041531950017442,50.686187410704676],[-1.04151227630918,50.68580766848326],[-1.04149819775511,50.68504799501303],[-1.041503792498184,50.68466806376237],[-1.041512915366049,50.68447798891239],[-1.041522509935664,50.684322346860135],[-1.041545940824368,50.68401119166922],[-1.041559776528504,50.68385567938606],[-1.041608110034451,50.68338479868655],[-1.041619564690996,50.68328223604015],[-1.041644319006883,50.68307720065813],[-1.041657618658341,50.68297472792195],[-1.041678816042283,50.682822065244395],[-1.041717759824032,50.68258826629008],[-1.04173280913788,50.68243486874851],[-1.041793394400107,50.681993089036425],[-1.041802892862854,50.68193922438308],[-1.04190744399131,50.68146217878561],[-1.042156592856464,50.68051232803331],[-1.042301189819037,50.68003952277942],[-1.042308747444142,50.68001791800771],[-1.042363677832214,50.67986703605454],[-1.042477619113975,50.67956589545817],[-1.042536629983466,50.67941563681056],[-1.042548669194904,50.67938606774082],[-1.042647313003933,50.67915637631333],[-1.042854134084715,50.67869873294303],[-1.042962311272891,50.67847078098186],[-1.042985914892401,50.678423325249945],[-1.043054561779511,50.67828898923698],[-1.043195166668228,50.67802101868725],[-1.043267124653391,50.677887384146224],[-1.043291840388989,50.67784263446949],[-1.043427146253445,50.677608127295436],[-1.043707952311848,50.677141590534426],[-1.043853452421239,50.67690956092152],[-1.043887297621236,50.67685769424368],[-1.044065787442368,50.676595973964304],[-1.044435735247833,50.67607626107603],[-1.044627193120779,50.67581826842422],[-1.044652118607264,50.67578601683142],[-1.044975085463224,50.675392923143676],[-1.045651102796845,50.67461733294179],[-1.046004156245959,50.6742348332673],[-1.046083280395624,50.674153758412274],[-1.046483993557372,50.673765875667684],[-1.04731635500129,50.673003755506556],[-1.047748003042015,50.67262951786071],[-1.047840198457981,50.672553763305416],[-1.047886138350655,50.67251622114629],[-1.047978329740306,50.672441291676854],[-1.048024581237107,50.67240390436633],[-1.048057792271001,50.672377203864706],[-1.048114668519986,50.67233177943149],[-1.048228880983944,50.672241164725406],[-1.048286217198628,50.672195974452094],[-1.048346445587246,50.672148816878696],[-1.048540865433057,50.671999893117764],[-1.048934699413931,50.67170473727136],[-1.049134113541078,50.671558505168775],[-1.049270507299792,50.67146063358085],[-1.04952576078751,50.67128234339125],[-1.050043690534167,50.67093017255752],[-1.050306366787338,50.67075629188039],[-1.050656287682244,50.67053078513241],[-1.050836736756059,50.67041656781744],[-1.051200838101045,50.67019021456823],[-1.05138449037316,50.670078078624044],[-1.051835768025508,50.66980745126419],[-1.051976831781544,50.669724002301066],[-1.05206889813093,50.66967027746842],[-1.053212777734239,50.668898320159066],[-1.053380713772936,50.66879884122455],[-1.053448016351636,50.6687629041162],[-1.054581628826785,50.668051839461484],[-1.057330872257966,50.66670703550878],[-1.061007377464467,50.66532818720333],[-1.06292785832671,50.664727338822225],[-1.063081588434547,50.664688116905516],[-1.063247099794211,50.66464665485051],[-1.063578928940053,50.664565055869694],[-1.063745246733712,50.66452491894204],[-1.063800337879846,50.66451187517441],[-1.063852050314864,50.664499704225534],[-1.063955549358485,50.66447549043922],[-1.064007335967319,50.66446344760171],[-1.064141534751078,50.664432428218554],[-1.064166429731302,50.664426680569036],[-1.064174971714399,50.664424849890366],[-1.064289713135252,50.664372039052274],[-1.064343282098112,50.66434780194215],[-1.064438433271033,50.66429923409341],[-1.06444066254311,50.664298109723795],[-1.06489064986013,50.663890773957874],[-1.065273222269321,50.66356071903329],[-1.065281878655289,50.66355359676219],[-1.065290876549789,50.663546193799405],[-1.065578702115796,50.66331719896596],[-1.066165931336236,50.66286529251735],[-1.066465336612501,50.66264237948212],[-1.066473976307643,50.66263615535782],[-1.066550865130272,50.66258121814898],[-1.066705346480481,50.66247174496177],[-1.066782939007787,50.66241720898249],[-1.066794413892193,50.662409209817376],[-1.067052794868291,50.66223385435244],[-1.067576829866689,50.661887590989075],[-1.067842483886167,50.66171668305799],[-1.067850988079693,50.661711356120094],[-1.06827681297795,50.66145545301709],[-1.069067764169212,50.660999459822484],[-1.069512132044835,50.66026850522918],[-1.069559621188962,50.6602801686016],[-1.069652864987483,50.660063656397305],[-1.0696387675473,50.6600601940566],[-1.069692230978003,50.65997224790186],[-1.069768812191318,50.65979442397285],[-1.069818365594831,50.659724694334244],[-1.069905197651862,50.65962191894269],[-1.069993578758467,50.659476530877974],[-1.070359919274617,50.65908369691143],[-1.070735280920838,50.658639393212916],[-1.070859100244719,50.658514236705656],[-1.070882307831352,50.65852351257887],[-1.072382414557125,50.656914778809366],[-1.072613209285922,50.65674109837713],[-1.072793690500999,50.656558650130215],[-1.073369190834755,50.65605678668769],[-1.073394592846165,50.656033005054965],[-1.07360781749344,50.655838927980014],[-1.073625030706384,50.65582369167782],[-1.073852335154625,50.65562812780157],[-1.074315174592712,50.65524097647431],[-1.074550709557321,50.65504938898853],[-1.074566348145173,50.6550370167674],[-1.074813958548119,50.65484654290698],[-1.075306700446667,50.65447792958866],[-1.075415698164518,50.65437044927278],[-1.075427437955301,50.65436065390113],[-1.076457323466797,50.65359451133091],[-1.078645400159629,50.65214025555387],[-1.079803591099098,50.65145213992974],[-1.07982362535346,50.6514415091434],[-1.080910234924878,50.6509192271948],[-1.083157376120012,50.64994350543133],[-1.084317904778341,50.64949006584905],[-1.084360647781701,50.64947511790434],[-1.084522790595951,50.649419285776254],[-1.084848205947738,50.649308969766444],[-1.085011478279186,50.64925448630397],[-1.085035541169851,50.649246583325294],[-1.086347790812272,50.64886811392756],[-1.089025996223014,50.64819797377921],[-1.090391956264166,50.647906301853695],[-1.090450000854883,50.64789596648893],[-1.090637691290143,50.64786385592976],[-1.091456564766618,50.6476760981966],[-1.093889094112031,50.64726945693467],[-1.0939046373759,50.64726777993019],[-1.094852333424392,50.64718637431334],[-1.096287215386614,50.647094383293066],[-1.096290101574465,50.64711257401183],[-1.096574082989319,50.64706893722814],[-1.096743936551404,50.647060272197805],[-1.097095850872707,50.647045123759824],[-1.09732714673851,50.64703700744445],[-1.097327181518065,50.64703740788931],[-1.097500198511358,50.6470292445326],[-1.097517831817473,50.64702871014912],[-1.097638223883628,50.647020850642356],[-1.097653749773705,50.647020072264766],[-1.098887825663593,50.64699257325341],[-1.100894460122115,50.64700355812788],[-1.10089394786603,50.64704153667641],[-1.101106416153659,50.64702590637245],[-1.101106770519336,50.64700440150424],[-1.101381976535027,50.64700623800909],[-1.101529268329919,50.64701122550629],[-1.10155043689026,50.64701178942405],[-1.101550426842367,50.64701194197445],[-1.101689632256667,50.647016655643974],[-1.102808132140911,50.6469869626736],[-1.103569292939152,50.64697978554436],[-1.103621532692743,50.64698018673181],[-1.104838649830096,50.64702292570888],[-1.106930361593673,50.647154018336344],[-1.107751513391525,50.64718068919467],[-1.108786412639104,50.64723858376618],[-1.108861405498963,50.64724455020107],[-1.110037407341193,50.64737031816072],[-1.110053279379291,50.647372456479545],[-1.111022339211573,50.64744776432995],[-1.111804534495837,50.647523045234486],[-1.111809881479897,50.647522232348884],[-1.111961041305345,50.647497614877],[-1.11213459327221,50.64746943436615],[-1.112174547774811,50.64746298670268],[-1.112602619064418,50.6473943276191],[-1.112730033681966,50.64737429035019],[-1.112867991872006,50.64735302620181],[-1.112993621636009,50.64733344719919],[-1.11306220204698,50.64732257723503],[-1.11308286898975,50.647319183682264],[-1.113128397413461,50.647311759092815],[-1.113219492781956,50.64729700609064],[-1.113256531426216,50.6472910414741],[-1.113356732775467,50.64727499675207],[-1.113358333304957,50.64727473457633],[-1.113377750108756,50.64727156332029],[-1.113435772185288,50.64726211468581],[-1.113456501310673,50.64725874965206],[-1.113497967536362,50.64725203951168],[-1.113518704636682,50.647248694405086],[-1.113785646573034,50.64720577014495],[-1.113853500723284,50.6471949725116],[-1.11398929210691,50.64717359059891],[-1.114057229340808,50.64716300631949],[-1.114270765039202,50.6471300938779],[-1.114432031574512,50.647105075436826],[-1.114583969173165,50.647081571250474],[-1.114618802291447,50.64707621285979],[-1.114759801638533,50.64705464294377],[-1.114896132287579,50.647031119323735],[-1.114927197382397,50.647025733755406],[-1.114946804540787,50.64702234419367],[-1.115071657284935,50.647000821569335],[-1.115101985383793,50.64699540472882],[-1.115355202481285,50.6469510157258],[-1.115580540922485,50.646911281482005],[-1.11562011965015,50.64690418511268],[-1.115654639667021,50.64689802576411],[-1.115839168209983,50.64686526079359],[-1.115874028772052,50.646859101446566],[-1.115943774541741,50.64684683943766],[-1.11597865974943,50.64684073677579],[-1.116115883462398,50.64681685135218],[-1.11626341788831,50.646790611308646],[-1.116395976772713,50.64676747559406],[-1.116449364790493,50.64675833479213],[-1.116480948644813,50.64675124243426],[-1.116508557835892,50.64674506302531],[-1.116563796254345,50.64673274052603],[-1.116591425481755,50.646726597435716],[-1.117407699946194,50.64654570534425],[-1.117604893664127,50.64650117607485],[-1.118328838963318,50.64633582579627],[-1.11858606751209,50.64627294350646],[-1.118785418390115,50.64622327185605],[-1.11881774466006,50.64621523333405],[-1.118947794605843,50.646182981625195],[-1.118977073612322,50.64617573451616],[-1.119566660205187,50.64603016872616],[-1.119667269274619,50.646005608986194],[-1.119868778544682,50.64595697736554],[-1.119969678747032,50.645932905484436],[-1.120363640564284,50.64584000359395],[-1.120949513817775,50.645700855170645],[-1.120985712991347,50.6456922933154],[-1.121058147941268,50.645675232453584],[-1.121094383717694,50.645666733447],[-1.121098512649302,50.64566576908623],[-1.121486533796908,50.64555841040744],[-1.121587206564833,50.645532333350594],[-1.121970658697043,50.645404600753],[-1.122034691404483,50.64538530459722],[-1.122216850069286,50.645336961441835],[-1.122266208212003,50.64532065530303],[-1.122414888787499,50.64527224327024],[-1.122447737683295,50.64526170249113],[-1.122665229134747,50.64519339361459],[-1.123102020963582,50.64505915635241],[-1.123321321357349,50.644993227960754],[-1.123598635203608,50.64491170086331],[-1.123621926076671,50.64490486986167],[-1.12366852725024,50.64489123471165],[-1.123691837550765,50.64488443056329],[-1.123718923916311,50.64487654309412],[-1.124197667037911,50.644743875994976],[-1.125162523047421,50.64448986400251],[-1.125648636121016,50.64436851905675],[-1.125685531743331,50.644359805325706],[-1.126511481335028,50.64418294874559],[-1.128178928795778,50.64386189974117],[-1.129020427676764,50.64371770714019],[-1.129054573180885,50.64371256804994],[-1.129761255377748,50.64361825061836],[-1.131181262744837,50.64345265966022],[-1.131894588560281,50.64338138608151],[-1.132082741934588,50.643365703591364],[-1.132374304846969,50.64334335667055],[-1.133856557366477,50.643239653007726],[-1.137020843407955,50.643244660107875],[-1.1412297107245,50.64355256035759],[-1.145318664320176,50.64425769294716],[-1.14919553176637,50.645344165864074],[-1.150760890712211,50.64597574783977],[-1.15166225351181,50.6455860822822],[-1.154775770084472,50.64463217155692],[-1.154782341668021,50.64464084286086],[-1.154914218012853,50.644584753261476],[-1.155564389270082,50.644391148750664],[-1.156883583653663,50.64413589477942],[-1.156854367566277,50.64408606507038],[-1.157002464191322,50.64405095815178],[-1.157044440153096,50.64404105562313],[-1.157128441115869,50.64402133506427],[-1.157170466116995,50.64401151703403],[-1.158202226828918,50.64377164528377],[-1.160173370026567,50.64341392368954],[-1.164176207038883,50.64288332357916],[-1.166887098108365,50.64277891186535],[-1.167688730787956,50.64254515170032],[-1.169395684477367,50.64208976865965],[-1.169682108873387,50.64201568389778],[-1.16991017956311,50.6419585316209],[-1.170026004180213,50.641929880122575],[-1.170743033304332,50.64175480822939],[-1.170988792466827,50.64169722418838],[-1.171015209061548,50.64169050246296],[-1.171039124925393,50.64168443310039],[-1.171086973974552,50.64167232206122],[-1.171110907159893,50.641666280384655],[-1.171272054746308,50.64162570818753],[-1.172257187269525,50.64090887393415],[-1.171719589468891,50.640685686820845],[-1.171713457462405,50.6406829462536],[-1.171544811019924,50.64060639323505],[-1.17120930183342,50.64045172338224],[-1.171042439094563,50.64037360655307],[-1.171032840450095,50.64036904359957],[-1.170590468556449,50.640149922541106],[-1.169719746283186,50.639700695472314],[-1.169291395970465,50.639470589566294],[-1.169104924997119,50.639366319629445],[-1.168964406076014,50.63928668365869],[-1.168685048990871,50.63912622889384],[-1.168546210828026,50.63904541010374],[-1.16839642342031,50.63895704487356],[-1.168269075551438,50.63888098093535],[-1.168015867977122,50.63872785814789],[-1.167980092577575,50.638706147750995],[-1.167871501616331,50.63864001776599],[-1.167659461913271,50.638511389150636],[-1.167628440317542,50.638492513300825],[-1.167538549883069,50.63843765066481],[-1.167480643634091,50.63840266776455],[-1.167438702789029,50.638377225796404],[-1.167326689934723,50.63830899748327],[-1.167306775674889,50.63829685428218],[-1.167267308449249,50.63827275421777],[-1.166493254491303,50.63781899670464],[-1.164431421247535,50.63630746756638],[-1.163760224818391,50.635687593846754],[-1.16203579935389,50.63521346580179],[-1.161633488027987,50.63509807404724],[-1.16025178383595,50.63468513470668],[-1.157478908837376,50.63359188726582],[-1.153994267316587,50.63183396781195],[-1.150987976122547,50.629749322381414],[-1.148534875251231,50.62738987580845],[-1.146696047657412,50.62481435832182],[-1.145517253062743,50.62208687483688],[-1.145097562436785,50.620693457614706],[-1.145084786527881,50.620620094119865],[-1.145009335764982,50.61997645485676],[-1.14500692284028,50.61993664441062],[-1.144843193254949,50.61952182148657],[-1.144832675330757,50.61949117687373],[-1.144718565689659,50.61912176328181],[-1.144514758404894,50.618380220680336],[-1.144425060338642,50.61800809173915],[-1.144418522476502,50.61797657785018],[-1.144352668989078,50.617597257764295],[-1.14424633208677,50.61683717613453],[-1.144205847335444,50.61645641512946],[-1.144202301735372,50.61640775162042],[-1.144200030324831,50.61637531005737],[-1.144195671671044,50.6163104219228],[-1.144193584427546,50.61627797535129],[-1.144192594494485,50.61626187519609],[-1.144181911855997,50.615873451768636],[-1.144186925655255,50.615096673658],[-1.144202621657706,50.614708318975204],[-1.144206165597956,50.61466069581733],[-1.144228504524031,50.61442567975713],[-1.144282844579887,50.61395610021692],[-1.144314845613916,50.613721536732754],[-1.144322750079205,50.613671248583245],[-1.144385421299843,50.61333615958898],[-1.144530476835785,50.61266771340114],[-1.14461286087712,50.61233435618418],[-1.144626576735685,50.612284920015945],[-1.144779915873795,50.61180802043047],[-1.145126917473359,50.61086019853744],[-1.14532057917005,50.61038927611337],[-1.145353339972691,50.61031759331912],[-1.145385286458421,50.6102487189464],[-1.145450042523483,50.610111134696],[-1.145482852100531,50.61004242481785],[-1.145516264482386,50.60997344374388],[-1.145641804982881,50.60972693524216],[-1.145903992312724,50.609236321769714],[-1.146040639040348,50.60899221677456],[-1.146068415343059,50.60894477106494],[-1.146213947842897,50.60870658301108],[-1.146515586503924,50.608232933738094],[-1.146671692505583,50.60799747255993],[-1.146719797135469,50.60792769918357],[-1.146726134104437,50.60791892663469],[-1.146912881020426,50.607633062170834],[-1.147033473694285,50.60745721693554],[-1.147034376337796,50.60727726251081],[-1.147054733036376,50.606822613850674],[-1.147068071465691,50.606664930336734],[-1.147086765240491,50.606479609215285],[-1.147113584798585,50.60625072658769],[-1.147210513731119,50.60481300624779],[-1.14798704517109,50.602234640152915],[-1.149357896255683,50.59973531214545],[-1.151291672591907,50.59739159525326],[-1.153746197063579,50.59525451566296],[-1.156667968342432,50.593370595118955],[-1.159993338953028,50.59178084039711],[-1.163649898946253,50.590519852285844],[-1.164711950624181,50.59027399256254],[-1.164850817801809,50.59019457513054],[-1.165010869437937,50.5901085148094],[-1.165313399730969,50.589950361621],[-1.165925222301421,50.58963944982634],[-1.166234514605125,50.58948669118499],[-1.166507877262938,50.58935549849343],[-1.16652924279405,50.5893452648251],[-1.166572004218489,50.589324823238485],[-1.166593400111827,50.589314615320156],[-1.166695711864744,50.5892658987577],[-1.167131881807982,50.58906632934798],[-1.168015814050086,50.58867788574045],[-1.168463576615231,50.58848901063363],[-1.168852230988392,50.58833175199852],[-1.168976021190136,50.58828223377112],[-1.169224399241166,50.58818401514424],[-1.16934898709313,50.58813531474313],[-1.169522338246875,50.58806833666539],[-1.169528031676735,50.58806610093983],[-1.169680829145558,50.588006135392945],[-1.170080525040694,50.58785499456158],[-1.170887431538864,50.58756119008133],[-1.171294678431583,50.58741851217958],[-1.171390088716921,50.58738637565239],[-1.17154440192468,50.587333061997725],[-1.171756083387258,50.587261401338274],[-1.172181324372257,50.58712037624778],[-1.172394883909867,50.58705101181033],[-1.172478393990689,50.5870244536252],[-1.172682356687667,50.58695965418269],[-1.173114031305046,50.586828275591365],[-1.173983973014861,50.586574937272516],[-1.174422310168539,50.5864529552841],[-1.174462711455642,50.58644222717361],[-1.174550125628339,50.58641541071257],[-1.174688120979873,50.586373717665694],[-1.174783660359906,50.58633842892228],[-1.175302827462477,50.586151508135195],[-1.175486889302509,50.5860826264063],[-1.175571395033058,50.58605125169432],[-1.175740745438444,50.58598887541373],[-1.175825590114188,50.585957873844634],[-1.176002462166794,50.58589376320262],[-1.176053937067161,50.58587519582734],[-1.176157008450244,50.585838198424774],[-1.176208604933166,50.58581976839742],[-1.176219269798397,50.58581597762469],[-1.178293306035858,50.58521292624008],[-1.179810226790137,50.58486297275705],[-1.183209246937351,50.58334116170605],[-1.184922208074929,50.58269965588975],[-1.185567256244893,50.582449328862495],[-1.185655188488728,50.58242207174044],[-1.186103963738605,50.58228910138686],[-1.187008549026241,50.582033248732195],[-1.187464359219877,50.5819103663792],[-1.187608007444795,50.58187351588042],[-1.187966798534515,50.581785070125754],[-1.18868802719953,50.5816144301034],[-1.189050464857367,50.581532235814514],[-1.189122705360127,50.58151655539112],[-1.189366261014957,50.58146525627746],[-1.189854793868301,50.581365481379486],[-1.190099771093066,50.581317005589604],[-1.190136460428364,50.58130997748417],[-1.190254849957116,50.58128765785164],[-1.190491930585677,50.581243678011624],[-1.190610621688521,50.58122201780357],[-1.190696950163062,50.58120652309719],[-1.190864343949362,50.581177184042495],[-1.19118761490832,50.58112188230815],[-1.191282792557166,50.58110548509655],[-1.191383729260785,50.58108404983273],[-1.191447335643893,50.58107064876201],[-1.191511033932472,50.58105733492576],[-1.191656136997515,50.581027557561676],[-1.191946838910926,50.58096900122411],[-1.192092437764835,50.58094022224946],[-1.192095124696512,50.580939701256234],[-1.193252478910755,50.580765518140446],[-1.194769083692039,50.58043953510277],[-1.195361814888675,50.5803689737926],[-1.195965098862647,50.57972705653913],[-1.198769519036551,50.57758494172969],[-1.200060581735705,50.576863554575134],[-1.200570629739223,50.57647332875337],[-1.200692065809581,50.57640556224632],[-1.201147783302413,50.576161865366174],[-1.202074922965141,50.57568691086806],[-1.202546344811409,50.5754556521696],[-1.202593529348948,50.57543349811827],[-1.203522232776285,50.57503270194756],[-1.203728265772021,50.57495119461186],[-1.203819904789712,50.57490752367064],[-1.204073730136526,50.57480514467329],[-1.204285408157888,50.57472142193213],[-1.205534009593587,50.574237230503996],[-1.206402314000022,50.57392668057558],[-1.206538720677639,50.5738818467541],[-1.20696062610116,50.573748798345044],[-1.206986605798742,50.57374094617989],[-1.208536477714828,50.573071019819025],[-1.212717961311241,50.57180558149888],[-1.215877278180409,50.571229184508745],[-1.216379174104459,50.57105879524705],[-1.21653777757506,50.57100843491557],[-1.217236718467283,50.57082555625445],[-1.217656209279696,50.570692382955194],[-1.217697513810879,50.570680073115895],[-1.217746379811636,50.570665527510904],[-1.218054903102444,50.57057655382391],[-1.218674044118572,50.570403669551325],[-1.218985237786473,50.57031958625372],[-1.219149650384403,50.57027663369265],[-1.219672783464897,50.570147634211196],[-1.220726673944748,50.56990296268035],[-1.221257431605035,50.56978729056318],[-1.221304395778595,50.569777714486044],[-1.221790848145993,50.56968463357141],[-1.222063723733281,50.56963580872657],[-1.222089340056131,50.56962821051306],[-1.223090375173578,50.56936060181606],[-1.223185171453941,50.56933794752525],[-1.223305833908601,50.569309510332964],[-1.223441166172633,50.56927806131073],[-1.223447575435208,50.56927443439381],[-1.22360557416053,50.569189176749624],[-1.223934603503353,50.5690169881921],[-1.224600658587224,50.568679005560384],[-1.224937684362457,50.56851321144087],[-1.22506042846788,50.56845468970063],[-1.225603524710487,50.568208276275946],[-1.22670736136285,50.56773204598749],[-1.227268101987565,50.567502228958276],[-1.227290832424272,50.56749338916724],[-1.227557863478982,50.56739209377808],[-1.228095358259701,50.56719326891954],[-1.228365822044578,50.567095739399456],[-1.228388421622648,50.567087797835704],[-1.228661053909331,50.566994461193005],[-1.228742066980906,50.5669674505949],[-1.22909258403576,50.56684215736895],[-1.229110730604988,50.566835983951194],[-1.229261152168247,50.56678554961501],[-1.22956293677887,50.56668583738223],[-1.229714299831696,50.56663655948324],[-1.2297554952135,50.56662334642299],[-1.229785907315672,50.56661362123487],[-1.229846768195567,50.56659421754533],[-1.229877216973336,50.56658453904391],[-1.230130112708929,50.56650439500042],[-1.230478455511612,50.56639776480065],[-1.231179588205732,50.56619061338682],[-1.231532378169,50.5660900921466],[-1.231605935078967,50.56606989811393],[-1.233328121243526,50.56569173320423],[-1.233543738445938,50.56563737493476],[-1.233797607038,50.56556699952533],[-1.234797728833022,50.56531810718794],[-1.235048227640095,50.56526266099238],[-1.235642977858765,50.565140341624435],[-1.236840385834486,50.5649125775308],[-1.2370640623194,50.564873442124544],[-1.237212989955986,50.564827302566634],[-1.237553320650753,50.56472541009496],[-1.237574607853412,50.56471925592281],[-1.237937177082876,50.56461831400416],[-1.237997923440034,50.56460204351543],[-1.238059200680985,50.56458363550416],[-1.238077330570315,50.56457835991767],[-1.23848668172332,50.56446419458552],[-1.239310845675408,50.56424416791466],[-1.239725658593163,50.564138306537835],[-1.239754058197815,50.56413138897472],[-1.239977165424903,50.56407841344294],[-1.240424749284252,50.563974865058995],[-1.240649225936123,50.56392429220168],[-1.240677497952029,50.563918093035284],[-1.241018734611862,50.56384635034079],[-1.241703960942321,50.56370841656404],[-1.242047950684804,50.563642225465884],[-1.242076323662907,50.56363701586431],[-1.242193331905921,50.56361587898463],[-1.242427629602009,50.563574247655765],[-1.242544919057995,50.56355375320606],[-1.242645778182276,50.56353642675945],[-1.243061356502662,50.563469328259124],[-1.243895516628554,50.56334319460519],[-1.244314098567062,50.56328415943054],[-1.244359244579898,50.56327824862993],[-1.244487181391466,50.56326189035235],[-1.244743286648341,50.56322992721905],[-1.244871455097533,50.56321432236285],[-1.244908079078622,50.56320997490879],[-1.245217254830619,50.563177307183985],[-1.245320173652689,50.56315270575348],[-1.247363241868141,50.56272019282618],[-1.248397725155326,50.56252876423866],[-1.248435770298497,50.56252271614351],[-1.249096853638435,50.56242829229549],[-1.250425363447828,50.562259742757405],[-1.251092790459554,50.562185616996736],[-1.251128116991559,50.562182247602166],[-1.251133746333318,50.562181819038095],[-1.251139732363034,50.562180352062526],[-1.251359299566017,50.56215046867451],[-1.25170888544249,50.56210686118309],[-1.252114203078696,50.56204585448464],[-1.252129869469011,50.56204350241976],[-1.252147138966044,50.562040916288936],[-1.252301111875734,50.56201843679766],[-1.252609442493654,50.56197457601718],[-1.25276380020872,50.56195319472702],[-1.25277079943863,50.56195225129519],[-1.253253079311113,50.561892807657806],[-1.25393016687411,50.561817108860104],[-1.254056981839162,50.56180012355244],[-1.255765886480627,50.56160597191891],[-1.256625023239969,50.56152563341009],[-1.25664751547098,50.56152397836935],[-1.257526813797932,50.56147695644729],[-1.259288300963699,50.56141797612344],[-1.260170491108159,50.561406017685265],[-1.260194816987737,50.56140617223894],[-1.261076457175442,50.5614293371202],[-1.262835747758773,50.56151068664153],[-1.263713399451302,50.56156887134837],[-1.263735835400975,50.56157081184102],[-1.264579415435075,50.56166042260283],[-1.26487006564963,50.56169709171395],[-1.265004587214666,50.561687560066176],[-1.265393857388977,50.56166171564274],[-1.265588632930582,50.56164965226205],[-1.265602731223164,50.561648841865036],[-1.265670666978677,50.56164504211398],[-1.265806566480925,50.56163765158196],[-1.265874530228258,50.561634060800976],[-1.265968194156397,50.56162925718629],[-1.266250996023543,50.561616572172426],[-1.26626982321231,50.5616158485934],[-1.266589298698005,50.56149223242314],[-1.266602056604041,50.5614878180033],[-1.267028842167423,50.5613559516977],[-1.267377173316987,50.56123626541004],[-1.267838036064229,50.56108480450643],[-1.267846457490071,50.5610821604133],[-1.269139006148268,50.56072620183024],[-1.269885321410382,50.560548245038916],[-1.270153006311096,50.5604750091552],[-1.271368024599476,50.56018395735047],[-1.271393363306734,50.56017872092617],[-1.27151312018974,50.56015434712674],[-1.271636746468671,50.56012957156144],[-1.271873815985259,50.56007434080213],[-1.273115026218919,50.55982582988875],[-1.273341546345899,50.55978768475754],[-1.27337047903001,50.55978283345604],[-1.273428360455501,50.559773169902606],[-1.273457309196927,50.55976835765069],[-1.273493951400892,50.55976229288686],[-1.273533964246503,50.5597557100344],[-1.273614019984115,50.55974261893239],[-1.273654062876235,50.559736110682834],[-1.273692103901509,50.5597299655507],[-1.274175286918257,50.55965764541846],[-1.275145341127431,50.55952386408412],[-1.275632212534179,50.55946240285268],[-1.275669409658887,50.55945813858677],[-1.27606581889845,50.559416394475186],[-1.276860339785168,50.55934010558585],[-1.277258451551533,50.55930556079719],[-1.277365782269107,50.559297236535755],[-1.277690268058618,50.55927449190758],[-1.278339977629406,50.55923378568117],[-1.278665201476264,50.55921582407919],[-1.278831656810351,50.55920786474339],[-1.278909283272738,50.55920428987973],[-1.279064565923506,50.559197412681314],[-1.279142222112784,50.55919411034649],[-1.279159460268636,50.55919340768604],[-1.279424197819376,50.55918420544225],[-1.279748241069411,50.5591748842447],[-1.280410566321059,50.559001313569006],[-1.280680479208671,50.558937208548244],[-1.280729247339523,50.55891854790891],[-1.28087940671713,50.55887991639059],[-1.281299007241349,50.558786176432584],[-1.281708876878702,50.558673501451196],[-1.283009982517627,50.55836324033488],[-1.283027145438995,50.55835975056453],[-1.283857420179682,50.55820858677318],[-1.285530912422516,50.55793886306129],[-1.286374131208587,50.55782030291711],[-1.286388357352304,50.55781859147814],[-1.286713439310704,50.557781985332944],[-1.286832103560356,50.5577695325138],[-1.287204420662485,50.55768903251839],[-1.288618914464845,50.557434661687054],[-1.28889350495522,50.55739498222735],[-1.28986460533763,50.55727725834348],[-1.291817345658943,50.5570853699608],[-1.292798987351491,50.55701120530102],[-1.292897883123887,50.557005962172404],[-1.293376312893673,50.55698580170142],[-1.294333970258081,50.556955837502045],[-1.294813198061356,50.556946033768824],[-1.295328895820026,50.55694106474378],[-1.296337363560562,50.556954302016244],[-1.296497134543996,50.556960041448136],[-1.296739402004144,50.556964115820406],[-1.297693180515286,50.556990439100815],[-1.298169720862474,50.55700873587302],[-1.298230085131482,50.557011706818656],[-1.29829971711259,50.55701604609102],[-1.298742406254983,50.55702485280686],[-1.299049307451346,50.55703308735987],[-1.299114106191547,50.557035276058706],[-1.299503650863663,50.55705187714411],[-1.29967094919204,50.55706048837867],[-1.299808210011217,50.55706424877432],[-1.299807987697601,50.557067541888536],[-1.29993144973589,50.55707389646428],[-1.299930995938971,50.557077474521904],[-1.30076774291941,50.55710889550035],[-1.303538807362078,50.55730081940843],[-1.304916900772116,50.55744043437715],[-1.304959070115725,50.55744608008383],[-1.30571602639105,50.557573865359565],[-1.305757940641731,50.55757822746822],[-1.306016928006964,50.55760952900652],[-1.306738628335576,50.557709276329675],[-1.30791343811167,50.557892259361374],[-1.308053550698493,50.55791064818563],[-1.308125682546124,50.55792096638903],[-1.309575669175817,50.558180839205775],[-1.309815088391267,50.558232674676034],[-1.310978514718269,50.5584086895404],[-1.311001378022142,50.5584133195434],[-1.312994631254672,50.558928700755324],[-1.313019823915215,50.55893234228834],[-1.313312648780845,50.55900689248267],[-1.314192402390753,50.55928590636675],[-1.314205244954045,50.559268464655815],[-1.3158898041348,50.55977176659175],[-1.316914835111841,50.560111262488455],[-1.316947373067379,50.560123140752424],[-1.317752376834552,50.56044030694884],[-1.3177952520614,50.560458492637245],[-1.317871685560372,50.560485839479455],[-1.318481328166618,50.560716980820246],[-1.318533434214593,50.560737883073],[-1.318810121811032,50.5608412287637],[-1.319253219046082,50.560967423720776],[-1.324025809601856,50.562701285164145],[-1.326278550117693,50.56371746208054],[-1.326298301050728,50.56372836531999],[-1.327311043064328,50.564346118391775],[-1.329123550559258,50.56556719115917],[-1.329042027522224,50.56561628309111],[-1.32981077377311,50.56605383837398],[-1.329913444805359,50.5661339449954],[-1.330147019583118,50.56632121414752],[-1.330261287646317,50.5664153723319],[-1.330820563883929,50.56690999393813],[-1.331939638907039,50.56797392606344],[-1.332472840178111,50.56852240622804],[-1.33256189803308,50.56862181270652],[-1.33287643484753,50.5691517152542],[-1.333316169772678,50.569538773043135],[-1.333381605947566,50.569620961309035],[-1.333606672061814,50.569916939592744],[-1.334039669380721,50.570513937996594],[-1.334247600414491,50.5708149581796],[-1.334265381339778,50.57084203188859],[-1.334457224778827,50.57114994827878],[-1.33482298073781,50.571770071222986],[-1.33499689303896,50.57208227785901],[-1.335010613799352,50.57210842806985],[-1.335250008112963,50.57261351660946],[-1.335450597112325,50.573086454214305],[-1.33572645807459,50.57359601749865],[-1.335785097423881,50.57373128711242],[-1.335809925444267,50.57378931611845],[-1.335889517664417,50.57397782427539],[-1.335928510779838,50.57407221586814],[-1.335940888624309,50.57410285395933],[-1.335963814816839,50.574160387834645],[-1.33600907052302,50.57427555068655],[-1.336012254252909,50.57428376740395],[-1.336018173693763,50.57428832842478],[-1.336069498695784,50.57432810641795],[-1.3361717905046,50.57440784880339],[-1.336222757311188,50.57444781319596],[-1.336260761115403,50.574477787834404],[-1.336698771244524,50.574841873333],[-1.337545091050896,50.57558378749628],[-1.337953400492125,50.57596161657256],[-1.337989468178119,50.575996884685736],[-1.338287640769556,50.57630157681278],[-1.33841425351186,50.576436901846975],[-1.33866836721196,50.57669155410614],[-1.338704398376214,50.57672960784554],[-1.338937777693965,50.57698852322801],[-1.338995860384097,50.57701702338712],[-1.339198248851419,50.57711821597295],[-1.339568429074929,50.57730679772605],[-1.339875266375717,50.57745043459764],[-1.339898973398552,50.577462257216204],[-1.340005231750494,50.57751577337603],[-1.34021693805464,50.577623452018756],[-1.340322386007869,50.57767761450313],[-1.340422271581083,50.57772942525665],[-1.340560719266613,50.577802174777794],[-1.340836152617826,50.57794878794406],[-1.340973138285403,50.578022651592626],[-1.341080291853285,50.578081177879454],[-1.341136206245535,50.57811157819731],[-1.341343048429391,50.57822626639927],[-1.341753199039002,50.578458177818895],[-1.341956507469191,50.57857540104894],[-1.341985844420387,50.578592649085834],[-1.342151350977011,50.57869235690938],[-1.342176755424658,50.57870613600405],[-1.34219590574802,50.57871654168972],[-1.342336094674316,50.57879285332733],[-1.342452028518553,50.57885665784729],[-1.342682803093797,50.57898506374781],[-1.342797643825687,50.579049665130526],[-1.343034970996248,50.57918463464961],[-1.343173112814211,50.57926313086037],[-1.343413504639246,50.579402929917386],[-1.343619994884684,50.57952582187653],[-1.343631149754813,50.57953045282734],[-1.343691108442894,50.579564954371556],[-1.343984120021103,50.57973842215076],[-1.344279033812743,50.5799180398904],[-1.34430517972477,50.57993360006115],[-1.344494880371371,50.58004861288842],[-1.344633575691318,50.580134276793366],[-1.344847498439973,50.580269251690154],[-1.344913634175306,50.58031187930356],[-1.344968664495947,50.5803475466466],[-1.345078413083452,50.580419075520574],[-1.345133131350289,50.580454937051776],[-1.34529411305566,50.58056103011655],[-1.345356744771857,50.58060257196534],[-1.345399710849879,50.58063125334477],[-1.345541809358391,50.580722973274206],[-1.345729924027379,50.58084101626559],[-1.34584956319902,50.58091699367025],[-1.345893310202898,50.58094510969925],[-1.345999272026264,50.581013944679825],[-1.346210031785791,50.58115233352411],[-1.346266840230464,50.5811898517412],[-1.34641860791137,50.58129066683261],[-1.346525259295403,50.58136229480216],[-1.346901731115808,50.58161792919021],[-1.346945958368994,50.581648098856604],[-1.347021559922789,50.581699908230014],[-1.347107391475741,50.58175925968808],[-1.347160347597592,50.581796209352476],[-1.347236620116993,50.58184188790688],[-1.347675153820279,50.58211621216077],[-1.347686118555347,50.58212337627253],[-1.347827812780567,50.582225234379486],[-1.348278654582573,50.58248590882832],[-1.348433152845772,50.5825786429996],[-1.348658891054605,50.58270186984524],[-1.348924586342287,50.58285062372792],[-1.349009973659246,50.58289964987617],[-1.349142621565966,50.58297592599763],[-1.349196169032397,50.58300645444626],[-1.349456054070009,50.58313336428789],[-1.349479753974381,50.58314608329527],[-1.349744155604493,50.583291578795574],[-1.350267229031938,50.583586688384464],[-1.350280092841274,50.58359395476772],[-1.351063465773794,50.58403699444515],[-1.351397043071616,50.58423182313743],[-1.351455720138573,50.584267212756956],[-1.351491266574584,50.5842887263488],[-1.351562241997454,50.58433183195292],[-1.351597670984318,50.58435342396526],[-1.351734078820927,50.5844368461483],[-1.351748270298907,50.584445431832116],[-1.351769706949801,50.58445842799608],[-1.351905766286418,50.58454108819202],[-1.352166949701744,50.58470392677308],[-1.352682615449778,50.585033850978625],[-1.352791035664402,50.5851039808793],[-1.352825076579042,50.58512624196294],[-1.352856239242432,50.585146685471564],[-1.35303353273334,50.58526336328987],[-1.353121766243193,50.58532195681469],[-1.353265146878113,50.58541803591222],[-1.353386087083681,50.58549878405205],[-1.353566683948468,50.585619327567564],[-1.353610993232905,50.5856490378922],[-1.353827879500976,50.585795129029215],[-1.353953244640507,50.58588068046329],[-1.354054313819976,50.5859505574364],[-1.354201498834734,50.586053914911645],[-1.354605863896881,50.58634233293568],[-1.354784167514549,50.58647249957428],[-1.354872738681134,50.58652701098734],[-1.355216575484119,50.586729806194136],[-1.355470373447079,50.586883258179256],[-1.355550871299377,50.58693315078552],[-1.355684416054588,50.587017028378405],[-1.355714135805875,50.58703594444879],[-1.355892155578955,50.587131091392756],[-1.356316895640681,50.587362702742354],[-1.356527466572439,50.58747984618559],[-1.356628249600929,50.587537042680914],[-1.356795965669219,50.587633770669505],[-1.357128944197155,50.587828924062414],[-1.357294206658497,50.587927349473695],[-1.357361670136403,50.58796817856454],[-1.35738366871034,50.58798152084424],[-1.357427620764544,50.588008235484125],[-1.357449574244813,50.58802160784434],[-1.357480398990269,50.58804042434038],[-1.357555575036177,50.588079021604486],[-1.357610200859814,50.58810721094503],[-1.357657503731547,50.588131745727175],[-1.357791492983882,50.58820211927143],[-1.358058103231435,50.5883439094912],[-1.35807201214124,50.58835131622372],[-1.358227764200783,50.58843436482096],[-1.358241019292008,50.588441441344976],[-1.358340911691624,50.58849483735674],[-1.35843117611143,50.58854290044531],[-1.358503481801918,50.588581663429395],[-1.358647684453567,50.588659496426445],[-1.358668298824245,50.58867066008233],[-1.358747844383356,50.58870844550737],[-1.358827216425282,50.58874642558766],[-1.358870610048101,50.58876734203991],[-1.359076045092002,50.588868267914435],[-1.359483970920584,50.58907250393608],[-1.359686461712916,50.58917581409347],[-1.359756551161291,50.589212251402216],[-1.359883255924784,50.589278906972424],[-1.359920493498547,50.58929872970512],[-1.360154572018772,50.58939615725183],[-1.360729985328829,50.589643586368126],[-1.360949182091538,50.589733469864676],[-1.361104573015965,50.58979335023641],[-1.361218114808152,50.58983757033707],[-1.361925713977844,50.59011607321785],[-1.36205562776765,50.59016841109828],[-1.362092438713683,50.59018204603501],[-1.362207519391686,50.590225020526226],[-1.362284822188216,50.59025409814816],[-1.362439136172963,50.590312565437415],[-1.362516147361827,50.59034195510516],[-1.362560992320487,50.590359192750675],[-1.362651909927242,50.59039443810572],[-1.362833325756592,50.59046536373123],[-1.362892868414011,50.590488771685365],[-1.363079580502026,50.59056258061677],[-1.363210256714821,50.59061387855608],[-1.363310696808895,50.59065367741805],[-1.363511050386441,50.5907338089655],[-1.363610963871269,50.59077414165188],[-1.363727269216233,50.59082152700949],[-1.363824999165872,50.59086170625189],[-1.364019936445412,50.59094257548394],[-1.364117143776507,50.59098326547445],[-1.364162430660694,50.591002392549505],[-1.364394853768243,50.59110268863862],[-1.364856525479194,50.591306200373175],[-1.365085774097184,50.591409416031155],[-1.365176996345532,50.59145135918456],[-1.365202411157695,50.59146307201798],[-1.365253199889699,50.5914865335724],[-1.365278573809558,50.5914982822934],[-1.365366781023587,50.59153921964183],[-1.365582980635881,50.59164158253922],[-1.365897384953369,50.591793426245076],[-1.367170782985469,50.591951503841265],[-1.36800996500182,50.592072667187665],[-1.368032513539528,50.59207638576801],[-1.36917870204476,50.59229881975061],[-1.370162587876793,50.592519181288495],[-1.370569091231213,50.592602589444624],[-1.371134215860415,50.592727005211465],[-1.371169400912048,50.59273528604687],[-1.371734422537566,50.59287712334995],[-1.371980239794928,50.59294275056703],[-1.371980105609776,50.59294295422504],[-1.372549882344225,50.593088115086914],[-1.372585042623237,50.5930981939572],[-1.37273414107728,50.593144019482445],[-1.372854376740152,50.59317611817265],[-1.37340930961263,50.59333327578995],[-1.373498183889755,50.59335991595675],[-1.37377757931656,50.59344606436519],[-1.37433333197519,50.59362224630875],[-1.374609689240878,50.59371227985844],[-1.374740738046754,50.59375613671575],[-1.374947703576777,50.593826803350204],[-1.375359762398054,50.59397031578565],[-1.375564855702412,50.59404316159326],[-1.375650529627343,50.59407418862817],[-1.375809074419701,50.59413247458756],[-1.376124965222862,50.59425034880141],[-1.376282311239282,50.59430993705908],[-1.376358225378074,50.59433911184493],[-1.376798594290912,50.59451547285279],[-1.377668841756047,50.59487839143068],[-1.378098720413419,50.59506494907901],[-1.37816322191946,50.59509406268433],[-1.378241720790035,50.5951297510719],[-1.378398334225783,50.595201468023845],[-1.378476448791488,50.59523749658871],[-1.378541056194645,50.59526750984639],[-1.378910382791903,50.59544505213671],[-1.37963970998741,50.59580773803444],[-1.379999710630054,50.5959928817],[-1.380100471293868,50.596046460955414],[-1.380116121677891,50.596054795214876],[-1.380147403534703,50.59607147810622],[-1.380163035007494,50.59607982673807],[-1.380259975697241,50.596131677772256],[-1.380504371727035,50.59626545508641],[-1.380988309452438,50.59653652226031],[-1.381227851155764,50.596673812140054],[-1.381322069434674,50.59672906336294],[-1.381426518075468,50.5967909371705],[-1.381597724123883,50.59689338826907],[-1.381639343852658,50.5969179402088],[-1.381679456132596,50.59694169504256],[-1.381732860648776,50.596973444780424],[-1.381942751903283,50.59710081968573],[-1.382358386110614,50.597358283568916],[-1.382564129064443,50.59748837256147],[-1.382590814300794,50.597505595185815],[-1.382801877133647,50.597644777174615],[-1.383219254173325,50.597925997349684],[-1.383425568376844,50.59806803555283],[-1.383474628408293,50.598102548424315],[-1.383565699598322,50.59816724049682],[-1.383589218313366,50.59818411011055],[-1.383717714034901,50.5982684859397],[-1.38386710613897,50.5983680976016],[-1.383987549732324,50.59844964764634],[-1.384056373924479,50.59849658159105],[-1.384193494522433,50.59859076088817],[-1.384261790928075,50.5986380062412],[-1.384410144174264,50.598741370061546],[-1.384887227310119,50.59909147484303],[-1.385812441863085,50.59980685743988],[-1.386260573417627,50.600172135399234],[-1.386340418336725,50.60024079364284],[-1.386350773495555,50.60024970946186],[-1.386371466545516,50.60026754921598],[-1.386381804436645,50.60027647315105],[-1.38642062997173,50.600310031610846],[-1.386460610535369,50.60034476216744],[-1.386540310119037,50.600414344667755],[-1.386580029138881,50.600449196611684],[-1.386633358260019,50.60049622727447],[-1.386869876675548,50.60071135628962],[-1.387332955262643,50.60114591410874],[-1.387559513246103,50.60136534376781],[-1.387572165647545,50.601377996701665],[-1.387586523957858,50.60139238569456],[-1.387615197724707,50.601421180969595],[-1.387629513181228,50.60143558725176],[-1.387677009856018,50.60148348562482],[-1.387880489032186,50.60169509646091],[-1.388278203301433,50.60212180874564],[-1.388457096062997,50.60231940985621],[-1.388498509808788,50.60236652549573],[-1.388662962906984,50.602467484792264],[-1.388819478674218,50.60256507285297],[-1.388889625941588,50.60260949324243],[-1.389231537622195,50.6028336602796],[-1.389788207337295,50.60321153934139],[-1.389804947958641,50.60322283431799],[-1.389847603627408,50.603251741689014],[-1.389916259442182,50.603298475081594],[-1.389991579446976,50.6033501490148],[-1.390100059150782,50.60342515959315],[-1.390159218995601,50.60346632226048],[-1.39027953768915,50.60355056130574],[-1.390453065178443,50.60367432708107],[-1.390514913176376,50.603719266494124],[-1.390590490797291,50.603767066805396],[-1.390678002631309,50.603819437835426],[-1.390763745949811,50.603871989888866],[-1.390941777177497,50.603966920653065],[-1.391214655345573,50.60411622948192],[-1.391276079024699,50.604150713368256],[-1.391420654481338,50.60423300895239],[-1.391708018267768,50.60439885473787],[-1.391850806598846,50.60448240494358],[-1.391919606891675,50.604523220193535],[-1.391937452613439,50.60453394488738],[-1.392076882113682,50.60460183203786],[-1.392235332832824,50.604680120917614],[-1.392360362390162,50.60474280662432],[-1.392408093646764,50.60476684363031],[-1.392503393170135,50.60481504819833],[-1.392550961436999,50.60483921576051],[-1.392702253654077,50.604916421183596],[-1.392924101661164,50.60503200344803],[-1.393364070475351,50.605266007213956],[-1.393582191290211,50.60538442872942],[-1.393729584430434,50.60546610895044],[-1.394084359990488,50.60566951986428],[-1.394782917957821,50.606083850505954],[-1.395126700378633,50.606294770299165],[-1.395421081189222,50.6064815877853],[-1.395446861867513,50.60649799065811],[-1.395498356696595,50.60653083865444],[-1.395524070847385,50.60654728377802],[-1.395877604928909,50.60677396381904],[-1.395919005972198,50.60680062011803],[-1.396001633262696,50.60685404223885],[-1.396042859509897,50.60688080806078],[-1.396234684327182,50.607005868492095],[-1.396381146045927,50.607102792947344],[-1.396383976501165,50.60710469431075],[-1.39668795786739,50.607276369968105],[-1.39705088207267,50.60749338628395],[-1.397156312561992,50.607549888550814],[-1.397206958902712,50.60757683338606],[-1.397436674317593,50.60770172473713],[-1.397891860488518,50.607954602623764],[-1.398117331251401,50.6080825891758],[-1.398141383058147,50.608096538555735],[-1.39821169004975,50.60813601818937],[-1.398291920359453,50.608180082298325],[-1.398371845052041,50.60822431207189],[-1.398531171696592,50.6083131513958],[-1.398610573648841,50.60835776094686],[-1.398746971639588,50.60843497237825],[-1.398902765871837,50.608524490716746],[-1.399212249463553,50.6087049893569],[-1.399365938824464,50.608795969664094],[-1.399485165582339,50.60886760697842],[-1.399517242638697,50.608886940840534],[-1.39958130168862,50.608925672271646],[-1.3996132836861,50.60894506985879],[-1.399729376649385,50.609015702582084],[-1.399895611199938,50.60911851549292],[-1.400225409882133,50.60932586183955],[-1.400388974013937,50.60943039528284],[-1.400425379673706,50.609454046792315],[-1.400550293500121,50.609536237532225],[-1.400798470134937,50.60970162254696],[-1.400921732942772,50.60978481682526],[-1.400966788357786,50.60981561609942],[-1.401130588828952,50.60992953285975],[-1.401345008564987,50.61008124702031],[-1.401465469344477,50.61014178305036],[-1.401575042257837,50.61019741092959],[-1.401704479803557,50.610263794479685],[-1.401788718816571,50.61030733783084],[-1.401956669326429,50.61039483469352],[-1.402022377516992,50.61042927727154],[-1.402213002232687,50.61052981220979],[-1.402445427684852,50.6106551048852],[-1.402805649272354,50.61085356827336],[-1.402833261760272,50.61086655060557],[-1.4029506832622,50.61092504918316],[-1.403048770801944,50.61097436229867],[-1.40324425717271,50.61107353840458],[-1.403341656004543,50.61112340139611],[-1.403471902685589,50.61119068638473],[-1.403512695765188,50.61121234144759],[-1.403783057700856,50.61134595090312],[-1.403863297243531,50.61138681846578],[-1.403909753152972,50.611410581751926],[-1.404002507193631,50.61145823272385],[-1.404048805324931,50.61148212040973],[-1.404133088850037,50.61152579445339],[-1.404493631034338,50.61171907086163],[-1.404574656543232,50.61176399731335],[-1.404901905396122,50.611844995485214],[-1.404965323448077,50.61186150192608],[-1.405451400024697,50.611994830448275],[-1.406209365329683,50.612213529674904],[-1.40698029718487,50.61236711549308],[-1.407021190389153,50.61237721299638],[-1.407095264953334,50.61239565649174],[-1.407243249952924,50.61243280831396],[-1.407317160389031,50.61245151664102],[-1.40738186194604,50.61246802828523],[-1.407699230142048,50.612551883029205],[-1.408330672184454,50.612724474704486],[-1.40864474608394,50.61281321165358],[-1.408726254476513,50.61283699941079],[-1.409016399257947,50.612924225988635],[-1.409101223857785,50.61295048029409],[-1.409221059777992,50.61298512906871],[-1.409490828040798,50.613065319932126],[-1.40960784753851,50.61310106492471],[-1.410182883622835,50.61328710483937],[-1.411319028962758,50.613675678028784],[-1.411880138499091,50.61387821143879],[-1.411928041059171,50.613896433457846],[-1.412208381201616,50.614005910852356],[-1.41276498548242,50.61422898482337],[-1.413041249649833,50.61434258141923],[-1.413110327246269,50.61437171569428],[-1.413605754095458,50.61457318920898],[-1.41364794817436,50.61459138179729],[-1.413961914846291,50.61473073656546],[-1.41458380709686,50.615014802402136],[-1.414891732709261,50.61515951350269],[-1.414925560398189,50.61517586595442],[-1.415292494539293,50.61535940000905],[-1.416016646955596,50.61573407291842],[-1.416309114920574,50.61589056567785],[-1.416895701313604,50.61614248272488],[-1.416925134110202,50.616156115645154],[-1.417332709240634,50.61635653295697],[-1.417560343954784,50.616465689046],[-1.417842845938395,50.61660489546173],[-1.418374880738626,50.616802910408914],[-1.418707250423031,50.616930540627926],[-1.418863821562734,50.61699254556012],[-1.419067980702711,50.61711111654281],[-1.420087121585438,50.617474530311156],[-1.420106485075963,50.617482718498664],[-1.420525514085536,50.617700301017706],[-1.42079377179505,50.617803847595134],[-1.420869790248652,50.617839287913924],[-1.421124472228113,50.617960849926355],[-1.421629471907133,50.618207591002815],[-1.421648428388198,50.618216948920676],[-1.421926901348774,50.61827505512482],[-1.422054539058614,50.61830297683128],[-1.42219246811139,50.61832652017232],[-1.422676179991824,50.61838969893972],[-1.423227127554753,50.618468987263455],[-1.423564000659764,50.618521988958996],[-1.42425143009705,50.61864192062666],[-1.424704821661219,50.61872889541156],[-1.425563125157641,50.6188672745828],[-1.427496592916227,50.61922710355909],[-1.427692294001675,50.61926232310977],[-1.42772624858718,50.61926878307786],[-1.427865626287277,50.619295798651954],[-1.428143937070196,50.61935074185827],[-1.428282870157803,50.6193786694916],[-1.428426917380842,50.61940814524951],[-1.42862843052736,50.61945044406804],[-1.429030437155674,50.619536960393155],[-1.429230930651714,50.61958117790337],[-1.429267543913598,50.619589449032254],[-1.42957755510136,50.61966208796279],[-1.430194827404065,50.61981195274283],[-1.430502088569423,50.61988917860723],[-1.430523234435868,50.61989467588852],[-1.430721248201931,50.61994727250693],[-1.431013436954376,50.620026545313856],[-1.431161111425076,50.620064869991324],[-1.431405968385692,50.620130127871484],[-1.431422696787962,50.62013470414691],[-1.43195711377173,50.62029716187657],[-1.431962410078338,50.62029796498735],[-1.432559195629133,50.62039283438982],[-1.432856778083393,50.62044233341195],[-1.432995186948544,50.620466382124874],[-1.433625987366186,50.620586089923826],[-1.434878154381742,50.62084404834809],[-1.435440024938555,50.62096816108001],[-1.435776721120267,50.62104762078706],[-1.435794508072889,50.621051666012455],[-1.43614554578244,50.62113485394759],[-1.43684403685939,50.62130711497411],[-1.437191490300296,50.62139618808739],[-1.437208686181177,50.62140076579062],[-1.437515377044039,50.62148513249116],[-1.438065915769988,50.62164151462034],[-1.438246124482246,50.62168692466188],[-1.438928810431493,50.621872282868075],[-1.439026030281462,50.62190062084845],[-1.439151242515987,50.6219375896056],[-1.439401094147504,50.62201230278742],[-1.439525733547669,50.62205004721335],[-1.439576368296312,50.62206557419412],[-1.439641145154784,50.62208556724341],[-1.439770538130609,50.62212576285709],[-1.43983515424839,50.62214596542168],[-1.439985650437141,50.622193321711286],[-1.440216605086788,50.62226503943478],[-1.44042372688711,50.62233069668105],[-1.440519634517089,50.62236172500659],[-1.441116338254527,50.622566369972304],[-1.441184928699008,50.622591261743196],[-1.44160698575138,50.62273435927051],[-1.441755357647241,50.622780689812956],[-1.442189014030523,50.62292205289444],[-1.442239978520582,50.622939377990996],[-1.442659543535317,50.623087886671335],[-1.442979160665208,50.62320558194023],[-1.442987616387767,50.623208570392066],[-1.443291135768046,50.62331898729091],[-1.443577409211505,50.62342613923369],[-1.443901914985148,50.62355136062271],[-1.444076054782994,50.62362060878643],[-1.444224317836611,50.6236909661922],[-1.444232005036993,50.62369390820268],[-1.444780025110584,50.62392195471331],[-1.445051896356312,50.62398112402241],[-1.445098186043638,50.62399147170024],[-1.445148436109997,50.624001342404654],[-1.445624775961702,50.62407541684841],[-1.445645946570224,50.62407911381642],[-1.445840738481735,50.624114085414156],[-1.446229516160002,50.62418579812273],[-1.446321428710354,50.62420320650498],[-1.446451855861074,50.62422470675946],[-1.447045691908063,50.62433144604276],[-1.447059880041962,50.624334210335164],[-1.447479447008443,50.624420529671674],[-1.447584166030965,50.62444322725313],[-1.447908002082554,50.6245005895717],[-1.449322865696927,50.62477678369092],[-1.44969579558895,50.62485643276966],[-1.449791525758254,50.62487372236716],[-1.449805714207209,50.62487648722665],[-1.450135143652001,50.62494349626211],[-1.450791329939412,50.62508261794353],[-1.45111808684474,50.62515473060491],[-1.451209694260856,50.625175749517325],[-1.4514612419296,50.625235187743186],[-1.451518990146158,50.62524923115825],[-1.451524214502739,50.62523795852991],[-1.451655439872716,50.625262568169155],[-1.45205070772903,50.625340713109],[-1.452055127722964,50.62534163228551],[-1.452653356723816,50.62547555736627],[-1.453839774932954,50.625760335104744],[-1.454427965541377,50.62591118711363],[-1.4545381203017,50.62594128219337],[-1.454559952040775,50.625947249705625],[-1.454767272106087,50.62600517576726],[-1.455180071602401,50.626123029720645],[-1.455385730853654,50.6261830067683],[-1.455401064029408,50.62618757321078],[-1.455460877425471,50.626206525023875],[-1.4562743467284,50.62641565665905],[-1.456464155660545,50.626469459617134],[-1.456792924593322,50.62655065852317],[-1.456792905854908,50.62655068922261],[-1.456855477186443,50.62656617677151],[-1.457238251141463,50.62665296779838],[-1.457253593982358,50.626656724654104],[-1.457696488450039,50.626770673130146],[-1.458575978285682,50.62700801930025],[-1.459012573797745,50.62713141704172],[-1.459028024965671,50.62713598445114],[-1.459262713538005,50.62720703458252],[-1.459729999720072,50.627351865903634],[-1.459962597350361,50.627425647101695],[-1.459976650532145,50.627430207907004],[-1.460433108289617,50.627585104562925],[-1.461336817663664,50.62790541230157],[-1.461784069418416,50.62807082345539],[-1.461798228626979,50.628076282947646],[-1.46207819910226,50.628187093397],[-1.462300787911124,50.62827749904988],[-1.462423915914518,50.62832225195758],[-1.462457809738176,50.62833499513295],[-1.462876239452399,50.6284986165359],[-1.463703919720362,50.628835001606305],[-1.464113170368307,50.6290077653386],[-1.464129756901416,50.62901503434048],[-1.46441763705045,50.62914459358735],[-1.464988232303014,50.62940823683497],[-1.465270947432095,50.629542320860885],[-1.465425718900618,50.62961765258145],[-1.46570083496228,50.62975502342317],[-1.466389244140715,50.630107593571324],[-1.46691739574349,50.63034812353353],[-1.466923077018153,50.630350846569684],[-1.467673936841992,50.63073698841785],[-1.469132505076306,50.63154095557968],[-1.46984021390595,50.631958781533044],[-1.469851672867628,50.6319660254887],[-1.470153410216343,50.63217518563447],[-1.470297575420285,50.632258528067105],[-1.470484311184832,50.63236601248973],[-1.470696545173161,50.63248673604463],[-1.470753016130539,50.63251903187787],[-1.470857034276653,50.63257884194529],[-1.471006016841014,50.63266574501834],[-1.471302014933259,50.63284089646644],[-1.471449030462216,50.63292914484647],[-1.471532979128877,50.632980262712174],[-1.471622324997859,50.63303421547986],[-1.4716479425814,50.63304970651366],[-1.471774587589866,50.63312643384563],[-1.471874843216036,50.63318777761105],[-1.472074401427843,50.63331108930341],[-1.472173704013605,50.633373057231985],[-1.472288659889365,50.63344550237817],[-1.472485872972277,50.63357227455379],[-1.472876310952027,50.633828280314795],[-1.473069535408154,50.6339575142319],[-1.473226432314057,50.63406455719309],[-1.473519634121607,50.6342611122297],[-1.473813454668153,50.63446423364571],[-1.474130323902433,50.634690147902404],[-1.474259643455768,50.634783641444955],[-1.474431439510026,50.63490959097727],[-1.474570680340104,50.635011155665595],[-1.474712163599064,50.63511596987284],[-1.474830469002081,50.63520498722989],[-1.474853327710202,50.635221413463206],[-1.474941219365338,50.63528517533359],[-1.47511605415996,50.63541322312719],[-1.475202997298792,50.635477509051825],[-1.475291451201369,50.63554353894972],[-1.475321152636424,50.635565783714554],[-1.475380441929695,50.63561033440614],[-1.475410029787882,50.635632640332965],[-1.475562842460638,50.635748223500926],[-1.475642804335374,50.6358085541631],[-1.475704307154343,50.63585498806446],[-1.475915780422656,50.635913318656186],[-1.477040294332315,50.63624226598582],[-1.477596894993062,50.6364145648538],[-1.47760525853377,50.63641729940544],[-1.478243242212558,50.636639264752816],[-1.479500440652368,50.637103751805356],[-1.480119655774509,50.63734627371311],[-1.480139386746451,50.637354453817906],[-1.481172212604854,50.63782603082396],[-1.483167145597368,50.63882625355434],[-1.484129253630606,50.639354900484136],[-1.484147323289941,50.63936576872382],[-1.484599436925536,50.639650214168064],[-1.485483111232429,50.64023173970334],[-1.485914672206703,50.64052882005348],[-1.485923464291769,50.640535152281615],[-1.486047522908738,50.64062571319675],[-1.4862937285788,50.64080788020152],[-1.486415875629912,50.640899486295176],[-1.486424202600545,50.64090581643563],[-1.486957051697738,50.6413369377452],[-1.487980468325153,50.64221902433673],[-1.488471035803053,50.64266998948623],[-1.488587101424581,50.642783960590684],[-1.488726845560085,50.642923995607894],[-1.488779691204907,50.64297804635153],[-1.489106512844248,50.643251017041536],[-1.489322231250592,50.64343605879505],[-1.48936427418169,50.64347310520589],[-1.489374983297395,50.64348255449303],[-1.48945074050729,50.64354949077693],[-1.48948233921487,50.64357752338899],[-1.489890736175684,50.6439412978681],[-1.490091382285033,50.644124798254325],[-1.490097153234683,50.64413021851903],[-1.490661251972382,50.64470562775912],[-1.490918749840777,50.644991777844695],[-1.491283600675835,50.64536097478028],[-1.491301925325892,50.6453809243232],[-1.491658501196964,50.64581176582751],[-1.491822419653249,50.64594117568312],[-1.491841277654394,50.64595419737294],[-1.492067465151224,50.64611418051627],[-1.492338221850122,50.64631035527234],[-1.492593252677643,50.646500394703736],[-1.49269062515391,50.64657502755673],[-1.493106690994646,50.646891803722134],[-1.493307641339618,50.64704833882392],[-1.493975830439719,50.64758093511604],[-1.494289046559252,50.64784011132425],[-1.494310076778513,50.64785818355097],[-1.494340661924875,50.64788456715299],[-1.494401680880049,50.64793740503672],[-1.494432114688779,50.647963859318466],[-1.494460074108592,50.647988255906945],[-1.494510664499188,50.64803268358821],[-1.494611418442404,50.64812173425481],[-1.494614155444544,50.64812416895769],[-1.494683658665076,50.64818193573822],[-1.494822568538003,50.648277838896476],[-1.494905293859532,50.648335451556555],[-1.495027754191978,50.64842148309701],[-1.495096917460019,50.64847349898764],[-1.49519227889208,50.64853800561455],[-1.495630896461819,50.648842497645106],[-1.495660690040232,50.648862103669956],[-1.495679097461191,50.64887477018039],[-1.495901332005913,50.649031337496595],[-1.496339969744381,50.64934774139978],[-1.496556372929075,50.649507578008475],[-1.496574304470226,50.649521140741484],[-1.496677306160054,50.649599954394475],[-1.496881891410815,50.64975832254354],[-1.49695516862597,50.649815709150054],[-1.497020118373133,50.649853974019734],[-1.497035531583121,50.64986312094843],[-1.49738731706951,50.650079242899665],[-1.497599690690264,50.65021430724679],[-1.497623972920868,50.65022762217043],[-1.498028966524897,50.65047305987681],[-1.498069495876588,50.65047194176279],[-1.498273422174708,50.65046725241119],[-1.498352626551315,50.65046579461897],[-1.498855127579809,50.65046551651772],[-1.499325580962878,50.650427978658826],[-1.499368059390907,50.65042546402367],[-1.499400698823371,50.65042353484882],[-1.500479325762336,50.65038611879011],[-1.502637766517368,50.65036370344934],[-1.503656184173158,50.65037784605247],[-1.504045383966606,50.65037288970368],[-1.504652067046884,50.65036018190545],[-1.507345452477337,50.65038540159819],[-1.508691201225334,50.65043884523146],[-1.508840955002994,50.6504493661411],[-1.509237020955572,50.65048318641025],[-1.509387668113906,50.65046933458957],[-1.509596354306699,50.65044390093509],[-1.510763336745367,50.65031770384788],[-1.511348902934762,50.65026236594082],[-1.511370029060768,50.65026065586117],[-1.512307975532882,50.65020483498862],[-1.514187626764929,50.650132989316816],[-1.515129333103701,50.650116964464324],[-1.515150557872152,50.650117052748705],[-1.51533921577385,50.65012417559081],[-1.515496097773441,50.65011095777557],[-1.516218444994819,50.650056094573216],[-1.516580172804807,50.65003161439558],[-1.516708888236664,50.65002396611489],[-1.517939396890768,50.64998510519318],[-1.518568919062213,50.64998267204783],[-1.51867465303379,50.64996856829293],[-1.518768374372719,50.64996560307395],[-1.518912830699541,50.649957988911815],[-1.519302450570071,50.64994089131259],[-1.519350633502791,50.64993920140119],[-1.519987036077284,50.649926005250705],[-1.520393403345443,50.64992339604296],[-1.520553481151764,50.649919137373054],[-1.520571095525109,50.6499186320298],[-1.521133515180695,50.64988579130055],[-1.521214876858623,50.64986957906484],[-1.521226323633001,50.64986782743481],[-1.52154728157292,50.64982121827543],[-1.521782526771159,50.649788882335244],[-1.521800500184452,50.64978577817908],[-1.52325219117751,50.64948843515742],[-1.523257914472382,50.64948756014133],[-1.524650678493497,50.64932104184671],[-1.527242881209622,50.64909586635232],[-1.527605943167345,50.64903860503662],[-1.527903577776099,50.649002790293224],[-1.528284021009797,50.64893077730296],[-1.528313696629249,50.64892550325051],[-1.528350060813352,50.648919350061945],[-1.528370087025846,50.64891514294268],[-1.528384226316089,50.64891241314872],[-1.528442927656023,50.64890363599186],[-1.528654372977119,50.64886785684995],[-1.528881685730883,50.64883131472076],[-1.528884206414772,50.64883765394179],[-1.528938434180291,50.64882954542601],[-1.528936163565173,50.64882426362743],[-1.529021694146314,50.64880939837889],[-1.529224706515935,50.64877514240639],[-1.529272950078645,50.648767245126905],[-1.529443948922983,50.64873997445415],[-1.529786467303131,50.648686789590776],[-1.52995798684821,50.6486608753987],[-1.530100941616971,50.64863987428994],[-1.531206188649896,50.648506690763234],[-1.53135571444761,50.648492562057776],[-1.531931177457723,50.64835702304998],[-1.531987862920249,50.64834457380467],[-1.532706448347425,50.64820025927576],[-1.533972393169374,50.64796939817565],[-1.534500401693289,50.64783748877886],[-1.534797596271323,50.64776568196569],[-1.534865743003073,50.64774977148942],[-1.535114250555214,50.64769672123876],[-1.536528799108144,50.64730920333482],[-1.5374108308766,50.647089520150324],[-1.537442270181126,50.64708245212743],[-1.538329519948168,50.64690363463278],[-1.539564080376872,50.646682951691844],[-1.540267754724824,50.6465181924462],[-1.540920705978826,50.6463767034059],[-1.540924679609972,50.64637591056433],[-1.542097643428025,50.646176595631694],[-1.544466105536829,50.64584262939851],[-1.545661606931447,50.64570797763819],[-1.545671760352909,50.64570711788703],[-1.546646439223965,50.64564633259577],[-1.54771791725603,50.64560325010883],[-1.547994670987399,50.64557393206283],[-1.548512564634143,50.64552505535463],[-1.548618955991053,50.64551426133116],[-1.548655605039746,50.64551080684316],[-1.54895039245847,50.6454850322759],[-1.549169696272318,50.64546734964392],[-1.549273193069591,50.645459250863716],[-1.549296583110264,50.64545747617837],[-1.549449596521145,50.64544325893438],[-1.549830165456494,50.6454112453527],[-1.549978837602367,50.64540004184932],[-1.550193604277447,50.64538491423022],[-1.550319528438317,50.64537666292095],[-1.550535638030387,50.64535555871455],[-1.550777547043617,50.645337700722564],[-1.551095965844254,50.645316513539534],[-1.551733475240218,50.64527872474302],[-1.552052565893264,50.64526212313417],[-1.552257775638139,50.645252931533655],[-1.552570710914434,50.64524112867361],[-1.552681077409424,50.645237745845115],[-1.55269918338685,50.64523684752832],[-1.552923240264347,50.64522629992422],[-1.553035301597452,50.645221308863704],[-1.553192208019372,50.645214718346196],[-1.553309357164737,50.645210107972986],[-1.553543711510516,50.64520150522278],[-1.553660916714032,50.64519751284567],[-1.553737437892259,50.645195108667444],[-1.553843593442545,50.64519202749884],[-1.554055937901713,50.645186372127434],[-1.554162126812904,50.645183797924595],[-1.554302207120014,50.64518073705433],[-1.554587543724617,50.64517633407264],[-1.555158298357537,50.64517118824575],[-1.555443716430709,50.64517044539996],[-1.555464939106107,50.6451705263081],[-1.555665856811714,50.64517756838104],[-1.556218480635637,50.64501119390579],[-1.556222541402046,50.64500949903156],[-1.556358645606965,50.644970457736676],[-1.55707945397106,50.64477874590295],[-1.557099756036329,50.64477376045884],[-1.557678403291605,50.644613505112915],[-1.558788298583939,50.644331203427534],[-1.558928572621781,50.64429337612649],[-1.559779419514998,50.64408424439659],[-1.559803257672764,50.644078940286626],[-1.560992103008954,50.64385112755559],[-1.563396602697798,50.64346264781114],[-1.564612260300695,50.64330198023365],[-1.564620663465977,50.64330111229456],[-1.565002889223163,50.64327197716545],[-1.565146658177305,50.643251767517384],[-1.565169188487181,50.64324906455929],[-1.565893056186116,50.64318495215446],[-1.565984240439659,50.64317263112329],[-1.566519391046346,50.64310374482129],[-1.566787488580357,50.64307094314036],[-1.56681001788073,50.64306832979432],[-1.56731244062785,50.64301597227495],[-1.567715068145979,50.64297873183263],[-1.568282471686638,50.64289982420504],[-1.568706659476476,50.642845142467344],[-1.568722067661124,50.64284331180321],[-1.568944336595376,50.6428180694656],[-1.569389479123186,50.642769843165645],[-1.569612352737734,50.64274685920075],[-1.569629159275311,50.64274521344326],[-1.570559695695909,50.64267406915759],[-1.570674918732487,50.64266771375001],[-1.570699280887611,50.642665835927524],[-1.570796344241553,50.64265703720374],[-1.570806147245807,50.64265617397824],[-1.570840289677988,50.64265319443877],[-1.570908585844812,50.64264728824459],[-1.570942739579531,50.64264436158988],[-1.570952891887377,50.64264349963765],[-1.571537028698252,50.64260694105447],[-1.571559435109727,50.64260516914023],[-1.571685613918728,50.64259307653877],[-1.57211242956561,50.64255428402268],[-1.572326069602441,50.64253592153965],[-1.572347307494797,50.64253420081848],[-1.573078431188142,50.64248720036185],[-1.57377680216962,50.64245393011903],[-1.574111653402903,50.64242915187262],[-1.574422452721233,50.6424083630631],[-1.574450802489971,50.64240666792274],[-1.574627728311128,50.642398905905246],[-1.574709563399101,50.642390419624554],[-1.574890078344622,50.642372460490456],[-1.574907349844667,50.64237081477335],[-1.575070595066737,50.642355878156344],[-1.575397348005719,50.64232721582756],[-1.575560855730974,50.642313490114915],[-1.575583376886193,50.64231168444767],[-1.576506593619338,50.64225714100002],[-1.578356658414935,50.64218661787912],[-1.579283507760907,50.64217063837143],[-1.579314407884537,50.64217074988242],[-1.579653732560243,50.64217456340043],[-1.580332140428805,50.64218736414623],[-1.580671223696214,50.642196351375645],[-1.580818334763494,50.64220137523381],[-1.583432065585578,50.642447794698384],[-1.58854193447387,50.64324534011356],[-1.591038105737792,50.64379647105784],[-1.59104124602525,50.64379738138052],[-1.592084586063238,50.6441336265475],[-1.594124046989713,50.644859762830066],[-1.595120169497334,50.64524965474332],[-1.595141314947837,50.64525871852573],[-1.595162460426769,50.645267782312814],[-1.595414149247844,50.6453782003898],[-1.595913717345976,50.645602469004714],[-1.596161596641557,50.645716319558616],[-1.596171236131253,50.64572084857011],[-1.596377720509717,50.64582248364379],[-1.597037903109285,50.67980121146497]],[[-1.30582927435631,50.752285543991356],[-1.306916812001622,50.74930822022984],[-1.306993309135144,50.74919293743931],[-1.307082254152578,50.74865704213908],[-1.308263434302722,50.745893371897594],[-1.310122873446585,50.74328425125023],[-1.3103623216895,50.74305463710401],[-1.311177987931186,50.74156965063325],[-1.312969260798723,50.73935509594104],[-1.315002768758832,50.73752064798979],[-1.315024374748378,50.73745591812515],[-1.31509285494794,50.737121316700865],[-1.315757153700259,50.73533287750393],[-1.316720736672043,50.73356959338247],[-1.31753326124002,50.73237140971266],[-1.319422784139991,50.730062251567425],[-1.320499769643727,50.728951268576594],[-1.32350349715139,50.72630397092107],[-1.324194654478337,50.72574302721431],[-1.325644699325993,50.72465760921855],[-1.326403577897823,50.72413312935753],[-1.329426109426957,50.72220330381758],[-1.330684167677843,50.721490368583304],[-1.332576907733478,50.72053993705999],[-1.332616838496901,50.720500601978216],[-1.332638387777133,50.72048004829024],[-1.333398498223158,50.71982187988912],[-1.333804404566648,50.71950193013901],[-1.333807919516084,50.71949823231184],[-1.3339005467267,50.71940215120514],[-1.33395482546302,50.7193466323168],[-1.333964139886687,50.71933711829195],[-1.333982787383553,50.719318097612835],[-1.333992120456748,50.719308590958576],[-1.33401321380631,50.71928713506886],[-1.334042170271807,50.71925780669514],[-1.334100260696586,50.719199220895696],[-1.334129394655724,50.719169963469916],[-1.334176238486086,50.719123120864765],[-1.334267577625348,50.71891567718801],[-1.33485815875176,50.717841642001346],[-1.336248151766253,50.71574952006535],[-1.336919948706915,50.71501441594881],[-1.336944290974466,50.71498177820867],[-1.337235056568903,50.71460343370908],[-1.337273391659485,50.7145539372575],[-1.337449221225701,50.71432866027196],[-1.337512074382567,50.71424912234553],[-1.337735076384992,50.71397037010804],[-1.337848484605178,50.71383160916263],[-1.338054703172002,50.71358456402863],[-1.338198025586693,50.71341717534068],[-1.338490220564999,50.71308436273989],[-1.338639093100038,50.712918938812294],[-1.338693527102825,50.712859913137976],[-1.338963771317207,50.71257880590688],[-1.339520280528858,50.712023060636525],[-1.339806545407458,50.71174842251737],[-1.340197090087188,50.71138824265241],[-1.340210344577458,50.711376040112334],[-1.340236885198467,50.71135164891616],[-1.340250171329197,50.71133946026002],[-1.340344809363039,50.71125279210549],[-1.340561655652122,50.7110596944825],[-1.341003287044882,50.71067719581753],[-1.341228072117333,50.71048779474466],[-1.341338171811485,50.71039752702437],[-1.341679182555177,50.710128756059426],[-1.342386679229697,50.70959252073109],[-1.342751387952366,50.70932684382688],[-1.3427768596509,50.70930900657216],[-1.34303682520536,50.709132510648416],[-1.342945481371939,50.70914989802394],[-1.342482387728244,50.70923263056022],[-1.342383484373487,50.709249153768305],[-1.342303251347157,50.70926239845096],[-1.342142664423127,50.709288589200895],[-1.342062310526446,50.70930153526803],[-1.341955927564483,50.709318464578665],[-1.341830030422593,50.70933811070313],[-1.341577957843469,50.70937666991828],[-1.34145178241019,50.709395583008494],[-1.341360395454185,50.709409001273485],[-1.341293949174261,50.70941865056742],[-1.341160984155687,50.709437745862196],[-1.34109446541762,50.709447191862964],[-1.340891349687689,50.70947570935135],[-1.340118732657678,50.709569970171756],[-1.338947908001881,50.709691495778735],[-1.338932799866573,50.709694668505364],[-1.338928707931076,50.709695094010435],[-1.338757698765271,50.70971219568483],[-1.338634158801702,50.70972405919313],[-1.338566438223239,50.70973108766012],[-1.337828492935601,50.70979507318844],[-1.337739400265531,50.709801287519795],[-1.337536571889412,50.709814497261],[-1.337445357228635,50.70982001673816],[-1.33738480033918,50.709824560459644],[-1.336951418161387,50.709851589058495],[-1.33683661379726,50.70986182075941],[-1.336690833676501,50.70987432308416],[-1.336563285259801,50.7098848336826],[-1.336439270582449,50.709894699825774],[-1.336191108769147,50.70991373640435],[-1.336147892678612,50.70991700869807],[-1.335799426942955,50.7099430489306],[-1.334767338209001,50.70997355137125],[-1.333992012511311,50.71004849559793],[-1.333911862486897,50.71005163425129],[-1.333412554726075,50.710065575450024],[-1.332413475187008,50.71008225593464],[-1.331913703655315,50.71008499522792],[-1.331838041431053,50.7100845619654],[-1.331737262113742,50.71008375707176],[-1.33153571508239,50.710081691646366],[-1.331434947370373,50.71008043111471],[-1.331345518927296,50.71007911020823],[-1.33120127404913,50.71007651255635],[-1.330912833557104,50.71007038362964],[-1.33076863794917,50.7100668523552],[-1.330564250767656,50.710061184419786],[-1.330234386013081,50.71004958698699],[-1.329575173087186,50.71002150683604],[-1.329245824986466,50.71000502412407],[-1.329032191183687,50.70999273841182],[-1.329010673780299,50.70999149045245],[-1.328648601305849,50.70997031363705],[-1.328392423480123,50.70995383708962],[-1.328268186044213,50.709945121135355],[-1.32817460080633,50.7099383554227],[-1.327993647610724,50.70992488606982],[-1.327885861458758,50.709916923419925],[-1.327676147222404,50.709901376854745],[-1.327574172164885,50.709893578620985],[-1.327537645086553,50.709890699937304],[-1.327380004740706,50.709880634595756],[-1.327090942224279,50.70986229830567],[-1.326863036016738,50.70984791651104],[-1.326831293199995,50.70984589044766],[-1.326767814845549,50.70984179289645],[-1.326736079307905,50.709839721408606],[-1.326495757832382,50.709823860804],[-1.32647330945017,50.709822372863854],[-1.32639349692777,50.709817052158684],[-1.326082344478348,50.70979409186004],[-1.325460916669793,50.70974380470816],[-1.325150641369397,50.7097164778623],[-1.324988629932491,50.70970104727225],[-1.324980151077359,50.70970029207485],[-1.324818236709678,50.70968717704827],[-1.324747239392598,50.709681310364665],[-1.324605292441678,50.70966934904064],[-1.324534342808538,50.7096632544003],[-1.324214326921308,50.70963524096923],[-1.324195879338173,50.70963361823519],[-1.324158987553424,50.70963035735599],[-1.324140543351821,50.709628719210855],[-1.323682689287409,50.70958785845156],[-1.323623478652358,50.709582493135315],[-1.323505093646341,50.709571603680104],[-1.323445919275776,50.70956607954118],[-1.32313831794604,50.70953694187271],[-1.322901669082254,50.70951651351973],[-1.322739613716823,50.70950191794187],[-1.322415779851968,50.709471537853574],[-1.322254001360826,50.70945575334432],[-1.321820132993703,50.70941178917461],[-1.321686926637835,50.709397877233556],[-1.321420729117606,50.709369247287064],[-1.321399050247254,50.70936684811792],[-1.321287636359896,50.70938168028828],[-1.321195337401266,50.70939327982777],[-1.320908437144625,50.7094273881224],[-1.320333589421147,50.7094918408733],[-1.320045642000604,50.70952218532661],[-1.319985418990883,50.709528127400894],[-1.319812188194804,50.70954452359762],[-1.319465420203566,50.70957595365182],[-1.319291883018625,50.70959098750889],[-1.319159772206462,50.70960190440935],[-1.318182921753445,50.70966085422084],[-1.316225140380608,50.70973563320619],[-1.315244208064032,50.709751464316426],[-1.315228796294305,50.709751373837285],[-1.313993080569302,50.709709783192515],[-1.313905762004827,50.70970440672549],[-1.313408850523198,50.70969025897468],[-1.312906508435747,50.70967026944086],[-1.312765437959005,50.70966305541955],[-1.312435251605001,50.70964369688459],[-1.311775684371052,50.70960007375752],[-1.31144630356125,50.7095758091713],[-1.311405716958374,50.70957251299855],[-1.310831651395809,50.709518276673855],[-1.310251841857504,50.70945575844201],[-1.310078315691384,50.70944462685115],[-1.308946163969077,50.70939555827323],[-1.306634496240984,50.70923452106444],[-1.30548388623251,50.70912380523806],[-1.305391806308437,50.70911246947207],[-1.304669882379814,50.70901110867894],[-1.303235359408613,50.708784586933824],[-1.302522760762165,50.708659425969735],[-1.30237663638579,50.70863113270526],[-1.300291239249671,50.70810956482687],[-1.297588589953419,50.70727107720589],[-1.296775116513697,50.707073555081486],[-1.296758838234701,50.707068961255764],[-1.295620327593951,50.70670792603708],[-1.293398999107485,50.705922380116824],[-1.292346740399916,50.70550985037889],[-1.290769188956569,50.70583705744301],[-1.288300615311787,50.706197684024815],[-1.287838437169828,50.70623800852302],[-1.287670216466134,50.70625203364178],[-1.287333522213191,50.70627880234197],[-1.287165048672847,50.70629154592253],[-1.287023837565204,50.706301682729446],[-1.286673198642947,50.70633511086779],[-1.286336540311698,50.70636458666701],[-1.285662205479563,50.706418396876884],[-1.285324529050214,50.70644273128095],[-1.284498194570401,50.70649591000324],[-1.28390783122302,50.70652599863363],[-1.282725638020276,50.70657046551365],[-1.282133808552932,50.70658484372292],[-1.281745527136875,50.70658911474478],[-1.281663349037514,50.706594142928004],[-1.280613012203494,50.70664590270611],[-1.280381160399264,50.7066545752907],[-1.280284412989976,50.706665150679065],[-1.279328424054334,50.70675899886259],[-1.278849166020179,50.70680073513485],[-1.278783583789091,50.70680572314532],[-1.278474435446404,50.70682705208461],[-1.277855475056056,50.70686539189466],[-1.277545663063926,50.70688240275828],[-1.277479173647891,50.706885586773375],[-1.277194268733273,50.70689739692103],[-1.27662414153117,50.70691736543044],[-1.2763389192872,50.70692552378778],[-1.276148994397553,50.706929738185146],[-1.274952937081381,50.70692417652135],[-1.273453666297105,50.70687693118699],[-1.273351216418079,50.706907554638335],[-1.273245213002183,50.70694276181177],[-1.272948376224009,50.7070385451201],[-1.272351416699497,50.707225594679464],[-1.272051204154705,50.707316890748906],[-1.271716208938582,50.7074157067758],[-1.271698923918628,50.70762932587237],[-1.271692782037281,50.70765634878562],[-1.27120547499407,50.70902931214938],[-1.269899364719872,50.711710163510155],[-1.267950302386023,50.71422876721899],[-1.265405908693298,50.716523381362016],[-1.262328498484389,50.71853776584989],[-1.258979888027453,50.720133691026064],[-1.258965903967087,50.72016702442638],[-1.258998452302974,50.72061088741749],[-1.258998253746396,50.720623472709924],[-1.258988132611449,50.720885006843886],[-1.258955909763362,50.7214077775559],[-1.258933807915472,50.72166901413081],[-1.258932164435569,50.721684287230744],[-1.258904525645801,50.72190215833098],[-1.258870273625316,50.72213652160765],[-1.260283987870902,50.72252538785359],[-1.260243476835011,50.722584735392886],[-1.260293981986253,50.7225953605175],[-1.260513472495244,50.722592893105514],[-1.260515991877355,50.722589202249225],[-1.260528784586112,50.722592720958566],[-1.260631754629468,50.7225915632604],[-1.260649040672237,50.722591672828436],[-1.263928479971441,50.72285730998246],[-1.27030119431876,50.72386357472438],[-1.273394507245353,50.724604203075216],[-1.273402874291303,50.72460695208875],[-1.274422713198682,50.724976819620764],[-1.276410665035864,50.72576888784712],[-1.277378779748675,50.72619109079344],[-1.277390260647879,50.7261965557861],[-1.277953309212338,50.72648909611759],[-1.282844735086901,50.72736959055647],[-1.28768336627333,50.72893279365062],[-1.287662747250986,50.728958508047214],[-1.287999555580728,50.72903726650194],[-1.288041661077475,50.72905172522293],[-1.290045833997576,50.72988624119713],[-1.2901381288918,50.729932203448655],[-1.290198967670744,50.729962671664225],[-1.290200975744791,50.729963682979935],[-1.290280463560586,50.73000227041966],[-1.290338907822467,50.73003094489281],[-1.290562885473368,50.73014313926222],[-1.291007238759245,50.7303703668045],[-1.291227614403411,50.73048539999076],[-1.2913940329516,50.73057406562743],[-1.291476366687183,50.730618271871734],[-1.291640502085447,50.73070708066563],[-1.291722303748492,50.73075168321595],[-1.291793443904881,50.730790772088405],[-1.29184544844108,50.73081948734669],[-1.291949236971567,50.730877078038574],[-1.292001020965933,50.73090595347238],[-1.292005886539616,50.7309086799164],[-1.292177166081257,50.73100623931295],[-1.292517207939726,50.73120311025298],[-1.292685970258549,50.7313024218037],[-1.292778595967541,50.73135782366505],[-1.292898836317739,50.7314305918085],[-1.293137965421276,50.73157701760053],[-1.293256854174876,50.73165067525188],[-1.293340991472625,50.73170341736728],[-1.293575408884129,50.731853861579054],[-1.294038606173823,50.732158207466675],[-1.294267386049127,50.73231210916479],[-1.294342314261086,50.732363716651186],[-1.294492846964836,50.732469056408554],[-1.29479127076377,50.73268123304822],[-1.294939161856389,50.732788069937314],[-1.294975099096685,50.73281444878049],[-1.295117988485989,50.732920997092066],[-1.295401139803933,50.73313549130338],[-1.29554140172886,50.73324343720952],[-1.295575583079261,50.733270164084665],[-1.295653927334771,50.7333319776527],[-1.295809754190394,50.7334560408651],[-1.295887236789653,50.73351829051058],[-1.295901202676457,50.73352961302511],[-1.296004782951476,50.733614629886624],[-1.296210336305713,50.733785442887694],[-1.296312309382432,50.73387123903009],[-1.296344725521065,50.73389885431913],[-1.296396026355848,50.73394261383421],[-1.296429109725117,50.73397095177504],[-1.29649433337479,50.734027049364784],[-1.296526859599431,50.73405513826306],[-1.296566534650208,50.734089540199214],[-1.296675872830129,50.734185669432364],[-1.296892544125726,50.73437883412655],[-1.296999877237093,50.734475869591286],[-1.29703837207597,50.73451116356511],[-1.297184689561662,50.73464798532611],[-1.297473338243679,50.734923312717385],[-1.297615669426244,50.73506181835737],[-1.297707308638972,50.73515281160604],[-1.297920163376596,50.73537096174935],[-1.298335985028709,50.73581102634593],[-1.298538951880701,50.73603294083386],[-1.298558945062446,50.736055536806546],[-1.29857215523536,50.736070500126246],[-1.29859853061116,50.736100442724826],[-1.298611695814026,50.73611542200372],[-1.298682233825273,50.736195859708864],[-1.298741838152415,50.73626453180123],[-1.298860101663108,50.73640220308353],[-1.298918760844611,50.73647120227439],[-1.2989639922455,50.73652496611893],[-1.299036785302898,50.73661265016441],[-1.299180845058983,50.73678852194609],[-1.299252111753287,50.73687670968415],[-1.299296040118003,50.73693181363133],[-1.299368572749033,50.73702410876384],[-1.299511966110427,50.73720922076745],[-1.299582826835545,50.737302037640596],[-1.299598521990223,50.7373228999314],[-1.299645826072008,50.73738641418071],[-1.299739651309648,50.73751367521122],[-1.299786172463764,50.73757742199303],[-1.299900310066854,50.73773543677095],[-1.300056451342777,50.73795213463643],[-1.300066240323401,50.73796573753959],[-1.300175070401594,50.73811722385629],[-1.300301822446284,50.73829277592583],[-1.30031267433401,50.738307842393574],[-1.300334334375765,50.73833798798719],[-1.300345142529776,50.73835306711306],[-1.300392638564241,50.73841949392455],[-1.300426771259643,50.73846599317041],[-1.300464016042338,50.738517150086416],[-1.30053799994657,50.738619610998],[-1.300574739067206,50.738670914993925],[-1.300666815896003,50.738800571327296],[-1.300749395859257,50.73891578559834],[-1.300828922971275,50.739026095167496],[-1.300930808420695,50.73917077262079],[-1.301130547916714,50.739461244163635],[-1.301228401942144,50.739607038259955],[-1.301320604255535,50.73974783934894],[-1.301373795545356,50.73983021505333],[-1.301478891518021,50.73999529707706],[-1.301529217061214,50.74007545158326],[-1.301563992248278,50.74013162076764],[-1.301590429376819,50.74017464643406],[-1.301740762310433,50.740421175789244],[-1.301814501735433,50.74054479092581],[-1.301868969888044,50.74063816661957],[-1.301930447145223,50.74074565191021],[-1.302064075922044,50.74098399767909],[-1.302135416573464,50.74111440364716],[-1.302206925664315,50.74124842836125],[-1.302222261712928,50.741277332864826],[-1.302252779288007,50.74133517470289],[-1.302267960814305,50.74136411203744],[-1.302286026687675,50.741398742989595],[-1.302320309820013,50.741465329291145],[-1.302388057913147,50.741598669295065],[-1.302421522871865,50.741665422997954],[-1.302462818050562,50.74174892002691],[-1.302517003146647,50.7418610329767],[-1.302623065499988,50.74208569760391],[-1.30267494274721,50.7421982492836],[-1.302711029854471,50.74227847966989],[-1.302731444542025,50.742324325626626],[-1.302771890979633,50.74241608550986],[-1.302791922728999,50.74246199943647],[-1.302829091904128,50.74254807919571],[-1.302854798294282,50.74260843465936],[-1.302905549348365,50.74272925751099],[-1.302930594010719,50.7427897248992],[-1.302973534657258,50.74289488533864],[-1.302973493921693,50.742894892035594],[-1.302991847638231,50.74293989225799],[-1.303044840190504,50.743071879037814],[-1.303070942757774,50.74313793607793],[-1.303097396280816,50.74320597210681],[-1.30313247703902,50.743298289569985],[-1.303201100619987,50.74348315436706],[-1.303234643437047,50.74357570170183],[-1.303251691209781,50.74362390149625],[-1.303269656720752,50.7436754023973],[-1.303305111464666,50.743778470166326],[-1.303322600696616,50.743830037034485],[-1.303372173681973,50.7439783150139],[-1.303405983565801,50.74408247350166],[-1.303471660173838,50.744291036842455],[-1.303503526889789,50.744395441696554],[-1.303543589363436,50.74453098634699],[-1.30356737900957,50.74461360179763],[-1.303613741524483,50.74477897004163],[-1.303636314389128,50.74486172283543],[-1.303656015693619,50.74493601082652],[-1.303671970868782,50.74499747317303],[-1.303703209975414,50.745120466503636],[-1.303718493905178,50.74518199748791],[-1.303735676508693,50.745252764977266],[-1.303754057040773,50.745330735636514],[-1.303789740244801,50.745486776184144],[-1.303807042913252,50.74556484607276],[-1.303822652101215,50.745637585591346],[-1.303833531777741,50.745689411850066],[-1.303871351336397,50.74587365864192],[-1.303889511174557,50.74596584378039],[-1.303905224008996,50.746049099109904],[-1.303922212109222,50.74614331671085],[-1.303954621617521,50.74633186031926],[-1.303970043019408,50.74642618632711],[-1.3039829528298,50.74650942402875],[-1.303985495004804,50.746525971949524],[-1.303990531134533,50.746559070744524],[-1.303993025089225,50.74657562161873],[-1.304004719912683,50.74665399766478],[-1.304014787275173,50.74672464979252],[-1.304033104705276,50.7468230839178],[-1.30404045990063,50.74686696436437],[-1.304233531917094,50.74741471989924],[-1.304284986796672,50.747544120265424],[-1.304321543850056,50.74763818817827],[-1.304359001402242,50.74773685655055],[-1.304373430113989,50.747783429605995],[-1.304392299777847,50.74782486163851],[-1.304489711354081,50.74804393551738],[-1.304537324910498,50.74815366797729],[-1.304571653660327,50.74823478583475],[-1.304581450396467,50.74825805961581],[-1.304600945595617,50.74830462374148],[-1.304610644058538,50.74832791408614],[-1.304692484902977,50.74852552094725],[-1.304699232074935,50.74854160949989],[-1.304714701991744,50.748576566724935],[-1.304732585577023,50.74861734656508],[-1.304768050091513,50.74869895919074],[-1.304785631020229,50.74873979197632],[-1.304805624608166,50.748786661893035],[-1.304892630436342,50.74900105519513],[-1.305027879952062,50.74935216634086],[-1.305023222884957,50.74935288840008],[-1.305054715606943,50.74941462459634],[-1.305093959229839,50.74951914696365],[-1.305259690665645,50.75002448036612],[-1.305275296806453,50.750080011238346],[-1.305274549223975,50.75019461437999],[-1.305570854098555,50.75103912043576],[-1.305595491206792,50.75114364592775],[-1.305682062515218,50.751585445985555],[-1.305772328098426,50.752162431928475],[-1.305766095864423,50.752162824297656],[-1.305818964402133,50.75240023597537],[-1.30582927435631,50.752285543991356]],[[-1.225588190338778,50.65043101718865],[-1.225964364303125,50.6512043636585],[-1.226138761193842,50.6515937287473],[-1.22619011950897,50.65171903519602],[-1.226257498867773,50.65189030224493],[-1.226415804011499,50.65231014853016],[-1.226499807573755,50.65254699459299],[-1.226504030891484,50.65255969901627],[-1.226568204587838,50.6527644657181],[-1.226689058192901,50.653174890935766],[-1.226745738037679,50.65338054945938],[-1.226748259035215,50.6533903657441],[-1.226771767713721,50.65348507626531],[-1.226817195511389,50.65367465124193],[-1.226839114624215,50.65376951569794],[-1.226841939251993,50.65378221081881],[-1.226910189375588,50.654140733342224],[-1.227023992703428,50.65485923102593],[-1.227069545560361,50.65521920620848],[-1.227070739484609,50.6552318005679],[-1.22707745624509,50.6553080436031],[-1.2270806737952,50.65534757207007],[-1.228238799291331,50.65537647668072],[-1.230990879058292,50.65552161002604],[-1.232397707256252,50.65564119560892],[-1.232446252988666,50.65564691039344],[-1.234475751018188,50.655986440534676],[-1.236273138767971,50.6563797906269],[-1.237251864086688,50.65647787375059],[-1.240964697672269,50.657009172832225],[-1.242796150040277,50.65735527513675],[-1.242937103218764,50.65738864677257],[-1.243528811673349,50.65753846118529],[-1.244701032788416,50.657854859544045],[-1.245281545791093,50.658021443604696],[-1.245387178094826,50.65805359416064],[-1.245531902979129,50.65809828768957],[-1.245651259403223,50.65813568157946],[-1.246052219723733,50.65825295544528],[-1.246306752918103,50.65832936043534],[-1.246509534802245,50.658391806137864],[-1.246726279675173,50.65846001126215],[-1.246884475263673,50.65851086654035],[-1.247117244798876,50.65854148147109],[-1.247929470447513,50.658656247553914],[-1.248334257277446,50.658717425062704],[-1.248348800331745,50.65871976714539],[-1.248445802540655,50.65873562127935],[-1.248639628158774,50.65876776544559],[-1.248736451569661,50.65878405547822],[-1.248830610441323,50.65880012405542],[-1.249088678430467,50.65882949665516],[-1.24927333473028,50.658851318488345],[-1.24928881869153,50.65885321597644],[-1.249888485888472,50.65893530989303],[-1.251029616137021,50.65910805672918],[-1.251096377684818,50.65910835881635],[-1.251914052774396,50.659127095797515],[-1.25194238029846,50.65912826696147],[-1.252238269744077,50.65914759787124],[-1.252546084175661,50.65911928150848],[-1.252557277216958,50.659168438257566],[-1.252569810614279,50.6591692570316],[-1.253621986909671,50.65901682047664],[-1.253843650623057,50.65900736300919],[-1.253912988750281,50.65900440490345],[-1.253935575463363,50.65900100203484],[-1.255168570548012,50.65883359022987],[-1.255788000735547,50.65875861514581],[-1.255827843320431,50.658754375094134],[-1.256014905523918,50.658735285364806],[-1.256133974818242,50.658723653487826],[-1.255994313121461,50.65833552399278],[-1.255929939873607,50.658127706647356],[-1.255875472900971,50.65793360862308],[-1.25585636200297,50.65790834921073],[-1.255839572124924,50.657885766057284],[-1.255768953219539,50.657789307162645],[-1.255629516504642,50.65759586491617],[-1.255560698689251,50.65749888156644],[-1.255507088308106,50.657422121074944],[-1.255349050733174,50.657186871491206],[-1.255043570369515,50.656713609563894],[-1.254896127491865,50.656475597247656],[-1.254865905371187,50.656424698485836],[-1.25485885693328,50.65641280235759],[-1.254844786529336,50.65638900377816],[-1.254837764563288,50.65637710132697],[-1.254813911436893,50.656336582404776],[-1.254808415442074,50.656327242795875],[-1.254774548736517,50.656269079481724],[-1.254707556266869,50.656152794683024],[-1.254674375049618,50.65609457896292],[-1.254644307775755,50.65604125395319],[-1.254477275095627,50.655726870080514],[-1.254161576155892,50.655094398350045],[-1.254012909673965,50.65477631054113],[-1.253988148606794,50.65471951301064],[-1.25398160249276,50.654704446489006],[-1.253968551482716,50.654674306234284],[-1.253962046586682,50.65465923250119],[-1.253940334680647,50.654608747705296],[-1.253777381983454,50.65419074248885],[-1.253483151861477,50.65335025150648],[-1.253351873899115,50.6529277658187],[-1.253333028197631,50.65285841961748],[-1.25328939493268,50.652688141315785],[-1.253258053047345,50.65255797273336],[-1.253235009095067,50.6525201495125],[-1.251957608530899,50.65244039689354],[-1.24992264604648,50.652217022865344],[-1.249560118776691,50.652159630829296],[-1.249209144746305,50.6521049712424],[-1.249193139274011,50.652102472287964],[-1.249161132925115,50.65209746251829],[-1.249145132048521,50.652094951703056],[-1.248984234259764,50.65206964067949],[-1.247366520288497,50.65174865600699],[-1.246439678570536,50.65152519424765],[-1.246314322580932,50.651545555713504],[-1.245882031880188,50.651613471406485],[-1.245665465632575,50.65164634706658],[-1.245465677693998,50.65167562056419],[-1.245070320354982,50.651729776152166],[-1.244277329175007,50.65183087517378],[-1.243879695451722,50.651877818593064],[-1.243754799903756,50.65189139177109],[-1.24351336627714,50.65191626560594],[-1.243029857819153,50.65196335405689],[-1.242787783014679,50.65198556867062],[-1.242651954163687,50.65199727190324],[-1.24181789143719,50.652053180695965],[-1.240146014916327,50.652133455550185],[-1.239308202244042,50.65215782156777],[-1.239200767744217,50.65215891837681],[-1.23868678029718,50.65215822666894],[-1.23765918445303,50.65214496506761],[-1.237145576316667,50.65213239517969],[-1.237084615042899,50.652130197284116],[-1.236773706826769,50.652116801536486],[-1.236152430567468,50.652085656525216],[-1.235842062581697,50.65206790726494],[-1.235779730349492,50.65206390201595],[-1.235450212302796,50.652040243946246],[-1.234792140150315,50.65198802058228],[-1.234463585839803,50.65195945503887],[-1.234340961783376,50.65194786099479],[-1.234129802270263,50.651926857812555],[-1.233708007088728,50.651882824336035],[-1.233497371438137,50.65185979404357],[-1.233413902986465,50.65185025442251],[-1.232715414467951,50.65175880922607],[-1.231326583587965,50.65155364124035],[-1.230636241853076,50.65143991854695],[-1.230579843676717,50.65142965644457],[-1.230379835319701,50.651392247023196],[-1.229980708575038,50.65131555706617],[-1.229781590201898,50.65127627653356],[-1.229726491362805,50.65126512332089],[-1.229474814177637,50.65121252259064],[-1.228973055256672,50.651104331985685],[-1.228722973549231,50.65104874211774],[-1.228653839129343,50.65103291085703],[-1.22850269619597,50.65099768106004],[-1.228201051460175,50.65092612956554],[-1.228050549663803,50.65088980786964],[-1.227983175645605,50.650873268446354],[-1.227863564120183,50.65084350783136],[-1.227624771538924,50.65078329691761],[-1.227505590486047,50.65075284661974],[-1.227284239510672,50.65069554835184],[-1.226427616906999,50.650452446395626],[-1.225438610798288,50.65014636871997],[-1.225588190338778,50.65043101718865]]],[[[-3.800858478277373,56.95708948160649],[-3.813842086438925,57.223841707369935],[-3.813547044593368,57.22389254755741],[-3.812213564868437,57.22408268927527],[-3.811678648653626,57.22423754383926],[-3.811171195925512,57.224378411702965],[-3.810147640292622,57.22465058334222],[-3.809631537583922,57.224781887051755],[-3.808586152683438,57.22503602447547],[-3.807114011042784,57.22534901543241],[-3.80412133214533,57.225897356542525],[-3.80260080038727,57.226132705536884],[-3.801155212554921,57.22631645099679],[-3.800493923359613,57.22639281092882],[-3.799166141421546,57.22653081524861],[-3.798499649187949,57.22659245957806],[-3.79693004135302,57.226719792408026],[-3.793964468899611,57.22681418648127],[-3.788049956868475,57.22671386070358],[-3.785101063737604,57.22651914130223],[-3.783350187640337,57.22631573794175],[-3.78077330288707,57.225895030022286],[-3.779690834294416,57.22566476722615],[-3.779313946723658,57.22563075456622],[-3.778505301253525,57.22554437570861],[-3.775298863989524,57.225965906826104],[-3.772408329676682,57.226201845262715],[-3.771264154373064,57.226239724973134],[-3.769800181528772,57.226253001668496],[-3.767701462680956,57.226221653493035],[-3.766140073690344,57.22625784287254],[-3.765145418253671,57.22624514158162],[-3.764878146589762,57.226286989445605],[-3.762195482238703,57.22671207411327],[-3.761955434046957,57.226749045568525],[-3.761474336346108,57.226821020982655],[-3.761233286860517,57.226856024937604],[-3.751942722802424,57.22816414512199],[-3.750971134692765,57.22828410313743],[-3.749016398667818,57.22849208694276],[-3.748033251994077,57.228580112304826],[-3.742281353832139,57.22899896618892],[-3.742002354956407,57.229017969656915],[-3.741443801678626,57.22905340283263],[-3.74116424731485,57.2290698325377],[-3.735270071839326,57.22938865815636],[-3.73454694965209,57.2294190970277],[-3.73309893712109,57.22946276090309],[-3.732374048160383,57.22947598603826],[-3.72553924875459,57.22951925365595],[-3.724110876240048,57.22949480594525],[-3.7212633474202,57.22937916699928],[-3.719844196235853,57.2292879759352],[-3.714238603610717,57.22879378585782],[-3.707016029306704,57.22816940427319],[-3.700709626108824,57.22766154589256],[-3.699909798513345,57.22758620140525],[-3.698317923172878,57.22741432829777],[-3.697525876311546,57.227317799769224],[-3.691856601987332,57.22654707188838],[-3.691519938913597,57.22649924913888],[-3.690848542725252,57.226399774110014],[-3.690513809675673,57.22634812184046],[-3.685253718702691,57.22550379957459],[-3.684547934138814,57.22538110881646],[-3.683147211900727,57.22511870930977],[-3.682452273104082,57.22497900025342],[-3.677110049178887,57.223830451052436],[-3.676581220523139,57.223710956888404],[-3.675531510959603,57.223462110420265],[-3.675010630281675,57.2233327581811],[-3.66823300985724,57.221571803673186],[-3.667424777955824,57.22134678295285],[-3.665832313028752,57.22087301763636],[-3.66504808070508,57.2206242732709],[-3.658770537488398,57.21850537838847],[-3.658125958819945,57.21827632041521],[-3.656857170120784,57.217802171550616],[-3.656232960386506,57.21755708086249],[-3.646996464352588,57.21374887589771],[-3.646361866494747,57.213473588282554],[-3.645118359143044,57.21290644018005],[-3.64450944982163,57.21261457994435],[-3.637625381697961,57.209147499590415],[-3.636745284153109,57.20866949358707],[-3.635053870630033,57.20767891220885],[-3.634242555184778,57.207166337994884],[-3.630490268843021,57.204606612757374],[-3.629890902773952,57.2041712865642],[-3.628741819508939,57.20328175023347],[-3.628192101722167,57.2028275405507],[-3.622334987733889,57.1976524703855],[-3.622267437016596,57.197592246828506],[-3.622133209265004,57.19747151360799],[-3.622066532228935,57.197411003945376],[-3.61907194804045,57.194668787715024],[-3.616611662530852,57.193174382957224],[-3.612691001113475,57.192770326452916],[-3.608277907090625,57.191952184421815],[-3.607074419659816,57.191619868277826],[-3.60697795073242,57.19160697681109],[-3.602187193432397,57.190751119250805],[-3.597693002334589,57.18950864009358],[-3.593600505749809,57.187908611754246],[-3.592537889315865,57.18742202486491],[-3.59227026070618,57.18736741163677],[-3.590284115362815,57.18687872243852],[-3.586447637256593,57.18576365185895],[-3.58459731462083,57.185137274571126],[-3.583158221010037,57.18457531450239],[-3.58275573156704,57.18441305738696],[-3.58196000295949,57.18408199095077],[-3.581566763855039,57.183913181687714],[-3.580283550419984,57.18334493738828],[-3.578837828899648,57.182712548685885],[-3.577434164569917,57.18201196642399],[-3.57697573485537,57.18185244605818],[-3.57421802017553,57.180648676704706],[-3.573335413405601,57.18017046072596],[-3.572250095891557,57.1796214122869],[-3.570646538693627,57.17868585208552],[-3.567700423834139,57.17670053331851],[-3.566965028114596,57.17612553538082],[-3.56617496672885,57.17558720685069],[-3.564976545453365,57.174655166919464],[-3.562806221432661,57.17271630740761],[-3.561834317765668,57.17170948755776],[-3.561159100872911,57.17088727958821],[-3.560159142763218,57.169273257502574],[-3.559208612156493,57.167064731184276],[-3.555764635906624,57.16714620781842],[-3.553357513153244,57.16710773062015],[-3.54881860553531,57.16685444673211],[-3.546521339398531,57.16678832371664],[-3.546491901740545,57.16678842693603],[-3.546193476919738,57.166810854761124],[-3.545817960895613,57.166859371694855],[-3.544192492499174,57.167023213596465],[-3.54091952966492,57.16726182532194],[-3.539272042893693,57.167336594536],[-3.534180243435446,57.16742868535829],[-3.52784143450359,57.167682502656014],[-3.527423392731816,57.16771750295057],[-3.526267572013212,57.16780295513795],[-3.525688272199417,57.16784013808169],[-3.519056002632563,57.168201320486354],[-3.518416820791832,57.168229321106274],[-3.517136937543641,57.168271827284265],[-3.516496236343666,57.16828633267718],[-3.511669518663743,57.16834459890523],[-3.511311757484674,57.16834680678369],[-3.51059623091668,57.16834701356253],[-3.510238465609342,57.16834501246246],[-3.504270302858252,57.16827639099899],[-3.503471813454726,57.16825669012203],[-3.501877524096018,57.168196331934205],[-3.501081724886781,57.168155674586444],[-3.497037485333669,57.167895260285476],[-3.495557532966258,57.16776271064578],[-3.492625868794685,57.167425242934726],[-3.491174162453211,57.16722032549139],[-3.487113203617461,57.166538776121946],[-3.486994853189496,57.16651864658592],[-3.486758433977815,57.16647790546134],[-3.48664036519687,57.16645729387329],[-3.48301613520883,57.16581638348023],[-3.480616681384193,57.16648074475993],[-3.479095317574268,57.166850712898395],[-3.475991669013828,57.167505492481425],[-3.474409390239534,57.16779030242565],[-3.470214451038169,57.168419729342034],[-3.469778487504371,57.168481673114016],[-3.468903610721658,57.16859907892491],[-3.46846469761505,57.16865454094331],[-3.461722942538987,57.169453787074104],[-3.460722560520156,57.169554941132986],[-3.458712222354982,57.16972360576849],[-3.457702267984366,57.169791116183255],[-3.448913147075244,57.17022963048013],[-3.448735227229379,57.17023797486785],[-3.448379231779205,57.17025361858364],[-3.44820115618485,57.17026091791121],[-3.441333264050899,57.170521985341395],[-3.4358912159843,57.17121685958196],[-3.435526043045368,57.17127523791102],[-3.427932133932128,57.17385862410558],[-3.425864314453467,57.17445567328394],[-3.421568684186627,57.17549111497754],[-3.417045566953355,57.17618436577172],[-3.412386869856534,57.176521336804434],[-3.407687270366664,57.17649517876249],[-3.403042277574332,57.1761064231768],[-3.400745384768158,57.175821905278745],[-3.380901086074235,57.172538609248285],[-3.352353472667946,57.16987403409749],[-3.349561622169874,57.16947412011245],[-3.344148763093834,57.16841639333739],[-3.339157506124824,57.16686308763168],[-3.334740165392101,57.16486162194134],[-3.33103147195729,57.16247310223657],[-3.328144473011041,57.15977041332084],[-3.326167073009909,57.156836020849795],[-3.325159375790423,57.15375944004166],[-3.325001328155328,57.152793873781015],[-3.324435076096315,57.151920387008],[-3.324162046879668,57.15130310542537],[-3.323756600722387,57.14991776937674],[-3.323347544921528,57.1471296808846],[-3.323742071247084,57.14434097644924],[-3.324079921927874,57.14356731504814],[-3.323915194367842,57.14345930480211],[-3.322357540148962,57.14224725926708],[-3.322203464467086,57.14210344706838],[-3.322130437190668,57.142064346414195],[-3.320807544030921,57.14126577838986],[-3.319821900935696,57.140593938567925],[-3.319600635725503,57.14043769042785],[-3.319024787612494,57.14012752910035],[-3.316456582344491,57.13834139248173],[-3.314323741280319,57.13639328678556],[-3.313370898143148,57.1353824886811],[-3.312911603188289,57.13480846021683],[-3.312078846850129,57.13350019132558],[-3.310793093340632,57.13082959907193],[-3.31027740398911,57.12808328379676],[-3.310543860232583,57.12532649470669],[-3.310572283445792,57.125252809087165],[-3.310199579752403,57.12357256076194],[-3.310358256725052,57.12102496805868],[-3.3102809015327,57.12097554003223],[-3.309654076220301,57.12054943243257],[-3.308303210140962,57.11957161416691],[-3.307491700500707,57.1189276993752],[-3.30597461457638,57.11760395655811],[-3.305269036011846,57.11692412980823],[-3.304777097138342,57.116397948139074],[-3.304243693984816,57.11584082031131],[-3.303188517252811,57.1144737323746],[-3.301506123203488,57.11166372795215],[-3.300878877386537,57.11022081716925],[-3.300668627420123,57.10946192819868],[-3.300484494830371,57.10807002616031],[-3.300514679415628,57.105287501526725],[-3.301336435966943,57.10254110031243],[-3.302929764053177,57.09989709747098],[-3.304732880818319,57.097976574700496],[-3.304873654739465,57.09776143663124],[-3.305494155989708,57.09700050423038],[-3.307012848432219,57.09552889857304],[-3.310528825855525,57.09276624873028],[-3.312526091897678,57.091475191297086],[-3.312952961862691,57.09124677057655],[-3.313067360343105,57.0911507778108],[-3.313669789811214,57.09055857173196],[-3.314024222144753,57.0902270504593],[-3.314611072615843,57.08970413178998],[-3.315357485759638,57.08909611120801],[-3.315700650785272,57.08883980130821],[-3.316035144824063,57.088488654601946],[-3.317299626801905,57.08736982069527],[-3.318438017342192,57.08651035313791],[-3.319060955723097,57.086069470539016],[-3.320355715286751,57.085209534476746],[-3.321027536083268,57.08479048051408],[-3.322060059932196,57.08418530358066],[-3.32450520125981,57.08301001720023],[-3.325683255037315,57.08254797596129],[-3.325809999325871,57.08237030027972],[-3.326427234328921,57.08153694571528],[-3.327135797957199,57.08070532145568],[-3.327297262846975,57.0805386572969],[-3.327360577649544,57.08035102684557],[-3.328457055017941,57.078392610864036],[-3.32895639304871,57.07776719818976],[-3.32979254236766,57.07686297705106],[-3.331646245456092,57.07511150142295],[-3.332663799298711,57.07426424803454],[-3.333037168227476,57.0739886211319],[-3.334988510705054,57.07241747295928],[-3.337887218239971,57.070643572268445],[-3.341190731998132,57.06909386569467],[-3.342936824161787,57.06837870557937],[-3.34425510648369,57.067909811947274],[-3.345771352548546,57.067431064522786],[-3.348888446083567,57.06656387536554],[-3.350489301214472,57.06617543356245],[-3.351690176571115,57.0659247828117],[-3.354537641390943,57.06548534149368],[-3.35571772596035,57.065364219906556],[-3.355874111186218,57.065328809839095],[-3.357589494228554,57.06486809752895],[-3.357855566749492,57.06475266111807],[-3.362518298099965,57.06306202271765],[-3.364982254328651,57.062325287815206],[-3.366415382438635,57.06197975951013],[-3.367324372340862,57.0617779968235],[-3.369162752024224,57.06140427952465],[-3.370092142887618,57.06123232451015],[-3.370652623716405,57.06113866187551],[-3.371525359038288,57.060958813750744],[-3.371848817849009,57.06089425166427],[-3.372498137425198,57.060768821136705],[-3.37282399824733,57.06070795268362],[-3.374770415054034,57.060356692242735],[-3.375758587592699,57.06019684347761],[-3.377751312630192,57.059911081556294],[-3.37875586683294,57.05978516815187],[-3.379625212410201,57.05969168286606],[-3.38031776259254,57.059607457254685],[-3.381370480647809,57.05947558144346],[-3.382040262585171,57.0594191726322],[-3.38284957010461,57.058689898565405],[-3.383234985036816,57.058406408273115],[-3.383346632579477,57.0582510806195],[-3.38577698794265,57.05594743477413],[-3.388805614653255,57.05386493724979],[-3.38895557598701,57.053788468498915],[-3.390185291683939,57.05292063211472],[-3.392914936878712,57.051226085599225],[-3.393597247167982,57.050896959615685],[-3.393824370144939,57.05055507141038],[-3.394401928716282,57.049936751096496],[-3.391608066707639,57.0505248985946],[-3.385278415860292,57.05147330196985],[-3.382025974994732,57.05177390893722],[-3.350032710985078,57.052952549644544],[-3.293851812621772,57.060369478381546],[-3.255577657070827,57.0689259365902],[-3.254746590349647,57.0690974564765],[-3.253068677724942,57.06941584215978],[-3.252221832790748,57.06956270774366],[-3.205749005912137,57.076866984696984],[-3.173765014539122,57.08512158111948],[-3.171708452639169,57.085562731755374],[-3.167505342957809,57.08629127927485],[-3.163160957970262,57.08670721489381],[-3.158753393171524,57.08680306372448],[-3.156543700015888,57.08677036934104],[-3.142744071318894,57.08605954572999],[-3.13235453380519,57.08753736913069],[-3.130351332575559,57.08775113835323],[-3.126311722178936,57.088042265222356],[-3.124275327654215,57.088119621791],[-3.119493909562157,57.088139690035874],[-3.119171586123438,57.08813932215444],[-3.118527014003534,57.088135155943924],[-3.118204765382266,57.088131357615154],[-3.115733255889323,57.08808904460672],[-3.114648209762987,57.08805093786961],[-3.112485092852125,57.087935870522],[-3.111407024326243,57.087858910028686],[-3.109149197790453,57.087656296554826],[-3.107272526290954,57.08742596854322],[-3.103581268034275,57.08684786487429],[-3.101766692096262,57.08650009102272],[-3.094446178833773,57.084829621604484],[-3.093296408538778,57.084538430656515],[-3.091041397707614,57.08390879463712],[-3.089936159299102,57.08357035034978],[-3.082934804548572,57.08122874857597],[-3.082617525308381,57.0811198941789],[-3.08198759857932,57.080898283791115],[-3.081674951129431,57.08078552782342],[-3.075324358992131,57.078437886430464],[-3.075198218356063,57.07839078262562],[-3.074946745504334,57.0782959397076],[-3.074821413290943,57.07824820059603],[-3.069476500197818,57.07619192376048],[-3.068602457690953,57.07583131617951],[-3.066900350826112,57.07507925115805],[-3.066072286979376,57.07468779433642],[-3.062775529326441,57.07302132414188],[-3.061968966986007,57.072584428412554],[-3.060413112286958,57.07168137947512],[-3.059663819777735,57.07121522697353],[-3.058234999719473,57.07026184503887],[-3.057573605480658,57.06978943782564],[-3.056309643388424,57.068821832791556],[-3.055707074790777,57.06832663555954],[-3.054648772843984,57.067391094884684],[-3.054586188589653,57.06733531507456],[-3.05446176752543,57.067223508727736],[-3.054399930714127,57.06716748219174],[-3.053384909029452,57.06624017928925],[-3.052509065423418,57.065480419534886],[-3.051903855648139,57.06490996321601],[-3.050771875798651,57.06374640867954],[-3.050245103922436,57.06315331149103],[-3.049683965444298,57.06245750111178],[-3.049141596621013,57.061837754673604],[-3.048793533794337,57.0614119180204],[-3.048138447665193,57.06055097780097],[-3.047831423582658,57.060115874448904],[-3.047796513404315,57.06006228882433],[-3.047623483396931,57.05984595792276],[-3.047276765405731,57.05937682789716],[-3.046632362004682,57.05842867700921],[-3.046334675040566,57.0579496563059],[-3.045553826703062,57.056566038308354],[-3.045253589756114,57.05595919529769],[-3.044731753118194,57.054735552888594],[-3.044510150982882,57.05411875382439],[-3.04415349636987,57.05290156031703],[-3.044075440233849,57.052603065718266],[-3.043937758374526,57.05200481691889],[-3.043878132359402,57.051705062739416],[-3.043773039418311,57.05107878571676],[-3.043705361586768,57.05017159010727],[-3.043738395246613,57.048358110670534],[-3.043839098102326,57.04745182637235],[-3.044020166096422,57.04656676005704],[-3.044414107861567,57.045376194274986],[-3.045491836281729,57.0430347057173],[-3.047136834643259,57.04079337149382],[-3.049319180515428,57.038692825143016],[-3.05054028794007,57.03768268298898],[-3.050987135780106,57.037362275410565],[-3.051301160181888,57.037096290496045],[-3.051712350377925,57.03676448864321],[-3.05256142429093,57.03611120125046],[-3.052999307635541,57.03578971551361],[-3.074831239135436,57.02047758771688],[-3.076795709100102,57.01932385583902],[-3.081063457625537,57.01722110748542],[-3.085938326070259,57.01555696270692],[-3.09127063745511,57.01438248816424],[-3.094031393522776,57.013923123682815],[-3.13738262275194,57.00891604582466],[-3.17023581093762,56.999402266671176],[-3.168564163011935,56.993924668935556],[-3.152843164094941,56.98157188339529],[-3.136583088591535,56.97234847639833],[-3.134793276591421,56.971138609746966],[-3.131622970859008,56.9685683269984],[-3.129312377222562,56.96573782381861],[-3.129234074269296,56.96556750153752],[-3.800858478277373,56.95708948160649]]]]}}]}
