{"type":"FeatureCollection","name":"BUA_2km","crs":{"type":"name","properties":{"name":"urn:ogc:def:crs:OGC:1.3:CRS84"}},"xy_coordinate_resolution":1e-15,"features":[{"type":"Feature","properties":{"fid":1},"geometry":{"type":"MultiPolygon","coordinates":[[[[-1.031602104446335,50.768618643136456],[-1.03673374922312,50.7681466604278],[-1.037817962661591,50.76815560154886],[-1.038895885270266,50.76805641933945],[-1.039318761651649,50.767924138505286],[-1.039872706341072,50.767873162429595],[-1.041100275741463,50.76748914306765],[-1.042150339489295,50.767392492333556],[-1.042522707391558,50.7672759965398],[-1.042734680884455,50.76725648395738],[-1.050370908090392,50.76486707079437],[-1.051936244130628,50.76472285733121],[-1.052147645895685,50.76465669509682],[-1.056424539240427,50.76426256837512],[-1.057098450664102,50.76405161810084],[-1.058809529255436,50.76299372646759],[-1.05916846624278,50.762771800763446],[-1.067123463245757,50.7602810019933],[-1.075902084218803,50.75947064611637],[-1.076256477767753,50.75947345579676],[-1.081915623716166,50.76008791108484],[-1.087597149365349,50.75956279453917],[-1.089723558568386,50.759579421411786],[-1.098467952665078,50.76052767507443],[-1.106323212434887,50.76314286064015],[-1.106673365295702,50.763370367031364],[-1.10702352154855,50.763597872391614],[-1.107360080313264,50.763816540071595],[-1.108078284864991,50.76405559287605],[-1.108414851833255,50.76427425756543],[-1.109133068807842,50.764513303961714],[-1.110350710818543,50.76530435134026],[-1.110616085883274,50.76514005354116],[-1.110992988666662,50.76468455225104],[-1.117341029863513,50.76075377374017],[-1.125292675225632,50.75825902793758],[-1.125311938869408,50.75825724059932],[-1.12600565922502,50.75803955437887],[-1.134783077793807,50.7572247567531],[-1.135491853713657,50.7572300171962],[-1.144236769954342,50.75817485326983],[-1.144922272682016,50.75840277590777],[-1.14494146506529,50.758404848648],[-1.152798972461128,50.761016901204975],[-1.153149342696314,50.76124426233994],[-1.154428370730907,50.76207421857089],[-1.160150999062729,50.76397577909639],[-1.163975208204203,50.76438806986075],[-1.171834835523999,50.76699878512729],[-1.17395911027555,50.76837642251972],[-1.175246370399385,50.76851507172317],[-1.17550511063288,50.768600993878145],[-1.179137735738134,50.7689921695194],[-1.186998860168967,50.7716019259172],[-1.19142554607756,50.774471131806706],[-1.191451492059252,50.774473922221205],[-1.193771751355837,50.77524389180912],[-1.194374539073336,50.77518761823181],[-1.195083595939579,50.775192513719084],[-1.203833079271453,50.776132853218996],[-1.211696796278073,50.778740943966255],[-1.212033948418308,50.77895931031633],[-1.212752914398305,50.779197717691346],[-1.213103700146076,50.77942490520922],[-1.213454489372824,50.77965209161988],[-1.213805282078595,50.77987927692334],[-1.214156078263435,50.78010646111954],[-1.218961825570863,50.78321843928224],[-1.219312673506165,50.783445606496215],[-1.219663524870533,50.78367277267431],[-1.220014379664013,50.78389993781649],[-1.220365238079962,50.78412710274004],[-1.222890648124372,50.78735256634201],[-1.224900676024249,50.78865373318934],[-1.225251593553421,50.78888088462764],[-1.225602514480067,50.789108035081554],[-1.225762477841542,50.78931229841114],[-1.030575810307873,50.78769032460698],[-1.031602104446335,50.768618643136456]]],[[[-1.599213549396417,50.79150478835423],[-1.436902788743964,50.79069910783378],[-1.437043237356869,50.7901634304702],[-1.441132975921187,50.785169339549505],[-1.441490270787135,50.78494623317763],[-1.441847562270702,50.78472312570741],[-1.442204850371928,50.78450001713888],[-1.442562135090858,50.78427690747203],[-1.447456070765244,50.78122051721827],[-1.447813305455326,50.78099739108327],[-1.448170536748338,50.78077426384028],[-1.448527764644322,50.7805511354893],[-1.448884989143322,50.78032800603037],[-1.456822274715558,50.777810590519486],[-1.465597613353219,50.77697084465048],[-1.466661288425752,50.77697571149004],[-1.475416629817617,50.77789566910917],[-1.476104037635914,50.77812164257227],[-1.476123252892399,50.77812366070484],[-1.476810667475137,50.77834962998362],[-1.476829882856148,50.77835164799949],[-1.481163875946474,50.779776188089514],[-1.482840231103482,50.779952157822095],[-1.487807424243559,50.781584422143986],[-1.488967889821375,50.7771381807302],[-1.493050966424326,50.77214224181034],[-1.494097355653481,50.77148772959113],[-1.494727973084434,50.76906984827921],[-1.495053455225742,50.7686714959329],[-1.494435572944933,50.766083313714006],[-1.494442832728956,50.765408892906045],[-1.49589041175421,50.75985736097407],[-1.49788759153476,50.757412339214],[-1.49841943520464,50.75537190553388],[-1.499322415278356,50.75426628006137],[-1.499370063121103,50.754083450499],[-1.499180418929151,50.75328917043198],[-1.499187607610861,50.75261474752104],[-1.499198507575293,50.75257292232085],[-1.498510047284956,50.74968920379804],[-1.498514845744608,50.749239588718574],[-1.499961437006372,50.74368799221519],[-1.504040407982123,50.73869162936539],[-1.504397049315064,50.73846832663917],[-1.510351938195029,50.73473933255172],[-1.510708519590263,50.734516010097735],[-1.518634762574501,50.73199433835462],[-1.52203128409358,50.731667229339564],[-1.523499960804968,50.73074705717263],[-1.527847174191886,50.72936343858264],[-1.528477023650123,50.72896874523667],[-1.529189934417507,50.728521989964804],[-1.537114294877831,50.72599907809405],[-1.545878691358811,50.72515328129548],[-1.546587044714632,50.725156038687494],[-1.549594645397999,50.725470363455486],[-1.550642552240959,50.72536915690144],[-1.550487293192314,50.724721508196666],[-1.550498050275004,50.72359745997454],[-1.551937784379724,50.71804519342825],[-1.552674107096301,50.71714132462587],[-1.553021520095353,50.715801158055434],[-1.55408714227891,50.714492907079354],[-1.554096617301097,50.71445635091481],[-1.558167308904493,50.70945799976542],[-1.559221953563704,50.70879625314289],[-1.55959404011307,50.708339279731106],[-1.565896808265935,50.70438384873269],[-1.573815011585461,50.701858317912915],[-1.582574130309132,50.70100966327072],[-1.583990098922001,50.7010147151137],[-1.592733666460425,50.70192581715341],[-1.594316602960626,50.7024449880614],[-1.595913879776046,50.70261132977001],[-1.596600775417208,50.702836594586195],[-1.596619965246119,50.702838592766646],[-1.59749168642108,50.703124461297705],[-1.599213549396417,50.79150478835423]]],[[[-1.353936262207979,50.79019926828148],[-1.357740183189192,50.78899697193013],[-1.358294024335774,50.78894448359155],[-1.359519509777019,50.788557101265745],[-1.360569376345914,50.78845758461617],[-1.360941111703843,50.78834006909057],[-1.360998911793793,50.788334589753845],[-1.363078063419516,50.78767728095842],[-1.371856798034817,50.786844609791466],[-1.372343522124208,50.78684723359532],[-1.376827543918183,50.786421670717765],[-1.377182167875559,50.78642356760204],[-1.377536319744891,50.78646106881019],[-1.37789141590211,50.78642735813322],[-1.378246039971243,50.78642925178015],[-1.387001353655898,50.787355943524695],[-1.394877261448005,50.78995180770891],[-1.395229017109064,50.790178453948606],[-1.395662644014857,50.790457847681985],[-1.353936262207979,50.79019926828148]]],[[[-2.273863929623748,56.97113929288819],[-2.270474805835336,56.974807856456714],[-2.27029579033141,56.97490639301565],[-2.270215675187184,56.97518987634077],[-2.269811125023391,56.97562772705226],[-2.269807679257334,56.97563991898396],[-2.26940311934385,56.9760777683419],[-2.269399673401611,56.97608996026142],[-2.268995103738046,56.97652780826577],[-2.268991657619617,56.97654000017312],[-2.264353948691634,56.98155838294022],[-2.26356632343576,56.981991762034056],[-2.262718182061596,56.98290931791221],[-2.262308432258763,56.98313475934793],[-2.261898678697938,56.98336020068056],[-2.26148892020985,56.98358564071223],[-2.26107915669802,56.983811079344704],[-2.260669388162371,56.98403651657795],[-2.26025961460283,56.984261952411934],[-2.255465489302293,56.98689911844374],[-2.255055651940243,56.98712453650609],[-2.254645809553289,56.987349953168675],[-2.254235962141359,56.98757536843151],[-2.253826109704379,56.98780078229452],[-2.253416252242274,56.98802619475767],[-2.25300638975497,56.988251605820956],[-2.251332021721645,56.988721589923195],[-2.250953980976438,56.98892948436235],[-2.241795794896169,56.99149947777203],[-2.24177348587719,56.991501450737026],[-2.240974397783327,56.99172564475081],[-2.240952088583462,56.99172761756838],[-2.240152990597756,56.99195180627886],[-2.240130681217009,56.991953778949004],[-2.239331573339526,56.992177962356095],[-2.238712583054179,56.99223268941624],[-2.238098711396187,56.99240489678827],[-2.237479715464279,56.992459617719966],[-2.23686583427072,56.9926318189897],[-2.235053444354904,56.992792010683864],[-2.234810062834458,56.99286027650236],[-2.22464403363521,56.993758307171674],[-2.223409687187499,56.9937605198558],[-2.21484162910114,56.99303520138145],[-2.211475121065874,56.99333213229529],[-2.210652232547297,56.99333352302671],[-2.20047604239622,56.992470936115],[-2.193144134901845,56.99044625753304],[-2.188120563022341,56.99001979383538],[-2.178933388431946,56.98748143763152],[-2.171634327991999,56.98351701963759],[-2.166937849443879,56.97851495675851],[-2.165302895146781,56.97296521722627],[-2.165300906683151,56.97251606027889],[-2.165611465190539,56.971428170918955],[-2.273863929623748,56.97113929288819]]],[[[-3.813825484073686,57.22350355686188],[-3.810262168128181,57.223249917762175],[-3.808452007878548,57.222782035604034],[-3.801103744256439,57.22225853467007],[-3.791751831146207,57.219839972280695],[-3.784236913977842,57.21597159501383],[-3.779294697009896,57.211032439989886],[-3.777408176666667,57.205506314175864],[-3.777375806393754,57.204832919640886],[-3.777577506872232,57.204002066712114],[-3.776332937866539,57.20035532945788],[-3.776322156261699,57.200130864296284],[-3.776349515287595,57.20001816819465],[-3.776311374814708,57.19990639912515],[-3.776300593673017,57.199681934027836],[-3.777653103791407,57.19410992853184],[-3.782110391786119,57.1890373933448],[-3.782497363102451,57.18881600287883],[-3.782904788999756,57.188352252924716],[-3.784096927420374,57.18767017691134],[-3.784504320716549,57.18720642184334],[-3.791628562110372,57.18312947744768],[-3.794954382581718,57.18214857004495],[-3.795189066150328,57.18201423052448],[-3.795257917131272,57.181729887452434],[-3.79546634837,57.18149248502655],[-3.79562769369844,57.18082611902042],[-3.796788122134684,57.1795043013577],[-3.797835078235178,57.175179019559856],[-3.79813351627529,57.17483900559561],[-3.798215633167207,57.17449970655112],[-3.802667792762693,57.16942646224668],[-3.803054437850902,57.16920501028091],[-3.803461395438878,57.16874119590694],[-3.803863652909817,57.16851079219167],[-3.810580024228839,57.164663200109054],[-3.810932500716963,57.16446124573123],[-3.813825484073686,57.22350355686188]]],[[[-3.817775884613316,57.30375500182248],[-3.814296962595106,57.303508068189],[-3.810786837647687,57.30386106807566],[-3.809128005250055,57.303884949482416],[-3.798832873323908,57.30315319635433],[-3.789460435874815,57.300734610904875],[-3.786122056087802,57.29902006156636],[-3.782695217313861,57.29813534355136],[-3.775165067644858,57.294266546496004],[-3.770213295093099,57.28932714352741],[-3.770209147839501,57.28931501562332],[-3.769777182312228,57.288884055285216],[-3.767887837281097,57.283357860344005],[-3.767866306337313,57.28290893380206],[-3.769222865773232,57.27733706603695],[-3.773691146605658,57.27226483224116],[-3.775708906788706,57.27111325749071],[-3.779665689734881,57.268854746003925],[-3.781707220634323,57.266536034230974],[-3.784770539259088,57.264787020834355],[-3.779395198147634,57.266368291273444],[-3.778063538502796,57.26650196746541],[-3.773659833972503,57.267797073872366],[-3.772440028881601,57.26791946052344],[-3.772013373303485,57.26804491904838],[-3.767156437752892,57.26853208739482],[-3.766245217134756,57.268799978068536],[-3.75604441032591,57.26982243058784],[-3.755215738256479,57.26983400897484],[-3.752589052744313,57.26964605891926],[-3.751476046356442,57.269661578252126],[-3.741191607955912,57.2689250519653],[-3.741132208332925,57.26890967871093],[-3.738695056370198,57.268735011680235],[-3.729335354343674,57.266311870591366],[-3.721817381828138,57.26243980201024],[-3.716877133959736,57.257498216959284],[-3.714997443235573,57.25197115859368],[-3.714976584275001,57.25152221755041],[-3.715004166030437,57.25140953450938],[-3.714966155023312,57.251297747014576],[-3.714945296977116,57.250848805914565],[-3.716308788453601,57.24527744193349],[-3.716608534312119,57.24493761860999],[-3.716691542356684,57.2445983713679],[-3.721163189431963,57.23952796021615],[-3.723118131668833,57.2384129804199],[-3.72475290872132,57.23655873023937],[-3.725156391339081,57.23632857400865],[-3.725497182143492,57.23613417549155],[-3.727131741530555,57.234279895286924],[-3.727519514391424,57.23405867160565],[-3.727928121675856,57.23359509711084],[-3.728300212786365,57.233382811114225],[-3.729117382535143,57.232455655823685],[-3.729908530466114,57.23200425501839],[-3.730317085132457,57.23154067292367],[-3.730720478634909,57.231310499256374],[-3.731123867114906,57.23108032432152],[-3.731527250572522,57.230850148119096],[-3.731930629007839,57.23061997064921],[-3.732334002420936,57.23038979191183],[-3.732737370811894,57.23015961190702],[-3.733140734180795,57.22992943063482],[-3.733544092527713,57.229699248095244],[-3.733947445852734,57.229469064288345],[-3.734350794155932,57.229238879214144],[-3.737455815123454,57.22746674678437],[-3.7378591191968,57.227236550470295],[-3.738262418248271,57.22700635287702],[-3.738665712277947,57.22677615400458],[-3.739069001285908,57.22654595385302],[-3.739472285272232,57.226315752422366],[-3.739875564237001,57.22608554971265],[-3.740278838180296,57.225855345723936],[-3.740682107102194,57.225625140456216],[-3.741085371002775,57.22539493390954],[-3.741488629882121,57.225164726083975],[-3.742321380544832,57.22491983298967],[-3.742708963795394,57.22469856308342],[-3.751817033041787,57.22201946658609],[-3.75183939198963,57.22201722447355],[-3.752633985150254,57.221783449226336],[-3.762821625698379,57.2207613378914],[-3.763649191317906,57.22074971506909],[-3.773920601732101,57.22148448764475],[-3.783271740466574,57.223904377936115],[-3.790788205683124,57.22777280370462],[-3.791240330150746,57.228224314689264],[-3.792498096324281,57.228871494649795],[-3.797444554228356,57.23381009175017],[-3.799335629686008,57.23933586906866],[-3.799357507073033,57.23978479120154],[-3.798936028857313,57.24152368153796],[-3.799504945953242,57.24209144393323],[-3.801396784957401,57.247617180378995],[-3.801462516229381,57.248963943383416],[-3.800111781320625,57.25453615545726],[-3.795649248818538,57.25960930703784],[-3.79258688127652,57.261358581415784],[-3.797960912893379,57.25977675213574],[-3.808157764476412,57.25875092751918],[-3.808571966621025,57.258744965519845],[-3.815582231071334,57.25924343662309],[-3.817775884613316,57.30375500182248]]],[[[-3.833161761833743,57.61234894779417],[-3.825780395496547,57.61183058698063],[-3.825337958576019,57.61171754108],[-3.824096329919565,57.61163029836412],[-3.814642617761272,57.60921414450425],[-3.807044293445461,57.60534779379092],[-3.802045224352141,57.60041009823841],[-3.801816631221664,57.59974933398861],[-3.801582730237421,57.599518261029914],[-3.801354149139567,57.5988574957579],[-3.801120256750213,57.598626421906864],[-3.800136785046332,57.59578311632569],[-3.798924252523485,57.595800388579256],[-3.788546860300487,57.59506828919829],[-3.78079620948533,57.593083883637405],[-3.778777559086783,57.594226230571586],[-3.769579135419985,57.59690765069527],[-3.759286876124879,57.597930832968],[-3.758450755034315,57.59794247360284],[-3.748073457883357,57.59720705920837],[-3.745601146140153,57.59657322619017],[-3.745532825753961,57.596568380172044],[-3.736088014063964,57.59414633827983],[-3.735280521461247,57.59373440079648],[-3.732690394962585,57.59306998081582],[-3.732261701359996,57.59285125899995],[-3.725103910806584,57.58919870304575],[-3.724675309056796,57.588979954715455],[-3.719689450590928,57.58403899211096],[-3.719685284390874,57.584026863222626],[-3.719250346465888,57.58359576683185],[-3.719246180467601,57.58358363792681],[-3.718811253227096,57.583152539922416],[-3.718695674396041,57.582816017596656],[-3.71836158477103,57.5824848545271],[-3.718357419310613,57.582472725610366],[-3.717922521847238,57.582041625212405],[-3.717918356632029,57.58202949628127],[-3.717483472521011,57.58159839440192],[-3.715585949805309,57.57607173209735],[-3.715564811970069,57.5756228159263],[-3.71693927002778,57.570051670445295],[-3.721449755340391,57.56498128837529],[-3.721856842880628,57.564751133766514],[-3.728653868751542,57.56090769784926],[-3.729060867492948,57.56067752047111],[-3.738253239847384,57.55799906618764],[-3.73948283208806,57.55787695899336],[-3.739912967605227,57.55775159618071],[-3.741142545790819,57.557629472911735],[-3.741572672678703,57.55750410449792],[-3.751854120595343,57.5564823998724],[-3.752975867691752,57.55646682770514],[-3.755601613953517,57.55620573349349],[-3.758107120694805,57.5561708635364],[-3.768472915913115,57.55690550693834],[-3.777257704542188,57.559157943643406],[-3.785002498289738,57.55689745524268],[-3.792311044255919,57.55616866191374],[-3.792485944517332,57.5561175907085],[-3.793715284086246,57.55599495729259],[-3.794145208493644,57.55586941110977],[-3.794771152292753,57.55580696245973],[-3.795386879964187,57.555627149883364],[-3.805666221251412,57.554601079180465],[-3.809424214227307,57.554547264200494],[-3.819790502155947,57.55527768397776],[-3.820614072049786,57.555488485772955],[-3.820636822843175,57.55549008769672],[-3.82769949459828,57.557297532264776],[-3.830354683172074,57.556521232108054],[-3.833161761833743,57.61234894779417]]],[[[-3.699580795956956,57.26739172850942],[-3.6984994120927,57.26861615070395],[-3.698410187314889,57.26897983938627],[-3.693931907980443,57.27404945386092],[-3.693543516932313,57.27427057586113],[-3.693134035916027,57.27473404050936],[-3.692745632781322,57.274955160162484],[-3.692336133923638,57.275418622467086],[-3.687612048889319,57.27810769255438],[-3.684334974454052,57.281815225007534],[-3.677179917697416,57.28588618874806],[-3.668050643562884,57.28855995910514],[-3.666230565413323,57.288740893527816],[-3.665987966492082,57.288811926291444],[-3.65577873219972,57.28982628666792],[-3.654949569749028,57.289837207026935],[-3.644661299337971,57.289092803852945],[-3.635302476421569,57.2866626638515],[-3.629943367199463,57.283896556281675],[-3.629912862388937,57.28389434385592],[-3.620556300412054,57.28146309300631],[-3.613046518787742,57.27758448903024],[-3.608118713325805,57.27263857979163],[-3.607887560747378,57.27195314491563],[-3.606797288681731,57.27085862798041],[-3.606683775106022,57.27052197607841],[-3.606353584029739,57.27019048014251],[-3.606130662397935,57.26952930895484],[-3.605900123175419,57.269297848502845],[-3.605660852795959,57.26858814195798],[-3.603711215107184,57.266630523603204],[-3.60184799029057,57.26110170989549],[-3.601828503145618,57.260652744722385],[-3.60320946738215,57.2550825403336],[-3.607698039100449,57.25001609941526],[-3.608102403166535,57.2497863151891],[-3.614853957218227,57.24594906533626],[-3.615258232745116,57.24571925843572],[-3.616092294813618,57.2454751959739],[-3.616480855249695,57.24525431141803],[-3.616885113029233,57.24502449934704],[-3.626007435726855,57.242354456011164],[-3.636204376068124,57.241342556804646],[-3.637446492154154,57.241326366747295],[-3.638277723057016,57.24138667457334],[-3.639102644891766,57.24130476090675],[-3.63993072038401,57.241293949801886],[-3.650205522710893,57.24203880547826],[-3.654283489454714,57.24309855378249],[-3.654396242991496,57.24310671892575],[-3.654973998578099,57.24325684498617],[-3.656582743149968,57.2430968811791],[-3.657824907798243,57.24308049019012],[-3.663774499113898,57.243511021578044],[-3.664470001418459,57.24344181776504],[-3.6661262296042,57.24341985639342],[-3.676402153143895,57.24416257608534],[-3.685752805351293,57.246589716045534],[-3.693263778809452,57.2504639871006],[-3.693714995908197,57.250915852343276],[-3.694122948736185,57.251126238730485],[-3.699059301850149,57.25606874597884],[-3.700936835125499,57.26159605422543],[-3.7009471831767,57.26182052612669],[-3.699580795956956,57.26739172850942]]],[[[-3.657750426862714,57.32365358775025],[-3.657358697680146,57.32409578081666],[-3.657355680226596,57.32410800652213],[-3.656663008325229,57.324889881903076],[-3.656576261461345,57.325241314914614],[-3.656366136004312,57.3254784905304],[-3.65620168637963,57.32614467902644],[-3.655026338182209,57.32747123944272],[-3.655017282771192,57.32750791635391],[-3.654983880490635,57.32754561434595],[-3.654995113217832,57.327795400321804],[-3.653619508512308,57.33336609293326],[-3.653437436043937,57.333571537012695],[-3.65361750243446,57.334102526060036],[-3.653647769088649,57.33477595015057],[-3.652271719447302,57.34034662789264],[-3.64777854544197,57.34541462526095],[-3.647373391566295,57.34564453819361],[-3.646968232622982,57.34587444985028],[-3.646563068611956,57.346104360230825],[-3.646157899533129,57.34633426933522],[-3.64060716472026,57.349483559759925],[-3.640201921142932,57.34971345010316],[-3.639796672533949,57.349943339003744],[-3.639391418863124,57.350173226580964],[-3.638986160122237,57.35040311286947],[-3.638149885206123,57.350647334872875],[-3.637760355008707,57.3508682881986],[-3.62861212106962,57.353539269539354],[-3.628589674483831,57.35354149012637],[-3.627791451065956,57.35377449495609],[-3.627769004285268,57.353776715398034],[-3.626970770528158,57.35400971508755],[-3.61674235459845,57.355020996656286],[-3.615911707522417,57.355031667414266],[-3.614661051144508,57.354941001617775],[-3.61341976280894,57.35506364680649],[-3.612173788493524,57.35507961800657],[-3.610363215111871,57.354948302537665],[-3.605953703509924,57.35538376837521],[-3.604292383574364,57.3554049620996],[-3.593986696424025,57.35465651262518],[-3.584614382079119,57.3522226946105],[-3.57953157560987,57.34960009129845],[-3.57867489476256,57.34937751639679],[-3.571155504151464,57.34549649734663],[-3.566224038868208,57.34054901450109],[-3.564362437866224,57.33501968787927],[-3.564343348087587,57.334570719096064],[-3.565732522066667,57.32900093310617],[-3.567212938579813,57.32733571683988],[-3.567306639561863,57.326959893649885],[-3.571808736097961,57.32189471311327],[-3.572619473463812,57.32143536928805],[-3.573835541561228,57.32074634378917],[-3.574225143219461,57.32052558713317],[-3.574636626480285,57.32006250301426],[-3.575026216116011,57.31984174388484],[-3.575437681746875,57.31937865714242],[-3.575764286138026,57.31919358078119],[-3.577821429298799,57.31687812145051],[-3.580253027008087,57.31549995904765],[-3.584993528994462,57.31281274492268],[-3.587424590181431,57.31143444696131],[-3.596279715017374,57.30884990000479],[-3.597346990719777,57.30764738807655],[-3.604515132120941,57.30358090970967],[-3.613652802860059,57.30091170945743],[-3.623866308153292,57.299900749718084],[-3.625525108055838,57.29987931182265],[-3.635816031002932,57.30062527000043],[-3.645178467347411,57.303055342997],[-3.652696843647805,57.30693196225685],[-3.657635284654121,57.31187604398292],[-3.659509619938668,57.317403944328994],[-3.659519737834092,57.31762841896919],[-3.658145163869624,57.32319916777747],[-3.657753444151144,57.32364136203567],[-3.657750426862714,57.32365358775025]]],[[[-3.620068692783955,57.63340231225118],[-3.617913114495632,57.63402661102386],[-3.616533185928346,57.63556904298343],[-3.619184706479484,57.63625139729119],[-3.619613240686606,57.63647050485523],[-3.620041780033634,57.63668961097279],[-3.620470324520641,57.63690871564373],[-3.626769895588976,57.640129067353705],[-3.627198520775306,57.64034814931066],[-3.627627151102784,57.64056722982037],[-3.628055786571482,57.640786308882866],[-3.630332634617795,57.643046567721974],[-3.631535438125758,57.643661228404895],[-3.632446303235743,57.64456531137924],[-3.632841711354772,57.64476735649856],[-3.633034309253361,57.64495850988262],[-3.633399670621388,57.64505245582248],[-3.633828394332282,57.64527151516985],[-3.634240470548685,57.64548206447866],[-3.635104497318044,57.64570421686009],[-3.635533239424416,57.64592327011507],[-3.63596198669518,57.646142321886025],[-3.63637408553482,57.64635286390205],[-3.637238146397626,57.64657500123343],[-3.638095681956067,57.64701309152631],[-3.638524457482363,57.64723213444643],[-3.638936583480365,57.6474426679552],[-3.639800685709349,57.64766478755435],[-3.64739046437838,57.651541203071396],[-3.65237592144917,57.65648503711592],[-3.654268276892116,57.66201267449854],[-3.654309175337706,57.66291053192956],[-3.652921804717555,57.668481035943216],[-3.648389046539881,57.67354903758403],[-3.641153688265686,57.677618143345455],[-3.631923884353919,57.680289654255326],[-3.621603894231,57.681301737979375],[-3.620346734856907,57.68131784331707],[-3.613063968445595,57.68079500551315],[-3.611107596108518,57.680986633368654],[-3.610269492993937,57.68099730249352],[-3.599871177046615,57.6802498133915],[-3.599751144010352,57.680218940879364],[-3.594822904423984,57.67986435323312],[-3.585366220482476,57.67743109015792],[-3.584937403657624,57.67721186800598],[-3.577777535969896,57.67355096150765],[-3.577348809661427,57.67333171322755],[-3.576864690708719,57.67285066291149],[-3.576677458091689,57.67290475096706],[-3.574186692030772,57.67314802671202],[-3.572516965944721,57.67363031487874],[-3.572486362672207,57.67363330315373],[-3.572230486841421,57.67377690538281],[-3.562996498389253,57.67644341213998],[-3.562300113629048,57.67651134991583],[-3.559263987326526,57.67738784005212],[-3.559241336546262,57.67739004913437],[-3.558435584654742,57.677622639755505],[-3.558412933674408,57.67762484869077],[-3.557607171153177,57.677857434101774],[-3.554510108368725,57.678159398276954],[-3.553026690243917,57.678587519267204],[-3.542704881419546,57.67959317715732],[-3.541447733748173,57.679608498428365],[-3.531051134990214,57.67885534082659],[-3.521598883852109,57.67641728995277],[-3.514017167233122,57.672533302500995],[-3.510837114316229,57.669365975725384],[-3.510525283261479,57.66920617270372],[-3.510071041659752,57.668753689307465],[-3.509659412633769,57.66854273422166],[-3.504691608367124,57.66359320929901],[-3.502821896113373,57.6580632405637],[-3.50271976824982,57.655593980258054],[-3.504129774847311,57.65002508094231],[-3.505286574169662,57.648738070811895],[-3.506046633580218,57.645735069693316],[-3.506288427396143,57.64546601727418],[-3.506790924716063,57.643480309328275],[-3.511339877609174,57.63841735044914],[-3.511749124474296,57.6381878691269],[-3.518582186762353,57.63435567611615],[-3.518991342148734,57.63412617168554],[-3.520122289378487,57.633799783051174],[-3.520555171822071,57.63208606234813],[-3.522659085018746,57.62974267455267],[-3.52292522445364,57.62868867673229],[-3.524023005477078,57.62746576270609],[-3.52411478738942,57.62710220704576],[-3.528659311398988,57.62203862963726],[-3.529068265333984,57.62180909284285],[-3.533022805852666,57.61958928068888],[-3.532091067799005,57.6168365990833],[-3.532072171799679,57.61638764355801],[-3.533476314706546,57.61081840151917],[-3.534176969069067,57.61003720593642],[-3.534265527987678,57.60968586512679],[-3.538806506926106,57.60462192463905],[-3.539623892927712,57.60416278537248],[-3.546039057828581,57.60055869613898],[-3.546856260826944,57.600099510678625],[-3.552645904856803,57.59842528398771],[-3.552977976542602,57.59710472899166],[-3.553373853950063,57.59666286240432],[-3.553376927295673,57.59665063947155],[-3.557913651093828,57.5915860291349],[-3.565141496766083,57.58752173003908],[-3.574352856707042,57.58485518519365],[-3.583128268050815,57.58399586002932],[-3.591769290581693,57.581492587591526],[-3.594768032614599,57.58119855239884],[-3.598234926676723,57.57924653901461],[-3.607441737970612,57.57657755508681],[-3.607464322956258,57.576575337622955],[-3.608267530014355,57.57634244326059],[-3.608290114800196,57.57634022565037],[-3.609093311253339,57.5761073261027],[-3.61938385821974,57.57509636925257],[-3.620506257021659,57.57508196716196],[-3.623134340847258,57.574823607830936],[-3.625641304079665,57.574791351433106],[-3.62697765922801,57.57488748045101],[-3.633559866507979,57.57423994144669],[-3.634813322109615,57.57422371606668],[-3.645181986512478,57.57496841870961],[-3.646005016434946,57.575180358233055],[-3.64602777245089,57.57518199149256],[-3.655461725148998,57.57761078094212],[-3.655889775736815,57.5778297660221],[-3.663038371141458,57.5814862778333],[-3.663466514653383,57.58170523666151],[-3.668444360111931,57.586648451412636],[-3.670335248351796,57.59217585928058],[-3.670349376042229,57.59248393448427],[-3.671315472588526,57.59530728151626],[-3.671336074441057,57.59575620762708],[-3.670689818015622,57.5983605719017],[-3.671967526822541,57.599628619725834],[-3.67385966363666,57.60515595533566],[-3.673890623225767,57.60582934279787],[-3.673750841153885,57.606392693437826],[-3.673942225605289,57.60695165505331],[-3.673952546540874,57.607176117477195],[-3.672570124143501,57.612746770601426],[-3.668046910276925,57.6178153954691],[-3.660824733959938,57.62188557315596],[-3.652456621641454,57.62431303839205],[-3.65124239138066,57.62567238847105],[-3.650834173810841,57.62590231931514],[-3.644016777495538,57.629741625283664],[-3.643608468996072,57.62997153177856],[-3.634390878276266,57.63264315820792],[-3.624084458671156,57.63365539606819],[-3.623665955207312,57.63366077210882],[-3.620068692783955,57.63340231225118]]],[[[-3.481635924247837,57.72076994116041],[-3.481613083669343,57.72076827852409],[-3.48078767614295,57.72055527543429],[-3.4807648357372,57.72055361264446],[-3.479939438065064,57.72034060399418],[-3.479916597832063,57.72033894105085],[-3.479102450213899,57.720128827733916],[-3.476359234831513,57.71992905062992],[-3.473916321965024,57.72016535816173],[-3.472238192441357,57.72018488116346],[-3.469964729121533,57.72001919333295],[-3.466444429644036,57.721986236611855],[-3.466033955980754,57.72221557753947],[-3.465187972900768,57.72245868081378],[-3.464793430045846,57.72267910989066],[-3.464382938062871,57.7229084455289],[-3.457614535441169,57.72485302722873],[-3.456920985661673,57.72524039618626],[-3.447665324244972,57.727898558688736],[-3.437326442892323,57.72889568215612],[-3.436067525131046,57.728909963614775],[-3.431923119930317,57.72860676159889],[-3.42516568911758,57.72925769705217],[-3.42432639803275,57.72926713876124],[-3.413917836560476,57.728504412736314],[-3.404460339558763,57.72605765857382],[-3.404032025982345,57.72583782362395],[-3.403603717581378,57.725617987193075],[-3.403175414355791,57.72539814928123],[-3.396880641231916,57.72216667717683],[-3.396452424662691,57.72194681571423],[-3.39602421322237,57.721726952795755],[-3.395596006910878,57.72150708842145],[-3.39467052556847,57.720582783641774],[-3.394489053569755,57.7206348036164],[-3.39446636563009,57.72063698331342],[-3.393658596026877,57.72086852987852],[-3.393635907891336,57.720870709426656],[-3.392828127845986,57.72110225068566],[-3.392198628277457,57.72116271760489],[-3.391578094130063,57.72134057712484],[-3.391555405573873,57.721342756300054],[-3.390747601855511,57.72157428426972],[-3.39072491310346,57.721576463295975],[-3.389917098943187,57.72180798595908],[-3.38928758227002,57.72186843839926],[-3.388667021916589,57.72204628363362],[-3.388644332743936,57.722048462286935],[-3.38783649491147,57.722279971659546],[-3.387813805542973,57.72228215016396],[-3.387005957268821,57.72251365422954],[-3.386983267704486,57.72251583258505],[-3.386175408988688,57.72274733134345],[-3.385545869779133,57.72280776517215],[-3.384925275199486,57.722985592042605],[-3.384902585214604,57.72298777002514],[-3.384094707539455,57.7232192559343],[-3.384072017507759,57.72322143378225],[-3.383264129878529,57.72345291451257],[-3.383241439648514,57.723455092213015],[-3.382433541443849,57.723686567710864],[-3.381803983683245,57.72374698341055],[-3.38118335862756,57.723924792491744],[-3.381160667971695,57.7239269698222],[-3.380352745793276,57.72415843219726],[-3.380330054939106,57.72416060938018],[-3.379522122185488,57.72439206652234],[-3.378892547108163,57.72445246786221],[-3.37827189551304,57.724630262842346],[-3.378249204233068,57.7246324396552],[-3.377441247704154,57.72486388359276],[-3.377418556229539,57.724866060256275],[-3.376610589302806,57.725097498856556],[-3.37658789763155,57.72509967537115],[-3.376365890675074,57.725163266819436],[-3.374588751640821,57.7271268485858],[-3.374177647914851,57.72735589263823],[-3.367312053566813,57.73118039586659],[-3.366900858008545,57.73140941646446],[-3.366054009683275,57.73165185844144],[-3.36483633953254,57.73233000915185],[-3.355572243151344,57.734981462644576],[-3.345228917676375,57.735971077475455],[-3.344809188746724,57.73597553411614],[-3.339191131682103,57.735560434492406],[-3.330966318119591,57.73634632069972],[-3.330126846409419,57.7363551387984],[-3.321310646300819,57.73570259661653],[-3.321295079021371,57.73571125426128],[-3.315364037447284,57.737406107056344],[-3.313006298904135,57.73871698612473],[-3.303736746811395,57.74136465608452],[-3.302476744001852,57.741484703823836],[-3.301234094811122,57.741839544772404],[-3.290887270892974,57.74282473460954],[-3.290467453260585,57.74282901173832],[-3.289835825949877,57.74278208945316],[-3.289207999649872,57.74284183477886],[-3.286689089220954,57.74286744330366],[-3.28563638452557,57.7427892063005],[-3.284589993729726,57.74288874548163],[-3.28291071391086,57.74290576213886],[-3.272501246298617,57.74213141535002],[-3.272250092394783,57.74206613026874],[-3.270394299854421,57.74192798279797],[-3.268936168907343,57.741548913044944],[-3.268279509452189,57.74150001548471],[-3.258828479412481,57.739042363599424],[-3.258400896096515,57.7388220338048],[-3.251261644957681,57.735142631610756],[-3.250834153544244,57.734922275924305],[-3.245892368596289,57.729962566236146],[-3.244058468303869,57.72442872049482],[-3.244050757117557,57.72420421839909],[-3.245502882817227,57.71863807316135],[-3.245810861233636,57.71829936938433],[-3.245899265054053,57.71796043983926],[-3.246103732967256,57.71773556654644],[-3.244970085370697,57.714313749314094],[-3.244954662518125,57.71386474415026],[-3.24640631623178,57.70829857662548],[-3.250999631070213,57.70324484229036],[-3.251411253505,57.70301619553877],[-3.254228519385301,57.70145115548435],[-3.255907677670095,57.69960298319337],[-3.256319230186168,57.69937432055282],[-3.257553856470186,57.69868832464093],[-3.263190786145252,57.69555579168748],[-3.263602246450683,57.695327105482534],[-3.264836596111472,57.694641038881215],[-3.274097246019108,57.69199622967608],[-3.284430116871197,57.69101246390765],[-3.285268555881116,57.6910039530623],[-3.285637487056538,57.691031415705424],[-3.286634393704349,57.69074651384306],[-3.293120865099725,57.690128369824066],[-3.293194366375918,57.69008747634074],[-3.302451728497548,57.687440601079125],[-3.308937299015805,57.686821658616466],[-3.309010775111075,57.68678075616512],[-3.311888121048185,57.685178896746955],[-3.314558529646135,57.68441486907711],[-3.314385898609594,57.6844166618295],[-3.303992684917851,57.68364481621585],[-3.294554455730498,57.68118975755779],[-3.294127347732135,57.68096954486169],[-3.292501912707404,57.68013144771471],[-3.288188226066973,57.67900890986164],[-3.280630984337152,57.67511085814961],[-3.28017953660754,57.674657541252046],[-3.280067412475521,57.67459969637968],[-3.278245858645024,57.67365991582786],[-3.277645610282015,57.6759716551163],[-3.274722978252824,57.67919304631423],[-3.274442942807993,57.680270979157335],[-3.269855761685057,57.68532555684861],[-3.269444454479122,57.68555426297579],[-3.269065094430233,57.6857652012264],[-3.268226184622059,57.68668937625322],[-3.260945420925869,57.69073685695169],[-3.257540017821436,57.69170913320041],[-3.256691346884282,57.69264350305891],[-3.249408087692002,57.69669032135747],[-3.240144416752854,57.69933332930437],[-3.229807935906064,57.70031349579313],[-3.22771125397498,57.70033384727459],[-3.217315155415138,57.69955491396018],[-3.21649178681137,57.699340180496726],[-3.21646897187673,57.69933846992012],[-3.207032498612229,57.696876882990644],[-3.20660573511964,57.69665637394759],[-3.206178976791388,57.69643586344351],[-3.19948017367491,57.692973979030086],[-3.199053502222419,57.692753444072906],[-3.198626835978605,57.69253290764256],[-3.197725560684109,57.69162568363242],[-3.196905419370722,57.69120173263217],[-3.196478785001942,57.690981188772824],[-3.191550642960512,57.68601927706142],[-3.19143961515396,57.68568226374456],[-3.191109373362683,57.685349698891656],[-3.190665299472457,57.684001643161764],[-3.189344458099059,57.68267136962033],[-3.189340457509573,57.68265922293688],[-3.188910619449396,57.68222629131419],[-3.188894617905298,57.68217770452798],[-3.187175371275866,57.68044596261919],[-3.186743501324258,57.67913433159412],[-3.186712242915864,57.67910284261053],[-3.184890215559135,57.673568058381036],[-3.184875571696372,57.67311904057402],[-3.186335047306481,57.667553501533966],[-3.190931711391536,57.66250191636638],[-3.191343257863592,57.66227346436286],[-3.191754799184542,57.662045011026954],[-3.19821472171004,57.65845845272753],[-3.198626177027013,57.65822997714747],[-3.19903762695332,57.658001500566954],[-3.200730165875815,57.65751884795318],[-3.201109632746004,57.657308115036585],[-3.20302579370778,57.656761639137315],[-3.200793362768914,57.656593794007044],[-3.196681972967889,57.65551952242461],[-3.196568040306713,57.655510951241396],[-3.187144298169866,57.65304784758495],[-3.186718171677723,57.65282726996908],[-3.186292050354983,57.65260669088332],[-3.179603249911468,57.64914373043335],[-3.179177215645681,57.64892312698491],[-3.178751186525304,57.64870252207891],[-3.173831241916653,57.643739907426195],[-3.173827250935606,57.64372776026018],[-3.173398062175189,57.64329477529796],[-3.171579913057632,57.63775980722888],[-3.171572682389654,57.63753529811937],[-3.173032814768384,57.63196993104038],[-3.177626881514223,57.62691883866053],[-3.178828610757972,57.62625135559932],[-3.179668423606558,57.62532776916384],[-3.180063650996066,57.62510822704154],[-3.18048353410411,57.62464643057276],[-3.180894720850944,57.62441801406855],[-3.181305902439474,57.62418959623372],[-3.181717078869782,57.62396117706837],[-3.182128250141946,57.623732756572466],[-3.182539416256049,57.62350433474603],[-3.182934607093272,57.623284783971435],[-3.18335443390382,57.62282297845824],[-3.183765582073415,57.62259455266356],[-3.190630402873067,57.61877997947018],[-3.191041460409103,57.618551530257726],[-3.200288257085348,57.61591216512714],[-3.200310891761239,57.61591002040998],[-3.201117586996638,57.61567971008584],[-3.211430867653284,57.614701961136916],[-3.211849220276937,57.61469795109912],[-3.212058988423399,57.614713724754814],[-3.212267572789983,57.61469393967712],[-3.213940981735357,57.61467788014716],[-3.221887638376402,57.61527504759984],[-3.224422332239081,57.615250518814754],[-3.23479435571767,57.61602895150976],[-3.235425471720895,57.61619382003089],[-3.236057049218636,57.616241189105374],[-3.245170183851797,57.61862126335118],[-3.246464384132629,57.61849815765743],[-3.243218202237881,57.61522904434008],[-3.241390944369961,57.60969509245892],[-3.241375638422822,57.60924608354073],[-3.242605994336793,57.60451782032584],[-3.241054311694795,57.59981689549063],[-3.24101607210995,57.598694371335526],[-3.242464081759007,57.593128215535906],[-3.242678415434784,57.59289172838677],[-3.242851545416975,57.59222608377828],[-3.247430889490817,57.5871724820051],[-3.24780935068124,57.586961610130075],[-3.248646504492873,57.5860375700277],[-3.249056821613122,57.58580893316473],[-3.24945119644727,57.585589175710346],[-3.249869742241716,57.58512715092182],[-3.251510908529516,57.584212579748815],[-3.257130741240273,57.581080361362766],[-3.258771564113849,57.580165701286404],[-3.262991798022587,57.578957064389236],[-3.263322296439874,57.57877279468035],[-3.272553753961733,57.576128193576054],[-3.272576359722249,57.57612603602421],[-3.273381722903249,57.57589526886582],[-3.283681831353537,57.57491167783518],[-3.284517607470219,57.574903182196856],[-3.294879485614683,57.57567668773776],[-3.304290316103942,57.57813179951375],[-3.311829798607008,57.58202848857852],[-3.316759990451121,57.58698572352103],[-3.317087547099475,57.58797214577308],[-3.317218571339372,57.58810386235867],[-3.319056216535706,57.59363670678866],[-3.319072470077478,57.59408570465153],[-3.31847805130627,57.59638972962923],[-3.322691207578186,57.60062337468541],[-3.32269524318232,57.60063551708449],[-3.323125688846633,57.60106799323757],[-3.32323766501156,57.601404889393],[-3.32356833729469,57.601737108958595],[-3.324248336681075,57.6037827660493],[-3.327093758417553,57.606640978327604],[-3.328141119611802,57.60979027233717],[-3.331398100753354,57.610638209707034],[-3.338947274924629,57.61453327610846],[-3.343885612467329,57.619489462578265],[-3.344156830332505,57.620303598012555],[-3.345591420340557,57.62104342501181],[-3.346842320454576,57.6216884850754],[-3.351361572632005,57.6220232682998],[-3.360788143894641,57.624474206646234],[-3.368343304091982,57.62836752210025],[-3.371959294400725,57.63199147794509],[-3.372680608165245,57.6323630309731],[-3.373584747426302,57.6332689956486],[-3.373978596947263,57.633471853220385],[-3.378924369079297,57.638426563455454],[-3.380774087842711,57.64395840298188],[-3.380791637111217,57.64442057234775],[-3.38220928359904,57.64865898333223],[-3.382260491392793,57.650005925624015],[-3.380831692303267,57.65557353403049],[-3.380433077162929,57.656014867313566],[-3.380429940838122,57.656027086136156],[-3.375860484756346,57.661085436053796],[-3.37545011745241,57.66131448459143],[-3.375039744997987,57.66154353180285],[-3.371804403783675,57.66334917325215],[-3.370550710800929,57.66473644137289],[-3.366525782046554,57.666982218444616],[-3.364435694849295,57.66929423894868],[-3.362825429827712,57.67019248571827],[-3.361989259949903,57.6711172719933],[-3.361594639616946,57.67133738008844],[-3.361176531365343,57.67179976956771],[-3.360765951002222,57.67202876973463],[-3.360355365482862,57.67225776851331],[-3.353909106130377,57.6758525332579],[-3.353498436684037,57.676081509034645],[-3.353087762171475,57.67631048345831],[-3.352242085669589,57.676552828748434],[-3.351847350092362,57.67677290546248],[-3.350155959355064,57.6772575703786],[-3.349777159733624,57.67746874632526],[-3.348085713241882,57.67795338284888],[-3.347706894794215,57.67816455266529],[-3.343089411815082,57.67948735908161],[-3.34940093034828,57.67888282917911],[-3.350239067389637,57.678873891488166],[-3.360631983741827,57.67964193341666],[-3.361455749111715,57.67985572762968],[-3.361478558384561,57.67985741210843],[-3.364465744921935,57.68063261920608],[-3.365812180188131,57.680503450488565],[-3.366650355252684,57.680494402359116],[-3.377044097947747,57.681261060804964],[-3.383051314455507,57.68281889505989],[-3.393064398495131,57.68355610589163],[-3.402509887418651,57.686003746923724],[-3.402937708831822,57.686223589230515],[-3.408166607941592,57.68891019915477],[-3.411084106039922,57.68807270652415],[-3.421412084639943,57.687077741792315],[-3.421831241088603,57.687073032237315],[-3.423105244033967,57.68716646690085],[-3.42624478016064,57.68686379401124],[-3.426549178816991,57.68677635795259],[-3.436876358882226,57.6857801358856],[-3.437714639082584,57.685770614123946],[-3.438135187743173,57.6858014062614],[-3.438552918749298,57.68576108680924],[-3.43897205838244,57.68575632106946],[-3.448141300130796,57.68642726230918],[-3.449443439062789,57.685699386623334],[-3.451133896529801,57.685213388564144],[-3.454383122303676,57.68339682634044],[-3.463627012598591,57.680738202388916],[-3.473951466784046,57.679738980275175],[-3.474789596957168,57.67972921433017],[-3.475853224411239,57.67980678645308],[-3.484819568365646,57.67893814341026],[-3.485238622052566,57.67893322533882],[-3.487893621309853,57.67912662376852],[-3.488181197356008,57.67912324190671],[-3.498577058480403,57.679879928230434],[-3.50802869794044,57.68231969715885],[-3.515611841239794,57.68620402577467],[-3.515792575324412,57.68638393748789],[-3.517864849155705,57.68691849913367],[-3.525450005850712,57.690802227982324],[-3.530424407835997,57.6957508849777],[-3.530428524174317,57.695763020238225],[-3.530862592905005,57.69619476808],[-3.532738618793604,57.701724264163765],[-3.532757593362881,57.70217321697723],[-3.531350115997911,57.70774245127663],[-3.52679545434245,57.712806172304106],[-3.52641731802656,57.71301787580003],[-3.525584375156403,57.71394372545314],[-3.518327104728063,57.718005885436064],[-3.509077841342917,57.720668511651255],[-3.498742758071332,57.721670641586016],[-3.498454845846986,57.72167404917373],[-3.495815204829137,57.721929849266324],[-3.494976107166949,57.72193975913298],[-3.49476559937551,57.721924458683795],[-3.494556558129479,57.721944711981834],[-3.494137008954476,57.721949663441045],[-3.483729151879355,57.721192677766396],[-3.483095069888841,57.72102906349528],[-3.482461341628385,57.72098293868957],[-3.481635924247837,57.72076994116041]]],[[[-3.439614911790547,57.01510882578801],[-3.432886681518047,57.018936614949844],[-3.432483714876292,57.019165832448856],[-3.429992987242113,57.01989429853325],[-3.429233952393926,57.02032600551155],[-3.42842793889088,57.02078441603234],[-3.426767338938471,57.0212700123111],[-3.424783451058505,57.02239818538834],[-3.424380396868509,57.022627377162145],[-3.418567631343489,57.02432668286004],[-3.418274121798736,57.02449354487503],[-3.409189868330378,57.02714834750395],[-3.399045135624621,57.02814155733738],[-3.397810004406876,57.02815535329302],[-3.387599156300194,57.02738950623563],[-3.378323062488287,57.024939759756165],[-3.370890606508939,57.02104621064778],[-3.369557216381641,57.01968701238597],[-3.367086943118421,57.01839256434097],[-3.362226596350988,57.013436564236436],[-3.361579665120686,57.0114637578873],[-3.361321429869931,57.01120037718499],[-3.360997999797014,57.01021397162568],[-3.360868888166741,57.01008228068347],[-3.359055109419756,57.00454948449951],[-3.359046920253681,57.004324969946715],[-3.360455316895122,56.998757162236615],[-3.364946672667382,56.99369926351641],[-3.365349786300647,56.99347026223238],[-3.372080464076344,56.98964607954082],[-3.372483489988859,56.98941705486881],[-3.374143400805969,56.98893217960566],[-3.374515099488239,56.98872094042018],[-3.383592549250765,56.98606867464807],[-3.383614789713373,56.986066498682995],[-3.384406712008168,56.985835064306684],[-3.392250504848194,56.985067327271246],[-3.393823407392004,56.98460749778861],[-3.403956491661951,56.98361476983557],[-3.405190148752169,56.983600920258276],[-3.41538936602879,56.98436539556085],[-3.416186947733185,56.98457601441133],[-3.424059361039001,56.98516544562541],[-3.433328465416435,56.98761185209788],[-3.433748355238555,56.98783164825116],[-3.440760621420257,56.99150170614071],[-3.441180598015681,56.99172147669874],[-3.446048468617931,56.9966743833163],[-3.447874712502047,57.00220585610498],[-3.447892158417184,57.00265486773006],[-3.446496696187339,57.00822358519368],[-3.442014735783473,57.01328435234833],[-3.441611885310664,57.01351359905554],[-3.440837465265359,57.013954280191044],[-3.440017791794001,57.01487958540165],[-3.439614911790547,57.01510882578801]]],[[[-3.415432966070174,57.24746370509028],[-3.417402697568547,57.24945572747788],[-3.417626137104957,57.250129388660866],[-3.418282776427157,57.25079338676715],[-3.420117967447794,57.256325041689955],[-3.420135239606128,57.25677404419654],[-3.418726545494655,57.262342352448755],[-3.41421045637052,57.26740215080565],[-3.40702814296329,57.27145785195677],[-3.397882581796063,57.274112078733054],[-3.397238314925904,57.27417472349681],[-3.395827301984591,57.27458412459148],[-3.38561428653923,57.275576581817106],[-3.385199814372395,57.275581152193496],[-3.37492068644759,57.274814653737344],[-3.365583028185475,57.27236436767684],[-3.365160280846469,57.27214436583005],[-3.358101765974998,57.26847044106928],[-3.357679108245793,57.26825041344223],[-3.355889869611099,57.26643807369796],[-3.355110293866062,57.26603218806852],[-3.354687682641158,57.26581215000972],[-3.354265076432581,57.26559211049611],[-3.350461846088881,57.263611689098965],[-3.345571052953023,57.25865535339339],[-3.345567048983628,57.258643210987884],[-3.345559878119215,57.25863594289416],[-3.34361166389756,57.25762105489178],[-3.338722588012875,57.25266444201965],[-3.33689975958327,57.247131540099524],[-3.336891632532308,57.246907030504744],[-3.338312147598656,57.24133957523784],[-3.342835596758984,57.236282450820575],[-3.343241474241121,57.23605351274218],[-3.350018288644586,57.2322303901903],[-3.350424076665179,57.23200142919907],[-3.359562759889345,57.229350666046884],[-3.369763746960722,57.22836037885018],[-3.370177691130762,57.22835586211871],[-3.380443749364666,57.229122817518295],[-3.381257511373843,57.22933653606505],[-3.381280042213519,57.229338218178775],[-3.383344083400774,57.229880262455424],[-3.384616898964376,57.229975258943135],[-3.393944990349075,57.23242418864069],[-3.39436744700021,57.23264409641128],[-3.399827021078233,57.23548568418923],[-3.401532950479516,57.235933299294466],[-3.401955492677308,57.2361531812529],[-3.40901207312146,57.23982467373995],[-3.409434704303642,57.24004452993963],[-3.414331518122841,57.24499836540594],[-3.414335543143643,57.245010505548194],[-3.414762840500825,57.24544270570965],[-3.415432966070174,57.24746370509028]]],[[[-3.25651423553924,57.48131418217314],[-3.255439219900599,57.481915020152265],[-3.256792111643504,57.48602255684137],[-3.256807533499725,57.48647157142207],[-3.255365668031028,57.49203796544525],[-3.252975276889388,57.49468365883421],[-3.252956281742688,57.49475695576269],[-3.252557848535311,57.495197900186376],[-3.252554682496976,57.49521011633195],[-3.251053225635477,57.49687166312143],[-3.250955863449632,57.497247252732386],[-3.250557378451877,57.49768818950397],[-3.250554211529027,57.497700405583736],[-3.245986230182409,57.50275416956509],[-3.238739346919278,57.506800337425545],[-3.231428088550002,57.50889637624854],[-3.240139620905125,57.51117881948676],[-3.247658387043866,57.51507950283064],[-3.252570728235286,57.520039380136105],[-3.254395006988798,57.52557326124956],[-3.254402713810038,57.52579776729049],[-3.252958980609244,57.531364097054905],[-3.248387201063179,57.536417903085194],[-3.245204364836102,57.53819365289265],[-3.242695726768804,57.54096569129488],[-3.238612816246573,57.543242907464695],[-3.238194597564765,57.543704896023016],[-3.237012595153218,57.54436405781779],[-3.23575781163971,57.54575000375377],[-3.235347856153596,57.54597859701691],[-3.228501410221496,57.549795574202406],[-3.228091361820928,57.55002414427693],[-3.218863329942405,57.55266550876934],[-3.208567781086604,57.55364380961655],[-3.207314821879232,57.55365579553425],[-3.196961000072745,57.55287502047972],[-3.187563850549365,57.550411798819376],[-3.186371624276228,57.549792880656014],[-3.182076623855716,57.54866663095697],[-3.17455783103003,57.54476202310594],[-3.169652647636395,57.53979907287103],[-3.169542283514197,57.53946203180392],[-3.169213580521612,57.53912939721862],[-3.169193692812921,57.53906865913234],[-3.16705436028699,57.536903563797246],[-3.165242674565386,57.531368365208145],[-3.165214024542144,57.53047030985341],[-3.166671045759343,57.524904934293446],[-3.167470616472654,57.52402359234016],[-3.167477010148359,57.52399916432651],[-3.167691435022395,57.52376280228512],[-3.16786562542661,57.52309724901021],[-3.17244692282869,57.51804631607041],[-3.172856969380025,57.51781792693277],[-3.173856246028602,57.517261328903466],[-3.173930514717907,57.5169773286805],[-3.178510216667182,57.511926175650906],[-3.180108668426133,57.511035534485856],[-3.172202867269061,57.51043693026081],[-3.162818305895585,57.507971760323024],[-3.155309981581749,57.50406594194052],[-3.150412934088987,57.499102184916545],[-3.14860571720768,57.493566696350165],[-3.148563421071398,57.49221959514212],[-3.14865190686941,57.491881918398704],[-3.148542274405195,57.491546044420474],[-3.148528175534614,57.491097009616965],[-3.148657137148937,57.49060484456016],[-3.14757453639309,57.48728779304605],[-3.147559643855895,57.48681302637765],[-3.144964559236176,57.4875550606371],[-3.134685255016858,57.48852723442275],[-3.133851413467803,57.488534727913716],[-3.12351753101028,57.48774779609446],[-3.114142025935908,57.48527895609641],[-3.113718304464745,57.48505811492444],[-3.106643531328345,57.48137017348547],[-3.106219900357939,57.481149306436436],[-3.101332560458288,57.476183569219415],[-3.101316768404602,57.47613496914274],[-3.099611451628653,57.47440193054636],[-3.099607504385026,57.47438978046429],[-3.099181200950596,57.473956517030366],[-3.099059848267324,57.47358295647525],[-3.097453571634614,57.47195032553248],[-3.097449625378633,57.47193817537748],[-3.097023376187878,57.47150490444253],[-3.096671254264213,57.47042066617828],[-3.094890642187027,57.46861051724091],[-3.092465358890319,57.46734511622155],[-3.092041975596417,57.46712420056801],[-3.087158473471562,57.46215791691264],[-3.085362717986795,57.45662147151924],[-3.08534941715365,57.45617242794733],[-3.085408742824001,57.455947338342206],[-3.085336116716262,57.45572338434221],[-3.08529621777849,57.45437625332758],[-3.085393523661481,57.454007044740294],[-3.084816035738954,57.453419491718876],[-3.083021103375478,57.447883020071146],[-3.083001201392011,57.44720945389349],[-3.083030864456273,57.44709690958627],[-3.082994567593415,57.44698493181727],[-3.082981300290051,57.44653588763936],[-3.083090643165484,57.4461210212957],[-3.082498546690848,57.444294242115994],[-3.082491916720691,57.4440697198991],[-3.083958285053806,57.43850521304698],[-3.084358145096463,57.43806479940898],[-3.08436136259454,57.438052587324364],[-3.088943728133084,57.43300462882073],[-3.096192723871371,57.42896706255393],[-3.105398729017178,57.42633472337053],[-3.106158788662564,57.42626293224057],[-3.111594330383792,57.42470816967953],[-3.11161685236326,57.42470604120987],[-3.112419915219973,57.42447630484734],[-3.1154767143697,57.42418735673906],[-3.116151993617976,57.42399414746571],[-3.116174514889717,57.4239920181834],[-3.116977533562125,57.42376225288901],[-3.12723915170761,57.4227915470603],[-3.128071496447819,57.422784099647075],[-3.138387086721291,57.42357069094212],[-3.147748291014084,57.42603775352589],[-3.148463247971891,57.42641061948427],[-3.155310703879135,57.428214486452696],[-3.16280334429736,57.432120382315205],[-3.163697283259915,57.43302791213984],[-3.164934645368166,57.433672791087666],[-3.169824809915722,57.438636069416795],[-3.171632445651785,57.4441713143313],[-3.171639624622395,57.44439583190304],[-3.171531294911703,57.44481077484164],[-3.172127859035313,57.44663713791497],[-3.172142224493292,57.447086172799835],[-3.170688999862751,57.45265169337423],[-3.170290028126357,57.453092378983946],[-3.17028683818343,57.4531045932246],[-3.166912871982104,57.45683084759768],[-3.168436060984064,57.461493928091826],[-3.168450389469382,57.46194296230489],[-3.167891560916726,57.46408167898871],[-3.168586531115352,57.466208785669735],[-3.168600863808357,57.46665781973231],[-3.16822942944898,57.46807922350428],[-3.168242195305845,57.46847926878157],[-3.170009408017371,57.46797328477057],[-3.180281972118118,57.46699825544668],[-3.180557904111709,57.46699567390155],[-3.181437056060665,57.46602458063305],[-3.181462554272047,57.465926864735486],[-3.181491573160576,57.46589480993653],[-3.181835727195804,57.464575865412876],[-3.186407843629144,57.45952439494082],[-3.189948350190781,57.45754830065431],[-3.193708722165171,57.4533917448313],[-3.194117914497814,57.45316328736259],[-3.200950074399127,57.44934818473204],[-3.201359176964541,57.44911970389603],[-3.210562577949988,57.44647970485893],[-3.220827996480678,57.44550139402835],[-3.221462635422558,57.44549524914656],[-3.23043804721075,57.442918572708656],[-3.240701912362494,57.44193860657794],[-3.241118287035613,57.441934506457585],[-3.251441620523283,57.44271177563156],[-3.260815299190877,57.445170352883714],[-3.268322647460407,57.4490698799741],[-3.273228851976078,57.45402903037028],[-3.273232854438102,57.45404117474882],[-3.273660971911126,57.454473838561576],[-3.275485092282111,57.46000749138646],[-3.275516372367337,57.46090552332716],[-3.274078359874911,57.46647216280909],[-3.273680488108138,57.46691317069947],[-3.273677331511621,57.46692538733655],[-3.273371686476761,57.46726416134871],[-3.273284100853834,57.46760311750605],[-3.271784715352322,57.469264900301376],[-3.271687638000992,57.469640505105644],[-3.267126076536817,57.474695023756915],[-3.259887093963096,57.47874238729407],[-3.259005391528891,57.47899557821955],[-3.257733830664744,57.48040368243299],[-3.257340624690764,57.4806234659991],[-3.256923344366621,57.481085519303846],[-3.25651423553924,57.48131418217314]]],[[[-3.050513705357794,57.07289506597311],[-3.040346661878437,57.073859294195195],[-3.038697573333253,57.07387297796951],[-3.028481277089377,57.07307788105039],[-3.027860339185293,57.07291193204208],[-3.027238274888567,57.07286348760788],[-3.017974301198203,57.0703870364497],[-3.016365795409939,57.06953662452864],[-3.012978497105056,57.06863080061327],[-3.012576411164433,57.06841818353766],[-3.011729619463261,57.06819171054997],[-3.011311297085735,57.06797049712224],[-3.010892979674368,57.067749282296575],[-3.00432666746544,57.064276347666905],[-3.00390843401741,57.06405510912548],[-3.003490205554326,57.06383386915046],[-2.998672198613947,57.05886366452173],[-2.996909771439159,57.05332550203139],[-2.996897734322762,57.05287641496965],[-2.998362093092382,57.04731254551165],[-3.002908531427323,57.04226749957305],[-3.003314404000929,57.0420396566068],[-3.00372027161825,57.04181181231048],[-3.004110369951799,57.04159281663407],[-3.004525930365304,57.04113157633883],[-3.005321862270844,57.0406847282227],[-3.005737397455895,57.04022348380926],[-3.006954881076641,57.03953992282352],[-3.007234598011812,57.03938286941818],[-3.010558283938366,57.03569282517635],[-3.010964037561354,57.035464957320855],[-3.011369786187481,57.035237088160486],[-3.017738792944991,57.03165970387351],[-3.018144458358863,57.031431812882474],[-3.018550119228331,57.0312039208217],[-3.027663454672874,57.028577365992476],[-3.029496261284837,57.02840359769486],[-3.030533427007402,57.028104589856454],[-3.040688249911081,57.027141201502864],[-3.041923512704201,57.02713092741041],[-3.042413136617554,57.027169049016514],[-3.048087171092753,57.02663029306265],[-3.048498918821164,57.02662684542439],[-3.05870286417183,57.02742036295887],[-3.06795879116929,57.02989384509523],[-3.068377017413927,57.030114870808625],[-3.075361510801634,57.03380546705706],[-3.075779824157138,57.03402646744647],[-3.080190908142562,57.03856760294483],[-3.080446791265917,57.03870275278329],[-3.085273061495513,57.04366979041542],[-3.085276956591638,57.043681941865216],[-3.085698097289992,57.04411529498254],[-3.087473279348389,57.04965216773357],[-3.087499537340264,57.05055031559258],[-3.086048407649473,57.05611517188315],[-3.085836129101028,57.05635140574243],[-3.085662558863585,57.057016891718426],[-3.081125598472994,57.06206489829756],[-3.073946154854528,57.06610162396587],[-3.064826960489426,57.06873155621459],[-3.061865334345703,57.06901290281063],[-3.061664023556818,57.06912602528429],[-3.060040769281903,57.07003814261183],[-3.059634943241168,57.07026616862125],[-3.050513705357794,57.07289506597311]]],[[[-3.002192270347418,57.55814939952434],[-2.995319048894225,57.56195383677921],[-2.994907397772226,57.56218165595515],[-2.985659269322413,57.56480606676361],[-2.985636653553327,57.56480817308014],[-2.985623091161386,57.5648120210095],[-2.985371276693797,57.56495133240162],[-2.97612176163419,57.56757506157636],[-2.976099143586367,57.56757716621569],[-2.975292083247766,57.56780604807755],[-2.975269465006719,57.56780815256886],[-2.974462394273704,57.568037029154496],[-2.97443977583944,57.56803913349778],[-2.973632694712063,57.56826800480707],[-2.973610076084583,57.5682701090023],[-2.972802984562897,57.56849897503506],[-2.96249628045939,57.56945728288946],[-2.961660551015415,57.56946365114364],[-2.96011674540368,57.56934428385865],[-2.95331497719121,57.5699760892056],[-2.952897105458104,57.56997924365419],[-2.942543987299797,57.56917764056801],[-2.933159693799969,57.56669548019063],[-2.927312299022931,57.563638147287215],[-2.923023613411206,57.56250309370537],[-2.915529564889628,57.558583045847186],[-2.910657606806804,57.55360999129825],[-2.909882033825684,57.55118830097987],[-2.90547252559198,57.54668555035516],[-2.905364572524982,57.54634827327819],[-2.905038203915829,57.546014948717186],[-2.903265670247682,57.540475907667194],[-2.903260112852157,57.54025137433693],[-2.904757375329138,57.53468888515069],[-2.904874638004613,57.53456091756597],[-2.906293492876936,57.529288094021986],[-2.907072197545081,57.528438110851354],[-2.90667992119438,57.528037298407305],[-2.906672142707824,57.528012986197844],[-2.905822837812186,57.5271451646835],[-2.904051127542397,57.52160611344167],[-2.904045569812021,57.52138157938918],[-2.905541976360881,57.51581906550678],[-2.910158613002224,57.51077748881621],[-2.910570220212395,57.51054994209043],[-2.91744270522021,57.506750049596434],[-2.91785422179147,57.50652247978549],[-2.927092627722292,57.503903023903696],[-2.937381921885899,57.502947643932224],[-2.937799033330111,57.50294454240235],[-2.938217057383,57.50297700164879],[-2.938633255962894,57.50293833520701],[-2.939884589272396,57.502929014075065],[-2.942118160772368,57.503102394765016],[-2.946969647101501,57.50265143007246],[-2.951140712304618,57.502620036019884],[-2.961475254295663,57.50342104560746],[-2.970845221597535,57.505901199821665],[-2.975076494127296,57.508114340229845],[-2.975499650114857,57.50833564686382],[-2.978334309596204,57.509818041147845],[-2.982566496091245,57.512030932830264],[-2.982989742996449,57.51225221412213],[-2.983435475991358,57.512706617102666],[-2.983842295769153,57.512919300630394],[-2.984265560746033,57.51314057759493],[-2.989142016315002,57.518110832011395],[-2.990926357553032,57.523648647358314],[-2.990934004284248,57.52393061330326],[-2.996744567330363,57.52696636432045],[-3.001624569441657,57.531936106290516],[-3.003411507319797,57.537473730912296],[-3.003420217748825,57.53779073374655],[-3.00689373464017,57.541326377862234],[-3.008681943654098,57.54686390536594],[-3.008694351564102,57.54731295561117],[-3.007212363999848,57.55287656931591],[-3.002603834289872,57.55792156001034],[-3.002192270347418,57.55814939952434]]],[[[-3.062006370664738,57.62413505897829],[-3.061581340091015,57.623914054071605],[-3.06115631462847,57.623693047640195],[-3.06073129427703,57.62347203968408],[-3.060306279036622,57.62325103020326],[-3.059881268907177,57.62303001919784],[-3.059031263980879,57.62258799261317],[-3.054131145637726,57.6176205878458],[-3.052332420160037,57.61208378325208],[-3.052312952768549,57.61141022227652],[-3.052342837223051,57.61129768640603],[-3.052306463828558,57.61118570193332],[-3.05228699758007,57.61051214084961],[-3.052854760001843,57.60837395802562],[-3.052163736011932,57.606246251593966],[-3.052157249853043,57.60602173098148],[-3.053634434452097,57.600457639769765],[-3.054036412668765,57.60001732426943],[-3.054039653892968,57.60000511310804],[-3.05864629908947,57.594958289840406],[-3.065930656822223,57.590922437957],[-3.075179625855024,57.58829224015297],[-3.085488657495219,57.58732483095993],[-3.086742827920787,57.587314055787104],[-3.08716194516727,57.58734602148286],[-3.087578941042968,57.587306865423216],[-3.087996997455484,57.58730326816669],[-3.098358378954607,57.588092992318934],[-3.101318458117567,57.588870792694735],[-3.10508142557938,57.58915728452595],[-3.106971682386027,57.58965384757321],[-3.1088645914635,57.58979788819442],[-3.118266690056471,57.592266973170126],[-3.118691691144488,57.59248779022117],[-3.12250042386574,57.59446650138874],[-3.123360122554836,57.59469216595117],[-3.124210248595865,57.59513376352511],[-3.130883835428857,57.59859977843277],[-3.131734144495294,57.59904132414023],[-3.136642260462181,57.60400569088962],[-3.136752523908735,57.60434275748167],[-3.137081527766656,57.60467547164202],[-3.137737875434091,57.606681662817834],[-3.147475202536604,57.607419512379806],[-3.156884437887818,57.60988565672624],[-3.15729335321151,57.61009776726181],[-3.158153633957978,57.61032318772763],[-3.165684297368298,57.61422864630938],[-3.170599093324459,57.61919161841349],[-3.172416123571364,57.6247266189456],[-3.172430588787706,57.62517563850299],[-3.170970628908676,57.630741009308984],[-3.166375150086849,57.635791860864],[-3.165963743393618,57.63602023086657],[-3.159093089502415,57.63983347958266],[-3.158681591415732,57.64006182601714],[-3.156143131426255,57.64078495320145],[-3.155779557643257,57.64098668312812],[-3.155368025667852,57.641215018838025],[-3.148598185571024,57.643143067877894],[-3.145433143774988,57.64489858873444],[-3.139229785683422,57.64666452645568],[-3.145038474801715,57.64967568503285],[-3.145464311943417,57.64989640414415],[-3.15038123492704,57.65486013008717],[-3.152197046193991,57.66039540676982],[-3.152204163701484,57.660619917407516],[-3.15130636861381,57.66403195173408],[-3.151956063322714,57.66601198525104],[-3.15197741601884,57.66668551782103],[-3.150512724988107,57.67225066884091],[-3.145909201935087,57.67730080945151],[-3.14549719835623,57.67752911527246],[-3.138616578233767,57.68134129176326],[-3.138204483367676,57.681569573957844],[-3.128936471992764,57.68420446784894],[-3.118601185635447,57.68517554895498],[-3.118538247118876,57.68517610516553],[-3.117653523785485,57.685427476524794],[-3.107317576657788,57.686397639270055],[-3.106059995485808,57.68640863488768],[-3.095670395661669,57.685619683796524],[-3.086245584231359,57.683149051953514],[-3.085819712089387,57.6829281325985],[-3.080791725547764,57.680319567079074],[-3.075285714777233,57.68083490433438],[-3.073609178938234,57.680849136604195],[-3.063221851913307,57.680057512738436],[-3.062780944798641,57.6799417978214],[-3.061538784559688,57.67984706826113],[-3.061468704695522,57.679828674876255],[-3.06058319710721,57.67983609861853],[-3.050196432791899,57.67904340725087],[-3.046855349080531,57.6781660422105],[-3.037853345025153,57.680717232994624],[-3.028616244802737,57.68157840598341],[-3.026574669716077,57.682156651309384],[-3.025922535595035,57.68221741093994],[-3.024491555664542,57.682622673669485],[-3.017894577533952,57.68323703360927],[-3.017803449427527,57.68333649390338],[-3.010495295989693,57.68736963174438],[-3.005405726775658,57.6888099209444],[-3.005088961349359,57.68898467082653],[-3.004240654388184,57.68922469699928],[-3.003843664817753,57.68944369369649],[-3.00299533891333,57.689683711519606],[-3.002598336847925,57.689902704304515],[-3.001749992000111,57.690142713777554],[-3.001352977159798,57.690361702711016],[-2.999656235439097,57.69084169991924],[-2.998449069425536,57.691507493268794],[-2.989168290608419,57.694132188981435],[-2.987840764857185,57.694255427748004],[-2.984167137209481,57.695294020899304],[-2.984121742805306,57.69529823326943],[-2.982502040794511,57.69575609491734],[-2.981872284334955,57.69581452225003],[-2.981250155325655,57.69599037446708],[-2.974260077285697,57.69663863581539],[-2.971370734591697,57.698230704302716],[-2.962086290812859,57.7008534181074],[-2.957001810588291,57.701324143425715],[-2.950402481942626,57.703187357718924],[-2.941611076813813,57.70400024695647],[-2.9375339947965,57.70843451893905],[-2.930211996292557,57.71246304925013],[-2.925965150714835,57.71366062886989],[-2.924390302761213,57.71452679432312],[-2.921841966973614,57.71524524308361],[-2.921476350145989,57.71544630432956],[-2.912183934989561,57.71806537728549],[-2.911553677327147,57.71812345607375],[-2.91093082856372,57.718298964217425],[-2.900579891263277,57.719252280248206],[-2.899321088369608,57.71926122476636],[-2.888926380533487,57.718455318559364],[-2.886234820022325,57.71774505782948],[-2.883798363478228,57.719083356053005],[-2.874502228576036,57.72169969692977],[-2.871418444747571,57.721982873299474],[-2.870736333019562,57.72217478516341],[-2.860383242874999,57.723124866687954],[-2.85996359658108,57.72312771867949],[-2.85716445882719,57.722909935829804],[-2.857020757476824,57.72292311313936],[-2.856732777214845,57.722925062808805],[-2.854088540204967,57.72316750057726],[-2.853249245181579,57.72317316146031],[-2.842854501025214,57.72236353120723],[-2.833437194893341,57.71987411826616],[-2.825920055127638,57.715948908991365],[-2.822377274058199,57.712337113925386],[-2.821945418745171,57.71237660355402],[-2.819847787663637,57.712390211792204],[-2.818022244675676,57.71224755120763],[-2.813559926171644,57.712655361370224],[-2.81020368380775,57.71267689541019],[-2.799812883497644,57.711863716640316],[-2.790401235568789,57.709371081962274],[-2.782890919787908,57.70544329440982],[-2.77801713027014,57.70046522080856],[-2.776256128042542,57.69492447165302],[-2.776251320307675,57.694699935418576],[-2.777774164598033,57.689139026478934],[-2.778180460900987,57.688699582983915],[-2.778183802511748,57.688687378864735],[-2.779397100323364,57.68737502528057],[-2.780222796694371,57.684358719626125],[-2.780222513311494,57.684345529270566],[-2.781744462999842,57.67878460811232],[-2.786398889368972,57.673747650207694],[-2.787227332893111,57.67329336737647],[-2.793729290035465,57.669727393640834],[-2.79455755024144,57.66927306360364],[-2.803846160114941,57.66666260081092],[-2.814184761100763,57.66571718295837],[-2.815022742078864,57.665711785102026],[-2.825400669745028,57.666523759601304],[-2.834803500225098,57.669013820270806],[-2.836043119269378,57.66966188387604],[-2.837762556464041,57.67011708242739],[-2.839459452499782,57.67100409366735],[-2.845271324121038,57.6740416077956],[-2.846968583428774,57.67492851644784],[-2.848918946759666,57.67691735569369],[-2.8492391859138,57.67700207982186],[-2.851344582146802,57.67810203256775],[-2.852204589652919,57.67832952989991],[-2.852612504973874,57.678542624352154],[-2.853472531139098,57.67877011311075],[-2.859435837575322,57.68188479976325],[-2.868948883928977,57.68262539036592],[-2.869579520024375,57.682792083821965],[-2.870211800485725,57.682841277847736],[-2.871032758829344,57.68305826598351],[-2.871055547632965,57.68306003882407],[-2.871365283525143,57.683141903203335],[-2.873726172913876,57.68332553746625],[-2.87492658766132,57.68266575466696],[-2.87577560503227,57.68242659279187],[-2.876173295298186,57.68220799608595],[-2.882116050036301,57.68053368571076],[-2.882830965399568,57.680140624849976],[-2.892115951527182,57.67752372237146],[-2.892161334722218,57.67751954300648],[-2.893781379370058,57.67706283711798],[-2.903306133374493,57.67618518012091],[-2.904622737331999,57.67475398612774],[-2.905445812911324,57.6743010859182],[-2.906461250514913,57.67054174479739],[-2.911097309333484,57.66550026111256],[-2.911510656911879,57.665272716402136],[-2.918412192813892,57.66147285209836],[-2.918825448629008,57.66124528349809],[-2.921091941882459,57.660605434535526],[-2.923070887774911,57.65845186303599],[-2.93038302818865,57.65442376187985],[-2.934622872119631,57.653226049482555],[-2.936194867624571,57.65235976208197],[-2.936607908739056,57.65213213539442],[-2.945881844568888,57.64951131094813],[-2.945904515500547,57.64950921168615],[-2.946713579077316,57.64928051958805],[-2.947342588508837,57.64922226898118],[-2.947964086566093,57.64904658497],[-2.958293798716868,57.648089452616304],[-2.959131341089774,57.64808310457772],[-2.960139961633334,57.64816092819653],[-2.961335446866281,57.647822821621666],[-2.961358115825363,57.6478207195944],[-2.962167043730108,57.64759192876683],[-2.972495955430676,57.64663363519721],[-2.973333460520529,57.64662719292489],[-2.977806234983198,57.64697174196473],[-2.979620783685665,57.64680322268868],[-2.980877044400284,57.646793486406075],[-2.990028051059438,57.64749767527844],[-2.990100081412729,57.64745791135425],[-2.99051272752456,57.64723011009081],[-2.99136015069362,57.64699017782195],[-2.991756756301701,57.64677122088807],[-3.001025306722779,57.64414637407158],[-3.002260301950745,57.644031439912176],[-3.002694000248763,57.643908585081746],[-3.004535138022027,57.64373720943227],[-3.004781386518554,57.64366744803682],[-3.015108024600089,57.642705680628424],[-3.016782832977002,57.64269222672356],[-3.027158500275053,57.64348768679938],[-3.027789171717865,57.64365359282202],[-3.028420975586371,57.64370199852381],[-3.029051656484993,57.64386789821457],[-3.029683465711685,57.64391629759009],[-3.031254137506024,57.64432942985813],[-3.03809924755,57.640545096744226],[-3.040630264228093,57.63777706848255],[-3.047925067610163,57.63374217001832],[-3.05718611321707,57.63111317490695],[-3.067507689092031,57.6301471162197],[-3.068763336329609,57.63013650910702],[-3.079136493539112,57.630927746898124],[-3.080778528073755,57.63135901562888],[-3.080824060240364,57.63136248609816],[-3.081211148649895,57.6314641473069],[-3.08057067933066,57.63113137390691],[-3.077129551366329,57.630227536600586],[-3.076704357831671,57.63000658236656],[-3.076411289430841,57.62985428529397],[-3.069529644190836,57.628046283973156],[-3.069104521487349,57.627825303393166],[-3.068679403898445,57.627604321324675],[-3.068254291424056,57.62738333776775],[-3.067829185176944,57.627162354333414],[-3.067404084287951,57.62694136973282],[-3.06655389792,57.62649939606323],[-3.062006370664738,57.62413505897829]]],[[[-2.847429765797628,57.07688477765229],[-2.847434887619009,57.07710932883065],[-2.845946814541771,57.08267144955382],[-2.841374142056953,57.08771081878992],[-2.839337264644274,57.0888474051974],[-2.834163632921149,57.09173385442363],[-2.832126323500722,57.09287032343692],[-2.822983368867252,57.09548268174977],[-2.82148547242979,57.0956219090897],[-2.821460751791995,57.09563569299785],[-2.812316363212302,57.098247270767466],[-2.8079772166828,57.098650125852885],[-2.803686451473749,57.09987498171836],[-2.793505532026893,57.10081918603568],[-2.793092934398857,57.100821796668384],[-2.782874395251915,57.100006666511966],[-2.777129272593466,57.0984582135356],[-2.772008324410295,57.098932152253724],[-2.771595745166934,57.09893469219781],[-2.771182427174602,57.098901664938616],[-2.77077058647532,57.098939768012535],[-2.770358007027141,57.09894230388314],[-2.760140464803783,57.09812533132955],[-2.750887907236713,57.09562913908269],[-2.750470825058676,57.09540705513916],[-2.750102347673795,57.095210848430995],[-2.74756495064803,57.094526092970774],[-2.74721269625674,57.09433850424186],[-2.743829671356372,57.09342540716861],[-2.736449847240931,57.08949421956071],[-2.731664145609698,57.08451374979163],[-2.73166036169694,57.08450158736205],[-2.73124288292603,57.08406704521758],[-2.730822974437756,57.082717233465154],[-2.729540300309905,57.081381988253014],[-2.72781687064649,57.07584004172098],[-2.727803678204662,57.0751663724416],[-2.729309175837564,57.069605634924784],[-2.733894849875186,57.06457034149816],[-2.734302615633456,57.06434337023183],[-2.741110974435098,57.06055307819469],[-2.741518652140566,57.06032608285546],[-2.750658740696072,57.057719667716164],[-2.760828973852789,57.056778940479724],[-2.761653197282063,57.05677393028458],[-2.763975740578878,57.05695989441048],[-2.766264014712427,57.05630687239728],[-2.767798928985898,57.05545147245767],[-2.776935956230485,57.05284312892013],[-2.787104181003059,57.05190027481036],[-2.787128387327491,57.051900122657415],[-2.794918816370837,57.05117715628924],[-2.797803138953691,57.05115881335524],[-2.808008562234986,57.05197273639468],[-2.817254028980342,57.05446474295928],[-2.817557662556616,57.05462628373584],[-2.82347502752114,57.05622067473189],[-2.830857391096405,57.06014675369707],[-2.832774266416956,57.062136115755976],[-2.833089145197544,57.06222090316663],[-2.833506344599407,57.062442713030826],[-2.840473712372855,57.06614640431158],[-2.8408910008246,57.06636818908959],[-2.845688960337784,57.07134447644925],[-2.847429765797628,57.07688477765229]]],[[[-2.833760581696944,57.14810722287652],[-2.826360328285362,57.14418138453983],[-2.821555464592829,57.13920440367797],[-2.819815526654428,57.1336637786439],[-2.819808712550211,57.13335558298078],[-2.818920169288198,57.13052545635672],[-2.818910250928508,57.130076353734026],[-2.82040421976821,57.12451457361388],[-2.82498422509932,57.11947597980891],[-2.826462591859752,57.118652077160036],[-2.826467018326023,57.11863558311272],[-2.831045471637565,57.11359676159067],[-2.831453176401614,57.11336947397272],[-2.838260534378657,57.109573899349584],[-2.838668153181652,57.10934658748195],[-2.847813446094841,57.10673306229471],[-2.857994651939123,57.10578440479004],[-2.858819952702222,57.10577875058883],[-2.869041790922482,57.106587629645176],[-2.878305013226051,57.1090750508847],[-2.88029764771107,57.110131658255085],[-2.885379560824104,57.11149571268755],[-2.885797630789194,57.111717344807126],[-2.886601307689996,57.11214338786165],[-2.888295403524413,57.11259801235862],[-2.88868102383157,57.11280241819814],[-2.890375175398776,57.1132570142137],[-2.897776027351879,57.117179066003935],[-2.902588251489992,57.122153096213474],[-2.904340000991273,57.1276925394572],[-2.904350951814779,57.12814163227668],[-2.902869425058679,57.13370437444381],[-2.898298239682238,57.13874581228736],[-2.891084031583225,57.14277212570147],[-2.886901141919856,57.143968320491766],[-2.885665968758688,57.14465744664329],[-2.884829578095432,57.14557913945921],[-2.877612579944173,57.149604684113584],[-2.868458834104457,57.15222039524738],[-2.858265156095122,57.153169930924975],[-2.857438801307481,57.15317558369607],[-2.847204384272217,57.152365783577345],[-2.837932413785904,57.14987609052376],[-2.835455675072528,57.14856255875904],[-2.833760581696944,57.14810722287652]]],[[[-2.86664741384283,57.321992611958834],[-2.871482435488387,57.326967621418326],[-2.871597123430507,57.327329254440656],[-2.872765076372202,57.328530771387584],[-2.874522448394678,57.334070422179316],[-2.874533121495657,57.334519501810924],[-2.873039089449746,57.34008172472991],[-2.868438498781606,57.34512195781841],[-2.861180810360326,57.34914652330128],[-2.851976423616709,57.351761086409844],[-2.841727124071602,57.352709390785904],[-2.840065452514993,57.35272049608913],[-2.839636996553219,57.35268674191156],[-2.831356888223663,57.35345205820001],[-2.830941460958275,57.353454801449665],[-2.820651887241794,57.352642988296566],[-2.81133112619769,57.35015152724582],[-2.803892416777337,57.34622460214089],[-2.799063941759383,57.34124698645696],[-2.799060108534904,57.34123482659788],[-2.79863890035958,57.3408005329971],[-2.796892616766935,57.33525978300678],[-2.796882891559423,57.334810692687896],[-2.796924685192402,57.33465631308698],[-2.795984450250136,57.33167231630409],[-2.795965022651902,57.33077413539894],[-2.797470341544967,57.325212777034096],[-2.802078233818911,57.32017508312899],[-2.802488395091704,57.31994788989875],[-2.809336740118062,57.316153899994475],[-2.809746813222457,57.315926683063104],[-2.813110741208423,57.31497178051969],[-2.813457071816944,57.314779855395095],[-2.822655016628967,57.31216812306219],[-2.832893543195304,57.31122142123083],[-2.833723443424856,57.311215923918276],[-2.844001697153219,57.312026711929896],[-2.853314958566783,57.314515801414565],[-2.853735148219053,57.31473752901645],[-2.860752460741243,57.318439837816534],[-2.86117274101963,57.31866153933926],[-2.86205648033717,57.319571244050024],[-2.865386375966057,57.32132755906933],[-2.865806716884006,57.32154924479582],[-2.866227062842906,57.32177092909233],[-2.86664741384283,57.321992611958834]]],[[[-2.803956286777836,57.468386775701426],[-2.802550031583603,57.46839574179552],[-2.79679035277068,57.470023296650325],[-2.786506571003432,57.47096723323688],[-2.785673044828405,57.470972434646946],[-2.785255518385527,57.47093946930238],[-2.784839518374747,57.470977630571895],[-2.783589228305194,57.47098541480609],[-2.773267667179794,57.470169894497424],[-2.769508570224011,57.469166733763174],[-2.765737873425126,57.46886845667152],[-2.756391198516644,57.46637307309283],[-2.748934637583992,57.462443029724184],[-2.744098141601842,57.45746341011835],[-2.743233315492668,57.45471537625474],[-2.738953759588118,57.45030739734389],[-2.737211092047245,57.444765899463],[-2.737197534186351,57.4440922643431],[-2.738716258252498,57.438531665620374],[-2.739120268475863,57.43809233833359],[-2.739123600885116,57.43808013486261],[-2.740335573038415,57.43676214535746],[-2.740345568673856,57.43672553485858],[-2.74056224629296,57.436489891858436],[-2.740743795164382,57.43582491094142],[-2.745373224010394,57.43078934563581],[-2.752659728431394,57.42677144537335],[-2.761890018511366,57.42416411230671],[-2.762695806556362,57.424090255676184],[-2.76975604333748,57.42209514292296],[-2.769778584009531,57.42209307540533],[-2.770583745089634,57.421865510091074],[-2.78085421534601,57.42092294725414],[-2.781270410934717,57.42092036614292],[-2.78637181497437,57.4213237926067],[-2.786389944807031,57.42131866545181],[-2.796659857267751,57.420374811348516],[-2.797908421879694,57.42036690675684],[-2.808216500977107,57.42118048459118],[-2.809031222636195,57.42139789625177],[-2.809053845731739,57.421399680685255],[-2.809868577202019,57.42161708691218],[-2.80989120047253,57.421618871195044],[-2.81923006029221,57.42411032637913],[-2.826686266978767,57.42803621421572],[-2.827571813616172,57.4289461345759],[-2.83006727331456,57.43025970363884],[-2.834911756046295,57.43523597962549],[-2.836668677906022,57.44077605611218],[-2.83668405674614,57.44144967048298],[-2.836378117987701,57.4425811594042],[-2.836534900429379,57.44307544302435],[-2.836761697209804,57.443308308005506],[-2.838519296122469,57.44884835242819],[-2.838529574371894,57.44929742812493],[-2.837025556056663,57.45485914752676],[-2.832405740779357,57.45989802215034],[-2.831994208455676,57.46012531145261],[-2.831171128522384,57.46057988602062],[-2.830759580912617,57.46080717128634],[-2.825121466760741,57.46392051196362],[-2.824709844246404,57.46414777744762],[-2.823886583927642,57.46460230437731],[-2.823474946123059,57.4648295658229],[-2.81423888013216,57.46744142830466],[-2.803956286777836,57.468386775701426]]],[[[-2.716940997407278,57.11654684125982],[-2.71735811938425,57.116769038173544],[-2.718671172377897,57.118135183647446],[-2.719456868152712,57.118553673835194],[-2.724245372344271,57.12353462407601],[-2.725970556623792,57.12907661825558],[-2.725974952376635,57.12930117447819],[-2.725893015050256,57.129603289776604],[-2.726427460969501,57.131319789184865],[-2.726436258839561,57.13176890140615],[-2.724927875175009,57.13732959995768],[-2.720332039445658,57.14236458062367],[-2.713097769452174,57.14638067944751],[-2.703933170039514,57.14898439398135],[-2.702691380939941,57.14909844408176],[-2.701462806791713,57.14944739381034],[-2.701440428222125,57.14944944875715],[-2.700640753686164,57.14967656826091],[-2.700618374931038,57.14967862306088],[-2.699818690584534,57.14990573717797],[-2.689621304910237,57.15084154075839],[-2.689208139658675,57.15084381093074],[-2.688587400480992,57.1507938639213],[-2.687968643538077,57.15085061328517],[-2.687555478042696,57.150852878015776],[-2.677325380574123,57.15002918483583],[-2.66806537312042,57.14752689167112],[-2.667648198270319,57.147304531793424],[-2.66068272270003,57.1435912393499],[-2.66026563588776,57.143368854648784],[-2.659654485988611,57.142732117012855],[-2.65847161008992,57.14241225962194],[-2.651090983720821,57.138476038555666],[-2.646310350294257,57.13349228561556],[-2.646205999678719,57.13315475958398],[-2.645885642312436,57.132820731254064],[-2.644207112412523,57.127390369077084],[-2.635103663794778,57.12822217246289],[-2.634277825933233,57.128226351395064],[-2.629056068555796,57.1278034874425],[-2.628489344212368,57.1278063284424],[-2.627998810334728,57.1277665905096],[-2.622303148418696,57.12828633412853],[-2.621064386011717,57.12829247398683],[-2.61084192413034,57.12746333730711],[-2.601591978914433,57.124956107504985],[-2.594220851954762,57.12101650579738],[-2.593784648317774,57.12056068833246],[-2.592135141984661,57.11967889002481],[-2.591718734203484,57.1194562753548],[-2.591000469485291,57.11870560791297],[-2.584536282985506,57.11695187852873],[-2.584136122169698,57.11673788624158],[-2.583290831642358,57.11650851785591],[-2.582890683385516,57.11629452168813],[-2.582045411472104,57.11606514505262],[-2.581629105390689,57.115842496840145],[-2.574678141735522,57.112124390259],[-2.574261924260468,57.11190171729879],[-2.569495059554274,57.106914995966],[-2.567794313215827,57.10137077151968],[-2.567787447684092,57.10092164118531],[-2.569317971065883,57.09536276551828],[-2.573928575824453,57.09033326480933],[-2.574337607359951,57.090106810562105],[-2.581167098131944,57.08632515822725],[-2.581576041229954,57.08609868036615],[-2.590733817209434,57.08350390243316],[-2.600915307093711,57.082576160088486],[-2.601740135699064,57.08257220289905],[-2.606424775282558,57.08295310150651],[-2.613696404624875,57.082289646762234],[-2.614521223981239,57.08228560525119],[-2.622562690712033,57.082938493339796],[-2.622780697381446,57.08291858023516],[-2.624017946517817,57.08291242580753],[-2.624224453304188,57.08292918253856],[-2.62443036278636,57.08291037161772],[-2.624842778999719,57.08290831607097],[-2.635053273021457,57.08373633890309],[-2.635730875815639,57.08392002233361],[-2.637112167052067,57.07886664314302],[-2.641711538011422,57.0738346653538],[-2.648939504335134,57.06982266969427],[-2.649775977326692,57.069585030444344],[-2.650168455813547,57.069367135862606],[-2.659317222008576,57.06676741289856],[-2.669492281047037,57.06583417434056],[-2.669904499859101,57.06583197376197],[-2.670317359825318,57.06586533882401],[-2.670728937307052,57.06582756853665],[-2.671141155942867,57.06582536388991],[-2.676779609532278,57.06628085283927],[-2.6798018389818,57.066003313707675],[-2.681450717843954,57.06599436755959],[-2.691657698547249,57.06681785644516],[-2.700899086846593,57.06931853607375],[-2.708271118152286,57.07325190129541],[-2.71305220976014,57.07823331267121],[-2.713894440596425,57.080945227609455],[-2.716876033463024,57.08405063038323],[-2.718598221683312,57.089592721718006],[-2.71861125425357,57.090266390205024],[-2.717103349737305,57.09582698116719],[-2.716702778195587,57.09626625035995],[-2.716699468240744,57.096278453780165],[-2.712107577468614,57.101313112521105],[-2.704880414974717,57.10532871205695],[-2.69572539237594,57.107931790970476],[-2.694373921768119,57.108055955648084],[-2.697796550097249,57.10833148005143],[-2.70704873560205,57.11083159719575],[-2.707465733357572,57.11105382612544],[-2.707882736118017,57.11127605367679],[-2.714429726422727,57.11476452094929],[-2.71484681276852,57.11498672547906],[-2.715263904120486,57.11520892862984],[-2.71613917172344,57.11611970565093],[-2.716940997407278,57.11654684125982]],[[-2.668328865782472,57.10939029544896],[-2.676191204022937,57.10866945279118],[-2.676979264869809,57.10844558300553],[-2.67812478841976,57.10834050668311],[-2.674495635920499,57.10804776410437],[-2.667179917809881,57.10606845327199],[-2.668214211219284,57.10940988818508],[-2.668214443408188,57.10942278982715],[-2.668328865782472,57.10939029544896]]],[[[-2.707816687764884,57.255801412844306],[-2.705979507497626,57.25632181976331],[-2.695752943304286,57.25725818856365],[-2.694095524806166,57.257267353847226],[-2.683835799749839,57.25644427463302],[-2.674548599600767,57.25394255611579],[-2.667143888656351,57.25000738917559],[-2.66479854962553,57.24757148440097],[-2.663655112527177,57.247263239122994],[-2.656252893560873,57.24332742923566],[-2.651457866640349,57.238343988361905],[-2.649738592379913,57.23280104727888],[-2.649726740992913,57.23212737675051],[-2.651250168660514,57.226567630139115],[-2.655865768725763,57.22153520636081],[-2.663120883735062,57.21752241603051],[-2.66396059461948,57.2172846794356],[-2.670092240588726,57.21389216895802],[-2.670911829919727,57.21343863685686],[-2.680094672106695,57.21083732440875],[-2.690308818154004,57.209902261481396],[-2.691136467508101,57.20989770923764],[-2.698804652049504,57.21051331468107],[-2.706447930574601,57.20981250653184],[-2.707275574164311,57.20980784752303],[-2.717522859624764,57.210629046821246],[-2.724867912029333,57.21260690629582],[-2.727498978030447,57.21281744658836],[-2.736779378598851,57.215315279350015],[-2.737197738391055,57.215537403849886],[-2.744184481036824,57.219246343491996],[-2.744602930121236,57.219468442520046],[-2.749408012668905,57.224448308127755],[-2.749513571470144,57.22478573974339],[-2.749835666623783,57.22511949375296],[-2.74994122949317,57.22545692533005],[-2.750263334308414,57.22579067814751],[-2.750368902992974,57.22612810929334],[-2.750691017470385,57.22646186091863],[-2.75242508431862,57.23200338851755],[-2.752438805394516,57.232677043730405],[-2.750930342660974,57.23823795432101],[-2.749323490901959,57.23999543854937],[-2.749310244133262,57.24004425486209],[-2.749281024955843,57.24007621139288],[-2.748923407802138,57.241394030533165],[-2.748521652170123,57.241833397426575],[-2.7485183400687,57.24184560149248],[-2.743912875255349,57.24688138090307],[-2.736660855512547,57.25089881952975],[-2.732460755202357,57.25208988302103],[-2.732130510505978,57.25227277076602],[-2.722941098492487,57.254877899432564],[-2.712715392186371,57.25581565295648],[-2.711886719881623,57.25582035111175],[-2.709604109577157,57.255637631694995],[-2.707816687764884,57.255801412844306]]],[[[-2.632794945513267,57.362486000952906],[-2.631568249483989,57.362597317087186],[-2.631136622678154,57.362718900075365],[-2.630613177822984,57.36276639408611],[-2.630433252010395,57.36286544134151],[-2.621209010293131,57.36546315564024],[-2.610949931147044,57.36639267918743],[-2.609287570384986,57.36640073738904],[-2.606309043739172,57.36616056049372],[-2.60595914575818,57.366192234302645],[-2.605127969364273,57.366196233181185],[-2.594839868034153,57.3653659698989],[-2.585531265354143,57.36285777814632],[-2.57811418739282,57.35891748492407],[-2.573314699098288,57.35393117351875],[-2.571601796948795,57.34838725385282],[-2.571591335916509,57.34771358648679],[-2.571684789114122,57.34737630442799],[-2.571580875347135,57.34703991904725],[-2.571566928641344,57.34614169568026],[-2.573106844580648,57.340582970209816],[-2.574183248270688,57.339416476752604],[-2.573067581708004,57.335804564102666],[-2.57306059331227,57.33535545192514],[-2.574599843935331,57.329796703983924],[-2.579238804839374,57.324767139507415],[-2.586522542099128,57.320758776176845],[-2.595738035895388,57.31816360277545],[-2.605984033029127,57.31723534253642],[-2.60681410219831,57.317231340540964],[-2.60785315462236,57.31731524555563],[-2.608889274186957,57.31722131159019],[-2.609304308424228,57.317219301692234],[-2.619579274950117,57.318048419228745],[-2.621201910065,57.318485703288005],[-2.6212470112699,57.318489340071814],[-2.621316180143734,57.318507979665746],[-2.621362980072879,57.31850774847842],[-2.631638561947436,57.31933587944341],[-2.640939257961094,57.321840695434155],[-2.641358247646572,57.32206313333666],[-2.641712144073646,57.32225101061261],[-2.645113666554918,57.323166796988744],[-2.65253063350092,57.32710316846376],[-2.65733726409439,57.332086467662855],[-2.659062321931216,57.33762920187558],[-2.659070363190351,57.338078306239915],[-2.658616896999754,57.339729749979135],[-2.65957014425776,57.342791723007714],[-2.659578197716807,57.34324082681631],[-2.659547320483713,57.343353275192705],[-2.659582224535686,57.34346537870817],[-2.659598332406948,57.34436358619251],[-2.658071410136834,57.349923328528966],[-2.653440140360895,57.35495576362749],[-2.653028671022616,57.35518247223776],[-2.652617196629173,57.35540917950189],[-2.646156981473018,57.358967973295],[-2.6457454218552,57.359194657669974],[-2.645333857180717,57.35942134069887],[-2.636111529456092,57.36202013779078],[-2.634282775081817,57.36218613393237],[-2.634037705044159,57.362255174347354],[-2.633413107942267,57.36231186145308],[-2.632794945513267,57.362486000952906]]],[[[-2.66808018699601,57.55945672888262],[-2.668108988294895,57.56102853841076],[-2.666574585029781,57.566588225471925],[-2.661917241082701,57.571620878575686],[-2.661535542323124,57.57182999999713],[-2.660683822301894,57.57275016759703],[-2.660269953644547,57.572976898436856],[-2.653358195219945,57.57676277341501],[-2.652944236142747,57.57698948052592],[-2.650400106711027,57.57770247755375],[-2.647964343274879,57.57903622812538],[-2.638686829951672,57.581635276905665],[-2.638483009961996,57.58165367516322],[-2.631197104486423,57.58369402797908],[-2.626866273455386,57.5840845986362],[-2.624941532511499,57.58462340549624],[-2.614620944772871,57.58555334730234],[-2.613784770382814,57.58555741519581],[-2.603434506672264,57.58472803709651],[-2.594069127528654,57.58222070519619],[-2.586606249716151,57.578281152573574],[-2.581776414405321,57.573295400396994],[-2.580051572290932,57.56775180744024],[-2.580040850742083,57.567078163920755],[-2.581588471113506,57.56151950319859],[-2.581618091870093,57.56148758637959],[-2.581984778658033,57.560170288629365],[-2.586651711560619,57.55514055501603],[-2.587845816776938,57.55448747006069],[-2.589125502156373,57.55310794419944],[-2.589539589036509,57.552881445080956],[-2.589953670806507,57.552654944616364],[-2.590367747466448,57.55242844280569],[-2.590781819016407,57.552201939649],[-2.593201813021846,57.55087808492112],[-2.594907602265133,57.54903864222789],[-2.602234126939254,57.54502940122675],[-2.611504974979788,57.54243302841194],[-2.614128923401826,57.54219647206582],[-2.620657647916055,57.54036724026126],[-2.630965301023752,57.539436824399715],[-2.631382858594503,57.53943473528078],[-2.641720894861634,57.54026185852112],[-2.651078747224435,57.54276570044678],[-2.651500350813428,57.54298809070161],[-2.658541268445328,57.54670146740179],[-2.658962962547908,57.54692383203667],[-2.659847248773232,57.547834921239705],[-2.660236203413989,57.54804000772674],[-2.660678370438615,57.548495548491104],[-2.661505450278614,57.54893162500684],[-2.666342912187373,57.5539143297763],[-2.66808018699601,57.55945672888262]]],[[[-2.584231930605273,57.644532614436926],[-2.592152925250872,57.64382206406986],[-2.592990441143912,57.643818136685404],[-2.594038787426454,57.64390212996236],[-2.59508422992743,57.64380829396251],[-2.595502987521129,57.64380632125877],[-2.605869872397235,57.64463630529161],[-2.612452286445469,57.64639485584157],[-2.616854878623557,57.64399103429284],[-2.626149871161834,57.6413935960419],[-2.636485981164594,57.64046269726259],[-2.63732341285112,57.6404584772309],[-2.638725318500065,57.6405703051248],[-2.642762746728585,57.640206370642],[-2.643181459154727,57.64020424052602],[-2.65354836950049,57.64103032569542],[-2.654367096626356,57.64124872166842],[-2.654389848850137,57.641250533538326],[-2.663774506705178,57.643753336716735],[-2.664197355940197,57.64397567808466],[-2.67125908266872,57.647688245014535],[-2.67168202315527,57.64791056123708],[-2.67653400379551,57.65289276443142],[-2.676765435062921,57.653628516226846],[-2.679533102515645,57.656469682363884],[-2.67955035599748,57.65652451426675],[-2.680865376381563,57.65615640001655],[-2.691204241168695,57.6552210315792],[-2.692042002806013,57.65521644889262],[-2.702414263421954,57.65603852240531],[-2.711806019515687,57.658537742430944],[-2.712619767498718,57.658964839907576],[-2.714337160552167,57.65942171988194],[-2.714760500253252,57.65964389055073],[-2.721830421581565,57.66335360473309],[-2.722253853106026,57.66357575001722],[-2.723142556954118,57.66448636808079],[-2.726497425711853,57.66624619804157],[-2.726920919550569,57.666468327444356],[-2.731782949455336,57.671448372782805],[-2.731889666811723,57.67178579251042],[-2.732215581550448,57.67211955796927],[-2.732539604346343,57.67314397675919],[-2.733941736110805,57.67457974590972],[-2.733949430759904,57.67460406826727],[-2.734798096599286,57.67547302681989],[-2.736551635186219,57.68101433955499],[-2.736574397917607,57.682137023256864],[-2.735045511243618,57.68769744727436],[-2.730382339167713,57.69273257447276],[-2.729983663082291,57.69295071837223],[-2.729557278144692,57.69341103056365],[-2.72221515886181,57.69742763089623],[-2.712912919540128,57.70003215864875],[-2.712259936995636,57.70009130672071],[-2.71082475549241,57.70049303774525],[-2.710296560475573,57.70054087311849],[-2.709700185682799,57.70086692686627],[-2.700396154850148,57.70347053850777],[-2.690043873751247,57.70440670714797],[-2.688785533308888,57.70441356499943],[-2.678399754194412,57.70359041042405],[-2.678149936139607,57.703523946721845],[-2.676298370665674,57.70337709744109],[-2.666897358250762,57.70087525383482],[-2.666473820727278,57.70065292283307],[-2.659402129070187,57.69694011231522],[-2.65897868335794,57.696717756381446],[-2.654123040943985,57.69173488393711],[-2.654119218021614,57.69172272021394],[-2.653695639382238,57.69128796807514],[-2.653317617752285,57.69008507105232],[-2.651615532836335,57.6902384596222],[-2.650357673486897,57.69024493386628],[-2.640987772113834,57.689499127156516],[-2.636932583721056,57.68986412781813],[-2.636513300442867,57.68986623862785],[-2.626132854161888,57.68903878691868],[-2.616739001993382,57.68653320544156],[-2.616731710974783,57.68652937093937],[-2.614986385155544,57.68840593801336],[-2.614155456963865,57.688859100846386],[-2.613739985087661,57.689085680216024],[-2.607632554376633,57.69241590863676],[-2.606801441450845,57.69286902335757],[-2.606385877205271,57.69309557870639],[-2.597076373523867,57.69569160780629],[-2.596548095398365,57.695738968767174],[-2.596366437275367,57.69583796712711],[-2.595950773855041,57.696064488511716],[-2.586639762460466,57.69865975055395],[-2.584793866841232,57.698825057593744],[-2.584546438888522,57.69889400386874],[-2.574192393095166,57.69982070028309],[-2.573353584264987,57.69982450565361],[-2.562971648591399,57.698991873371824],[-2.562342127444362,57.69882365142513],[-2.561709978031588,57.698772920525435],[-2.552317973695652,57.69626255202907],[-2.551472408348856,57.69581711923599],[-2.55104963349573,57.69559440077],[-2.550626863855105,57.6953716808762],[-2.54483606201799,57.69232059992404],[-2.543990681163051,57.69187511674529],[-2.54356799855249,57.69165237301514],[-2.5431453211531,57.69142962785786],[-2.542702870560994,57.690973682602085],[-2.5422966234061,57.69075958641001],[-2.539228967565723,57.687597942563755],[-2.538246093850369,57.687871450941834],[-2.536985416268885,57.687983889043124],[-2.535737108936393,57.68833122693379],[-2.525384777353296,57.689253921176835],[-2.524126917019317,57.68925914042919],[-2.514755800337868,57.6885036632726],[-2.508509295664161,57.690240127649886],[-2.498155707449625,57.69116060071278],[-2.495220530394394,57.69117212924319],[-2.484948067058068,57.69034159642979],[-2.482632206563422,57.69054711772478],[-2.481793597110105,57.69055031514503],[-2.471416367363362,57.68971016078657],[-2.462032934140165,57.687193083553026],[-2.454562688633895,57.683245777367276],[-2.450150791696601,57.67868313591044],[-2.449892731123442,57.67854671736664],[-2.449470779718933,57.6783236578587],[-2.449048833497437,57.678100596915044],[-2.44862689245888,57.67787753453575],[-2.448204956603185,57.677654470720796],[-2.447783025930277,57.67743140547027],[-2.447341942248132,57.67697512387561],[-2.446936412694614,57.67676072005898],[-2.446514500201756,57.67653765047419],[-2.441690699246351,57.67154657337178],[-2.439982467356272,57.66600110035598],[-2.439979755372134,57.66577655172472],[-2.441553136419236,57.66021968020008],[-2.446252336935229,57.65519520607747],[-2.453616555540281,57.65119464476424],[-2.459573680718067,57.64954016381685],[-2.462788351670842,57.647793028701216],[-2.465341059888766,57.64708381487892],[-2.466540356886477,57.64643188635793],[-2.475846714089915,57.64384549616208],[-2.486187413230674,57.64292687997906],[-2.488699945984853,57.64291718639433],[-2.499064195596506,57.64375592548997],[-2.499412915287056,57.643849471558404],[-2.502946913615802,57.64353495148304],[-2.503784436075477,57.64353161500985],[-2.50713441658726,57.64380240095426],[-2.509207075579398,57.64267421567633],[-2.509622681219569,57.64244798163551],[-2.518924979231328,57.63985842358264],[-2.519599894615673,57.63979825155769],[-2.521846341821287,57.63917271410807],[-2.532184539934769,57.63825033207628],[-2.53302193654575,57.638246801816045],[-2.533860376761166,57.638314394992335],[-2.534696729178802,57.63823972465988],[-2.535115427270086,57.63823795193811],[-2.545479381358768,57.63907288849931],[-2.546297421371452,57.63929198371719],[-2.546320167125683,57.63929381501276],[-2.5556969625232,57.641804624801516],[-2.556119132893153,57.64202732673915],[-2.560341119620587,57.64425426774562],[-2.563169521875141,57.645745913240184],[-2.563591783328145,57.64596858995566],[-2.565512239555248,57.6469812773061],[-2.570103200110827,57.645700964351526],[-2.58044200641906,57.644774639535754],[-2.581148156892021,57.64477139402569],[-2.583788562818309,57.64453466347072],[-2.584231930605273,57.644532614436926]]],[[[-2.542890097598364,57.0391920783936],[-2.543476037877747,57.03902610848977],[-2.543498358963835,57.039024081785975],[-2.544296622335631,57.03879796352165],[-2.554467055069948,57.037874001919235],[-2.556114747439076,57.03786669525696],[-2.566311420217226,57.03870033922233],[-2.575537577475885,57.041210225610044],[-2.575953014943832,57.04143289671961],[-2.577070255647765,57.04203171334075],[-2.583819026164095,57.043866873817436],[-2.584234539668349,57.04408951825772],[-2.59117372674541,57.04780715167408],[-2.591589327071851,57.04802977159377],[-2.596351554611084,57.05301570664393],[-2.598054272320691,57.05855957645407],[-2.598057881754304,57.0587841414039],[-2.597903708046769,57.0593463325878],[-2.59807592971593,57.05990696602675],[-2.598086759127789,57.06058066069937],[-2.596561933883495,57.06613990286015],[-2.591957380482562,57.071170246445504],[-2.584722966130851,57.07517897715326],[-2.583885948395146,57.07541618448138],[-2.582266552222193,57.076313322044854],[-2.581857720983353,57.07653980238334],[-2.572701050295134,57.07913393456681],[-2.572058774292497,57.079192341846806],[-2.570646055847339,57.07959247058237],[-2.570623711938941,57.07959450215042],[-2.569824732139105,57.07982078867424],[-2.559643237295449,57.080746012820114],[-2.558818445612462,57.080749693473635],[-2.548610469169104,57.07991545301858],[-2.539376597625713,57.0774035806632],[-2.534550954004533,57.07481651506205],[-2.532704997115963,57.07431411819574],[-2.527024587656072,57.07745613438255],[-2.517863843821275,57.080046269144106],[-2.517243812161654,57.080102373621926],[-2.51662979125665,57.080275942685645],[-2.516607443956672,57.080277964633275],[-2.51580811948241,57.08050390747002],[-2.514590380373973,57.0806140714636],[-2.514161640289287,57.080735253366626],[-2.509335286623689,57.08117173320725],[-2.509219003653494,57.08120459373232],[-2.499035597033098,57.082124894652395],[-2.498623181607616,57.0821265361682],[-2.48841614710084,57.08128739171199],[-2.487984178664512,57.08116965227303],[-2.486763579876862,57.08106924101481],[-2.485867860459454,57.08082508056095],[-2.485820676217964,57.08082933774637],[-2.485408274382296,57.08083093571848],[-2.485372759966353,57.0808280135595],[-2.485293610272353,57.08085036158555],[-2.482880264621727,57.081068069392714],[-2.482822111467234,57.0810844874305],[-2.472638057661728,57.08200264447395],[-2.471813225567877,57.08200575226372],[-2.461606817242987,57.08116442288816],[-2.460801619332207,57.08094473625489],[-2.460779220703841,57.080942888786915],[-2.451551001061949,57.07842454412357],[-2.450720801594459,57.07797837321938],[-2.450305709350292,57.07775528567892],[-2.448726000616432,57.07690624835833],[-2.444508358981795,57.07575476449242],[-2.437163638914551,57.07180585950542],[-2.432420279372481,57.06681383448136],[-2.432416595179514,57.06680166272119],[-2.432002808840639,57.06636611195269],[-2.430324381114579,57.06081994234567],[-2.430319181289477,57.06037079857392],[-2.431868543173361,57.054813539769086],[-2.432272036460664,57.05437517419259],[-2.432275436037473,57.0543629780387],[-2.432304782878118,57.054331094400794],[-2.432671860858832,57.0530141298695],[-2.437295656302505,57.04798962993335],[-2.444540647607688,57.043989418127865],[-2.446215038300641,57.04351686589887],[-2.447001825243353,57.04308234953339],[-2.447411109023244,57.04285630968848],[-2.447820387823314,57.04263026850724],[-2.452843121600281,57.04121241229544],[-2.453156978823762,57.04103903636474],[-2.453566202515591,57.04081297604302],[-2.454403273560386,57.040576641742405],[-2.45479659024281,57.040359358147356],[-2.455633643297416,57.040123015682184],[-2.456026948031642,57.03990572825798],[-2.456436141904775,57.03967965864404],[-2.456845330821646,57.03945358770594],[-2.457254514782325,57.03922751544377],[-2.457663693786891,57.03900144185749],[-2.458072867835415,57.03877536694716],[-2.458482036927971,57.03854929071287],[-2.466851449667751,57.036185371679515],[-2.46914701282671,57.03491654708482],[-2.469556072116156,57.034690433880975],[-2.478709003375468,57.03210385257943],[-2.478731323830733,57.03210183747903],[-2.479529832988574,57.031876133118196],[-2.479552153261915,57.0318741178722],[-2.480350652524967,57.03164840831145],[-2.481611531876955,57.03153455078471],[-2.483636749325969,57.0309620256493],[-2.493806547555194,57.03004300020927],[-2.500807802155946,57.03001519950376],[-2.511001087966015,57.030853358669994],[-2.520221582091159,57.033367340901926],[-2.52050764040886,57.03352094766749],[-2.522111759683616,57.03395820005251],[-2.524639569738869,57.03416566834391],[-2.525444137486025,57.0343849450963],[-2.525466511365738,57.03438678102299],[-2.53468886527099,57.03689968398987],[-2.535285445221069,57.03721986601992],[-2.535805726077883,57.03726251283194],[-2.542890097598364,57.0391920783936]]],[[[-2.453663037594111,57.1249723398571],[-2.446403267895223,57.128973058090786],[-2.437224252352909,57.13155728196687],[-2.427025335822503,57.13247173574364],[-2.425786414282007,57.132475946805954],[-2.423099447195419,57.13225383731497],[-2.420417750403889,57.132494053325864],[-2.413810152379459,57.132516023680914],[-2.403591251897288,57.131669994955644],[-2.394354258916409,57.12914747745745],[-2.393938927673704,57.128924206452616],[-2.393523601355347,57.12870093406684],[-2.393108279961266,57.128477660300156],[-2.38700423018514,57.12519570275632],[-2.386588986085675,57.12497240731605],[-2.38617374693741,57.124749110487784],[-2.385758512849181,57.12452581224547],[-2.381015219971894,57.1195319359726],[-2.381011547089198,57.11951976291448],[-2.380597767693019,57.119084050916186],[-2.378924533135807,57.11353728645732],[-2.378922236032318,57.113312717067394],[-2.380481398015606,57.1077561617878],[-2.385118973830584,57.10273361850147],[-2.385529288012696,57.10250778099546],[-2.385939597345978,57.10228194212327],[-2.392380248279169,57.098736418226075],[-2.392790482465886,57.098510555642505],[-2.393200711673665,57.098284691706],[-2.398233094842157,57.096869001146615],[-2.398547681098175,57.096695761334544],[-2.398957855332355,57.09646987846859],[-2.399368024588275,57.09624399425017],[-2.400206696536948,57.096008018510744],[-2.400600922008366,57.09579090410928],[-2.401439575908082,57.09555492009642],[-2.401833789457112,57.095337801792866],[-2.403511050891246,57.094865811624985],[-2.403889315157249,57.09465746115772],[-2.413061673457031,57.092075652504064],[-2.423250008621723,57.091162330365364],[-2.424075051814174,57.09115954136494],[-2.434283403641225,57.092003918045506],[-2.443513854479636,57.09452352696818],[-2.450863716708754,57.098472024270656],[-2.455613543352498,57.10346328996249],[-2.456624134259488,57.10679148616019],[-2.458150379196012,57.1083947785364],[-2.459835101718165,57.11394047825074],[-2.45984066583816,57.11438961321226],[-2.458292986697225,57.11994712710908],[-2.453663037594111,57.1249723398571]]],[[[-2.550347369422899,57.21260958245607],[-2.554936990627402,57.21505973525233],[-2.555354259106492,57.21528246805517],[-2.556188811202096,57.21572792952528],[-2.560968064599872,57.220715060949715],[-2.562673450020048,57.22625925617495],[-2.562675797288696,57.22641336031222],[-2.563111431120578,57.227829324055286],[-2.563121701193863,57.228503004627996],[-2.562729256533134,57.22992267564135],[-2.562735025655522,57.23030133981994],[-2.561198114346846,57.2358600341688],[-2.556567800125219,57.2408890105011],[-2.556156999074132,57.24111540584542],[-2.549296480728149,57.24489567884258],[-2.548885590559945,57.24512205064138],[-2.539684910215482,57.24771379953312],[-2.529456392696445,57.248636638184465],[-2.529042119584713,57.24863838315489],[-2.518788349741519,57.24780181221495],[-2.518670641455918,57.24776991061844],[-2.513810926432483,57.24737310892221],[-2.504537445082609,57.244858777646115],[-2.504120146570934,57.24463587511995],[-2.503702853115848,57.24441297116707],[-2.503285564717283,57.244190065787535],[-2.49715260776395,57.240913516155814],[-2.496735397149455,57.24069058697358],[-2.496318191568079,57.24046765637722],[-2.49590099101975,57.240244724366704],[-2.495464576765037,57.239788564489785],[-2.495063593250162,57.23957428877883],[-2.494646410360958,57.23935135249765],[-2.489873652574662,57.23436160325868],[-2.488178801120568,57.228816343198794],[-2.488176764336796,57.22866223566303],[-2.487743990380332,57.22724599336306],[-2.487735095026574,57.22657229732328],[-2.489282689283352,57.221014483853814],[-2.490338358369411,57.219870287451364],[-2.490896787655357,57.21786415086793],[-2.495533192652682,57.212837612557564],[-2.501657469476878,57.209465525840315],[-2.496620338193713,57.20991896952258],[-2.495378814384811,57.20992386833818],[-2.485136540997817,57.2090844949316],[-2.475874605868321,57.20656801145347],[-2.468500477506869,57.202621059115685],[-2.463736023828818,57.19763037649796],[-2.463732316087771,57.197618206011605],[-2.463316692106422,57.19718277257442],[-2.462714347262319,57.195205394788765],[-2.462461213682329,57.19494017049533],[-2.462259216813442,57.194276986425166],[-2.462036318326805,57.19404343185628],[-2.460347523970101,57.18849782043838],[-2.460339139730853,57.18782412496201],[-2.461889248682927,57.18226662471003],[-2.466525155543294,57.177241131278656],[-2.466935799510422,57.1770150300034],[-2.473792226461144,57.173239272370246],[-2.474202782932458,57.17301314744282],[-2.478402303200145,57.171830731875986],[-2.478733090963469,57.171648510384905],[-2.479143599443562,57.171422369324596],[-2.488329626411894,57.16883510137301],[-2.488951188692064,57.16877914045415],[-2.489566804875991,57.168605709192605],[-2.489589206995117,57.16860369208503],[-2.490390590563781,57.16837791931298],[-2.500597941868596,57.16745832861062],[-2.50101130839731,57.16745668046612],[-2.511242416926923,57.16829479257938],[-2.520497144602391,57.17080869511459],[-2.520913706492512,57.17103154527515],[-2.527870424759985,57.174752612426474],[-2.528287075839374,57.17497543786271],[-2.533057275999695,57.17996367702676],[-2.533061004733721,57.17997584544894],[-2.533477253507538,57.18041104773058],[-2.535176625576846,57.18595566291348],[-2.535176816420796,57.18596885494751],[-2.536479212535011,57.19021706580401],[-2.536482469569796,57.1904416285573],[-2.534943219481056,57.196000019578],[-2.530314274657095,57.20102800885161],[-2.52304790397134,57.20503312313488],[-2.521923100793843,57.20535006824239],[-2.522214947251978,57.20532373831685],[-2.523456311367033,57.205318574284554],[-2.533698391419866,57.206154820835174],[-2.542964129780022,57.20866702826623],[-2.547552778317504,57.21111745748682],[-2.547969958175239,57.21134021529671],[-2.548804332887053,57.21178572667452],[-2.550347369422899,57.21260958245607]]],[[[-2.472671510927821,57.25560546560707],[-2.472260031141895,57.255831587687815],[-2.465799737849618,57.25938119343641],[-2.465388173696073,57.25960729222935],[-2.464976604501822,57.2598333896875],[-2.455766341632751,57.2624189999979],[-2.44553161912752,57.26333501235574],[-2.445117175709599,57.26333648074001],[-2.434861191502233,57.26249307250692],[-2.434684667328564,57.262445102677695],[-2.427393568381325,57.261844967358975],[-2.42658462379557,57.26162507233996],[-2.426562117170062,57.261623218957745],[-2.425131778763068,57.26123439121201],[-2.424484824930884,57.26118110579263],[-2.422833607213865,57.26073219170356],[-2.420546983301874,57.26320164032155],[-2.420135098753564,57.263427590318635],[-2.419036547882768,57.26403020889037],[-2.423596891367067,57.26527000330258],[-2.424013938943649,57.26549316982438],[-2.424430991562842,57.265716334945274],[-2.424848049224719,57.26593949866521],[-2.425265111929354,57.26616266098416],[-2.425665979937334,57.26637715396543],[-2.426513732575014,57.26660757495275],[-2.426930812276539,57.26683073057843],[-2.433896186128022,57.270556901892064],[-2.434313355906035,57.27078003335977],[-2.437801872099804,57.27443086570759],[-2.438923945735222,57.27503088653205],[-2.443695080141142,57.28002240375431],[-2.443698789682212,57.28003457459791],[-2.444115120300844,57.280470063023834],[-2.444622363649929,57.28213414751656],[-2.445388864610564,57.28293583822463],[-2.447079797091782,57.288481527862395],[-2.447087969109415,57.28915520996836],[-2.445531190928868,57.29471242341994],[-2.445095709580856,57.29518270341461],[-2.444723276352201,57.29651184716343],[-2.444411407063908,57.29684861236326],[-2.444395370362145,57.29690583987024],[-2.444705229555001,57.29792190916492],[-2.444707939529536,57.29814647018506],[-2.443150432302152,57.30370364887079],[-2.438495500813544,57.30872819776307],[-2.437670928268064,57.309180210245195],[-2.437258634371442,57.309406214424854],[-2.431197929912659,57.312727984611264],[-2.430373177939058,57.31317994773387],[-2.429960794393079,57.31340592721435],[-2.42073466350025,57.315988919003146],[-2.410484167441237,57.316902054686395],[-2.410069119225439,57.31690340716945],[-2.399799006031365,57.31605713891522],[-2.398525243316452,57.31571105398604],[-2.39844440151232,57.31575530978187],[-2.398031793207384,57.31598118437437],[-2.388802768980727,57.31856185206623],[-2.37855076217508,57.319472394667905],[-2.377720605674833,57.319474888327285],[-2.367450517849036,57.318625989868735],[-2.360607684026868,57.31676447092574],[-2.354494510542758,57.31625838752719],[-2.361421219405025,57.319966748500036],[-2.361838511853414,57.32019011872045],[-2.366605095470366,57.32518454397672],[-2.368286111930691,57.33073132000755],[-2.368299592197263,57.33207870110969],[-2.368109035562931,57.332752968115884],[-2.368313073973245,57.333426081835206],[-2.368322063170875,57.33432433530416],[-2.368258541608593,57.334549090924696],[-2.36832655796805,57.33477346198995],[-2.368337795539575,57.33589627856238],[-2.366767166160039,57.341452530334784],[-2.366046789639012,57.34222724298614],[-2.365947680918135,57.342577762027766],[-2.365729150858405,57.3428127648578],[-2.365541266546485,57.34347722066871],[-2.360870706026077,57.348498911943025],[-2.353556810990337,57.35249419413759],[-2.347642954899399,57.35414369079631],[-2.345275168917392,57.355436556478026],[-2.344861789215199,57.355662257386484],[-2.34063701947099,57.356840203930965],[-2.339063587757128,57.357699108438474],[-2.338650144692611,57.357924788683825],[-2.329406430805182,57.36050109833998],[-2.329383903089548,57.36050308694928],[-2.328577351229871,57.360727831543805],[-2.327907247154471,57.360786977521734],[-2.325674497880414,57.36140907313963],[-2.315409001734711,57.362314488819024],[-2.314993440038477,57.36231552980421],[-2.314785506842069,57.36229826604821],[-2.314577878314069,57.362316569417686],[-2.313331192972174,57.36231968002814],[-2.303050678984984,57.361465564505416],[-2.293762788894568,57.35893579528729],[-2.293345468867559,57.35871220095975],[-2.286377577338918,57.35497829824993],[-2.285960346529211,57.35475467942125],[-2.281200833875105,57.34975719837605],[-2.279531966827871,57.34420925766781],[-2.279529936212048,57.3439425775029],[-2.278657134006874,57.34302577819298],[-2.278457613183481,57.34236231015502],[-2.278234974999648,57.34212843502876],[-2.278035466435245,57.341464966231946],[-2.27781283374508,57.3412310917322],[-2.276144788003744,57.335683136783636],[-2.276143096373054,57.335458572200004],[-2.277726955609103,57.32990348793838],[-2.278538013712364,57.32903374803401],[-2.279763484594597,57.32473396180534],[-2.284441930089448,57.31971531582051],[-2.291756728352341,57.31572405119788],[-2.300991827879772,57.31315047823951],[-2.301616112028115,57.31309544008614],[-2.302235027110796,57.3129229261353],[-2.312487330750229,57.31201854463024],[-2.313317345623991,57.31201647622269],[-2.320520275245334,57.312615153914706],[-2.33033068615924,57.3117483051136],[-2.330745692792221,57.31174721269932],[-2.338293497786022,57.312373505673655],[-2.335715707157003,57.31167145430683],[-2.335298664574821,57.311447998495495],[-2.33488162534062,57.31122454163393],[-2.328335181104299,57.307716453355624],[-2.327918208691382,57.30749297677804],[-2.327501241249308,57.30726949882508],[-2.322741893901313,57.30227366312755],[-2.321068712076651,57.29672635515692],[-2.321066744927439,57.29650179300012],[-2.321947118648731,57.293397420112235],[-2.321866844772513,57.29313123350682],[-2.321860929683169,57.292457546690564],[-2.323436071952005,57.28690189063332],[-2.328103927735927,57.28188158908009],[-2.3321667019617,57.27965985622556],[-2.332079235072492,57.27956800378207],[-2.330405702130825,57.2740207989374],[-2.330395615071008,57.27289797369661],[-2.330498193316616,57.27253575207305],[-2.33035597857456,57.272386362913494],[-2.330254103003208,57.27204858290479],[-2.3299353679614,57.27171375863844],[-2.328262646045813,57.26616645124435],[-2.328240701320318,57.26369618657717],[-2.328367999598043,57.26324670397468],[-2.328232722350326,57.262797908271004],[-2.328226738448357,57.26212419945548],[-2.328258561926219,57.262011828800006],[-2.328224743876368,57.26189962983393],[-2.328220754825391,57.26145049056633],[-2.329793952194372,57.25589455616354],[-2.329807100593642,57.25588040219536],[-2.329404034269433,57.25577042848577],[-2.322035743249681,57.251814898138825],[-2.321580733270027,57.25133645711425],[-2.319000327043763,57.2506320803555],[-2.318584086993381,57.25040856353224],[-2.318167852575139,57.25018504555231],[-2.311634269515332,57.24667596713165],[-2.311218121448424,57.24645242641699],[-2.310801978461762,57.24622888429418],[-2.309499471398928,57.244858487918165],[-2.307883530212585,57.24399033705736],[-2.303135613005364,57.2389935556664],[-2.303128295877744,57.23896920501887],[-2.302299939947616,57.23809727391624],[-2.300633304198352,57.2325494742863],[-2.300631486238168,57.232324903204876],[-2.301172069057012,57.230419756423075],[-2.300872432068046,57.23010426661631],[-2.30008581757252,57.23032401416932],[-2.289855999307068,57.231227434723756],[-2.288199628880384,57.231231258529625],[-2.285583424933513,57.231012678197395],[-2.282814674443399,57.23101895750088],[-2.272571159990912,57.23016233328619],[-2.271763823701447,57.229941441409196],[-2.271741343672567,57.22993956037354],[-2.26248868313739,57.227407380934025],[-2.262073043120357,57.22718367608807],[-2.255133160366473,57.2234479380748],[-2.254717610303464,57.2232242083879],[-2.253767385827083,57.222221818255896],[-2.2528308386617,57.22322802877018],[-2.252434368994927,57.2234446798994],[-2.252007368791365,57.223903411704704],[-2.251594865233607,57.22412881502438],[-2.25118237508605,57.2243542118283],[-2.250769881039759,57.22457960696528],[-2.250357384078008,57.22480500017698],[-2.244706438160875,57.22789238049664],[-2.244293878118722,57.22811775134601],[-2.24388131287068,57.22834312091515],[-2.243468742416674,57.228568489204015],[-2.243056166756628,57.22879385621257],[-2.233838229346427,57.23136313371139],[-2.233815775459118,57.23136510515919],[-2.233011467091484,57.23158923811152],[-2.232989013020046,57.23159120941315],[-2.232184694581356,57.231815337156],[-2.232162240325793,57.23181730831148],[-2.231357911816114,57.2320414308447],[-2.229852279902548,57.23217358303094],[-2.226525462188344,57.23398981050233],[-2.217304989878312,57.2365579127966],[-2.207071612772459,57.2374544608618],[-2.206787397536173,57.23745492777774],[-2.204173745991569,57.23768376353401],[-2.202517103560127,57.23768643782774],[-2.192273914874247,57.23682318329238],[-2.191654001907463,57.236653097848674],[-2.191030302095114,57.2366005032477],[-2.184644471319621,57.23484811085602],[-2.179009120372017,57.23437243635377],[-2.169761846574108,57.23183338525887],[-2.169346723886625,57.231609372069364],[-2.168931606251126,57.23138535751334],[-2.162415526185591,57.2278684740889],[-2.162000492617084,57.227644436229454],[-2.161585464077208,57.22742039696759],[-2.16012277547891,57.22587237985264],[-2.159797386692675,57.22578297216602],[-2.159398511410163,57.225567627798206],[-2.158553379882386,57.225335398657364],[-2.158138398140555,57.225111347709145],[-2.157739539758607,57.22489599797266],[-2.156894433789187,57.22466375750215],[-2.15647946928578,57.22443970095285],[-2.156064509809953,57.224215643038114],[-2.155649555361633,57.22399158375798],[-2.155234605940748,57.223767523112464],[-2.149550910653675,57.22069808259751],[-2.149136035104134,57.220474001948205],[-2.148721164602649,57.22024991992143],[-2.148306299149147,57.220025836517195],[-2.147891438743555,57.21980175173557],[-2.147459576091528,57.21934439036738],[-2.147060841830285,57.219129006749505],[-2.145319577689384,57.21728476394337],[-2.141032284948495,57.218476036497876],[-2.132496900413637,57.21921893302947],[-2.133586008038908,57.21980747553605],[-2.13400078169765,57.22003160749324],[-2.138723468504162,57.22503478594019],[-2.140365577068255,57.23058470143382],[-2.140367277956861,57.231033843970714],[-2.138766689502487,57.236587361166436],[-2.138487846515134,57.236885602807384],[-2.137537552033806,57.24018187791553],[-2.132848949790215,57.24519521049297],[-2.132435503522615,57.24542021850113],[-2.131211194166725,57.24608649485789],[-2.130782459021396,57.246544808711874],[-2.123463829968752,57.25052680110115],[-2.114232016284815,57.253087362028026],[-2.103991516353797,57.253975534901805],[-2.102748477053848,57.253976554121735],[-2.095895536766054,57.2533938033369],[-2.094507252707456,57.25818729866797],[-2.094287490090264,57.25842183387534],[-2.094095132210616,57.25908589501475],[-2.093970346501669,57.25921906408119],[-2.09368355750612,57.260209061534226],[-2.093368788238895,57.26054496026681],[-2.093270831087521,57.26088308340113],[-2.088573590289267,57.26589475121915],[-2.081246565404959,57.269874278163364],[-2.072006979335228,57.27243173006374],[-2.061760097461595,57.27331646904341],[-2.061345533600149,57.273316671565155],[-2.051095746331321,57.27244194475959],[-2.046815517953626,57.27126262363534],[-2.044875802835048,57.27109692729452],[-2.043390464168639,57.270687592834655],[-2.040315136913749,57.27042478430802],[-2.031068296210758,57.267875623185496],[-2.023729508098948,57.263902690992694],[-2.019017189601372,57.25889526366822],[-2.018631977026073,57.257579678946065],[-2.018602079198024,57.25754790235278],[-2.01697696442378,57.25199643984992],[-2.016976651972098,57.251322725964194],[-2.017947133835468,57.24799584005276],[-2.017803454615188,57.247504893046354],[-2.017803243886802,57.24705575050276],[-2.017901503488138,57.246718878815074],[-2.017802927805551,57.24638203662692],[-2.017802295683826,57.24503460865772],[-2.019421471056395,57.239482644125395],[-2.024124808235388,57.234473516211295],[-2.024538790689786,57.234248861084204],[-2.024952767535378,57.234024204584586],[-2.031450882087755,57.23049724515904],[-2.031864767239203,57.23027256569456],[-2.032278646850535,57.23004788485897],[-2.041510497590425,57.22749325667408],[-2.041622810184435,57.22748356992189],[-2.045649730570317,57.226368930561115],[-2.045672192173403,57.22636699247856],[-2.046477546159609,57.22614404901989],[-2.053229611295221,57.2255612128913],[-2.051029597819467,57.22436977888146],[-2.046318668384712,57.21936334474442],[-2.044691124383771,57.21381220803416],[-2.044690585247418,57.2133630631715],[-2.045990903465345,57.208888980204016],[-2.044648540767654,57.2074616145161],[-2.044263028619141,57.20614609826011],[-2.044233153233747,57.20611432752373],[-2.043844101160221,57.20478662694041],[-2.043403498503417,57.20431803991771],[-2.04177726424286,57.19876685230558],[-2.041776773285848,57.198317705925184],[-2.042972160726019,57.19420451272779],[-2.042598184424659,57.19292766249805],[-2.042597934000088,57.192703089091886],[-2.042630566402817,57.19259079101379],[-2.04259768357917,57.19247851567764],[-2.042595931295138,57.19090650134325],[-2.044209057317176,57.185354163293724],[-2.044618559143562,57.18491705179894],[-2.044622098656169,57.18490486642277],[-2.045850545674738,57.18359352383342],[-2.045861162595175,57.183556967605426],[-2.046270625087851,57.183119850694254],[-2.04627416388895,57.18310766527572],[-2.046588699577835,57.18277187864936],[-2.046686880662375,57.18243378812575],[-2.047001407147417,57.182098000474156],[-2.047099582832716,57.181759909617774],[-2.049812937659222,57.17886282501649],[-2.049195716177424,57.17675589101498],[-2.049195137207091,57.17630674338791],[-2.05080665213979,57.17075431525642],[-2.051280425668307,57.17024828241149],[-2.050674210633748,57.16817875724177],[-2.047491944354873,57.164791545071154],[-2.046569550401518,57.161641035099954],[-2.04172569272305,57.16030212793055],[-2.034407329276913,57.15632973178721],[-2.029707482648996,57.15132259624225],[-2.028085476524838,57.145771171248896],[-2.028085309583901,57.14554659592598],[-2.029698568130596,57.13999440546605],[-2.032622299985829,57.13687112983192],[-2.032622227148564,57.13678702970787],[-2.033974840061613,57.13212886291721],[-2.031755320246869,57.12976282704194],[-2.031441309509011,57.128687816346506],[-2.028448423838773,57.1254966915648],[-2.026827731784667,57.119945223900274],[-2.026827412994451,57.119496070970555],[-2.028439727538372,57.113943870231324],[-2.028848632076843,57.113506805913644],[-2.028852169825076,57.11349462083707],[-2.029261064579268,57.11305755511924],[-2.029264602149694,57.11304537002973],[-2.029673487119999,57.11260830291182],[-2.029677024512627,57.11259611780935],[-2.034362832688336,57.10758650779384],[-2.036821774943621,57.10624706120114],[-2.037250050567218,57.10578905615026],[-2.038819794624077,57.10493388047423],[-2.040960868866034,57.10264380489233],[-2.04137328054552,57.10241909057823],[-2.041785687244771,57.10219437488717],[-2.04198814091878,57.102084058699965],[-2.040841014521747,57.09815742710133],[-2.04084028321568,57.09748369605963],[-2.042449549604848,57.09193129939364],[-2.042668654945041,57.09169684763082],[-2.042861062589188,57.091032849393926],[-2.047542326894233,57.086022749238474],[-2.047954512297157,57.085798013315205],[-2.054836661410727,57.08204506260151],[-2.05524875732651,57.081820304616535],[-2.064442058209854,57.07926399210257],[-2.066469547337225,57.07908802819791],[-2.067174358359043,57.076649193448524],[-2.071850489905306,57.071638205633526],[-2.078819721941031,57.06783363708345],[-2.07967432654461,57.066917341591406],[-2.080086103247741,57.06669250102905],[-2.080497874926244,57.066467659119084],[-2.086961353857451,57.06293781071081],[-2.08737302812699,57.06271294925253],[-2.087784697343583,57.06248808645709],[-2.091144033109311,57.06155250086392],[-2.091927132251142,57.061124690412164],[-2.091912591805061,57.06107510513833],[-2.091910919577103,57.06040137795355],[-2.093510756054999,57.054848368685846],[-2.098180376733644,57.04983642745668],[-2.099003290384759,57.04938662956199],[-2.104197569416962,57.04654710513543],[-2.104202307322246,57.04653063689051],[-2.108869440931389,57.04151829412479],[-2.109264767469507,57.04130209747244],[-2.109691375470967,57.04084384982598],[-2.110102665269868,57.040618913664204],[-2.112095610639097,57.03952890561203],[-2.112009264636583,57.039436894763945],[-2.112005687983283,57.03942471370592],[-2.111595970590889,57.03898810903865],[-2.109966566794143,57.0334377020725],[-2.109965234107585,57.03298854927201],[-2.110223497686395,57.03209001419786],[-2.109959902963618,57.03119193615642],[-2.109957237619258,57.030293629404646],[-2.111553083624641,57.0247403643627],[-2.111865674979198,57.02440441312954],[-2.111962828815419,57.02406626790109],[-2.116626112039298,57.0190536198994],[-2.123899671200034,57.0150719540484],[-2.128930876482388,57.013667077988664],[-2.131300338551141,57.01236948847856],[-2.13171119149116,57.012144479315566],[-2.132122039616316,57.011919468771616],[-2.141292780589207,57.00935752133262],[-2.151465170035524,57.00846626833425],[-2.152288395708306,57.00846526392857],[-2.155788359622965,57.008763272954226],[-2.159285798184476,57.008456501072985],[-2.161343856983475,57.008453849324916],[-2.171523496313272,57.00931958061402],[-2.173732511307407,57.00992982655666],[-2.182232230015273,57.01065187921624],[-2.191425427298876,57.013190073236906],[-2.19426717187367,57.01473158408416],[-2.196788933159002,57.01542755425966],[-2.19720181197161,57.015651484748375],[-2.197614695819849,57.0158754139281],[-2.204097038359206,57.01939060664548],[-2.204510007009657,57.01961451381403],[-2.204922980653018,57.01983841961424],[-2.209629859555578,57.024839111014685],[-2.209637074037704,57.02486346787597],[-2.210458531924976,57.02573604430445],[-2.210851708352983,57.02706326930653],[-2.211292347240927,57.027531286270296],[-2.212936622324269,57.033080439978136],[-2.212940479450939,57.03375417569],[-2.211359270996093,57.0393087931774],[-2.206706034966544,57.04432501897296],[-2.19943543453355,57.048311521332394],[-2.190259157920983,57.05087770023846],[-2.190236810672608,57.05087966394193],[-2.189436146485388,57.05110352321974],[-2.186985221676979,57.05131884835211],[-2.187791113370131,57.05175562163349],[-2.188204348793976,57.05197957908733],[-2.188617589113643,57.05220353520688],[-2.189908957897436,57.05357521709755],[-2.193167077527761,57.05534069013876],[-2.193580383998327,57.05556463026392],[-2.193993695365857,57.05578856905428],[-2.194424247103111,57.056245779841866],[-2.196474860086208,57.05735674903082],[-2.201185456331781,57.06235766539851],[-2.202829865878625,57.06790683725512],[-2.202845835089476,57.070826291773145],[-2.20126162880279,57.076380646336716],[-2.196602490650056,57.08139637719492],[-2.189323638360026,57.08538221096766],[-2.183445132015226,57.08702402174192],[-2.182322859966665,57.087638320427004],[-2.178208805136016,57.089889974649985],[-2.177797372288159,57.09011513272662],[-2.168609311927085,57.09267970501592],[-2.166171000371943,57.092893270411736],[-2.165310971142113,57.093133247443305],[-2.155115906451208,57.09402559069703],[-2.152228006782095,57.09402912688943],[-2.147976281261737,57.093667763373375],[-2.144699224783408,57.097187246729376],[-2.144576986769737,57.097254063393834],[-2.146476073529018,57.099272113331395],[-2.147297707098708,57.099200298225554],[-2.148535553826818,57.0991988386997],[-2.148883559693294,57.09922841576578],[-2.151835563293398,57.09897031037329],[-2.152248175928116,57.09896981018142],[-2.154790952782475,57.099185821241],[-2.154839675924944,57.09917223343203],[-2.15486205403006,57.09917027599902],[-2.155663967785812,57.09894663563413],[-2.155686345709348,57.098944678055155],[-2.156488249515506,57.098721032478736],[-2.156555382717721,57.09871515930107],[-2.158961033916833,57.09804419086906],[-2.158983411114004,57.09804223270634],[-2.159785275121117,57.09781856628516],[-2.164863986267567,57.09737399941065],[-2.169651381722729,57.09603821371638],[-2.172847766423947,57.0942895717571],[-2.174527866852586,57.093820645834406],[-2.175318893756499,57.093387834973946],[-2.176158912927057,57.09315335845177],[-2.176554411915837,57.09293694857962],[-2.176965888631252,57.09271179198102],[-2.18452542421447,57.090601214225416],[-2.186438554972238,57.089554021256966],[-2.186849929328944,57.08932883522258],[-2.18936944467311,57.088625167822904],[-2.18973285891702,57.08842621319875],[-2.198918377591255,57.08586011521945],[-2.199538977722266,57.08580558751076],[-2.200154560550529,57.085633575238965],[-2.200775155058821,57.08557904140601],[-2.201390728379689,57.085407023054316],[-2.203207752918895,57.08524732608162],[-2.203451793340515,57.08517912429212],[-2.213643215272276,57.08428287225657],[-2.214468108582519,57.084281465332644],[-2.224372001394339,57.08511781338182],[-2.224695178167386,57.08508935093533],[-2.225310632608909,57.084917215855484],[-2.225332998289177,57.08491524593607],[-2.226134171460342,57.08469116051945],[-2.226156536961762,57.08468919045338],[-2.226957700349134,57.084465099785575],[-2.2270024309919,57.08446115935619],[-2.228604728238517,57.08401296212494],[-2.228627093203363,57.084010991618975],[-2.229428227238975,57.08378688519845],[-2.230438041915508,57.083697902186536],[-2.230540328215266,57.083641830162115],[-2.230951369795182,57.0834164999581],[-2.23136240642387,57.08319116840872],[-2.231773437651295,57.08296583531948],[-2.232184463753297,57.082740500815625],[-2.241365668723839,57.08017132009435],[-2.241410392881872,57.08016737466494],[-2.242224833068066,57.07993942109875],[-2.243298005196506,57.07935085344291],[-2.252477641282589,57.07678088048412],[-2.25250000085036,57.076778905851434],[-2.253300843683046,57.07655465191705],[-2.258129606033927,57.07612807865206],[-2.258246094802854,57.07609545246452],[-2.258268453644277,57.07609347680218],[-2.259069246489433,57.07586918596445],[-2.259091605149443,57.075867210155096],[-2.259892388077918,57.07564291404602],[-2.270079944540673,57.07474214327753],[-2.272141665358524,57.074737702069314],[-2.282342051925947,57.07559454988726],[-2.282645398263153,57.075677869074525],[-2.286881409351115,57.07603342438263],[-2.296097947450781,57.07856393233379],[-2.303429050909286,57.08252113620182],[-2.305788763964198,57.08501517974972],[-2.304773929249011,57.08162469699518],[-2.304770242782337,57.08117555068028],[-2.30633924458711,57.075619864590855],[-2.310982947481283,57.0705999888214],[-2.31180377308199,57.07014879122415],[-2.312528935270616,57.06975016497401],[-2.315075452288135,57.06699649196575],[-2.32233732908507,57.06300329320742],[-2.331507529760152,57.06042743347042],[-2.341689233133002,57.059520756008354],[-2.342513584671755,57.05951850686653],[-2.345118044007648,57.05973594637705],[-2.346225256490105,57.05973289392152],[-2.347875299321346,57.05987060737363],[-2.349522679106967,57.05972374534964],[-2.350347034454915,57.05972144464738],[-2.360545140728193,57.06057187050212],[-2.369762869733889,57.063096972940805],[-2.377098759577882,57.06704987886974],[-2.381834746462261,57.0720440326308],[-2.382528877644152,57.074347445067836],[-2.382684806348676,57.07451183331601],[-2.384356717925615,57.08005865474893],[-2.384363685301478,57.08073237447053],[-2.38280607839251,57.08628905135484],[-2.380848174415752,57.0884103666733],[-2.380370321477445,57.09011430790656],[-2.375733509028348,57.09513671490122],[-2.368471105492127,57.09913296779015],[-2.367632167592928,57.099368730584224],[-2.366827319391239,57.09981151932334],[-2.366416922226851,57.100037295520494],[-2.366006520082391,57.10026307037572],[-2.356828993471271,57.10284141555083],[-2.355610051503056,57.10295003383257],[-2.355180537961906,57.10307067105383],[-2.344987339911169,57.10397842703041],[-2.344574675087728,57.10397956020609],[-2.334365091753125,57.10312783305999],[-2.325139853872785,57.10060010097364],[-2.324725256749016,57.100376594131355],[-2.323513701141232,57.099723428730556],[-2.321827117891961,57.099261154496695],[-2.314490679535286,57.09530502822833],[-2.31405819997919,57.09484823264325],[-2.3136598302599,57.094633372818],[-2.312362478641758,57.09326297296989],[-2.311996331056009,57.09306547384249],[-2.309157413100754,57.09006623762292],[-2.310603277502761,57.094893327596616],[-2.314025169429318,57.09850770995343],[-2.315688058424285,57.10405540199545],[-2.315697633704688,57.105178264449094],[-2.314128896147419,57.11073403933548],[-2.30948071353958,57.11575394392743],[-2.302207258836901,57.1197462927209],[-2.293020486664473,57.122319897015466],[-2.291644024550099,57.12244175604317],[-2.291430722887608,57.122501495495605],[-2.291083489330175,57.122691982817464],[-2.290243532981574,57.12292722007119],[-2.289848383448244,57.12314398316246],[-2.280659900709821,57.12571669247127],[-2.270458611333995,57.12661835135804],[-2.270045690392725,57.12661923794828],[-2.264960824287956,57.12619232891064],[-2.264273693428533,57.12656894410686],[-2.255082347015991,57.12913988565904],[-2.255059955591796,57.12914186100835],[-2.254257973435663,57.12936613724464],[-2.249926996746724,57.12974810540846],[-2.249941520228149,57.129763466287116],[-2.252928254264997,57.130583492843904],[-2.260675917874789,57.12841668741506],[-2.260698308560748,57.12841471106622],[-2.261500231215461,57.12819039387977],[-2.261522621720857,57.12818841738449],[-2.262324534506008,57.12796409496326],[-2.262945763828838,57.12790925066086],[-2.263561769389576,57.12773692344481],[-2.265380655042149,57.12757631738077],[-2.26562486720259,57.127507993136234],[-2.275826581321841,57.12660670199546],[-2.277891184040488,57.12660216030664],[-2.278097777908159,57.1266194886819],[-2.278304104508637,57.126601247891244],[-2.280239152070874,57.12659695397647],[-2.28284451086976,57.12636654929309],[-2.284779545008193,57.12636218550515],[-2.287384848434401,57.12613169291635],[-2.288647844732827,57.12612880540563],[-2.296463533806506,57.125436925768334],[-2.297289344105128,57.12543497942359],[-2.307504223902693,57.126289769979344],[-2.31673465716705,57.12881877819573],[-2.317149524383945,57.12904230983601],[-2.319195518604822,57.13014463360203],[-2.323645187679594,57.130516227380404],[-2.325256136076533,57.13095735934303],[-2.325300980335472,57.130961102817324],[-2.334533788789526,57.133488739842385],[-2.341879891497964,57.137443589337536],[-2.34662021360167,57.142438936832185],[-2.347709201163117,57.14605705452996],[-2.347895367482844,57.14625317978826],[-2.349565371777123,57.15180032479136],[-2.349569605000454,57.15224946094429],[-2.348029652059481,57.15771397359934],[-2.348819234506789,57.160336207529824],[-2.34882345717024,57.160785343429865],[-2.347257183197111,57.16634145377698],[-2.346945518832165,57.166677983518476],[-2.346850126796134,57.167016300460155],[-2.342199216705541,57.172037386336775],[-2.334918199437797,57.17603164443733],[-2.325719702599922,57.17860771416422],[-2.315504956047725,57.179513121707046],[-2.313023887223277,57.17951933558563],[-2.305037370876921,57.178852515131254],[-2.298444881284283,57.180696711373024],[-2.295979056692352,57.18091479558718],[-2.294314934588918,57.18138019326418],[-2.293692858522924,57.181435194170206],[-2.293076097680759,57.18160766829085],[-2.291854353533275,57.18171567280967],[-2.291423705705548,57.18183609296399],[-2.281207071679559,57.182738737989574],[-2.27872577099042,57.182744280836076],[-2.268495902299696,57.181887300621895],[-2.259255567219744,57.17935490294116],[-2.25191011600877,57.17539523894475],[-2.251723683870094,57.17519829927869],[-2.250298670626994,57.176731149464935],[-2.250569549343044,57.177638558650116],[-2.250574078959719,57.17831227628013],[-2.249306178518816,57.182764490352994],[-2.249787698580193,57.184377393417414],[-2.249788093259387,57.18443630273527],[-2.2514895009398,57.18623317755897],[-2.252756310940035,57.190474968810484],[-2.258483936138947,57.187341804886024],[-2.258895978324568,57.187116376134455],[-2.268101488408524,57.1845450874848],[-2.268723654367931,57.18449021095064],[-2.269340575586723,57.184317852615614],[-2.271162203073005,57.184157153744586],[-2.271406778249884,57.184088817239775],[-2.281624018474941,57.183186948965485],[-2.282037573485697,57.18318601895536],[-2.292268114241086,57.18404190286104],[-2.292513715370542,57.18410913647186],[-2.294337711208677,57.18426163562401],[-2.294583317514398,57.18432886512255],[-2.296407332504071,57.184481333972236],[-2.296583304001941,57.1845294985407],[-2.303857069366858,57.185137224775445],[-2.304663604979951,57.185357912615395],[-2.304686059168723,57.18535978784954],[-2.305305632995446,57.1855293128349],[-2.305928639793072,57.18558133732611],[-2.306361249117595,57.18569970025694],[-2.307584818579032,57.18580186083938],[-2.307830458945959,57.185869064374394],[-2.309654602781397,57.18602134193631],[-2.309900248390214,57.18608854135873],[-2.311724411604913,57.18624078861636],[-2.312344032666416,57.18641027829716],[-2.312967064256719,57.18646226756531],[-2.313212718854346,57.18652946039795],[-2.315036917533407,57.18668165910295],[-2.324282855841786,57.18920996089615],[-2.324698437104033,57.1894334590871],[-2.325114023623585,57.18965695587184],[-2.331638781578986,57.19316535049113],[-2.33205445068778,57.19338882445858],[-2.332470124834188,57.19361229699577],[-2.337216110721123,57.19860794225693],[-2.337846187288538,57.200700389722414],[-2.344642140816704,57.20009720267498],[-2.345469618352509,57.20009492709452],[-2.355706157260867,57.20094564516464],[-2.358934919368918,57.201827029863146],[-2.359024785291041,57.20183449198972],[-2.368277418130089,57.20435955019548],[-2.375641096418909,57.2083123618923],[-2.37868322334235,57.21150832659381],[-2.378986236708753,57.21167092704633],[-2.379855526174125,57.21258404338627],[-2.380655571828725,57.21301332436581],[-2.385410800722888,57.21800718474771],[-2.385447642119488,57.21812891515729],[-2.389597555762638,57.22248584193326],[-2.389601241716105,57.222498014820104],[-2.390016286872287,57.22293369903123],[-2.390118561286333,57.22327144106959],[-2.390437402467623,57.223606124992976],[-2.391134964795684,57.225909453669175],[-2.39129157364574,57.22607382831064],[-2.392971757630235,57.23162047034077],[-2.392974147422702,57.23184504123098],[-2.392753200600723,57.23263088959733],[-2.398371017973614,57.23309530967895],[-2.398367037659276,57.232726375504896],[-2.399928317069934,57.22716953135295],[-2.400240004584265,57.226832863826424],[-2.400335053773686,57.22649450046471],[-2.404984847037273,57.22147119323503],[-2.406614877799772,57.22057634549354],[-2.407039877269655,57.22011709316375],[-2.409097244074056,57.21898752992774],[-2.409508702361399,57.21876161341994],[-2.409920155624407,57.21853569562536],[-2.414321791225825,57.216118628562626],[-2.416378717041963,57.21498896374221],[-2.416790087133986,57.21476302677541],[-2.417201452202452,57.21453708847447],[-2.426402525687618,57.21195435149373],[-2.436623512128004,57.21103995805087],[-2.437037369397695,57.211038520157736],[-2.443044477574326,57.21153324733184],[-2.449039213176289,57.210996228012874],[-2.449866925313632,57.210993269036166],[-2.460108946374185,57.2118355192159],[-2.46172506035701,57.212274884169865],[-2.461770016993316,57.212278578613784],[-2.471032426024796,57.21479609914728],[-2.47269950397321,57.21568814206573],[-2.473100097429012,57.21590248730012],[-2.473946985713698,57.216132595379236],[-2.474363780385418,57.21635559837185],[-2.481324388691057,57.22007920522793],[-2.481741272321234,57.22030218269288],[-2.486511083241256,57.22529215393829],[-2.488205514996996,57.230837429851405],[-2.488208483423153,57.231061994991656],[-2.487583875830413,57.23330451780913],[-2.487862861483624,57.233596262323],[-2.489557901774611,57.23914157601632],[-2.48956385835582,57.239590711227336],[-2.488015555672728,57.24514860914721],[-2.483374101017591,57.25017495063844],[-2.482962747251153,57.25040110743859],[-2.482551388448212,57.250627262904715],[-2.481728655732521,57.25107956983466],[-2.476092995889497,57.25417739850871],[-2.475681552973132,57.25440353169304],[-2.475270105018926,57.25462966354271],[-2.474447193996681,57.255081923237924],[-2.47276358999938,57.255554864476295],[-2.472671510927821,57.25560546560707]]],[[[-2.414909928737735,57.367883990822456],[-2.414662875656574,57.36781699905891],[-2.412829292464101,57.36766625398967],[-2.403532328431642,57.365144546633424],[-2.403130511117857,57.36492998566857],[-2.402280635619592,57.364699409067995],[-2.401862592955393,57.36447617313919],[-2.394882634572934,57.36074825168406],[-2.394464681571643,57.36052499109794],[-2.393591515784671,57.35961199781438],[-2.393206049917407,57.35940607700975],[-2.388840946866236,57.35484100185509],[-2.388585397288087,57.354704447169595],[-2.383812013264742,57.34971083737684],[-2.38380831642802,57.349698664773534],[-2.383391912914864,57.34926297714966],[-2.382992755775956,57.3479485540475],[-2.382962471359981,57.34791686507319],[-2.382958774985399,57.3479046924406],[-2.382542401809679,57.3474690018263],[-2.38085846080328,57.3419224324354],[-2.380856136362395,57.34169786953868],[-2.382424639356336,57.33614144552218],[-2.387090690160438,57.33111894999211],[-2.394396701094075,57.32712171844841],[-2.403627483466779,57.32454064906513],[-2.406726553985507,57.32426489983523],[-2.409014246235563,57.323624985982704],[-2.419266644594518,57.322711967059846],[-2.420511981934842,57.322707815628696],[-2.42536788763877,57.32310717352536],[-2.43545069327086,57.32220791254176],[-2.436696013008639,57.32220360025739],[-2.439319570739403,57.3224190464422],[-2.439604438500447,57.32241805233758],[-2.449877221933511,57.323261077635486],[-2.459166756740516,57.3257793903138],[-2.466564583341274,57.329726786978505],[-2.47134657581542,57.334717252097896],[-2.473043822542087,57.34026259094668],[-2.473046709789288,57.34048715103826],[-2.471491707224066,57.34604468434237],[-2.471085498577809,57.34648316227679],[-2.471082085225754,57.346495358983525],[-2.467302031375377,57.35057513474084],[-2.466993867824255,57.351675710378274],[-2.462336141121636,57.356701135346],[-2.46192346774104,57.356927219005584],[-2.457035117551122,57.359604994979826],[-2.455331129499594,57.36144261628973],[-2.448024967232878,57.3654433662913],[-2.438787073594664,57.368027691782984],[-2.428522533740251,57.368942308504984],[-2.426444360500212,57.36894935745586],[-2.416159339406941,57.36810444090606],[-2.415536175366763,57.36793546893256],[-2.414909928737735,57.367883990822456]]],[[[-2.432205552748406,57.42485241851916],[-2.427417100272997,57.41986055832376],[-2.427413381843784,57.419848387177026],[-2.426995663432391,57.419412850826525],[-2.425301665923835,57.41386695497329],[-2.425288650434256,57.4127441591719],[-2.426853417239069,57.40718724621484],[-2.431522375313858,57.40216315999641],[-2.431674055079469,57.40208023894507],[-2.432580429627984,57.398858707402525],[-2.432704456817497,57.398725207868004],[-2.432983158946696,57.39773448186024],[-2.437650075818584,57.392710155031246],[-2.438476518670297,57.392258145548574],[-2.439270842082267,57.39182368789119],[-2.440123960307739,57.3909049916111],[-2.447436034159673,57.38690470861136],[-2.456678025456673,57.384319739714044],[-2.456700560633196,57.384317728294185],[-2.457506837600055,57.38409216358594],[-2.467774821834801,57.383175163670785],[-2.468606400428567,57.383172072608225],[-2.478896657319515,57.384012648723115],[-2.488203385399276,57.3865287215096],[-2.488622194056906,57.38675166605136],[-2.493892897202088,57.389557069007566],[-2.498728608686367,57.38820247373633],[-2.502389905399118,57.38787439092894],[-2.502880881332905,57.387736821269556],[-2.503506110725795,57.38768078103308],[-2.504125310073046,57.38750727525376],[-2.514392964308772,57.386586444916034],[-2.515640431794643,57.386581341631164],[-2.525932693604694,57.38741806562694],[-2.535243488693429,57.38993064846526],[-2.535662620967124,57.39015343579879],[-2.542662276627866,57.39387344850423],[-2.543081500190834,57.39409621061768],[-2.543520335382492,57.39455217864033],[-2.543923288161975,57.3947662854884],[-2.54480100736185,57.39567821381181],[-2.545187695556655,57.395883664278955],[-2.546065474084881,57.39679558338976],[-2.546452181493876,57.39700102986073],[-2.547330019356373,57.39791293975771],[-2.54771674598116,57.398118382232084],[-2.548594643183848,57.39903028291404],[-2.548981389026026,57.3992357213914],[-2.553783647782079,57.404222911943634],[-2.553787406583821,57.40423507924218],[-2.554206455346426,57.40467018989963],[-2.554210214336031,57.40468235718486],[-2.554629273299596,57.405117466413635],[-2.556342431768995,57.410661558801166],[-2.556345837948011,57.41088611255703],[-2.554800586710133,57.41644457308416],[-2.550146792897431,57.4214731884387],[-2.549733940114173,57.42169955916548],[-2.542839151028422,57.42547942093013],[-2.542426208333508,57.425705767720515],[-2.540735681093351,57.42617961717363],[-2.540354798131321,57.42638837424724],[-2.53950951077303,57.42662528793112],[-2.539112575364821,57.426842832563594],[-2.538267269443339,57.42707973792743],[-2.537870321719175,57.42729727865097],[-2.537024997234387,57.42753417569437],[-2.536628037194001,57.42775171250869],[-2.527380824760018,57.430342563390106],[-2.517101177673918,57.43126446750824],[-2.51668484495012,57.43126617568495],[-2.506380370781387,57.430428727462655],[-2.497061140461135,57.42791404866643],[-2.496641804369144,57.4276911352864],[-2.496222473517687,57.42746822048187],[-2.494764425542635,57.426693094538784],[-2.489607817627647,57.4295152100688],[-2.489194499181182,57.42974138318756],[-2.487503094031848,57.43021452023438],[-2.487121864009215,57.43042311716725],[-2.486708519265242,57.430649282206254],[-2.485862784238531,57.43088583698573],[-2.484638752064343,57.4315555311149],[-2.47538692944186,57.434142567368085],[-2.46510494843059,57.435060227776184],[-2.464272197608541,57.43506329910571],[-2.453967939564614,57.43422156161606],[-2.444651430392388,57.43170299397003],[-2.437235492845546,57.42775444104383],[-2.436797580736879,57.427298103657016],[-2.432205552748406,57.42485241851916]]],[[[-2.423187812465557,57.421055107233165],[-2.427975844968841,57.426047128332335],[-2.42967078285863,57.431592962110756],[-2.429676042683341,57.43204207766356],[-2.428110635274458,57.43759899489544],[-2.423436747849737,57.442622942113964],[-2.421017733880588,57.44394355338004],[-2.419308051471201,57.445780673563505],[-2.411981192144268,57.44977930875846],[-2.402719544185962,57.452360991666815],[-2.392430499253905,57.453272691828545],[-2.390764130018456,57.45327786268032],[-2.380456270941869,57.45243008213573],[-2.371140013878769,57.449906051577805],[-2.363728158641995,57.44595315153434],[-2.363290932155229,57.44549655702674],[-2.362888469341698,57.44528187260955],[-2.362469747452455,57.445058511122916],[-2.362051030676624,57.444835148239775],[-2.3612136124649,57.44438841828421],[-2.360339270682767,57.44347521010041],[-2.359953109838722,57.443269192316706],[-2.355172058834712,57.43827459427207],[-2.353488009891974,57.43272772908614],[-2.353485037451119,57.43241951975283],[-2.352625046003158,57.42958620582231],[-2.352622885784075,57.42936164462278],[-2.354199341357771,57.423805617626584],[-2.358880330282512,57.418784211737226],[-2.359294331521303,57.41855846606222],[-2.366206802080454,57.41478864232993],[-2.366620713987476,57.414562872427055],[-2.367466848278183,57.414327120143966],[-2.368692454935193,57.413658563604734],[-2.37794678112375,57.4110793751195],[-2.388224375663246,57.41016887030232],[-2.390304890292875,57.41016244942858],[-2.400601107476307,57.411009458322816],[-2.40990951972503,57.41353135310317],[-2.417319801332933,57.41748157709688],[-2.417757364058789,57.41793798685249],[-2.421091227634772,57.41971471932767],[-2.421510016424325,57.41993788800263],[-2.421947659527668,57.42039428238245],[-2.422350194163522,57.420608779980135],[-2.422769000774012,57.420831944323126],[-2.423187812465557,57.421055107233165]]],[[[-2.485360808408482,57.51746230513599],[-2.486168770256993,57.517890881337685],[-2.487876708112105,57.51835086617927],[-2.488297037520769,57.518573806165556],[-2.489137711628914,57.519019681889716],[-2.495316677922963,57.52229636901166],[-2.495737097550464,57.52251928392909],[-2.496577952100201,57.52296510951366],[-2.501389457638499,57.52795423120326],[-2.501641203280706,57.528770175606205],[-2.501666710047875,57.528783694978316],[-2.502087243448912,57.529006588433184],[-2.503407170056104,57.53037489255897],[-2.504199292794159,57.53079469430578],[-2.506722801470474,57.532131981625824],[-2.511536904808403,57.53712070306826],[-2.513249845954904,57.54266531321741],[-2.513253005007454,57.542889865660776],[-2.511695743712349,57.54844774353338],[-2.510566425629086,57.54966186319046],[-2.510464736320909,57.550024681709644],[-2.505787941056445,57.55505162781594],[-2.505373308378527,57.555277852773116],[-2.50495867054376,57.55550407636909],[-2.504544027552067,57.555730298603876],[-2.504129379403369,57.55595651947745],[-2.503714726097589,57.556182738989754],[-2.502885404014465,57.55663517393041],[-2.502470735236967,57.55686138935867],[-2.498448785733427,57.55905527919493],[-2.498034061647529,57.559281480301834],[-2.49761933240326,57.55950768004726],[-2.497204598000543,57.55973387843126],[-2.496789858439299,57.55996007545375],[-2.49637511371945,57.56018627111468],[-2.495545608803624,57.560638658351806],[-2.495130848607492,57.56086484992789],[-2.494282158027893,57.561101461890225],[-2.493883495311696,57.5613188638296],[-2.484599457772223,57.56390659502722],[-2.474281123702995,57.56482504193354],[-2.473027547522856,57.564829743284946],[-2.462686315240969,57.563988768361405],[-2.461065729770501,57.56355245678234],[-2.453061775271807,57.56290083277228],[-2.452883774647193,57.56285289270483],[-2.445532407404408,57.56225390760429],[-2.436183567476264,57.55973476565529],[-2.435763078462116,57.55951165290087],[-2.432513669273217,57.557787366018545],[-2.426532010322858,57.556174694304175],[-2.419092513670737,57.55222514601529],[-2.418632467260966,57.55174708911444],[-2.416028970587135,57.551044757022126],[-2.415608705921231,57.55082157699035],[-2.40859165348546,57.54709458385181],[-2.408171479392693,57.54687137848202],[-2.403370185196336,57.5418787064863],[-2.401673981043152,57.53633260032842],[-2.401666569150793,57.53565893379995],[-2.403240088243283,57.53010240342814],[-2.407927891086282,57.52507924949481],[-2.415270249348927,57.52108087264978],[-2.420919124862411,57.51950861003709],[-2.421629817365326,57.518746458732636],[-2.42204455884714,57.51852050839323],[-2.422459295119174,57.51829455666808],[-2.4289693621626,57.51474726130646],[-2.429384011117714,57.514521286314725],[-2.429798654909437,57.51429530996143],[-2.439074003483601,57.511711607269625],[-2.449378247063067,57.5107960427855],[-2.449795489543612,57.51079455584434],[-2.460121353331899,57.51163660337511],[-2.46137299561616,57.511974083228075],[-2.462630548786234,57.51207655943388],[-2.470270591864423,57.51413603645093],[-2.474763063556165,57.514501715149905],[-2.475577889351739,57.514721282758345],[-2.475600554017046,57.514723127035154],[-2.48494050949224,57.51723935528189],[-2.485360808408482,57.51746230513599]]],[[[-2.222496167009025,57.39125799622276],[-2.21220957854066,57.3903964996318],[-2.211399086712418,57.390175227928125],[-2.211376512131248,57.39017333618098],[-2.20208762719722,57.387636820808275],[-2.20168673654981,57.38742162001541],[-2.200837597660815,57.38718968993042],[-2.200420518019245,57.386965788361366],[-2.199602573431094,57.386526677854526],[-2.198753467813081,57.38629473353702],[-2.198336410760978,57.3860708249321],[-2.191372907105364,57.38233166782388],[-2.190955938371806,57.38210773369561],[-2.190521610357041,57.38165053350182],[-2.189286952802617,57.38098741642405],[-2.184537099702129,57.37598627290922],[-2.182881582039673,57.37043705651079],[-2.182874847344833,57.36908965558414],[-2.184474330747709,57.36353567668703],[-2.184884139034745,57.3630981208421],[-2.18488764863316,57.363085931863765],[-2.18832345016291,57.35941703560734],[-2.188228631505051,57.3594252972772],[-2.185735398656386,57.35942900689595],[-2.184903961898482,57.35935909654757],[-2.184073243564105,57.35943145235324],[-2.182826627382353,57.359433271920366],[-2.18020191379265,57.35921249371023],[-2.179085679928644,57.35921408921728],[-2.168808996756276,57.35834901833741],[-2.167377603179154,57.35795726630564],[-2.166729315822933,57.357902657329554],[-2.157451585859426,57.35536281588586],[-2.150081656803549,57.35139729735181],[-2.145340941861605,57.34639465691076],[-2.144652795199296,57.34407786369906],[-2.144083263464961,57.34347670913379],[-2.142435244885059,57.337927006740564],[-2.14242645885629,57.33568136943105],[-2.144030481632971,57.330127992556754],[-2.14485028684416,57.32925315673002],[-2.144857325535398,57.329228781405135],[-2.14955473252855,57.32421514359414],[-2.156885037042241,57.32023172147889],[-2.166130695591638,57.31766804725855],[-2.176387497980092,57.316774772288625],[-2.177632672094015,57.31677301688588],[-2.187897984436312,57.31763735558408],[-2.188706749489657,57.31785877825518],[-2.188729278756144,57.31786067409047],[-2.189538053794458,57.318082091411505],[-2.189560583241716,57.31808398709789],[-2.190369368264925,57.318305399068734],[-2.190391897892948,57.318307294606214],[-2.190697040972856,57.318390828066256],[-2.194960114209363,57.31874941527837],[-2.195768946675597,57.31897079252114],[-2.195791476992879,57.31897268709158],[-2.196412815312399,57.31914274172979],[-2.197037934411395,57.31919530274949],[-2.206309333868217,57.32173218291544],[-2.213679462455697,57.325694330108895],[-2.218426888273111,57.33069428338791],[-2.218430529043836,57.330706460653516],[-2.218844791754256,57.33114268542065],[-2.218848432708783,57.33115486267377],[-2.219262705476081,57.33159108606001],[-2.219266346614421,57.33160326330065],[-2.219680629438999,57.33203948530596],[-2.219879051937833,57.33270303386246],[-2.220101268720381,57.33293700778453],[-2.221760775392852,57.33848569196542],[-2.221763497814238,57.33893482118001],[-2.221356769947856,57.34035339858072],[-2.221363137977863,57.34140576379989],[-2.219770187789428,57.34696021697917],[-2.217636938241336,57.349241684484944],[-2.225145282480975,57.34858526138499],[-2.225560698065582,57.34858451658555],[-2.23583598626156,57.34944495441964],[-2.242936333771693,57.35138357753824],[-2.243742486221632,57.35145099616767],[-2.253025160913418,57.353984473383996],[-2.260406646094499,57.35794394667065],[-2.26516440156286,57.36294221080458],[-2.265168060590126,57.36295438689497],[-2.265583223971044,57.36339046370088],[-2.267250817032385,57.368938566658024],[-2.267252451498637,57.369163131517496],[-2.267059856798789,57.36983724592953],[-2.267262258796725,57.37051052050448],[-2.267267162767585,57.371184214888686],[-2.265679802891666,57.37673921073626],[-2.260991410233144,57.3817572283434],[-2.260577218197493,57.381982655756325],[-2.253660060067702,57.385746763023555],[-2.253245777746832,57.385972166262256],[-2.243989015567563,57.38854227584571],[-2.239028864718064,57.3889762751836],[-2.235680380754508,57.38990553580637],[-2.235032144253492,57.389962220346],[-2.233603842007787,57.39035854768966],[-2.223327956999785,57.3912565204581],[-2.222496167009025,57.39125799622276]]],[[[-2.282760531642546,57.43531399165634],[-2.278066924459677,57.44033260382583],[-2.270725652011672,57.444323092920335],[-2.269878194587769,57.44455820046727],[-2.269479459833385,57.44477489797023],[-2.260208900090628,57.44734618274559],[-2.249917531405037,57.448246316671366],[-2.24866790177249,57.44824879251674],[-2.238364675613931,57.447389453332406],[-2.234869847350177,57.44643768011982],[-2.232942622876959,57.446276782521764],[-2.231318935113691,57.44583450698922],[-2.231273715351363,57.44583073072314],[-2.22196940382162,57.44329571774447],[-2.214574994918702,57.43933407321201],[-2.21413971048406,57.438876962467546],[-2.211231846789778,57.43731864752346],[-2.207315274753734,57.433204488253054],[-2.207043633999898,57.433058873131614],[-2.206608517808995,57.432601735454476],[-2.206207114257326,57.43238655149417],[-2.205772016515849,57.431929410842194],[-2.205370625256044,57.43171422416938],[-2.204953018218034,57.43149034012467],[-2.200194665467561,57.426489866109506],[-2.200191021894029,57.42647768826162],[-2.199775929180035,57.426041400904694],[-2.199671199293899,57.425691342461924],[-2.198937272933347,57.42491990240917],[-2.197277488891881,57.41937094736422],[-2.197276281427341,57.4191463833848],[-2.198875841730811,57.41359228237037],[-2.203576796150762,57.40857659239627],[-2.203991638805877,57.4083513529017],[-2.210918150597523,57.4045899837908],[-2.211332903126981,57.40436472035581],[-2.220595942918062,57.401797015037076],[-2.230874847633516,57.40089926705321],[-2.231290851747871,57.400898502223825],[-2.24158082793932,57.401758435586906],[-2.242203768777211,57.40192826319475],[-2.242830356170427,57.4019805952491],[-2.247567132621389,57.40327176226715],[-2.250745409701049,57.40353702692053],[-2.260041655325249,57.40606993048812],[-2.262081322016968,57.407162361883124],[-2.264631301883696,57.407856888964766],[-2.272024829516353,57.411815621953934],[-2.276791150874246,57.416813391102465],[-2.277197805140827,57.4181630993948],[-2.277901663778741,57.418539777396155],[-2.282669660383486,57.42353731559332],[-2.284342596953457,57.429085136971096],[-2.284347826510608,57.4297588247391],[-2.282760531642546,57.43531399165634]]],[[[-2.331766397425529,57.56281005903401],[-2.330095027174309,57.562814441159084],[-2.329873662455879,57.56279619170953],[-2.321744111740199,57.56350968993997],[-2.320490559069031,57.56351287953529],[-2.310153210666354,57.562659400917404],[-2.300813661537669,57.560130227416316],[-2.298845795770581,57.55908186292995],[-2.292016202498153,57.557231549350774],[-2.284591080655946,57.553274065760604],[-2.27980587501066,57.548276680701996],[-2.278128145343097,57.542728887100765],[-2.278124722277015,57.542279768988074],[-2.279717321154088,57.53672476044984],[-2.284422954578948,57.53170618019027],[-2.284838692200068,57.53148068099707],[-2.291780148957354,57.52771496993875],[-2.292195796064383,57.527489446332154],[-2.301484271788573,57.52491587676231],[-2.307763083542496,57.52436533786439],[-2.313987264988252,57.5226397740549],[-2.314009893269986,57.52263778810537],[-2.3148200968389,57.52241313572429],[-2.324616186225236,57.52155291093919],[-2.325661984649392,57.52126280946208],[-2.335971774875608,57.520356507866296],[-2.338475914950397,57.52034981720062],[-2.348801930698331,57.52120098740801],[-2.349616151213417,57.521421371212135],[-2.349638813720414,57.521423238141935],[-2.358971778559682,57.52394873540522],[-2.366398916830662,57.52790175217988],[-2.371193246286711,57.53289576152991],[-2.371399199521173,57.533571227414846],[-2.372041963999266,57.53424062941678],[-2.373733541023074,57.53978711246227],[-2.37373511878673,57.5399412137774],[-2.374167226891413,57.541357762161084],[-2.37417643502414,57.54225598567991],[-2.372597997932844,57.547812169862354],[-2.367902474473669,57.552834063471764],[-2.360548593563486,57.55682976090795],[-2.358000145983484,57.55753688857447],[-2.356801818064798,57.55818780827314],[-2.356386223807592,57.55841354684529],[-2.347093166480074,57.560991241346365],[-2.345207841578522,57.561157044334465],[-2.343339129696062,57.56167522012796],[-2.342710672391791,57.561730472298656],[-2.342087752647346,57.56190318837491],[-2.331766397425529,57.56281005903401]]],[[[-2.309826862622997,57.686534945664526],[-2.306584491791703,57.684814081608366],[-2.302373282129094,57.68257864404201],[-2.297568464833438,57.67758206999292],[-2.295881990808852,57.672034648820514],[-2.295878338531856,57.67158554214695],[-2.295910614435378,57.671473187742684],[-2.295876512434299,57.671360988798256],[-2.295874686364034,57.671136435441575],[-2.29596138597561,57.670834623547606],[-2.295439186757157,57.66911643568417],[-2.295435540438296,57.668667328806144],[-2.297031149934029,57.663112233343305],[-2.301750910835833,57.65809310620166],[-2.302167989403904,57.65786755249423],[-2.30592145763255,57.655837507501914],[-2.306338483443475,57.655611940078416],[-2.30913181207801,57.65410093239745],[-2.309548797530539,57.653875354399965],[-2.313301430722612,57.65184509062631],[-2.313718363758651,57.65161949889696],[-2.323036958128444,57.64904433637634],[-2.32427423959905,57.648936019296976],[-2.324710276992911,57.648815489766896],[-2.335056178524199,57.6479092247151],[-2.335893816847733,57.64790699992445],[-2.346255972076208,57.64875826445975],[-2.355621396089425,57.65128391711976],[-2.362763648229654,57.65507235176686],[-2.363620051602001,57.65530316871745],[-2.371074526448227,57.659255825095556],[-2.375886701421678,57.66424955781163],[-2.377584919252176,57.669795884395306],[-2.377587253739174,57.67002043654169],[-2.376003865242872,57.675576563644185],[-2.371292425860762,57.68059849386261],[-2.370875527883507,57.680824276937166],[-2.36588853996162,57.683524797628614],[-2.365457641440998,57.68398388450061],[-2.358077045497753,57.687979372453704],[-2.348751006589075,57.69055714401493],[-2.347512374956817,57.69066570314437],[-2.34707590990476,57.690786312994945],[-2.347053178775027,57.690788305046105],[-2.346239426695615,57.69101316551133],[-2.346216695377386,57.69101515741205],[-2.34540293301486,57.69124001248667],[-2.335044894959095,57.69214714501564],[-2.333786901868695,57.69215047293511],[-2.323412607299003,57.69129818726577],[-2.314038993802215,57.688770132481444],[-2.309826862622997,57.686534945664526]]],[[[-2.119747781459341,57.26827159688505],[-2.118107134945586,57.262721417046805],[-2.118106420927743,57.26249684550881],[-2.119711263891039,57.25694359906183],[-2.122986231394271,57.25344475962594],[-2.123014391961008,57.253347260041885],[-2.127705362902881,57.24833429704989],[-2.135023100718796,57.24435205828354],[-2.144251289112896,57.24178997182216],[-2.154487426428861,57.24089852124548],[-2.15614421847854,57.24089647777245],[-2.166387698395665,57.24176266792159],[-2.167194644688859,57.2419842423641],[-2.167217126057419,57.2419861422755],[-2.167275817974683,57.242002257810995],[-2.169703415603621,57.24220738947381],[-2.170510392529502,57.24242894291214],[-2.170532874365641,57.24243084223793],[-2.171152787196335,57.242601032206885],[-2.171776561101848,57.24265372515868],[-2.172721629419863,57.24291316758882],[-2.173664268452014,57.24265113613004],[-2.183899930481316,57.2417572934374],[-2.184314138097404,57.24175668783793],[-2.194558511167115,57.242620590207004],[-2.203810183571445,57.24515781203249],[-2.20464115506561,57.24560560928811],[-2.205056648399808,57.2458295057917],[-2.205497348494656,57.24606698091247],[-2.207005083219548,57.24619390651391],[-2.216258506173419,57.248730201669446],[-2.216674105476706,57.248954058922436],[-2.223614741095779,57.25269195737417],[-2.224030428927384,57.252915791076006],[-2.228769493631945,57.25791556485626],[-2.229162142059372,57.2592305055883],[-2.229192220422979,57.25926223228668],[-2.230849411701564,57.26481094542422],[-2.230850811803148,57.26503551542626],[-2.23081868918328,57.26514786062512],[-2.230852211925141,57.26526008542021],[-2.230853612067548,57.265484655406034],[-2.229901813319931,57.26881315820941],[-2.23004839715782,57.269303861349755],[-2.230049793404601,57.26952843115509],[-2.228461034906009,57.27508305683335],[-2.223780368326534,57.28009975214803],[-2.223367086721992,57.280325058182534],[-2.216465142842853,57.28408713492735],[-2.216051772194613,57.28431241621258],[-2.214363522208142,57.28478188946452],[-2.213982244797543,57.28498966388946],[-2.204748113566025,57.28755685929537],[-2.202921119042074,57.28771658275622],[-2.202675735246818,57.2877847834926],[-2.192427751805726,57.288680159205164],[-2.191183547462197,57.28868205322738],[-2.180926440825239,57.28781789561153],[-2.178502372623234,57.28715342886146],[-2.178434844145064,57.28714773528746],[-2.178001457347944,57.287028930899844],[-2.17677490217276,57.28692550418968],[-2.167850312658406,57.2844783862417],[-2.16296476437745,57.28490400064382],[-2.162135378804388,57.28490507047723],[-2.151880000421673,57.2840385420098],[-2.142622148421017,57.281497519249825],[-2.141537005527794,57.28091225539486],[-2.133074617437877,57.27858852936689],[-2.132659191757527,57.27836439555469],[-2.132243771125791,57.27814026037444],[-2.125722935569559,57.27462148633229],[-2.125307599126575,57.27439732854751],[-2.124892267752562,57.274173169358804],[-2.120165195176646,57.26916948733977],[-2.119968955623406,57.26850575722571],[-2.119747781459341,57.26827159688505]]],[[[-2.126328361964608,57.35372657616764],[-2.127361777803791,57.35721079402487],[-2.129101420974347,57.358147432902406],[-2.129517742053608,57.35837157312224],[-2.129934068212937,57.35859571195812],[-2.134674256372416,57.36359893149136],[-2.135358521195808,57.365903596809616],[-2.13551458856567,57.36606828344594],[-2.137162754121039,57.37161812811971],[-2.137163597036182,57.37184269538207],[-2.135556598207222,57.37739606699872],[-2.130850369518172,57.38240924746526],[-2.130435371348508,57.382634246764084],[-2.123504769107121,57.386391205703084],[-2.123089681745817,57.38661618082071],[-2.117159993735325,57.38825488402259],[-2.113536361644961,57.390218264299655],[-2.113121168532877,57.39044320679738],[-2.103853415729992,57.39300301763407],[-2.103182355185242,57.393060971708124],[-2.100943816663369,57.39367909511954],[-2.090663581444531,57.39456623709208],[-2.08983169664983,57.39456683585843],[-2.079547113857064,57.39369449567553],[-2.075394192528322,57.39255524542344],[-2.075269538782518,57.392555320404924],[-2.074853545404661,57.39252000172382],[-2.074437697148526,57.392555817614486],[-2.073450926256991,57.392556400304905],[-2.068199719341211,57.39300850631149],[-2.065704165196447,57.39300984214577],[-2.065288176181177,57.39297449200361],[-2.064872313767532,57.393010276436506],[-2.063624536580829,57.393010917572006],[-2.053341008009802,57.39213644134769],[-2.052719097568671,57.39196567886361],[-2.052092941926015,57.3919124008317],[-2.051471040993244,57.391741632139166],[-2.050844890485432,57.39168834775575],[-2.050035329862309,57.39146603695521],[-2.050012762411717,57.39146411627941],[-2.044040706722523,57.38982390417902],[-2.039612863771912,57.38944674430274],[-2.03799398664994,57.389001972859084],[-2.037948856037117,57.38899812718649],[-2.028672211384681,57.38644881484511],[-2.028256192844718,57.38622434272195],[-2.022913038001216,57.38334095890123],[-2.019521454929872,57.38240838075143],[-2.019105538202393,57.38218387795929],[-2.012161100035239,57.37843480351123],[-2.011745273803436,57.37821027616067],[-2.007020048996996,57.37320244400068],[-2.005391566455041,57.367650898195244],[-2.005391498740762,57.367201761509605],[-2.007017814837414,57.361650033563265],[-2.011738333603149,57.35664145482877],[-2.012153766636328,57.356416845242634],[-2.01909013427864,57.35266598467954],[-2.019505479373924,57.35244135041248],[-2.020424678628129,57.35218800257976],[-2.020461484998912,57.35214892719697],[-2.020860683661727,57.35193301377874],[-2.021292011551711,57.35147507923576],[-2.02864178411351,57.347499056103885],[-2.037903257032498,57.34494477351959],[-2.048170747866895,57.3440619580921],[-2.049001479176949,57.34406163638343],[-2.051033442963779,57.34423480357679],[-2.055765191087819,57.342928761424325],[-2.058126201206168,57.34165006137041],[-2.067384133371305,57.33909364423975],[-2.07764927469674,57.338208425258784],[-2.078064574569781,57.338208167312246],[-2.084841034109912,57.33878400495244],[-2.086371647620195,57.338651847889196],[-2.087202259829213,57.338651272276415],[-2.097471555451177,57.33952297973027],[-2.106741206971687,57.34206720022544],[-2.109140351119502,57.34336020978114],[-2.11422584042617,57.34475542881053],[-2.121590591968897,57.348723041947125],[-2.126328361964608,57.35372657616764]]],[[[-2.062604412697049,57.52617838417818],[-2.062604804856336,57.52640294490075],[-2.060979789672802,57.53195519244784],[-2.05699972526078,57.5361656102461],[-2.060157440974248,57.5394912361566],[-2.061802058913596,57.54504187906439],[-2.06180387304479,57.54609422379371],[-2.062223995241768,57.54751183463291],[-2.062224774738122,57.547960954808474],[-2.060598733426939,57.55351318065779],[-2.055859636337683,57.55852338944652],[-2.055442180603158,57.5587481341589],[-2.04847051438175,57.56250083960011],[-2.048052967193806,57.56272556000928],[-2.047201341682667,57.5629591653381],[-2.04680000031663,57.56317515321842],[-2.045948356306814,57.56340875012675],[-2.045547002590669,57.5636247340399],[-2.044695340082084,57.56385832252735],[-2.044293974015573,57.56407430247312],[-2.034977440836941,57.56662895932925],[-2.034954770064346,57.566630895302204],[-2.034141864686409,57.56685374912825],[-2.023811427021969,57.567735398811],[-2.023393517614979,57.56773547781367],[-2.020402441892836,57.567481456444746],[-2.020050112170679,57.56751150078009],[-2.019632205327574,57.56751156733874],[-2.016993533028432,57.567287396562605],[-2.016706746648538,57.56728743549117],[-2.006375395095252,57.56640914639746],[-1.997055867003622,57.56385758689632],[-1.9896612641685,57.55988283182634],[-1.989227335981756,57.559424954030284],[-1.98882580917688,57.559209082192474],[-1.984080171596611,57.55420056942301],[-1.982446961666027,57.54864892657914],[-1.982447062732981,57.54842436623994],[-1.98366270058586,57.54430394613657],[-1.977555509429299,57.5410182326948],[-1.977138039613692,57.54079359837054],[-1.976704496792802,57.54033567687928],[-1.974090211408534,57.53892883627074],[-1.973672787522939,57.53870419019788],[-1.97171157482523,57.53764866287079],[-1.967575157055118,57.535422131666934],[-1.961040219759928,57.537210578998675],[-1.950716423148145,57.5380862592318],[-1.950429867783082,57.53808614752729],[-1.947793130343588,57.53830965028143],[-1.94654041880241,57.53830912815729],[-1.936219032306457,57.53742508861882],[-1.933664709765145,57.53672349605683],[-1.928705123382192,57.53629827245489],[-1.928210530656798,57.53616238801814],[-1.924530571414322,57.535846728418264],[-1.915224640162687,57.53328911654085],[-1.914921022654406,57.53312540875853],[-1.908966365852368,57.53148829443918],[-1.906457645360577,57.53013523179971],[-1.904683278199941,57.53200197194518],[-1.897283016522949,57.53597061039806],[-1.887963360372516,57.538514453901676],[-1.877637429804932,57.53938418209641],[-1.874296758009885,57.53938091562879],[-1.864474444944794,57.53853393114836],[-1.861261638910443,57.540254722899526],[-1.861479175194695,57.540314627189765],[-1.863319108932576,57.54047338489435],[-1.872623311583529,57.54303483489958],[-1.880001757336357,57.54701648401484],[-1.884732228035524,57.55202899607548],[-1.886350887943758,57.557582068056476],[-1.886348136301113,57.55848032810866],[-1.884694907844705,57.56403034582009],[-1.883962564648627,57.56479951375258],[-1.888022414918233,57.56909880290407],[-1.888025969087237,57.56911098941836],[-1.888438973119081,57.5695482875578],[-1.890058772018294,57.57510113302226],[-1.89005809389582,57.57532568752851],[-1.88840442228364,57.580875545563096],[-1.885432823989737,57.58399512500002],[-1.885429742162096,57.58497744694389],[-1.884932244593342,57.58664615508447],[-1.88876626085391,57.58459389892007],[-1.889185046787965,57.58436971031779],[-1.898516407519679,57.58182588116845],[-1.898584470062469,57.581820146901805],[-1.901026650851451,57.58115419071705],[-1.902262868902575,57.58104999350303],[-1.90269948031964,57.5809309112691],[-1.913036411455925,57.58005901563277],[-1.913454455250563,57.580059295857126],[-1.916654750069027,57.580333727321914],[-1.917216346238426,57.58028631647801],[-1.918052439158548,57.58028684788026],[-1.91826142302982,57.58030476333393],[-1.918470486642647,57.580287112160015],[-1.920142685669469,57.58028816126422],[-1.930475791924523,57.58117341308213],[-1.930723397148479,57.581241348192904],[-1.932565681770478,57.58139908124865],[-1.941885153299195,57.58395536937844],[-1.942302899661712,57.584180119317956],[-1.949279417540856,57.587932907808366],[-1.949697255388915,57.588157632926894],[-1.954442560277726,57.59316741872844],[-1.956073452713198,57.59871939947949],[-1.956072921173376,57.59916851748913],[-1.954428379335619,57.604719340991544],[-1.951936544438648,57.607340030644885],[-1.951914879616496,57.60741312207967],[-1.951595822265546,57.607748646910835],[-1.951495634072767,57.60808663969801],[-1.946734395587725,57.61309274798855],[-1.946315641150004,57.61331713310731],[-1.939322306475198,57.61706383854472],[-1.938903462845472,57.61728819959345],[-1.938049866569514,57.617521073149206],[-1.937647279237888,57.61773671566747],[-1.928309594928727,57.62028354455455],[-1.928286885191441,57.620285461489644],[-1.927472131416255,57.62050763126755],[-1.917123911956598,57.62138059109751],[-1.915868327814787,57.62137976680136],[-1.905524014106412,57.6204932477142],[-1.905464827321058,57.62047701123739],[-1.903013499695339,57.62026679614118],[-1.899947273463938,57.61942551864059],[-1.899249342268505,57.61936564307912],[-1.889923791323914,57.61680624835574],[-1.889505995452441,57.61658132803198],[-1.888686646985474,57.61614022003649],[-1.887834176907934,57.61590619257084],[-1.88044097103898,57.61192511154176],[-1.875703421200719,57.606912577538296],[-1.874084428352801,57.60135955793842],[-1.874085200192225,57.601134998428286],[-1.87514073638523,57.59759911257588],[-1.871590718647683,57.59949801856564],[-1.865615168989032,57.601124841844985],[-1.864052622886736,57.60196037102282],[-1.854713763363102,57.604501787211305],[-1.854083832534188,57.604554606879425],[-1.853457873042065,57.60472490993573],[-1.843112338569532,57.60559184986104],[-1.841438965862832,57.605589777233895],[-1.831101015912183,57.60469722549459],[-1.824597801154885,57.60290739082157],[-1.824416313467586,57.60289170346025],[-1.81510024766521,57.60032679517522],[-1.807718163151582,57.596341453024486],[-1.802992653000899,57.59132618562195],[-1.802989125184506,57.59131399677667],[-1.802576898059087,57.59087641934338],[-1.802185862489367,57.589525243219036],[-1.801066691001066,57.58892071495122],[-1.796343059692779,57.58390519926637],[-1.796339534820905,57.583893010222],[-1.795927471985051,57.58345541063999],[-1.795923947295908,57.58344322158312],[-1.795511894557876,57.58300562050321],[-1.795414106394129,57.58266742847874],[-1.795097584907255,57.58233126911016],[-1.794999802351158,57.581993076727166],[-1.794683290474979,57.581656916281815],[-1.794491262349071,57.58099271983159],[-1.794270273797686,57.580758002606515],[-1.79417250303792,57.58041980949526],[-1.793856012303714,57.580083646887154],[-1.793758247150281,57.579745453417445],[-1.79344176602492,57.57940928973278],[-1.791836512354082,57.57385520269302],[-1.791844175483032,57.5725078466901],[-1.791890480505053,57.57235381759659],[-1.791026200570889,57.56936264288313],[-1.791028764539931,57.56891352396301],[-1.792696562307158,57.563364786708014],[-1.797472446258056,57.558364433869286],[-1.797891486165347,57.55814053933117],[-1.798310521198508,57.55791664301974],[-1.79872955117267,57.55769274519021],[-1.79914857601096,57.55746884595207],[-1.802181236449346,57.55584826802933],[-1.803627102379499,57.551031230123996],[-1.808399867102145,57.546030445977856],[-1.809237523282162,57.54558258124341],[-1.815811799753869,57.5420669762787],[-1.815929396247126,57.54200408207712],[-1.812793819376719,57.54113919534812],[-1.804670721734584,57.54043481339002],[-1.795371982594853,57.53786843464318],[-1.788004664989621,57.533881917563775],[-1.787900281970443,57.53377088063916],[-1.778824561601291,57.53298186090878],[-1.77801354274787,57.53275781161637],[-1.777990902894216,57.53275584233769],[-1.776556897614397,57.53235966915704],[-1.775906114601752,57.53230305223413],[-1.766611471704843,57.529734551794434],[-1.766195432024997,57.52950922280125],[-1.762996563507974,57.52777656213984],[-1.756200066564991,57.525897398191944],[-1.75578413465635,57.525672034716486],[-1.755368207870679,57.5254466698608],[-1.754952286207899,57.52522130362502],[-1.754536369667933,57.52499593600909],[-1.748839444374937,57.52190858980229],[-1.748423604035894,57.52168320198393],[-1.748007768817754,57.521457812797664],[-1.747591938720438,57.52123242224354],[-1.74717611374387,57.52100703032157],[-1.745884888919637,57.51963089971593],[-1.743854406831497,57.518530163539985],[-1.743022869384211,57.518079353724175],[-1.742607108340123,57.51785394676514],[-1.742191352415634,57.51762853843873],[-1.741359855925152,57.517177717683914],[-1.736653700684722,57.51215993040636],[-1.735891312266294,57.50950277037758],[-1.735010611064103,57.508563483583416],[-1.733417405029374,57.50300860025233],[-1.733422312386004,57.50233491616884],[-1.735095858749141,57.496786875405526],[-1.739262068108959,57.49242605152506],[-1.739298772054472,57.49230429091052],[-1.739618770627137,57.491969293744845],[-1.739720602292051,57.49163146272489],[-1.744494376161787,57.48663304333061],[-1.744912918278246,57.486409320949704],[-1.747830841134418,57.484849495216196],[-1.743553399267395,57.48028586362068],[-1.741960095420852,57.474731062192035],[-1.741961677002212,57.474506499609554],[-1.743632650287132,57.46895831554525],[-1.744012954873356,57.46855986668386],[-1.744906437475973,57.46559239056831],[-1.745129673507919,57.46535847403392],[-1.745329426542632,57.46469497264132],[-1.747536977233067,57.462381563131366],[-1.747853004839474,57.46133151099412],[-1.752621856703892,57.456332698531654],[-1.757590690485683,57.45367362239055],[-1.758898144903613,57.45230252579814],[-1.766296592274047,57.44834187945065],[-1.775601727094012,57.44580696880989],[-1.785903631683315,57.44494555362582],[-1.786736637700494,57.444946961597594],[-1.797028284144927,57.445843183047096],[-1.806303624939497,57.44840950110612],[-1.813655556221597,57.45239502552743],[-1.818364445365823,57.457409996089844],[-1.818462103072996,57.45774817611976],[-1.818777753871338,57.45808428363148],[-1.818781273821592,57.4580964722757],[-1.819192195023902,57.45853400937526],[-1.819370486054,57.45915131241126],[-1.822071729107074,57.45892465542378],[-1.823321725205761,57.458926409146976],[-1.833618278447767,57.45981966659594],[-1.842899839958501,57.46238332092444],[-1.850258696562072,57.46636673034347],[-1.85497450321111,57.47138036423576],[-1.856584803209403,57.47693375942418],[-1.856582169751926,57.477607452226124],[-1.854927936242352,57.48315712247629],[-1.852648315170981,57.48555399673446],[-1.852832816038578,57.48575005705503],[-1.852843418588385,57.48578662009659],[-1.854078373205679,57.487098884043],[-1.854306336253432,57.48788487636587],[-1.858644479513995,57.49249358919342],[-1.858720746127716,57.49275639219143],[-1.859976895693937,57.49241351484636],[-1.85999952971194,57.49241161016068],[-1.860811843659839,57.49218987154877],[-1.871124877303811,57.49132149352312],[-1.871958950993162,57.49132233592338],[-1.877652755449348,57.49181367582658],[-1.880715998843966,57.4915554099],[-1.884469356255466,57.491558871871334],[-1.884886284612208,57.49159481673338],[-1.885303434824003,57.491559626836384],[-1.88655455011951,57.49156075111783],[-1.896861844958306,57.492448811671494],[-1.89767269640012,57.49267210051113],[-1.897695317851023,57.49267404841002],[-1.906989730666307,57.49523294343273],[-1.91436220448469,57.4992125670802],[-1.914440475022128,57.49929552308227],[-1.914468756387697,57.499280335769875],[-1.915319749460507,57.49904762168143],[-1.92073241879565,57.49614052993491],[-1.930038941409159,57.49359427302052],[-1.940350648033225,57.49272028256702],[-1.941184748828069,57.492720673074096],[-1.951493650395829,57.49360431493189],[-1.96079200013478,57.49615927216892],[-1.968170464443066,57.50013576495626],[-1.97076832124736,57.5028834739437],[-1.97108813221938,57.50305577504294],[-1.97195418356216,57.50397166342319],[-1.972338799780927,57.5041788651414],[-1.973000189224174,57.504878265356844],[-1.976281296873902,57.50397918146475],[-1.981207747050312,57.50132886412275],[-1.981625005143372,57.50110436232623],[-1.982042258100341,57.5008798591543],[-1.982876748606308,57.50043084868428],[-1.992180040899653,57.497880014712344],[-2.002491464699565,57.49700094826188],[-2.0041598602508,57.49700090114342],[-2.007080403690952,57.49724980425353],[-2.01178228211269,57.49227946502212],[-2.019161256826753,57.48830410838688],[-2.020011324472808,57.48807068922425],[-2.021245728402969,57.487405517703536],[-2.030543069430137,57.48485183875381],[-2.031306401046318,57.48478653182797],[-2.036795900365795,57.483278207515035],[-2.047102173910818,57.48239547238847],[-2.047936040551107,57.482395155752336],[-2.050568764813178,57.482618684117575],[-2.05127182223748,57.4826183981867],[-2.061580523957308,57.48349304231625],[-2.070883999793323,57.486039891063406],[-2.078272417071545,57.49000995227972],[-2.083022485276335,57.495014999780004],[-2.083222902445159,57.49569094296691],[-2.08385973473169,57.49636182472863],[-2.085505878521816,57.50191221882451],[-2.085506936757137,57.502361343189236],[-2.083886377378523,57.5079139253667],[-2.083473745598802,57.508351140940434],[-2.083470188502249,57.508363326751805],[-2.082644899320449,57.50923775316644],[-2.082637784401638,57.509262124737134],[-2.077907431575278,57.514273201819464],[-2.077620135609667,57.5144281622053],[-2.074159608294293,57.51809301463855],[-2.066780646964185,57.52207156123306],[-2.061793878231032,57.52344179801266],[-2.062604412697049,57.52617838417818]]],[[[-2.232424001490217,57.51752277522044],[-2.23287357861235,57.51901682836043],[-2.232875014806324,57.519241388127945],[-2.231276127016479,57.52479582235403],[-2.226564092188727,57.52981246212274],[-2.226148010985193,57.53003777279194],[-2.219199309086463,57.53379992871668],[-2.218783137313894,57.53402521481399],[-2.209486400762794,57.53659276491738],[-2.199168680395489,57.53748878493499],[-2.197498416908273,57.537491417450724],[-2.187171086501614,57.53662793756208],[-2.177846479854185,57.534089740762845],[-2.172392277293709,57.531171331399634],[-2.171052146188187,57.53259493417219],[-2.163680731028873,57.536579159867905],[-2.154379472495889,57.539142656443914],[-2.149980849193776,57.539522758950014],[-2.145616481737602,57.54072504501088],[-2.135296020949003,57.54161584612618],[-2.134878406578273,57.54161629518313],[-2.134251787251185,57.54156361595214],[-2.133625562673758,57.54161763414924],[-2.133601029750604,57.54161766024449],[-2.125693216979581,57.54229950603908],[-2.125275594403868,57.54229992334271],[-2.122638069417818,57.54207796608684],[-2.121516238069661,57.54207905681265],[-2.111189428936189,57.541209363179874],[-2.101868949795081,57.53866555059042],[-2.09446804275949,57.53469691937058],[-2.089711117004073,57.529692362432016],[-2.08806296534409,57.52414207226881],[-2.088061869706708,57.523692950522125],[-2.088531075607693,57.52208546309387],[-2.088474874438548,57.521896169620625],[-2.088472123102164,57.520773364740606],[-2.090092497327234,57.51522074427989],[-2.091456020372001,57.51377586629917],[-2.091755472962846,57.512749357836604],[-2.096483782909489,57.50773774672738],[-2.103856709507773,57.5037574192411],[-2.104706603981436,57.50352342665341],[-2.106356508498278,57.50263250765439],[-2.10718951920169,57.502182671882544],[-2.11648468704741,57.49962263276796],[-2.126793763223145,57.49873336113551],[-2.127628012484098,57.498732515328456],[-2.137943234526051,57.49960087537658],[-2.147128616612235,57.50210721682773],[-2.149216922249956,57.50228273897986],[-2.153904374755498,57.503561274778086],[-2.15442076226886,57.503604650765645],[-2.158198189816801,57.499590843799226],[-2.161911065264815,57.49758248072321],[-2.162773589639011,57.4966656636677],[-2.17013706240893,57.492681442300686],[-2.179425407486644,57.490116753693435],[-2.185564507607845,57.48958401190959],[-2.186927244429467,57.489207557120835],[-2.197231644814304,57.488312531407274],[-2.198065653242943,57.48831122015301],[-2.208379592056607,57.48917382469097],[-2.217694856314037,57.49170980701419],[-2.225100455584085,57.49567124200177],[-2.229871485034264,57.500670730554404],[-2.231540107678359,57.506219198122025],[-2.231542964431647,57.50666832075585],[-2.230357257671366,57.5107884833515],[-2.230772662488989,57.51122357501195],[-2.232441889713223,57.51677200187246],[-2.232446190013657,57.51744568140359],[-2.232424001490217,57.51752277522044]]],[[[-2.088270750400857,57.6090254873223],[-2.08701560063518,57.60902636039796],[-2.076670720885246,57.608153828458406],[-2.067335592512394,57.60560747756749],[-2.063566907371506,57.60358841568027],[-2.059924856911953,57.60163687429928],[-2.056156999266955,57.59961758659879],[-2.051396848095304,57.59461163954631],[-2.049751580344256,57.589060904475865],[-2.049750622570679,57.58837403677851],[-2.04849039963266,57.58412110285259],[-2.048490094249753,57.58389654402363],[-2.050119326245708,57.57834449510035],[-2.054861781253647,57.5733345127178],[-2.055279407075667,57.57310977062092],[-2.062252391996017,57.56935669888793],[-2.062669927238699,57.56913193200253],[-2.063521597663416,57.568898222883334],[-2.064340420032659,57.568457409814506],[-2.073655362273908,57.565900595544946],[-2.083984074198479,57.565014872617986],[-2.084844378576193,57.56501429607852],[-2.0927577817968,57.56433503576756],[-2.093175652124329,57.56433472729734],[-2.103508493875839,57.56520591906863],[-2.11283578888867,57.56774961678601],[-2.114412708474591,57.56859409911089],[-2.119529766115179,57.56998903688817],[-2.12694060284569,57.57395615068624],[-2.131708427465802,57.57895926014376],[-2.13180932628359,57.57929718669827],[-2.132128925465822,57.57963249864458],[-2.133786293132207,57.5851821683892],[-2.133787953686994,57.5856312856838],[-2.132171117475039,57.59118440544264],[-2.13179378800972,57.59158400584219],[-2.130928785620825,57.594554088134416],[-2.126194022924549,57.59956690285284],[-2.123688997888313,57.60091673496093],[-2.118804271182146,57.60354843661361],[-2.11629869654445,57.60489812392444],[-2.106976789808768,57.60745807069421],[-2.096636605867887,57.60834567385146],[-2.096193652948787,57.60834601269506],[-2.088270750400857,57.6090254873223]]],[[[-2.231917973391324,57.583911859613536],[-2.232337491431565,57.58413564979896],[-2.237120902351539,57.58913479789628],[-2.238794546434698,57.594683090588255],[-2.238800437624345,57.59558132152162],[-2.23719908174949,57.60113577597986],[-2.236727326567185,57.60163715730998],[-2.235964620764852,57.60428193177813],[-2.231243027674734,57.609298679525914],[-2.230826076140576,57.60952400174631],[-2.223862832596196,57.61328634902287],[-2.22344578979949,57.61351164672547],[-2.214129325089887,57.61607947839877],[-2.203789487088601,57.616975825686424],[-2.202952557199839,57.6169771719005],[-2.20169657036314,57.616872481433326],[-2.200441765263248,57.61698117751532],[-2.200023299542519,57.61698184030911],[-2.189673663169941,57.61611853414322],[-2.180328683897734,57.61358053725059],[-2.179909132804954,57.61335657835709],[-2.179489586779239,57.613132618039934],[-2.179070045820513,57.61290865629919],[-2.177811453345521,57.61223676253571],[-2.172903991070146,57.60961658161633],[-2.172484529645924,57.60939259753191],[-2.172065073287441,57.609168612024476],[-2.17164562199462,57.60894462509408],[-2.17038729850938,57.60827265576551],[-2.165610309747509,57.603271036776],[-2.16560665941363,57.60325885828783],[-2.165189941744036,57.60282247112378],[-2.165088667626698,57.602484572756225],[-2.164768562784442,57.60214934621066],[-2.164667294452419,57.601811447456704],[-2.164347199403511,57.60147621978663],[-2.164245936856382,57.601138320646314],[-2.163925851600246,57.60080309185186],[-2.163824594837588,57.60046519232522],[-2.163504519373648,57.60012996240643],[-2.163294721525885,57.599429805276024],[-2.161821355265034,57.59788654512261],[-2.161524971741939,57.59689719753133],[-2.161398096688973,57.596764291773205],[-2.161101733729081,57.595774942969605],[-2.160974864105536,57.59564203675145],[-2.160678521706503,57.594652686735685],[-2.160551657511876,57.594519780057496],[-2.158889789476693,57.58897047420796],[-2.158885853004306,57.58807224155066],[-2.159297769864768,57.58665390810799],[-2.159296106260602,57.586275247134516],[-2.160908626474541,57.58072177341737],[-2.165636238557513,57.57570761891679],[-2.173015346422002,57.571723300539134],[-2.173866379740684,57.57148884500848],[-2.174267064955893,57.571272452859944],[-2.183575117260634,57.56870750547544],[-2.193902052405349,57.56781275694668],[-2.195155791355957,57.56781081913289],[-2.205492099143059,57.568673635578016],[-2.214827344339847,57.57120979199346],[-2.222248568570253,57.57517135128547],[-2.223559658343967,57.576542572927316],[-2.224349556959085,57.57696412815063],[-2.22476894809324,57.577187943968795],[-2.226080205120243,57.57855913907734],[-2.226450751881668,57.57875686964143],[-2.230822391761463,57.58332740652066],[-2.231917973391324,57.583911859613536]]],[[[-2.076630228124186,57.63941104670656],[-2.077049442225126,57.63963534855781],[-2.078599966785226,57.64046492564852],[-2.082792580786301,57.642707812525316],[-2.083211870624206,57.64293209329803],[-2.083631165655128,57.643156372672856],[-2.084050465879144,57.643380650649746],[-2.084469771296329,57.64360492722867],[-2.089240847075426,57.64860958564539],[-2.090894695812878,57.65415974379099],[-2.090896379309739,57.654833411384736],[-2.089269700431188,57.66038590481366],[-2.08452034862359,57.66539710272089],[-2.077112418418561,57.669376158533886],[-2.070349935513059,57.67122738299851],[-2.071276636210533,57.672199402471584],[-2.072543094257456,57.676454550467746],[-2.077001654184878,57.67683014841706],[-2.086355630726222,57.67937574838707],[-2.088864499683075,57.680716218344614],[-2.090110884153894,57.68004678654182],[-2.091819054777915,57.6795789943637],[-2.098902362030125,57.67577360481591],[-2.108242415850962,57.67321425581034],[-2.11860074845502,57.672325687634114],[-2.119858070678288,57.67232449733711],[-2.120067682354791,57.672342080693625],[-2.120277178064481,57.67232409779506],[-2.12237271483201,57.672322079262145],[-2.132736786349142,57.67319082661096],[-2.142093657071501,57.67573229432879],[-2.142513689824519,57.67595637787416],[-2.142933727760737,57.67618046000636],[-2.149528389263276,57.67969803692268],[-2.149948513762665,57.67992209545143],[-2.150368643446606,57.68014615256635],[-2.155153546840344,57.685148320493006],[-2.156819210816454,57.69069762777285],[-2.156821159112526,57.691146740036245],[-2.155927372056177,57.69421459656907],[-2.15642223877809,57.69586293440039],[-2.156423210561028,57.69608749020539],[-2.154804911765138,57.70164083888893],[-2.154234750524799,57.70224331395734],[-2.153558988851363,57.70456160066765],[-2.148813008125303,57.70957522481012],[-2.148394391953712,57.70980027381277],[-2.147975770608207,57.71002532144643],[-2.141403348727066,57.71355806112294],[-2.140984640973296,57.71378308589174],[-2.140565928044239,57.714008109290965],[-2.139711353722884,57.71424233690967],[-2.139308891796118,57.71445861602299],[-2.129960502729603,57.717020264063244],[-2.129937743258557,57.71702221713659],[-2.129122057793045,57.717245681587606],[-2.118751198626844,57.71813511971518],[-2.117072649621756,57.71813668898528],[-2.106696042269042,57.71726665085585],[-2.10606832671693,57.717096162680605],[-2.105436503707634,57.71704315450454],[-2.096071439782451,57.71449897238843],[-2.093980116607582,57.713382893170376],[-2.092732665431047,57.714052361722516],[-2.083381085253813,57.716610563045165],[-2.073009239005813,57.71749623293234],[-2.072169974373812,57.71749671595266],[-2.071960122774589,57.71747905286278],[-2.071750342047836,57.71749695537688],[-2.070911077376127,57.71749743005339],[-2.060535699798122,57.7166236050723],[-2.058085183780907,57.715956882331454],[-2.05801687665952,57.71595112501034],[-2.057200058470655,57.715728873103764],[-2.057177289614645,57.71572695383818],[-2.056052317052063,57.71542084129247],[-2.051721356253222,57.715055648895785],[-2.051093933289122,57.71488489055863],[-2.050462223465007,57.714831610581506],[-2.050213481971787,57.714763910634055],[-2.048363903903722,57.714607889313086],[-2.039083623902084,57.71208134870235],[-2.037218356920227,57.71259072517324],[-2.037104547416299,57.71260040745171],[-2.033023606127546,57.71371470799911],[-2.032392040036384,57.71376841544059],[-2.031765032084734,57.71393959891504],[-2.031742269060611,57.713941534463785],[-2.030926038198405,57.714164371642],[-2.030248934724358,57.71422193918202],[-2.027989391281171,57.71483875375059],[-2.017616661008698,57.71571996625725],[-2.016777438336279,57.71572008749726],[-2.013276458305787,57.71542379867979],[-2.007126422757284,57.715945639152],[-2.005447966911639,57.71594573701718],[-1.995074653358448,57.715066595933],[-1.994826015408933,57.7149987869225],[-1.992976676582904,57.714841956941875],[-1.992160286176192,57.714619288237074],[-1.99213752156278,57.71461735738352],[-1.990504771204106,57.714172003937136],[-1.990459242717895,57.714168141632165],[-1.981102986880896,57.71161547858946],[-1.980683538724893,57.711390860572386],[-1.973680138273753,57.70763986441147],[-1.973260782375497,57.7074152218445],[-1.970212712992693,57.70420970358246],[-1.967811021262588,57.702922841924895],[-1.963049648390575,57.69791361452383],[-1.961413343976887,57.69236177542559],[-1.961414056994399,57.69168810357607],[-1.961513514192322,57.69135305895961],[-1.957647589075885,57.693420810100186],[-1.948291724153774,57.69596907997198],[-1.937922456976565,57.69684376312187],[-1.937083666789815,57.69684335667246],[-1.926717431907371,57.69595862765113],[-1.925901870324093,57.69573553291543],[-1.925879120997118,57.69573359018213],[-1.925063569585008,57.69551049005975],[-1.925040820443321,57.695508547176125],[-1.924792446576864,57.69544060102698],[-1.922944400251647,57.69528275095876],[-1.920060455661859,57.69449369696839],[-1.918752641702847,57.69438194059595],[-1.909406527820747,57.69182400002449],[-1.908987753681354,57.691599145972155],[-1.908568984688296,57.69137429052365],[-1.908150220600036,57.69114943368351],[-1.907345238002226,57.69071718382685],[-1.905636579454521,57.69024937788119],[-1.898226380189823,57.68626936594393],[-1.893476790807232,57.68125753468346],[-1.893179925242498,57.68024319882677],[-1.892225137126525,57.679235464920474],[-1.891165419534218,57.67561370802546],[-1.890979005802484,57.67541692273478],[-1.890975440564948,57.675404736459555],[-1.890704155818745,57.675118353765576],[-1.889330326749412,57.67474183252862],[-1.888074969461116,57.67406706774723],[-1.887656527390265,57.67384214339419],[-1.887238090501242,57.67361721766116],[-1.881925001527832,57.67076086974453],[-1.880669918028104,57.67008603164907],[-1.880251567176938,57.66986108283183],[-1.879833221483348,57.669636132622],[-1.875088246994643,57.66462361512018],[-1.875084687939938,57.66461142840162],[-1.874670763309995,57.66417408996324],[-1.873049385494371,57.6586211038921],[-1.87305016520057,57.65839654633068],[-1.873083732648158,57.65828430052662],[-1.873050944894978,57.65817198876128],[-1.873051724728356,57.65794743139443],[-1.873118858848677,57.65772294012375],[-1.873053284583049,57.657498316948804],[-1.873054844390412,57.65704920247107],[-1.874714204509024,57.65149945882111],[-1.874937744289449,57.65126532154973],[-1.875136143597236,57.65060163895737],[-1.879912176377897,57.64559823590047],[-1.887336634304041,57.64163063380343],[-1.888191128713172,57.641398102741235],[-1.888594275239903,57.641182618274925],[-1.897940188142057,57.638638719121246],[-1.901654741193895,57.638326182318366],[-1.902966660615353,57.63796895136737],[-1.904812528366,57.63781357980336],[-1.905060824215427,57.63774596252764],[-1.915414028213721,57.636873958015556],[-1.915832732160333,57.63687423339294],[-1.926181938931032,57.63775989855916],[-1.926996212381799,57.63798299651982],[-1.927018925840772,57.637984939174245],[-1.936352537888903,57.64054161676915],[-1.943757595774433,57.64451938784144],[-1.946522281595761,57.647434459945075],[-1.951710228587096,57.64787711523422],[-1.961048104226005,57.65043197508004],[-1.961466732128108,57.65065665885633],[-1.961885365135231,57.65088134119053],[-1.968457961244229,57.65440833694841],[-1.968876680217686,57.65463299641798],[-1.969295404364878,57.65485765448087],[-1.974052095469931,57.659866652288386],[-1.975688954228117,57.66541832039465],[-1.975688808377256,57.66564287705143],[-1.975630447796318,57.66583989389418],[-1.976142791190045,57.66637920195563],[-1.976193822854487,57.66655225602486],[-1.982384925357889,57.66323640523868],[-1.991729953415437,57.660685654770376],[-1.992756339857366,57.66059858772877],[-1.998307419906914,57.65762365258297],[-1.998726366962614,57.65739909923446],[-2.007878509955658,57.654899113173215],[-2.006275327718342,57.649476855187956],[-2.006275239653042,57.64902774053463],[-2.007913879701857,57.64347627801732],[-2.008581767341331,57.64277316541902],[-2.009169480626555,57.64078149783726],[-2.013925769085736,57.63577308109214],[-2.01434436770087,57.63554847502455],[-2.021333584335785,57.631797677846734],[-2.021752090864613,57.63157304743187],[-2.031086214420705,57.62901938093775],[-2.041433905344104,57.62813712811154],[-2.042271113337025,57.628136848203106],[-2.052620864609057,57.62901218196054],[-2.053246817112771,57.62918293705199],[-2.053877045183532,57.62923620645648],[-2.063217303697817,57.631783536935],[-2.070634534698903,57.635753934329465],[-2.071506264215116,57.63666911801036],[-2.075372616692468,57.638738132773796],[-2.075791815357934,57.63896243881451],[-2.076211019168482,57.63918674345878],[-2.076630228124186,57.63941104670656]]],[[[-2.043441731735506,57.30610634733023],[-2.043856928509947,57.30633077281253],[-2.048578422617322,57.31133727485713],[-2.050210775490232,57.3168883119813],[-2.050211679836361,57.31756202219835],[-2.048593723657833,57.3231143324566],[-2.043882472064623,57.328124284822735],[-2.036538237094516,57.332101162649145],[-2.036455336261691,57.33212403753514],[-2.036413128278745,57.33216889735913],[-2.035248677990202,57.33279932003976],[-2.033093882191661,57.3350892190745],[-2.025747096636904,57.33906550998333],[-2.016486281786062,57.34161890888849],[-2.015793496785024,57.34167833174011],[-2.012748561668741,57.34251763732378],[-2.010918003079162,57.34267458312843],[-2.010671896809313,57.34274241013329],[-2.000403931236861,57.34362220997765],[-1.999573216905569,57.34362221446843],[-1.999157861183386,57.343586646487395],[-1.998742502574872,57.34362221347588],[-1.99832714540984,57.343622210923385],[-1.988059251691454,57.34274241840889],[-1.978797927328359,57.34018944232373],[-1.971450568828126,57.33621349153807],[-1.968864527826469,57.333465727700066],[-1.967301079139977,57.33261940200203],[-1.962587802616953,57.327609915160664],[-1.960968110669899,57.32205779126055],[-1.96096835061993,57.321833222587166],[-1.962599382635485,57.31628205686],[-1.96301130360488,57.31584522079195],[-1.963014882388945,57.31583303797849],[-1.96731882973221,57.3112680158895],[-1.968417517993406,57.30752541131746],[-1.973136528924285,57.302518250172554],[-1.973551592889805,57.30229376575638],[-1.980481734924935,57.29854500094766],[-1.980896700050881,57.29832049230425],[-1.982588529408096,57.29785414177813],[-1.983801105547146,57.297198032397056],[-1.993053141572095,57.29464699870474],[-2.003307836002536,57.29376777688247],[-2.004137429272964,57.29376774757675],[-2.014392093751515,57.294646233084514],[-2.02364444431297,57.297196606053134],[-2.025304376398738,57.29809455286763],[-2.028128850100644,57.29962231139696],[-2.032359028710359,57.30078773167728],[-2.032774098147221,57.30101219177121],[-2.033555884654962,57.30143495296592],[-2.036094188631269,57.30213411804788],[-2.036509296274016,57.3023585677069],[-2.043441731735506,57.30610634733023]]],[[[-1.8122180530808,57.423591065376534],[-1.810616930111558,57.41803710266602],[-1.810618092303795,57.417812538419795],[-1.811167206896969,57.41597500579622],[-1.809819548174652,57.411298916239765],[-1.809821881911276,57.41084978671267],[-1.811479769721725,57.40530068017079],[-1.816232599074834,57.40029951655136],[-1.823614295037546,57.39633552778747],[-1.832902285079616,57.393796352134],[-1.843188250937057,57.39293024063881],[-1.843604164932046,57.392930755791205],[-1.843812046073181,57.39294879669855],[-1.844020078941199,57.39293126957012],[-1.844435992964477,57.392931781975605],[-1.854714448435061,57.39382329487244],[-1.855148045055726,57.39394320727493],[-1.856377253502824,57.3940497609625],[-1.860294019417006,57.39513280145475],[-1.864809068660447,57.39475173604778],[-1.866888729606021,57.394753941684236],[-1.877168090402078,57.39564363226844],[-1.886436177590732,57.39820407992389],[-1.886851451943567,57.39842901868779],[-1.889327078903235,57.39976988591955],[-1.890174518142819,57.40000391443838],[-1.897525901315586,57.40398459124943],[-1.897922247869142,57.40440602628962],[-1.908043989134515,57.40354866307464],[-1.908745532274192,57.403549170757806],[-1.911372833400806,57.40332647057336],[-1.912204904116417,57.40332705030112],[-1.922488006906854,57.40421304992925],[-1.924716620015647,57.40482766327918],[-1.928557268410142,57.40515827688135],[-1.92884283328045,57.40513402929179],[-1.929674944220074,57.405134494202535],[-1.939958973713535,57.40601906882377],[-1.949234337287314,57.40857490525226],[-1.956593937482056,57.41255212511463],[-1.961317352971855,57.41756180491533],[-1.962941382991904,57.423113867178564],[-1.962940705673883,57.4237875649293],[-1.961304990625318,57.429338650946754],[-1.961053301943235,57.429604718804875],[-1.960469920798287,57.43158405120355],[-1.955732786937244,57.43659063059583],[-1.948357316989222,57.44056232643023],[-1.939065475156724,57.44310997709942],[-1.937184374972005,57.44326968059526],[-1.935315909291991,57.44378181599176],[-1.927881610031524,57.444412573537335],[-1.923650336241544,57.44557185299439],[-1.913351451303379,57.44644450838491],[-1.912101876915483,57.44644364696077],[-1.901807170357644,57.44555679825963],[-1.892525752268471,57.44299748451192],[-1.892109926389062,57.442772565352406],[-1.885166996429892,57.43901654107061],[-1.884751260675384,57.4387915974274],[-1.880637023417026,57.43441846836467],[-1.873680233341707,57.43632160137284],[-1.871322894862689,57.4375881136348],[-1.862026442036127,57.440130081890715],[-1.851727617637056,57.44099770122414],[-1.850478233814851,57.440996229742176],[-1.840186600827655,57.440104356045396],[-1.830911036856508,57.4375405153977],[-1.830527931075193,57.437332882030454],[-1.828832112778524,57.43686402179178],[-1.821481694989839,57.4328793770864],[-1.821051397780916,57.43242091530516],[-1.820652268252764,57.432204506852926],[-1.817640536362967,57.42899522329953],[-1.816923028853546,57.42860611277368],[-1.8122180530808,57.423591065376534]]],[[[-1.579618796050139,50.675144557082234],[-1.579616792334139,50.67536937176661],[-1.578181786851755,50.68092208993991],[-1.577472346598005,50.6817944152446],[-1.577466046742074,50.68181878749623],[-1.573399863297274,50.68681785328769],[-1.57304394276153,50.687041374143945],[-1.572688018851338,50.68726489390022],[-1.572332091566656,50.68748841255651],[-1.571976160907441,50.6877119301128],[-1.571758478346106,50.687848628956324],[-1.571752514700116,50.687855959377075],[-1.571749362900487,50.68786814536326],[-1.571641300827629,50.68800097301967],[-1.571385251554096,50.68899091834426],[-1.570048115201885,50.69063437882102],[-1.569951191548485,50.69100904107959],[-1.569760852799176,50.69124297118852],[-1.569589065293065,50.69190699361806],[-1.567814603690188,50.69408767563254],[-1.567798837381125,50.694148605194705],[-1.563730551255208,50.699147347577274],[-1.563374490855685,50.69937083939037],[-1.563018427078527,50.69959433011299],[-1.562662359923688,50.69981781974506],[-1.55922598808686,50.70197453360226],[-1.555877372454198,50.706087244408096],[-1.555521222413126,50.706310711966914],[-1.549573511259216,50.71004211079392],[-1.549217295912549,50.710265554675225],[-1.545192198029855,50.71154812497407],[-1.541261294383885,50.71637242575622],[-1.54090498874315,50.71659584200315],[-1.540548679607735,50.71681925707544],[-1.534954684647945,50.72032639213719],[-1.534598317642612,50.720549787907416],[-1.534241947539121,50.720773182508395],[-1.526318305607673,50.72329589891674],[-1.51755394905706,50.72414023063122],[-1.517310905140784,50.724139225037725],[-1.515072487826488,50.72435475840513],[-1.514364158663492,50.724351811214106],[-1.514187260423166,50.7243332706275],[-1.514009994125586,50.72435033600485],[-1.513655829616769,50.72434885971977],[-1.513125136175459,50.724293233922914],[-1.512593336265057,50.724344424409544],[-1.512239171872804,50.724342943821156],[-1.512062274500552,50.7243244000114],[-1.511885007509744,50.72434146215695],[-1.510822514595934,50.72433701070932],[-1.509442600487446,50.72419233221141],[-1.508952810746398,50.724348155811015],[-1.500188046472572,50.72519119814722],[-1.499833877046723,50.72518967990234],[-1.499126296669981,50.72511542784785],[-1.498417199649415,50.72518359616501],[-1.498063030376716,50.72518207254121],[-1.49582930415454,50.72494761955564],[-1.494523755443452,50.72494196882576],[-1.492044144291026,50.724681626308836],[-1.489815815231874,50.725390109827956],[-1.4892628605235,50.725443222439495],[-1.488040069656226,50.72583196672569],[-1.484400152100126,50.72618147971425],[-1.484139230731795,50.72626441760261],[-1.475373695376385,50.72710559873937],[-1.475019512979538,50.727104005271386],[-1.466273642578444,50.72618404101466],[-1.465537102471835,50.72594156977838],[-1.463445372760864,50.72572142622967],[-1.455576412239881,50.72313030554943],[-1.45487332073219,50.72267738339247],[-1.449355032251256,50.719122114820784],[-1.448652058942827,50.71866915012745],[-1.448289561980205,50.71820906218284],[-1.447951737469048,50.71799137417749],[-1.447600264309238,50.71776488803042],[-1.447248794531341,50.717538400799945],[-1.444592269340752,50.71416621383199],[-1.439368609000289,50.71743295572262],[-1.439011819658772,50.71765605734433],[-1.431083755359336,50.720172234772576],[-1.422318401637828,50.72100929760957],[-1.421964266767001,50.72100753780069],[-1.421953877731436,50.72100644025896],[-1.41522732462298,50.721648314885364],[-1.414873185324441,50.7216465334564],[-1.414696337257637,50.72162783945211],[-1.414519046061674,50.721644750951825],[-1.413810767643541,50.721641182715864],[-1.405067111792115,50.720716500006176],[-1.397202212238459,50.718121327871685],[-1.395797318973589,50.717214754791094],[-1.395446104051949,50.71698810902223],[-1.39098648160979,50.71410994836141],[-1.389581827458954,50.71320330207241],[-1.389230672372411,50.712976637901214],[-1.38527280580343,50.707941957841605],[-1.385038615829167,50.70694983880007],[-1.38493346501883,50.70681605921518],[-1.384930582292863,50.70680384647255],[-1.384585320207417,50.70636457564312],[-1.3832719985521,50.70079973916743],[-1.383277893273598,50.700350129697966],[-1.384736588351077,50.69480000021551],[-1.388823562992098,50.68980773587973],[-1.39513817667319,50.685861753935534],[-1.401658186479351,50.68379348612915],[-1.402246909522431,50.6834254664226],[-1.410170293843554,50.68091124988779],[-1.418928318653032,50.680075042412426],[-1.419282143505824,50.68007680990031],[-1.428018491492672,50.681000391602325],[-1.435878891741897,50.68359347112153],[-1.436891470771764,50.68424664249321],[-1.439047514558808,50.68495771820687],[-1.445263534671386,50.68896652342012],[-1.445625778952233,50.6894266239622],[-1.446665904128506,50.69009730496519],[-1.448968062163733,50.693020987156935],[-1.45383632382553,50.68997411262684],[-1.455284827876083,50.689513781488806],[-1.455613631720725,50.68930796110712],[-1.4635351662704,50.686789998896224],[-1.472293426588102,50.685949684515286],[-1.473355051602534,50.68595448462828],[-1.477636058690557,50.686404993428155],[-1.475822992019903,50.68410439693815],[-1.475739488514804,50.68375339862034],[-1.475127799308269,50.68297716365172],[-1.473804401875969,50.67741331098003],[-1.47380691370106,50.677188500907825],[-1.475254134379401,50.67163710689142],[-1.4759604706501,50.670771342909134],[-1.477080337116955,50.66647437006689],[-1.48115505423576,50.661478616883564],[-1.482154369222223,50.660852243068085],[-1.484016598626793,50.65856857007124],[-1.49031913822078,50.65461714609803],[-1.498233036985495,50.652096709582295],[-1.503465731196218,50.65159274280933],[-1.505317239876932,50.651002845042235],[-1.514068087601402,50.65015934048335],[-1.515128902613403,50.65016375787072],[-1.523861594350367,50.651080061784036],[-1.531485250956469,50.65358866056376],[-1.533588379532395,50.65291798896773],[-1.542339086415695,50.65207236019349],[-1.543399949933441,50.65207651899284],[-1.552133584377287,50.652990688599026],[-1.559996169381894,50.65557533374248],[-1.560334064764368,50.65579269994854],[-1.561052925939434,50.65602896410614],[-1.56454135528396,50.65827281757933],[-1.565979204453105,50.6587452883566],[-1.572202654010065,50.66274727769427],[-1.572929243953464,50.66366668931083],[-1.574308656745227,50.66455354933956],[-1.578283199707571,50.669581833051375],[-1.579618796050139,50.675144557082234]]],[[[-1.324116191937571,50.65207233550766],[-1.322811508270961,50.646506820256384],[-1.322814738104005,50.646282015835574],[-1.323226472441543,50.64472147917549],[-1.322814822197592,50.644195962356065],[-1.321597116463296,50.63900011233562],[-1.320796997952105,50.63907593272779],[-1.320089976180916,50.639071812536834],[-1.311363636506143,50.63814026411569],[-1.304585357604042,50.63589289851322],[-1.307985494853794,50.63809610712363],[-1.308335694951733,50.638323010757254],[-1.312279448960754,50.64336024828325],[-1.312823510902788,50.645683662037065],[-1.313297499816219,50.646288946012675],[-1.314601059207998,50.65185453685373],[-1.314597790136112,50.65207934004892],[-1.31384925146949,50.654913876516545],[-1.313848032302979,50.65499761493514],[-1.313818391168387,50.65510985138487],[-1.313844759317208,50.655222417911226],[-1.31383494011088,50.65589682678338],[-1.312369203490961,50.661446098209474],[-1.308276736263311,50.6664357170546],[-1.307205681685347,50.66710381057311],[-1.306436478320131,50.66758360031015],[-1.309069608866192,50.66733458830293],[-1.309423328376538,50.667336688696466],[-1.312193519031979,50.66763238272993],[-1.317208426266971,50.667157821619256],[-1.317915863881204,50.66716197187788],[-1.326647737834561,50.66809311267656],[-1.3273328199771,50.66831996577876],[-1.327351983734906,50.66832200845882],[-1.327451640291435,50.66835500746465],[-1.33159036172716,50.66879607481261],[-1.339443322680308,50.67139560362907],[-1.345648961655526,50.6754096734534],[-1.349599727349847,50.680445592434424],[-1.349918071278146,50.6817994866449],[-1.352963945445306,50.68376881171924],[-1.353314693494073,50.683995574553926],[-1.357266858583821,50.689031164868155],[-1.358576573197458,50.69459616535411],[-1.358567362542602,50.69527056750504],[-1.357105470768316,50.70082030028135],[-1.355599861116197,50.702657185744],[-1.35454734928584,50.70665142837103],[-1.350455276027245,50.71164245805754],[-1.345256354787258,50.71488560509003],[-1.344705786861975,50.71697276916437],[-1.350960424913179,50.71499344493773],[-1.35972587220149,50.71416174354424],[-1.360079951044191,50.714163691990194],[-1.360433545726951,50.71420124475025],[-1.360788108848969,50.714167585656824],[-1.361142187811002,50.714169530877484],[-1.361318985549888,50.71418830578035],[-1.361496266812769,50.71417147502301],[-1.361850345854246,50.714173418093445],[-1.370591899148212,50.71510132949347],[-1.372222689051287,50.71564001264587],[-1.375891277830099,50.716029169510946],[-1.377104298104636,50.71642978017081],[-1.377655801411784,50.71648826565179],[-1.385519336501856,50.71908475200222],[-1.391735249932944,50.7230964246008],[-1.395695076388354,50.728130883032065],[-1.395775172730628,50.72846972289555],[-1.396040601462978,50.72880713726016],[-1.397356206283108,50.734371811189874],[-1.397353324244888,50.73459661626111],[-1.395894898301879,50.74014690396374],[-1.391804308054426,50.74513938865837],[-1.391447081895191,50.745362339476515],[-1.391089852347329,50.745585289185534],[-1.385481426045093,50.74908512857714],[-1.385124139905871,50.749308059762036],[-1.384766850377277,50.74953098983738],[-1.38404133046105,50.74976070170382],[-1.383697910599597,50.74997496943311],[-1.382246839482341,50.750434375243174],[-1.381202652137367,50.75108581784793],[-1.380845330519636,50.75130873562179],[-1.380488005495656,50.75153165229664],[-1.372551098571399,50.754043771341614],[-1.363778411270068,50.754876402352274],[-1.363367895377011,50.75487415665648],[-1.361963995781504,50.76019948711518],[-1.361855173059261,50.760332112856744],[-1.36159429250554,50.761321555400066],[-1.36087961061602,50.76219251430393],[-1.360873187234906,50.76221687383449],[-1.356776958296189,50.76720810439491],[-1.350448225451635,50.7711519917695],[-1.348008981621787,50.77192307858456],[-1.347124903257541,50.7729997993498],[-1.346808936182868,50.77319665622763],[-1.34568492618932,50.774565491822436],[-1.345327266301613,50.77478830878359],[-1.343896593957533,50.77567956654579],[-1.339354378290367,50.7785088794754],[-1.338996658884873,50.77873167824102],[-1.337565746965389,50.779622862490356],[-1.334660906489448,50.78054057091054],[-1.334358728574136,50.78072874281963],[-1.33400096267831,50.780951527250934],[-1.33364319301109,50.78117431059837],[-1.325698777322285,50.78368343476173],[-1.325164218522729,50.78373395023101],[-1.324631731244842,50.78390209519922],[-1.324077900816818,50.78395442596531],[-1.322852207613622,50.78434143954259],[-1.32283294068337,50.78434325976471],[-1.322139737946702,50.78456212968393],[-1.3133604712374,50.78539104937931],[-1.313005860399555,50.7853889579737],[-1.310770242803179,50.78515092830957],[-1.307690022530215,50.78513265817742],[-1.30680481715214,50.78503837299793],[-1.305916979825565,50.78512210463432],[-1.305207763025597,50.78511787567941],[-1.305030722695203,50.78509901544848],[-1.304853154686097,50.78511575958673],[-1.303434721731799,50.78510728444797],[-1.301077673939302,50.78485613076997],[-1.300955818739799,50.784867618587406],[-1.300601214916103,50.78486549339199],[-1.291848228353167,50.78393241333054],[-1.2863250601406,50.7821056868987],[-1.284327207599805,50.78229377093952],[-1.283618024886049,50.782289423026945],[-1.27486566896991,50.78135512453572],[-1.266997869008587,50.77875130842381],[-1.265689131741343,50.77790492011651],[-1.260654674846294,50.776238257043225],[-1.254442981305672,50.772219760763605],[-1.25372099631837,50.77129840417659],[-1.253046401556758,50.77086191569917],[-1.249186459494216,50.768364129469475],[-1.24883557783281,50.76813705091794],[-1.244888327922366,50.763097715847394],[-1.243590190913912,50.757531390788046],[-1.243597443477878,50.757081792596566],[-1.243881209752637,50.75601599895365],[-1.24279589299061,50.75462993340353],[-1.242221656287531,50.75498681275896],[-1.234276773176737,50.75748961765053],[-1.225501050846739,50.75831195662262],[-1.223729034548642,50.75830017511348],[-1.214982456784541,50.757361339569485],[-1.214296627971612,50.7571338303084],[-1.214277432963648,50.75713176907761],[-1.213591610983827,50.75690425569747],[-1.213572416102404,50.75690219435119],[-1.210202625705992,50.75578421469171],[-1.205448080641542,50.755273366694986],[-1.19758864144657,50.75266485594544],[-1.197238131491204,50.75243762075521],[-1.196887624925812,50.75221038452074],[-1.195232803187072,50.75113750644989],[-1.194787807514614,50.75113443480458],[-1.190067926222722,50.750626622225916],[-1.183090480803831,50.75127790656261],[-1.182736134175231,50.751275423907764],[-1.182559271190037,50.75125638011208],[-1.182381787596701,50.7512729401763],[-1.181318748161756,50.751265482522285],[-1.179903853478133,50.75111310745674],[-1.178483978543772,50.75124554807428],[-1.178129632567787,50.75124305142356],[-1.177952771653793,50.751224000651504],[-1.177775286642155,50.75124055369624],[-1.176357903443587,50.75123055202092],[-1.176059673425205,50.75119842299873],[-1.173519177779923,50.75143529213433],[-1.172456137040329,50.75142775367181],[-1.170222857630595,50.751187061746606],[-1.168207965762587,50.751172708103944],[-1.166494834307462,50.750988050017654],[-1.162534232812812,50.751357027848115],[-1.161825515062184,50.751351949290054],[-1.160941210327304,50.75125658530321],[-1.160053721565045,50.75133923406049],[-1.159456185044572,50.75133493978609],[-1.157214816244639,50.7515436274916],[-1.156860456453891,50.75154107257049],[-1.148116309036356,50.75059731970491],[-1.147430903884607,50.75036941634453],[-1.147411714630471,50.750367344045074],[-1.146726316232348,50.750139436627386],[-1.146707127100249,50.750137364214424],[-1.141383047628821,50.74836680391413],[-1.140716345664916,50.74829476527052],[-1.132861630048841,50.74568189617526],[-1.131027661417829,50.744490662943285],[-1.123438532257951,50.743669643843646],[-1.122753345840296,50.743441597213476],[-1.122734160469215,50.74343952088058],[-1.121840311216516,50.74314201654436],[-1.120262594629508,50.74297124360113],[-1.118365962903618,50.74233990737108],[-1.117795310475649,50.74227812283548],[-1.11642507256143,50.74182195808778],[-1.116386704466336,50.74181780330913],[-1.116178054410127,50.74174833942468],[-1.114619620168098,50.74157956626877],[-1.11014171833892,50.74008855511897],[-1.108981324171535,50.73996282387684],[-1.108464416025048,50.73979068380388],[-1.101205081197774,50.73900380447865],[-1.093354453114225,50.73638828332884],[-1.093004584118056,50.73616073757009],[-1.092654718393362,50.7359331908123],[-1.092304855940099,50.735705643055496],[-1.087162761059064,50.73236091147291],[-1.086812948985996,50.73213334872388],[-1.086463140132711,50.73190578502726],[-1.086113334499168,50.731678220383095],[-1.085395328783557,50.730755834029],[-1.085072709176838,50.730545944859784],[-1.081146295299223,50.72550122364518],[-1.081068488549864,50.72516218396823],[-1.080805362207434,50.72482407264492],[-1.08049695973444,50.723480132417286],[-1.079787029544034,50.7225678267592],[-1.079484277224163,50.72124832332834],[-1.07945936692417,50.7212163100922],[-1.079286970620141,50.720464910445784],[-1.076706070838698,50.71714776238435],[-1.075429025941163,50.711579725579575],[-1.075432569751059,50.711399619505094],[-1.075177684095398,50.71137191324337],[-1.074810548644618,50.711249451701406],[-1.073765950502372,50.71113589324882],[-1.065921114760457,50.70851865229859],[-1.065571558599881,50.70829102890268],[-1.065311729706875,50.70812183187463],[-1.06108787468693,50.70766220746176],[-1.053244258335905,50.70504410235141],[-1.047059650440941,50.70101466370267],[-1.043139483741878,50.69596856296595],[-1.041866868578872,50.69040004321281],[-1.041880600267305,50.689725671885704],[-1.042456514682452,50.6875945362868],[-1.041967555320541,50.68545465154315],[-1.041972131313522,50.685229860906105],[-1.04200244064885,50.685117695833576],[-1.041976707247633,50.68500507025976],[-1.041985858939249,50.684555488939324],[-1.042368565430319,50.68313913446209],[-1.04237170259656,50.68298487443496],[-1.043869926438412,50.67743918644595],[-1.047991315219817,50.67245900846243],[-1.048349600983446,50.672237109230196],[-1.048707883524956,50.67201520875627],[-1.049066162844388,50.67179330704069],[-1.049424438941781,50.6715714040835],[-1.049782711817176,50.671349499884734],[-1.050857511111775,50.67068377983909],[-1.05121577109958,50.670461870674195],[-1.054331964779174,50.668531537034134],[-1.054690192177214,50.66830961641571],[-1.055048416305168,50.66808769456632],[-1.055406637163077,50.66786577148599],[-1.055764854750981,50.667643847174794],[-1.05612306906892,50.667421921632716],[-1.057197679654043,50.66675614829258],[-1.057555875327029,50.66653422252565],[-1.065494629905461,50.66404338920085],[-1.068889279585527,50.663729436458404],[-1.069398223800279,50.663413990805026],[-1.07220741687104,50.66167272338061],[-1.07371305045704,50.659851177690555],[-1.074071119490569,50.659629197529796],[-1.074787247753186,50.659185233517164],[-1.075503356768043,50.65874126981475],[-1.075861401753618,50.658519290032665],[-1.080049775879501,50.65592234808476],[-1.080407781676619,50.65570035074058],[-1.081123784013522,50.65525635190381],[-1.081839774007575,50.65481234753599],[-1.082197764376132,50.654590343278024],[-1.090133236501799,50.65209779671668],[-1.098891573527971,50.65128544564985],[-1.099952363184058,50.65129362870029],[-1.107342284184902,50.652096034230524],[-1.111649805815131,50.649422554248154],[-1.116726670411859,50.64782622800753],[-1.117344943102421,50.6474423904894],[-1.118060480620289,50.64699815661761],[-1.118418242867932,50.64677603920522],[-1.122769429047425,50.64540751401034],[-1.123043789482214,50.64523714928706],[-1.125219280996588,50.64455281601403],[-1.125535310562696,50.64435655978105],[-1.12589301960007,50.64413441728403],[-1.127567567968777,50.64360760332796],[-1.130313741121628,50.64027773305107],[-1.136643142395404,50.63634575916082],[-1.141238729960559,50.634899120783906],[-1.140943250097857,50.63361699679022],[-1.140951409306873,50.63316742976242],[-1.142436070029751,50.627620639504165],[-1.144227540619985,50.62544662063215],[-1.144243830216335,50.625385752577806],[-1.144602125267803,50.62495093341369],[-1.144605383044015,50.62493875979868],[-1.144631442570118,50.62490713412442],[-1.144983210665499,50.62359260401556],[-1.14534148238265,50.623157783873346],[-1.145344739796823,50.62314561025593],[-1.145703003853205,50.622710789439125],[-1.145706261125371,50.62269861581939],[-1.145732318397157,50.62266699002492],[-1.146084032067509,50.621352459403404],[-1.146442272793416,50.62091763760879],[-1.146445529703618,50.62090546398665],[-1.146720719006687,50.6205714407249],[-1.146811079705605,50.6202336777392],[-1.146841619944836,50.620196607398036],[-1.146850197547711,50.61972168019908],[-1.14833403542393,50.61417462358863],[-1.152438890736296,50.60919064237562],[-1.152796205741621,50.608968415706826],[-1.153084652939198,50.60878901767382],[-1.152400945356651,50.60582312689357],[-1.15240902255088,50.605373535942526],[-1.15315882491776,50.60256867427853],[-1.152509968205473,50.59975364831743],[-1.152518041618346,50.5993040580654],[-1.154000619345761,50.593756858277224],[-1.158103089833914,50.58877263570375],[-1.164423334641278,50.584839036325086],[-1.165871405286204,50.58438229219435],[-1.167628953186231,50.583288194931335],[-1.168352952980426,50.58305980363499],[-1.168696127250941,50.58284615711407],[-1.169053166411754,50.582623875635306],[-1.176971938772209,50.58012527571749],[-1.176991127655226,50.58012347913237],[-1.177681981132634,50.57990545550669],[-1.178214382130774,50.579855603882415],[-1.178745077507338,50.579688116328974],[-1.180872193907038,50.57948890609155],[-1.181116450206525,50.579336777599636],[-1.18147340539055,50.57911445484991],[-1.189390963599559,50.57661495163283],[-1.190436483475825,50.57651693153575],[-1.190806975165246,50.57639994577918],[-1.190864535957098,50.576394548825505],[-1.19293673221935,50.57574020183555],[-1.201679095253623,50.57491999135319],[-1.202627417445747,50.574926476733964],[-1.204860138063796,50.57471688672225],[-1.204950449561103,50.57471750221027],[-1.205921450612312,50.57411227574221],[-1.213836911527831,50.571611118581835],[-1.215395360917483,50.5714646642686],[-1.215605669948732,50.571398195319695],[-1.220300140530671,50.57095690464594],[-1.221621560368485,50.57053918826822],[-1.223199137211023,50.57039083245702],[-1.224099933889635,50.570106051016694],[-1.225806331865269,50.569945541221514],[-1.22897081795817,50.56797172868313],[-1.236884034664979,50.56546903031507],[-1.236903215364128,50.56546722391989],[-1.237593579525643,50.56524884447176],[-1.246333207160571,50.56442536689287],[-1.246752349875299,50.56442807615052],[-1.248203769975599,50.563968786038764],[-1.256942791663241,50.56314454647746],[-1.25729572166252,50.563146798078805],[-1.266006966012309,50.56408234588657],[-1.26615095856767,50.56413022715276],[-1.266452415966121,50.56394197346627],[-1.270791538372542,50.56256786073912],[-1.271777656403503,50.56195194311106],[-1.272134041827627,50.56172934292571],[-1.280043607822246,50.55922375535482],[-1.280575650320077,50.559173440821006],[-1.281105733045911,50.55900548940564],[-1.289843155774803,50.55817879691285],[-1.290548946397454,50.558183099459676],[-1.299259954684881,50.559116161648646],[-1.307092832707245,50.56171778259774],[-1.307724198116065,50.562127529135445],[-1.311305031116368,50.563316558430714],[-1.311654695576676,50.563543453241394],[-1.317494077952261,50.567332111311444],[-1.317843801877061,50.567558987852735],[-1.321782715921892,50.57259597184827],[-1.322017774548196,50.57360044902394],[-1.32246616160759,50.57417374205728],[-1.322471878685583,50.574198171034254],[-1.323159320559524,50.57507708089469],[-1.324462077498382,50.580642680907864],[-1.324458859853262,50.58086748962305],[-1.323274096845368,50.585364272550834],[-1.327467963103983,50.585812086880495],[-1.335306927437675,50.588411800328025],[-1.341501353144242,50.59242606230868],[-1.34544497475133,50.59746219140164],[-1.346751147465508,50.60302746499092],[-1.346750565344294,50.60306962431438],[-1.347474223394076,50.60399345031598],[-1.347477090667916,50.604005663957984],[-1.347821275796424,50.604445037717184],[-1.349127955656537,50.61001026555501],[-1.349112464507422,50.611134299357325],[-1.34899435042312,50.611583288164155],[-1.349100070852974,50.6120335262509],[-1.349096972337251,50.6122583329537],[-1.348643020011602,50.6139838518614],[-1.34971691077452,50.61855686596317],[-1.349707615110216,50.61923128952228],[-1.349559946771263,50.61979252919986],[-1.349692121545645,50.62035532861009],[-1.349691630741585,50.620390934666666],[-1.350045498077623,50.62035729752979],[-1.350752251259993,50.62036123215406],[-1.359476246471667,50.62128975764469],[-1.367322982712911,50.62388729007017],[-1.367659764849168,50.624105207251404],[-1.368377175663597,50.62434265064303],[-1.36865952321982,50.62452534080412],[-1.372246693890959,50.62571249068365],[-1.372556283959341,50.62591278611468],[-1.374708675360717,50.626625028665245],[-1.375518030603567,50.62714860881056],[-1.376484370746496,50.62684190021179],[-1.377882253588414,50.62596752109556],[-1.380776768052495,50.62504869626537],[-1.382859493795731,50.623745729370015],[-1.383215830281956,50.6235227917778],[-1.383572163279411,50.62329985311101],[-1.391486326545979,50.6207867409151],[-1.400233488648021,50.619951792331],[-1.40058686071149,50.61995361027718],[-1.409311707748465,50.620878442053815],[-1.417161085462666,50.62347266158712],[-1.417511713174038,50.62369923788598],[-1.423367093877756,50.627482629103845],[-1.423717771307737,50.62770919311765],[-1.423734933523767,50.627731037236536],[-1.426639989852601,50.628690700331774],[-1.426990692192685,50.6289172545668],[-1.432847410366892,50.632700224470284],[-1.43319817275595,50.63292676015052],[-1.43715473920626,50.637959985433355],[-1.43762748104516,50.639956315045985],[-1.438183039434264,50.64066291651244],[-1.439501032361088,50.64622738353777],[-1.439495672159339,50.64667701907856],[-1.438044833515927,50.65222814440757],[-1.433966292987582,50.65722243116386],[-1.433609933637469,50.657445527912714],[-1.433336621810391,50.65761663104785],[-1.431099008450923,50.66035603678634],[-1.4247908294469,50.664304101797875],[-1.416871056080511,50.66681940761576],[-1.415824016419174,50.66691942943629],[-1.415453373727352,50.66703712013268],[-1.406697751218937,50.667873100287125],[-1.405636563643046,50.66786768668484],[-1.405394126627229,50.66784201274368],[-1.40067862816604,50.668291903933905],[-1.399971165029612,50.66828825975885],[-1.391237850632786,50.66736264764153],[-1.383382783628011,50.664766620366805],[-1.377175372900894,50.660754555413],[-1.376814027015398,50.66029424383823],[-1.375775572237083,50.65962294534502],[-1.37556131168032,50.659484435355154],[-1.374594301188601,50.65979111984734],[-1.370341918702458,50.662448617500495],[-1.36241958523757,50.66496020774538],[-1.353663407626191,50.66579221720401],[-1.352602270525341,50.66578632147748],[-1.343870282455464,50.66485713756332],[-1.336018145751919,50.662257909252936],[-1.334966607718024,50.661577436830505],[-1.33461610210401,50.66135061029958],[-1.334265600344346,50.66112378226142],[-1.329815039235563,50.65824330328606],[-1.328763687031274,50.65756277168583],[-1.328413242994881,50.65733592591278],[-1.328062802307598,50.65710907918664],[-1.324116191937571,50.65207233550766]],[[-1.197253113061334,50.68938752788873],[-1.200194556309378,50.68846079082232],[-1.193170191367696,50.68612583289671],[-1.188461786354585,50.68656614604654],[-1.188107926718062,50.686563682832556],[-1.179375418879367,50.68562226428966],[-1.176965944193561,50.684820812549574],[-1.175698764904243,50.68956151584077],[-1.171589306229961,50.69454629590759],[-1.168875465507279,50.69623181340089],[-1.172768321637814,50.69665184236186],[-1.178031022364468,50.696160509888124],[-1.179800668427966,50.69617296876801],[-1.183233733320888,50.69654306414229],[-1.188694058911135,50.69315029325144],[-1.190145228747888,50.69269326865151],[-1.190832980717313,50.69226586114942],[-1.194460737678408,50.69112319801286],[-1.196179943537323,50.690054606232934],[-1.197253113061334,50.68938752788873]],[[-1.300720589278242,50.63372605434621],[-1.29967991198266,50.63305156574416],[-1.29896272917772,50.6328136954139],[-1.298626211871113,50.63259557843972],[-1.297909041974435,50.63235770163395],[-1.291713173725688,50.62834113560305],[-1.290272177245633,50.626498840828454],[-1.290027028738101,50.62633988515931],[-1.291990373047309,50.62884998353419],[-1.292466005238253,50.630885744524704],[-1.300030709816298,50.63339505539478],[-1.300353640221392,50.63360435407969],[-1.300720589278242,50.63372605434621]],[[-1.287649566361361,50.62355234910927],[-1.2856866728193,50.621042172735706],[-1.285205770159137,50.61898212907206],[-1.282112248173647,50.61996106210532],[-1.287649566361361,50.62355234910927]]]]}}]}