{
"type": "FeatureCollection",
"name": "GSP",
"crs": { "type": "name", "properties": { "name": "urn:ogc:def:crs:EPSG::27700" } },
"features": [
{ "type": "Feature", "properties": { "Owner Type": "SSEN", "Owner Name": "DOAN", "Type": "Primary", "Class": "Distribution", "Number": "BEAP", "Status": "Existing", "Data Confidence": "Surveyed", "Operating Area": "", "Locality": "", "Extent": "7.67 m²" }, "geometry": { "type": "Point", "coordinates": [ 651886.826, 301800.674999999988358 ] } },
{ "type": "Feature", "properties": { "Owner Type": "SSEN", "Owner Name": "DOAN", "Type": "Secondary", "Class": "Transmission", "Number": "79181002", "Status": "Existing", "Data Confidence": "Surveyed", "Operating Area": "NATIONAL NETWORKS", "Locality": "SITTINGBOURNE", "Extent": "16.46 m²" }, "geometry": { "type": "Point", "coordinates": [ 592608.883000000030734, 164273.807 ] } },
{ "type": "Feature", "properties": { "Owner Type": "SSEN", "Owner Name": "DOAN", "Type": "Primary", "Class": "Distribution", "Number": "ROMI", "Status": "Existing", "Data Confidence": "Surveyed", "Operating Area": "", "Locality": "", "Extent": "984.01 m²" }, "geometry": { "type": "Point", "coordinates": [ 550307.417999999946915, 189707.862 ] } },
{ "type": "Feature", "properties": { "Owner Type": "SSEN", "Owner Name": "DOAN", "Type": "Primary", "Class": "Distribution", "Number": "DADO", "Status": "Existing", "Data Confidence": "Surveyed", "Operating Area": "", "Locality": "", "Extent": "1165.49 m²" }, "geometry": { "type": "Point", "coordinates": [ 548153.319999999948777, 182686.981 ] } },
{ "type": "Feature", "properties": { "Owner Type": "SSEN", "Owner Name": "DOAN", "Type": "Primary", "Class": "Distribution", "Number": "THAM", "Status": "Existing", "Data Confidence": "Surveyed", "Operating Area": "", "Locality": "", "Extent": "542.21 m²" }, "geometry": { "type": "Point", "coordinates": [ 546636.642, 180873.135 ] } },
{ "type": "Feature", "properties": { "Owner Type": "SSEN", "Owner Name": "DOAN", "Type": "Primary", "Class": "Distribution", "Number": "WOOA", "Status": "Existing", "Data Confidence": "Surveyed", "Operating Area": "", "Locality": "", "Extent": "36.07 m²" }, "geometry": { "type": "Point", "coordinates": [ 544020.657, 179043.346 ] } },
{ "type": "Feature", "properties": { "Owner Type": "SSEN", "Owner Name": "DOAN", "Type": "Secondary", "Class": "Distribution", "Number": "2273540", "Status": "Existing", "Data Confidence": "Surveyed", "Operating Area": "NATIONAL NETWORKS", "Locality": "DOCKLANDS", "Extent": "16.03 m²" }, "geometry": { "type": "Point", "coordinates": [ 542773.85999999998603, 180224.420000000012806 ] } },
{ "type": "Feature", "properties": { "Owner Type": "SSEN", "Owner Name": "DOAN", "Type": "Primary", "Class": "Distribution", "Number": "MAYR", "Status": "Existing", "Data Confidence": "Surveyed", "Operating Area": "", "Locality": "", "Extent": "444.4 m²" }, "geometry": { "type": "Point", "coordinates": [ 541597.755, 180407.66 ] } },
{ "type": "Feature", "properties": { "Owner Type": "SSEN", "Owner Name": "DOAN", "Type": "Secondary", "Class": "Distribution", "Number": "8165901", "Status": "Existing", "Data Confidence": "Surveyed", "Operating Area": "NATIONAL NETWORKS", "Locality": "NATIONAL NETWORKS", "Extent": "15.32 m²" }, "geometry": { "type": "Point", "coordinates": [ 529097.647, 177465.780999999988126 ] } },
{ "type": "Feature", "properties": { "Owner Type": "SSEN", "Owner Name": "DOAN", "Type": "Primary", "Class": "33kV/11kV", "Number": "8238", "Status": "Existing", "Data Confidence": "Surveyed", "Operating Area": "NATIONAL NETWORKS", "Locality": "BATTERSEA", "Extent": "36.94 m²" }, "geometry": { "type": "Point", "coordinates": [ 528827.731999999959953, 177115.579999999987194 ] } },
{ "type": "Feature", "properties": { "Owner Type": "SSEN", "Owner Name": "DOAN", "Type": "Primary", "Class": "Distribution", "Number": "DIRR", "Status": "Existing", "Data Confidence": "Surveyed", "Operating Area": "", "Locality": "", "Extent": "44.24 m²" }, "geometry": { "type": "Point", "coordinates": [ 528582.314000000013039, 151439.296 ] } },
{ "type": "Feature", "properties": { "Owner Type": "SSEN", "Owner Name": "DOAN", "Type": "Primary", "Class": "Distribution", "Number": "MERS", "Status": "Existing", "Data Confidence": "Surveyed", "Operating Area": "", "Locality": "", "Extent": "123 m²" }, "geometry": { "type": "Point", "coordinates": [ 526810.285999999963678, 181592.453 ] } },
{ "type": "Feature", "properties": { "Owner Type": "SSEN", "Owner Name": "DOAN", "Type": "Primary", "Class": "Distribution", "Number": "ALDB", "Status": "Existing", "Data Confidence": "Surveyed", "Operating Area": "", "Locality": "", "Extent": "2047.25 m²" }, "geometry": { "type": "Point", "coordinates": [ 525960.371999999973923, 436875.893999999971129 ] } },
{ "type": "Feature", "properties": { "Owner Type": "SSEN", "Owner Name": "SEPD", "Type": "Primary", "Class": "11kV", "Number": "BURD", "Status": "Existing", "Data Confidence": "Surveyed", "Operating Area": "West London excl.", "Locality": "W12", "Extent": "52 m²" }, "geometry": { "type": "Point", "coordinates": [ 522648.868000000016764, 181277.077 ] } },
{ "type": "Feature", "properties": { "Owner Type": "SSEN", "Owner Name": "SEPD", "Type": "Primary", "Class": "Distribution", "Number": "IMPC", "Status": "Existing", "Data Confidence": "Surveyed", "Operating Area": "", "Locality": "", "Extent": "33.75 m²" }, "geometry": { "type": "Point", "coordinates": [ 522571.331, 181262.9 ] } },
{ "type": "Feature", "properties": { "Owner Type": "SSEN", "Owner Name": "SEPD", "Type": "Primary", "Class": "Distribution", "Number": "GOLD", "Status": "Existing", "Data Confidence": "Surveyed", "Operating Area": "", "Locality": "", "Extent": "830.06 m²" }, "geometry": { "type": "Point", "coordinates": [ 521113.049999999988358, 180749.700000000011642 ] } },
{ "type": "Feature", "properties": { "Owner Type": "SSEN", "Owner Name": "SEPD", "Type": "Primary", "Class": "Distribution", "Number": "TCTY", "Status": "Existing", "Data Confidence": "Surveyed", "Operating Area": "", "Locality": "", "Extent": "69.82 m²" }, "geometry": { "type": "Point", "coordinates": [ 521073.32, 182733.959 ] } },
{ "type": "Feature", "properties": { "Owner Type": "SSEN", "Owner Name": "SEPD", "Type": "Primary", "Class": "Distribution", "Number": "VOLA", "Status": "Existing", "Data Confidence": "Surveyed", "Operating Area": "", "Locality": "", "Extent": "866.76 m²" }, "geometry": { "type": "Point", "coordinates": [ 521029.097, 182984.4 ] } },
{ "type": "Feature", "properties": { "Owner Type": "SSEN", "Owner Name": "SEPD", "Type": "Primary", "Class": "Distribution", "Number": "WISD", "Status": "Existing", "Data Confidence": "Surveyed", "Operating Area": "", "Locality": "", "Extent": "1468.24 m²" }, "geometry": { "type": "Point", "coordinates": [ 520985.757999999972526, 183220.681000000011409 ] } },
{ "type": "Feature", "properties": { "Owner Type": "SSEN", "Owner Name": "SEPD", "Type": "Primary", "Class": "66kV/11kV", "Number": "WESA", "Status": "Existing", "Data Confidence": "Surveyed", "Operating Area": "West London excl.", "Locality": "HARLESDEN", "Extent": "268.56 m²" }, "geometry": { "type": "Point", "coordinates": [ 520951.049, 182959.590999999985797 ] } },
{ "type": "Feature", "properties": { "Owner Type": "SSEN", "Owner Name": "SEPD", "Type": "Primary", "Class": "22kV/6.6kV", "Number": "CANB", "Status": "Existing", "Data Confidence": "Surveyed", "Operating Area": "West London excl.", "Locality": "HARLESDEN", "Extent": "122.37 m²" }, "geometry": { "type": "Point", "coordinates": [ 520927.400000000023283, 183082.424999999988358 ] } },
{ "type": "Feature", "properties": { "Owner Type": "SSEN", "Owner Name": "SEPD", "Type": "Primary", "Class": "Distribution", "Number": "ACTL", "Status": "Existing", "Data Confidence": "Surveyed", "Operating Area": "", "Locality": "", "Extent": "1452.1 m²" }, "geometry": { "type": "Point", "coordinates": [ 520839.299999999988358, 183120.575000000011642 ] } },
{ "type": "Feature", "properties": { "Owner Type": "SSEN", "Owner Name": "SEPD", "Type": "Primary", "Class": "Distribution", "Number": "LEAP", "Status": "Existing", "Data Confidence": "Surveyed", "Operating Area": "West London excl.", "Locality": "W3", "Extent": "1351.79 m²" }, "geometry": { "type": "Point", "coordinates": [ 520562.924999999988358, 181544.575000000011642 ] } },
{ "type": "Feature", "properties": { "Owner Type": "SSEN", "Owner Name": "SEPD", "Type": "Primary", "Class": "Distribution", "Number": "SOUR", "Status": "Existing", "Data Confidence": "Surveyed", "Operating Area": "West London excl.", "Locality": "W4", "Extent": "1179.46 m²" }, "geometry": { "type": "Point", "coordinates": [ 520533.450000000011642, 179746.325000000011642 ] } },
{ "type": "Feature", "properties": { "Owner Type": "SSEN", "Owner Name": "SEPD", "Type": "Primary", "Class": "Distribution", "Number": "PARR", "Status": "Existing", "Data Confidence": "Surveyed", "Operating Area": "", "Locality": "", "Extent": "609.28 m²" }, "geometry": { "type": "Point", "coordinates": [ 520154.038, 182203.348 ] } },
{ "type": "Feature", "properties": { "Owner Type": "SSEN", "Owner Name": "SEPD", "Type": "Secondary", "Class": "Distribution", "Number": "51/82046", "Status": "Existing", "Data Confidence": "Surveyed", "Operating Area": "West London excl.", "Locality": "W3", "Extent": "13.83 m²" }, "geometry": { "type": "Point", "coordinates": [ 520105.348999999987427, 180196.615 ] } },
{ "type": "Feature", "properties": { "Owner Type": "SSEN", "Owner Name": "SEPD", "Type": "Primary", "Class": "Distribution", "Number": "HARL", "Status": "Existing", "Data Confidence": "Surveyed", "Operating Area": "", "Locality": "", "Extent": "338.99 m²" }, "geometry": { "type": "Point", "coordinates": [ 520036.184, 178036.86799999998766 ] } },
{ "type": "Feature", "properties": { "Owner Type": "SSEN", "Owner Name": "DOAN", "Type": "Primary", "Class": "Distribution", "Number": "CHDC", "Status": "Existing", "Data Confidence": "Surveyed", "Operating Area": "", "Locality": "", "Extent": "662.42 m²" }, "geometry": { "type": "Point", "coordinates": [ 519106.216000000014901, 164703.045000000012806 ] } },
{ "type": "Feature", "properties": { "Owner Type": "SSEN", "Owner Name": "SEPD", "Type": "Primary", "Class": "Distribution", "Number": "EALI", "Status": "Existing", "Data Confidence": "Surveyed", "Operating Area": "", "Locality": "", "Extent": "13290.35 m²" }, "geometry": { "type": "Point", "coordinates": [ 518371.974999999976717, 179475.519 ] } },
{ "type": "Feature", "properties": { "Owner Type": "SSEN", "Owner Name": "SEPD", "Type": "Primary", "Class": "Distribution", "Number": "BREN", "Status": "Existing", "Data Confidence": "Surveyed", "Operating Area": "West London excl.", "Locality": "BRENTFORD (WLON)", "Extent": "269.78 m²" }, "geometry": { "type": "Point", "coordinates": [ 517670.474999999976717, 178271.59 ] } },
{ "type": "Feature", "properties": { "Owner Type": "SSEN", "Owner Name": "SEPD", "Type": "Primary", "Class": "Distribution", "Number": "PERI", "Status": "Existing", "Data Confidence": "Surveyed", "Operating Area": "West London excl.", "Locality": "wembley", "Extent": "3225.65 m²" }, "geometry": { "type": "Point", "coordinates": [ 517544.0, 182946.674999999988358 ] } },
{ "type": "Feature", "properties": { "Owner Type": "SSEN", "Owner Name": "SEPD", "Type": "Primary", "Class": "Distribution", "Number": "COPD", "Status": "Existing", "Data Confidence": "Surveyed", "Operating Area": "", "Locality": "", "Extent": "1114.39 m²" }, "geometry": { "type": "Point", "coordinates": [ 517446.599999999976717, 180798.525 ] } },
{ "type": "Feature", "properties": { "Owner Type": "SSEN", "Owner Name": "SEPD", "Type": "Primary", "Class": "Distribution", "Number": "BOSM", "Status": "Existing", "Data Confidence": "Surveyed", "Operating Area": "", "Locality": "", "Extent": "842.12 m²" }, "geometry": { "type": "Point", "coordinates": [ 517042.78000000002794, 178085.454999999987194 ] } },
{ "type": "Feature", "properties": { "Owner Type": "SSEN", "Owner Name": "SEPD", "Type": "Primary", "Class": "Distribution", "Number": "DEAG", "Status": "Existing", "Data Confidence": "Surveyed", "Operating Area": "", "Locality": "", "Extent": "262.98 m²" }, "geometry": { "type": "Point", "coordinates": [ 516558.125, 180367.215 ] } },
{ "type": "Feature", "properties": { "Owner Type": "SSEN", "Owner Name": "SEPD", "Type": "Primary", "Class": "Distribution", "Number": "PEDC", "Status": "Existing", "Data Confidence": "Surveyed", "Operating Area": "", "Locality": "", "Extent": "88.27 m²" }, "geometry": { "type": "Point", "coordinates": [ 516349.602000000013504, 183381.442000000010012 ] } },
{ "type": "Feature", "properties": { "Owner Type": "SSEN", "Owner Name": "SEPD", "Type": "Primary", "Class": "Distribution", "Number": "HARA", "Status": "Existing", "Data Confidence": "Surveyed", "Operating Area": "", "Locality": "", "Extent": "116.96 m²" }, "geometry": { "type": "Point", "coordinates": [ 516323.403999999980442, 177655.676 ] } },
{ "type": "Feature", "properties": { "Owner Type": "SSEN", "Owner Name": "DOAN", "Type": "Primary", "Class": "Distribution", "Number": "UNKNOWN", "Status": "Existing", "Data Confidence": "Surveyed", "Operating Area": "", "Locality": "", "Extent": "4438.17 m²" }, "geometry": { "type": "Point", "coordinates": [ 516282.055999999982305, 428804.745 ] } },
{ "type": "Feature", "properties": { "Owner Type": "SSEN", "Owner Name": "SEPD", "Type": "Primary", "Class": "66kV/11kV", "Number": "BRIR", "Status": "Existing", "Data Confidence": "Surveyed", "Operating Area": "Egham", "Locality": "HOUNSLOW", "Extent": "3071.95 m²" }, "geometry": { "type": "Point", "coordinates": [ 514778.972, 175757.479 ] } },
{ "type": "Feature", "properties": { "Owner Type": "SSEN", "Owner Name": "SEPD", "Type": "Primary", "Class": "Distribution", "Number": "GREE", "Status": "Existing", "Data Confidence": "Surveyed", "Operating Area": "", "Locality": "", "Extent": "1529.86 m²" }, "geometry": { "type": "Point", "coordinates": [ 514689.162000000011176, 183790.125 ] } },
{ "type": "Feature", "properties": { "Owner Type": "SSEN", "Owner Name": "SEPD", "Type": "Primary", "Class": "Distribution", "Number": "OSTE", "Status": "Existing", "Data Confidence": "Surveyed", "Operating Area": "", "Locality": "", "Extent": "524.12 m²" }, "geometry": { "type": "Point", "coordinates": [ 514495.670999999972992, 176951.450000000011642 ] } },
{ "type": "Feature", "properties": { "Owner Type": "SSEN", "Owner Name": "SEPD", "Type": "Primary", "Class": "66kV/11kV", "Number": "IRBR", "Status": "Existing", "Data Confidence": "Surveyed", "Operating Area": "West London excl.", "Locality": "SOUTHALL", "Extent": "6448.27 m²" }, "geometry": { "type": "Point", "coordinates": [ 514281.771, 180212.393000000010943 ] } },
{ "type": "Feature", "properties": { "Owner Type": "SSEN", "Owner Name": "SEPD", "Type": "Secondary", "Class": "Distribution", "Number": "5179460", "Status": "Existing", "Data Confidence": "Surveyed", "Operating Area": "West London excl.", "Locality": "GREENFORD EAST", "Extent": "14.34 m²" }, "geometry": { "type": "Point", "coordinates": [ 513986.121999999973923, 184078.391 ] } },
{ "type": "Feature", "properties": { "Owner Type": "SSEN", "Owner Name": "SEPD", "Type": "Primary", "Class": "Distribution", "Number": "MOAF", "Status": "Existing", "Data Confidence": "Surveyed", "Operating Area": "", "Locality": "", "Extent": "1547.22 m²" }, "geometry": { "type": "Point", "coordinates": [ 512913.885, 184596.525 ] } },
{ "type": "Feature", "properties": { "Owner Type": "SSEN", "Owner Name": "SEPD", "Type": "Primary", "Class": "Distribution", "Number": "HOPA", "Status": "Existing", "Data Confidence": "Surveyed", "Operating Area": "", "Locality": "", "Extent": "425.85 m²" }, "geometry": { "type": "Point", "coordinates": [ 512709.716000000014901, 172042.522999999986496 ] } },
{ "type": "Feature", "properties": { "Owner Type": "SSEN", "Owner Name": "SEPD", "Type": "Primary", "Class": "Distribution", "Number": "TGRE", "Status": "Existing", "Data Confidence": "Surveyed", "Operating Area": "", "Locality": "", "Extent": "767.9 m²" }, "geometry": { "type": "Point", "coordinates": [ 512432.099999999976717, 179487.700000000011642 ] } },
{ "type": "Feature", "properties": { "Owner Type": "SSEN", "Owner Name": "SEPD", "Type": "Primary", "Class": "Distribution", "Number": "VIFR", "Status": "Existing", "Data Confidence": "Surveyed", "Operating Area": "Egham", "Locality": "HOUNSLOW", "Extent": "1539.49 m²" }, "geometry": { "type": "Point", "coordinates": [ 512358.25099999998929, 176436.151000000012573 ] } },
{ "type": "Feature", "properties": { "Owner Type": "SSEN", "Owner Name": "SEPD", "Type": "Secondary", "Class": "Distribution", "Number": "5181988", "Status": "Existing", "Data Confidence": "Surveyed", "Operating Area": "West London excl.", "Locality": "West London (ex Ealing and Hayes)", "Extent": "16 m²" }, "geometry": { "type": "Point", "coordinates": [ 512308.893999999971129, 182833.089 ] } },
{ "type": "Feature", "properties": { "Owner Type": "SSEN", "Owner Name": "SEPD", "Type": "Primary", "Class": "Distribution", "Number": "NOHO", "Status": "Existing", "Data Confidence": "Surveyed", "Operating Area": "", "Locality": "", "Extent": "3469.52 m²" }, "geometry": { "type": "Point", "coordinates": [ 511550.466000000014901, 183230.420000000012806 ] } },
{ "type": "Feature", "properties": { "Owner Type": "SSEN", "Owner Name": "SEPD", "Type": "Primary", "Class": "Distribution", "Number": "HEAT", "Status": "Existing", "Data Confidence": "Surveyed", "Operating Area": "", "Locality": "", "Extent": "671.59 m²" }, "geometry": { "type": "Point", "coordinates": [ 511532.895000000018626, 175520.415 ] } },
{ "type": "Feature", "properties": { "Owner Type": "SSEN", "Owner Name": "SEPD", "Type": "Primary", "Class": "Distribution", "Number": "SPRR", "Status": "Existing", "Data Confidence": "Surveyed", "Operating Area": "", "Locality": "", "Extent": "4231.83 m²" }, "geometry": { "type": "Point", "coordinates": [ 511449.732000000018161, 180643.327 ] } },
{ "type": "Feature", "properties": { "Owner Type": "SSEN", "Owner Name": "SEPD", "Type": "Primary", "Class": "Distribution", "Number": "SUNL", "Status": "Existing", "Data Confidence": "Surveyed", "Operating Area": "", "Locality": "", "Extent": "16 m²" }, "geometry": { "type": "Point", "coordinates": [ 511341.427000000025146, 175591.222 ] } },
{ "type": "Feature", "properties": { "Owner Type": "SSEN", "Owner Name": "SEPD", "Type": "Primary", "Class": "Distribution", "Number": "SUNG", "Status": "Existing", "Data Confidence": "Surveyed", "Operating Area": "", "Locality": "", "Extent": "500.47 m²" }, "geometry": { "type": "Point", "coordinates": [ 511321.901000000012573, 175622.106999999989057 ] } },
{ "type": "Feature", "properties": { "Owner Type": "SSEN", "Owner Name": "SEPD", "Type": "Primary", "Class": "Distribution", "Number": "NFEL", "Status": "Existing", "Data Confidence": "Surveyed", "Operating Area": "", "Locality": "", "Extent": "1631.79 m²" }, "geometry": { "type": "Point", "coordinates": [ 511001.096000000019558, 174901.958000000013271 ] } },
{ "type": "Feature", "properties": { "Owner Type": "SSEN", "Owner Name": "SEPD", "Type": "Primary", "Class": "Distribution", "Number": "VIRH", "Status": "Existing", "Data Confidence": "Surveyed", "Operating Area": "", "Locality": "", "Extent": "84.83 m²" }, "geometry": { "type": "Point", "coordinates": [ 510825.908999999985099, 178743.655 ] } },
{ "type": "Feature", "properties": { "Owner Type": "SSEN", "Owner Name": "SEPD", "Type": "Primary", "Class": "Distribution", "Number": "FIVO", "Status": "Existing", "Data Confidence": "Surveyed", "Operating Area": "", "Locality": "", "Extent": "1907.74 m²" }, "geometry": { "type": "Point", "coordinates": [ 510673.592, 129061.094 ] } },
{ "type": "Feature", "properties": { "Owner Type": "SSEN", "Owner Name": "SEPD", "Type": "Primary", "Class": "Distribution", "Number": "FELT", "Status": "Existing", "Data Confidence": "Surveyed", "Operating Area": "", "Locality": "", "Extent": "570.91 m²" }, "geometry": { "type": "Point", "coordinates": [ 510647.950000000011642, 172801.225 ] } },
{ "type": "Feature", "properties": { "Owner Type": "SSEN", "Owner Name": "SEPD", "Type": "Secondary", "Class": "Distribution", "Number": "5182924", "Status": "Existing", "Data Confidence": "Surveyed", "Operating Area": "Egham", "Locality": "FELTHAM", "Extent": "8.98 m²" }, "geometry": { "type": "Point", "coordinates": [ 510615.586000000010245, 173541.146 ] } },
{ "type": "Feature", "properties": { "Owner Type": "SSEN", "Owner Name": "SEPD", "Type": "Primary", "Class": "Distribution", "Number": "NHYD", "Status": "Existing", "Data Confidence": "Surveyed", "Operating Area": "", "Locality": "", "Extent": "18321.91 m²" }, "geometry": { "type": "Point", "coordinates": [ 510367.343999999982771, 179003.055 ] } },
{ "type": "Feature", "properties": { "Owner Type": "SSEN", "Owner Name": "SEPD", "Type": "Primary", "Class": "Distribution", "Number": "SUNX", "Status": "Existing", "Data Confidence": "Surveyed", "Operating Area": "", "Locality": "", "Extent": "789.82 m²" }, "geometry": { "type": "Point", "coordinates": [ 510054.767999999981839, 170010.703 ] } },
{ "type": "Feature", "properties": { "Owner Type": "SSEN", "Owner Name": "SEPD", "Type": "Primary", "Class": "Distribution", "Number": "HEAN", "Status": "Existing", "Data Confidence": "Surveyed", "Operating Area": "", "Locality": "", "Extent": "2823.72 m²" }, "geometry": { "type": "Point", "coordinates": [ 509773.417000000015832, 176944.048 ] } },
{ "type": "Feature", "properties": { "Owner Type": "SSEN", "Owner Name": "SEPD", "Type": "Primary", "Class": "Distribution", "Number": "HAYE", "Status": "Existing", "Data Confidence": "Surveyed", "Operating Area": "", "Locality": "", "Extent": "1729.69 m²" }, "geometry": { "type": "Point", "coordinates": [ 509519.125, 179541.174999999988358 ] } },
{ "type": "Feature", "properties": { "Owner Type": "SSEN", "Owner Name": "SEPD", "Type": "Primary", "Class": "Distribution", "Number": "FVPV", "Status": "Existing", "Data Confidence": "Surveyed", "Operating Area": "", "Locality": "", "Extent": "16 m²" }, "geometry": { "type": "Point", "coordinates": [ 509178.305999999982305, 128266.754 ] } },
{ "type": "Feature", "properties": { "Owner Type": "SSEN", "Owner Name": "SEPD", "Type": "Primary", "Class": "Distribution", "Number": "BRDE", "Status": "Existing", "Data Confidence": "Surveyed", "Operating Area": "", "Locality": "", "Extent": "1609.43 m²" }, "geometry": { "type": "Point", "coordinates": [ 509120.275000000023283, 176867.424999999988358 ] } },
{ "type": "Feature", "properties": { "Owner Type": "SSEN", "Owner Name": "DOAN", "Type": "Primary", "Class": "Distribution", "Number": "WATB", "Status": "Existing", "Data Confidence": "Surveyed", "Operating Area": "", "Locality": "", "Extent": "1287.86 m²" }, "geometry": { "type": "Point", "coordinates": [ 508960.856000000028871, 194906.098 ] } },
{ "type": "Feature", "properties": { "Owner Type": "SSEN", "Owner Name": "SEPD", "Type": "Secondary", "Class": "Distribution", "Number": "UNKNOWN", "Status": "Existing", "Data Confidence": "Surveyed", "Operating Area": "Egham", "Locality": "HARLINGTON (EGHA)", "Extent": "26.26 m²" }, "geometry": { "type": "Point", "coordinates": [ 508905.104, 176935.022 ] } },
{ "type": "Feature", "properties": { "Owner Type": "SSEN", "Owner Name": "SEPD", "Type": "Secondary (Pad Mounted)", "Class": "Distribution", "Number": "5183313", "Status": "Existing", "Data Confidence": "Surveyed", "Operating Area": "Egham", "Locality": "Egham", "Extent": "2.49 m²" }, "geometry": { "type": "Point", "coordinates": [ 508833.457999999984168, 172761.481999999989057 ] } },
{ "type": "Feature", "properties": { "Owner Type": "SSEN", "Owner Name": "SEPD", "Type": "Primary", "Class": "Distribution", "Number": "ASHC", "Status": "Existing", "Data Confidence": "Surveyed", "Operating Area": "", "Locality": "", "Extent": "147.05 m²" }, "geometry": { "type": "Point", "coordinates": [ 508664.900000000023283, 170159.225 ] } },
{ "type": "Feature", "properties": { "Owner Type": "SSEN", "Owner Name": "SEPD", "Type": "Primary", "Class": "Distribution", "Number": "EBED", "Status": "Existing", "Data Confidence": "Surveyed", "Operating Area": "", "Locality": "", "Extent": "2838.75 m²" }, "geometry": { "type": "Point", "coordinates": [ 508395.575000000011642, 173826.825000000011642 ] } },
{ "type": "Feature", "properties": { "Owner Type": "SSEN", "Owner Name": "SEPD", "Type": "Primary", "Class": "Distribution", "Number": "BILL", "Status": "Existing", "Data Confidence": "Surveyed", "Operating Area": "", "Locality": "", "Extent": "881.02 m²" }, "geometry": { "type": "Point", "coordinates": [ 508301.435, 126312.606 ] } },
{ "type": "Feature", "properties": { "Owner Type": "SSEN", "Owner Name": "SEPD", "Type": "Primary", "Class": "Distribution", "Number": "FOXW", "Status": "Existing", "Data Confidence": "Surveyed", "Operating Area": "West London excl.", "Locality": "", "Extent": "142.72 m²" }, "geometry": { "type": "Point", "coordinates": [ 507982.294, 179309.276000000012573 ] } },
{ "type": "Feature", "properties": { "Owner Type": "SSEN", "Owner Name": "SEPD", "Type": "Primary", "Class": "Distribution", "Number": "HEAC", "Status": "Existing", "Data Confidence": "Surveyed", "Operating Area": "", "Locality": "", "Extent": "126.72 m²" }, "geometry": { "type": "Point", "coordinates": [ 507862.38900000002468, 176733.101 ] } },
{ "type": "Feature", "properties": { "Owner Type": "SSEN", "Owner Name": "SEPD", "Type": "Primary", "Class": "Distribution", "Number": "CARG", "Status": "Existing", "Data Confidence": "Surveyed", "Operating Area": "Egham", "Locality": "STANWELL", "Extent": "162.38 m²" }, "geometry": { "type": "Point", "coordinates": [ 507551.435999999986961, 173085.495 ] } },
{ "type": "Feature", "properties": { "Owner Type": "SSEN", "Owner Name": "SEPD", "Type": "Primary", "Class": "Distribution", "Number": "HIIN", "Status": "Existing", "Data Confidence": "Surveyed", "Operating Area": "", "Locality": "", "Extent": "2190.77 m²" }, "geometry": { "type": "Point", "coordinates": [ 507470.900000000023283, 182827.450000000011642 ] } },
{ "type": "Feature", "properties": { "Owner Type": "SSEN", "Owner Name": "SEPD", "Type": "Primary", "Class": "Distribution", "Number": "CHUR", "Status": "Existing", "Data Confidence": "Surveyed", "Operating Area": "", "Locality": "", "Extent": "834.77 m²" }, "geometry": { "type": "Point", "coordinates": [ 506829.593999999982771, 171704.846 ] } },
{ "type": "Feature", "properties": { "Owner Type": "SSEN", "Owner Name": "SEPD", "Type": "Primary", "Class": "Distribution", "Number": "LALE", "Status": "Existing", "Data Confidence": "Surveyed", "Operating Area": "", "Locality": "", "Extent": "17049.9 m²" }, "geometry": { "type": "Point", "coordinates": [ 506524.941999999980908, 170622.09 ] } },
{ "type": "Feature", "properties": { "Owner Type": "SSEN", "Owner Name": "SEPD", "Type": "Primary", "Class": "Distribution", "Number": "AIRW", "Status": "Existing", "Data Confidence": "Surveyed", "Operating Area": "", "Locality": "", "Extent": "352.16 m²" }, "geometry": { "type": "Point", "coordinates": [ 506506.325000000011642, 174411.536 ] } },
{ "type": "Feature", "properties": { "Owner Type": "SSEN", "Owner Name": "SEPD", "Type": "Secondary (Pad Mounted)", "Class": "6.6kV/LV", "Number": "5676521", "Status": "Existing", "Data Confidence": "Surveyed", "Operating Area": "Slough", "Locality": "HAREFIELD, GT.LONDON", "Extent": "9 m²" }, "geometry": { "type": "Point", "coordinates": [ 506402.025000000023283, 191900.146 ] } },
{ "type": "Feature", "properties": { "Owner Type": "SSEN", "Owner Name": "SEPD", "Type": "Primary", "Class": "Distribution", "Number": "STAN", "Status": "Existing", "Data Confidence": "Surveyed", "Operating Area": "Egham", "Locality": "STANWELL", "Extent": "991.15 m²" }, "geometry": { "type": "Point", "coordinates": [ 506023.049999999988358, 172755.275 ] } },
{ "type": "Feature", "properties": { "Owner Type": "SSEN", "Owner Name": "SEPD", "Type": "Primary", "Class": "Distribution", "Number": "BRDW", "Status": "Existing", "Data Confidence": "Surveyed", "Operating Area": "", "Locality": "", "Extent": "649.95 m²" }, "geometry": { "type": "Point", "coordinates": [ 505824.847, 176806.476 ] } },
{ "type": "Feature", "properties": { "Owner Type": "SSEN", "Owner Name": "SEPD", "Type": "Primary", "Class": "33kV/11kV", "Number": "YIEW", "Status": "Existing", "Data Confidence": "Surveyed", "Operating Area": "Egham", "Locality": "YIEWSLEY", "Extent": "641.85 m²" }, "geometry": { "type": "Point", "coordinates": [ 505644.077999999979511, 180963.291999999986729 ] } },
{ "type": "Feature", "properties": { "Owner Type": "SSEN", "Owner Name": "SEPD", "Type": "Primary", "Class": "Distribution", "Number": "UXBR", "Status": "Existing", "Data Confidence": "Surveyed", "Operating Area": "", "Locality": "", "Extent": "1583.95 m²" }, "geometry": { "type": "Point", "coordinates": [ 504983.821, 183485.096 ] } },
{ "type": "Feature", "properties": { "Owner Type": "SSEN", "Owner Name": "SEPD", "Type": "Primary", "Class": "Distribution", "Number": "SPOL", "Status": "Existing", "Data Confidence": "Surveyed", "Operating Area": "", "Locality": "", "Extent": "350.25 m²" }, "geometry": { "type": "Point", "coordinates": [ 504818.148999999975786, 175558.803000000014435 ] } },
{ "type": "Feature", "properties": { "Owner Type": "SSEN", "Owner Name": "SEPD", "Type": "Primary", "Class": "Distribution", "Number": "STAM", "Status": "Existing", "Data Confidence": "Surveyed", "Operating Area": "", "Locality": "", "Extent": "313.99 m²" }, "geometry": { "type": "Point", "coordinates": [ 504780.044999999983702, 175288.335 ] } },
{ "type": "Feature", "properties": { "Owner Type": "SSEN", "Owner Name": "SEPD", "Type": "Primary", "Class": "Distribution", "Number": "HORR", "Status": "Existing", "Data Confidence": "Surveyed", "Operating Area": "", "Locality": "", "Extent": "360.85 m²" }, "geometry": { "type": "Point", "coordinates": [ 504670.299999999988358, 174455.85 ] } },
{ "type": "Feature", "properties": { "Owner Type": "SSEN", "Owner Name": "SEPD", "Type": "Primary", "Class": "Distribution", "Number": "STAI", "Status": "Existing", "Data Confidence": "Surveyed", "Operating Area": "", "Locality": "", "Extent": "6128.39 m²" }, "geometry": { "type": "Point", "coordinates": [ 504584.875, 172135.24 ] } },
{ "type": "Feature", "properties": { "Owner Type": "SSEN", "Owner Name": "SEPD", "Type": "Primary", "Class": "Distribution", "Number": "IVEE", "Status": "Existing", "Data Confidence": "Surveyed", "Operating Area": "", "Locality": "", "Extent": "10172.98 m²" }, "geometry": { "type": "Point", "coordinates": [ 504328.136999999987893, 183543.01 ] } },
{ "type": "Feature", "properties": { "Owner Type": "SSEN", "Owner Name": "SEPD", "Type": "Primary", "Class": "Distribution", "Number": "IVES", "Status": "Existing", "Data Confidence": "Surveyed", "Operating Area": "", "Locality": "", "Extent": "15683.23 m²" }, "geometry": { "type": "Point", "coordinates": [ 504283.533999999985099, 183618.364 ] } },
{ "type": "Feature", "properties": { "Owner Type": "SSEN", "Owner Name": "SEPD", "Type": "Secondary", "Class": "Distribution", "Number": "5182213", "Status": "Existing", "Data Confidence": "Surveyed", "Operating Area": "Slough", "Locality": "DENHAM", "Extent": "16.12 m²" }, "geometry": { "type": "Point", "coordinates": [ 504112.829000000027008, 187939.346 ] } },
{ "type": "Feature", "properties": { "Owner Type": "SSEN", "Owner Name": "SEPD", "Type": "Primary", "Class": "Distribution", "Number": "SIDR", "Status": "Existing", "Data Confidence": "Surveyed", "Operating Area": "", "Locality": "", "Extent": "683.37 m²" }, "geometry": { "type": "Point", "coordinates": [ 504094.169999999983702, 171741.665 ] } },
{ "type": "Feature", "properties": { "Owner Type": "SSEN", "Owner Name": "SEPD", "Type": "Primary", "Class": "Distribution", "Number": "HARE", "Status": "Existing", "Data Confidence": "Surveyed", "Operating Area": "", "Locality": "", "Extent": "1368.48 m²" }, "geometry": { "type": "Point", "coordinates": [ 504019.63, 191224.685 ] } },
{ "type": "Feature", "properties": { "Owner Type": "SSEN", "Owner Name": "SEPD", "Type": "Primary", "Class": "Distribution", "Number": "THOL", "Status": "Existing", "Data Confidence": "Surveyed", "Operating Area": "", "Locality": "", "Extent": "1452.7 m²" }, "geometry": { "type": "Point", "coordinates": [ 503957.340000000025611, 180424.261 ] } },
{ "type": "Feature", "properties": { "Owner Type": "SSEN", "Owner Name": "SEPD", "Type": "Primary", "Class": "Distribution", "Number": "LOFO", "Status": "Existing", "Data Confidence": "Surveyed", "Operating Area": "", "Locality": "", "Extent": "6121.69 m²" }, "geometry": { "type": "Point", "coordinates": [ 503922.382999999972526, 176749.815 ] } },
{ "type": "Feature", "properties": { "Owner Type": "SSEN", "Owner Name": "SEPD", "Type": "Primary", "Class": "Distribution", "Number": "LAKE", "Status": "Existing", "Data Confidence": "Surveyed", "Operating Area": "", "Locality": "", "Extent": "62.5 m²" }, "geometry": { "type": "Point", "coordinates": [ 503878.288999999989755, 177223.959 ] } },
{ "type": "Feature", "properties": { "Owner Type": "SSEN", "Owner Name": "SEPD", "Type": "Primary", "Class": "Distribution", "Number": "DENA", "Status": "Existing", "Data Confidence": "Surveyed", "Operating Area": "", "Locality": "", "Extent": "1347.68 m²" }, "geometry": { "type": "Point", "coordinates": [ 503778.349999999976717, 186614.894999999989523 ] } },
{ "type": "Feature", "properties": { "Owner Type": "SSEN", "Owner Name": "SEPD", "Type": "Secondary", "Class": "Distribution", "Number": "5683048", "Status": "Existing", "Data Confidence": "Surveyed", "Operating Area": "Slough", "Locality": "IVER", "Extent": "9 m²" }, "geometry": { "type": "Point", "coordinates": [ 503750.775000000023283, 180583.064000000013039 ] } },
{ "type": "Feature", "properties": { "Owner Type": "SSEN", "Owner Name": "SEPD", "Type": "Secondary (Pad Mounted)", "Class": "Distribution", "Number": "3410680", "Status": "Existing", "Data Confidence": "Surveyed", "Operating Area": "", "Locality": "", "Extent": "6.24 m²" }, "geometry": { "type": "Point", "coordinates": [ 503668.075000000011642, 106665.29 ] } },
{ "type": "Feature", "properties": { "Owner Type": "SSEN", "Owner Name": "SEPD", "Type": "Primary", "Class": "Distribution", "Number": "POYL", "Status": "Existing", "Data Confidence": "Surveyed", "Operating Area": "", "Locality": "", "Extent": "1413.31 m²" }, "geometry": { "type": "Point", "coordinates": [ 503435.59499999997206, 175529.295000000012806 ] } },
{ "type": "Feature", "properties": { "Owner Type": "SSEN", "Owner Name": "SEPD", "Type": "Secondary", "Class": "Distribution", "Number": "15016066", "Status": "Existing", "Data Confidence": "Surveyed", "Operating Area": "Slough", "Locality": "POYLE", "Extent": "9.9 m²" }, "geometry": { "type": "Point", "coordinates": [ 503394.329000000027008, 176024.272999999986496 ] } },
{ "type": "Feature", "properties": { "Owner Type": "SSEN", "Owner Name": "SEPD", "Type": "Primary", "Class": "Distribution", "Number": "CAUS", "Status": "Existing", "Data Confidence": "Surveyed", "Operating Area": "", "Locality": "", "Extent": "1039.06 m²" }, "geometry": { "type": "Point", "coordinates": [ 502748.63900000002468, 171665.419 ] } },
{ "type": "Feature", "properties": { "Owner Type": "SSEN", "Owner Name": "SEPD", "Type": "Primary", "Class": "Distribution", "Number": "CHLL", "Status": "Existing", "Data Confidence": "Surveyed", "Operating Area": "Slough", "Locality": "RICKMANSWORTH", "Extent": "1036.1 m²" }, "geometry": { "type": "Point", "coordinates": [ 502407.119, 191431.147 ] } },
{ "type": "Feature", "properties": { "Owner Type": "SSEN", "Owner Name": "SEPD", "Type": "Primary", "Class": "Distribution", "Number": "SUTL", "Status": "Existing", "Data Confidence": "Surveyed", "Operating Area": "", "Locality": "", "Extent": "469.18 m²" }, "geometry": { "type": "Point", "coordinates": [ 502187.539999999979045, 178596.442000000010012 ] } },
{ "type": "Feature", "properties": { "Owner Type": "SSEN", "Owner Name": "SEPD", "Type": "Primary", "Class": "Distribution", "Number": "WHYD", "Status": "Existing", "Data Confidence": "Surveyed", "Operating Area": "Slough", "Locality": "RICKMANSWORTH", "Extent": "4699.28 m²" }, "geometry": { "type": "Point", "coordinates": [ 502175.82, 191620.50700000001234 ] } },
{ "type": "Feature", "properties": { "Owner Type": "SSEN", "Owner Name": "SEPD", "Type": "Primary", "Class": "Distribution", "Number": "WHYC", "Status": "Existing", "Data Confidence": "Surveyed", "Operating Area": "Slough", "Locality": "RICKMANSWORTH", "Extent": "1224.34 m²" }, "geometry": { "type": "Point", "coordinates": [ 502154.270000000018626, 191372.195 ] } },
{ "type": "Feature", "properties": { "Owner Type": "SSEN", "Owner Name": "SEPD", "Type": "Primary", "Class": "Distribution", "Number": "PLAI", "Status": "Existing", "Data Confidence": "Surveyed", "Operating Area": "", "Locality": "", "Extent": "2095.76 m²" }, "geometry": { "type": "Point", "coordinates": [ 502100.924999999988358, 129636.25 ] } },
{ "type": "Feature", "properties": { "Owner Type": "SSEN", "Owner Name": "SEPD", "Type": "Secondary", "Class": "Distribution", "Number": "5682558", "Status": "Existing", "Data Confidence": "Surveyed", "Operating Area": "Slough", "Locality": "COLNBROOK", "Extent": "19.36 m²" }, "geometry": { "type": "Point", "coordinates": [ 501953.674999999988358, 177581.851 ] } },
{ "type": "Feature", "properties": { "Owner Type": "SSEN", "Owner Name": "SEPD", "Type": "Primary", "Class": "Distribution", "Number": "DENH", "Status": "Existing", "Data Confidence": "Surveyed", "Operating Area": "", "Locality": "", "Extent": "5907.84 m²" }, "geometry": { "type": "Point", "coordinates": [ 501784.945, 187617.26500000001397 ] } },
{ "type": "Feature", "properties": { "Owner Type": "SSEN", "Owner Name": "SEPD", "Type": "Primary", "Class": "33kV/11kV", "Number": "EGHA", "Status": "Existing", "Data Confidence": "Surveyed", "Operating Area": "Bracknell", "Locality": "EGHAM", "Extent": "825.42 m²" }, "geometry": { "type": "Point", "coordinates": [ 501022.025000000023283, 171383.025 ] } },
{ "type": "Feature", "properties": { "Owner Type": "SSEN", "Owner Name": "SEPD", "Type": "Secondary", "Class": "Distribution", "Number": "5615005810", "Status": "Existing", "Data Confidence": "Surveyed", "Operating Area": "Slough", "Locality": "FULMER", "Extent": "18.55 m²" }, "geometry": { "type": "Point", "coordinates": [ 500881.369, 184599.412000000011176 ] } },
{ "type": "Feature", "properties": { "Owner Type": "SSEN", "Owner Name": "SEPD", "Type": "Primary", "Class": "Distribution", "Number": "UPTO", "Status": "Existing", "Data Confidence": "Surveyed", "Operating Area": "Slough", "Locality": "LANGLEY, BERKS", "Extent": "4502.75 m²" }, "geometry": { "type": "Point", "coordinates": [ 500839.875, 179441.915 ] } },
{ "type": "Feature", "properties": { "Owner Type": "SSEN", "Owner Name": "SEPD", "Type": "Primary", "Class": "6.6kV/LV", "Number": "GRAR", "Status": "Existing", "Data Confidence": "Surveyed", "Operating Area": "Slough", "Locality": "CHALFONT ST PETER", "Extent": "914.6 m²" }, "geometry": { "type": "Point", "coordinates": [ 500173.653, 191008.967 ] } },
{ "type": "Feature", "properties": { "Owner Type": "SSEN", "Owner Name": "SEPD", "Type": "Secondary", "Class": "Distribution", "Number": "1317224", "Status": "Existing", "Data Confidence": "Surveyed", "Operating Area": "", "Locality": "", "Extent": "469.1 m²" }, "geometry": { "type": "Point", "coordinates": [ 500085.200000000011642, 174037.019999999989523 ] } },
{ "type": "Feature", "properties": { "Owner Type": "SSEN", "Owner Name": "SEPD", "Type": "Secondary (Pad Mounted)", "Class": "Distribution", "Number": "5382276", "Status": "Existing", "Data Confidence": "Surveyed", "Operating Area": "", "Locality": "", "Extent": "4 m²" }, "geometry": { "type": "Point", "coordinates": [ 500019.422000000020489, 168578.647 ] } },
{ "type": "Feature", "properties": { "Owner Type": "SSEN", "Owner Name": "SEPD", "Type": "Primary", "Class": "Distribution", "Number": "GERX", "Status": "Existing", "Data Confidence": "Surveyed", "Operating Area": "", "Locality": "", "Extent": "1865.83 m²" }, "geometry": { "type": "Point", "coordinates": [ 499956.034999999974389, 188004.928000000014435 ] } },
{ "type": "Feature", "properties": { "Owner Type": "SSEN", "Owner Name": "SEPD", "Type": "Primary", "Class": "Distribution", "Number": "MWBD", "Status": "Existing", "Data Confidence": "Surveyed", "Operating Area": "", "Locality": "", "Extent": "194.58 m²" }, "geometry": { "type": "Point", "coordinates": [ 499905.311999999976251, 176257.181000000011409 ] } },
{ "type": "Feature", "properties": { "Owner Type": "SSEN", "Owner Name": "SEPD", "Type": "Secondary", "Class": "11kV/LV", "Number": "5682711", "Status": "Existing", "Data Confidence": "Surveyed", "Operating Area": "Slough", "Locality": "OLD WINDSOR", "Extent": "9.9 m²" }, "geometry": { "type": "Point", "coordinates": [ 499278.686999999976251, 173064.625 ] } },
{ "type": "Feature", "properties": { "Owner Type": "SSEN", "Owner Name": "SEPD", "Type": "Primary", "Class": "Distribution", "Number": "COKL", "Status": "Existing", "Data Confidence": "Surveyed", "Operating Area": "", "Locality": "", "Extent": "1429.67 m²" }, "geometry": { "type": "Point", "coordinates": [ 499265.53000000002794, 197505.835 ] } },
{ "type": "Feature", "properties": { "Owner Type": "SSEN", "Owner Name": "SEPD", "Type": "Secondary (Pad Mounted)", "Class": "11kV/LV", "Number": "82099", "Status": "Existing", "Data Confidence": "Surveyed", "Operating Area": "Petersfield", "Locality": "BURY", "Extent": "9.02 m²" }, "geometry": { "type": "Point", "coordinates": [ 498930.204000000027008, 115523.866 ] } },
{ "type": "Feature", "properties": { "Owner Type": "SSEN", "Owner Name": "SEPD", "Type": "Secondary", "Class": "Distribution", "Number": "7483552", "Status": "Existing", "Data Confidence": "Surveyed", "Operating Area": "Chichester", "Locality": "MADEHURST", "Extent": "9.9 m²" }, "geometry": { "type": "Point", "coordinates": [ 498582.023999999975786, 110455.407 ] } },
{ "type": "Feature", "properties": { "Owner Type": "SSEN", "Owner Name": "SEPD", "Type": "Primary", "Class": "Distribution", "Number": "HABO", "Status": "Existing", "Data Confidence": "Surveyed", "Operating Area": "", "Locality": "", "Extent": "2185.91 m²" }, "geometry": { "type": "Point", "coordinates": [ 498224.191, 120282.801 ] } },
{ "type": "Feature", "properties": { "Owner Type": "SSEN", "Owner Name": "SEPD", "Type": "Secondary", "Class": "Distribution", "Number": "5515007585", "Status": "Existing", "Data Confidence": "Surveyed", "Operating Area": "Bracknell", "Locality": "VIRGINIA WATER", "Extent": "9.9 m²" }, "geometry": { "type": "Point", "coordinates": [ 498165.701, 168375.432999999989988 ] } },
{ "type": "Feature", "properties": { "Owner Type": "SSEN", "Owner Name": "SEPD", "Type": "Primary", "Class": "Distribution", "Number": "MVEE", "Status": "Existing", "Data Confidence": "Surveyed", "Operating Area": "Bracknell", "Locality": "CHOBHAM", "Extent": "1968.74 m²" }, "geometry": { "type": "Point", "coordinates": [ 498147.050999999977648, 165963.742 ] } },
{ "type": "Feature", "properties": { "Owner Type": "SSEN", "Owner Name": "SEPD", "Type": "Secondary", "Class": "Distribution", "Number": "7283752", "Status": "Existing", "Data Confidence": "Surveyed", "Operating Area": "Aldershot", "Locality": "GODALMING", "Extent": "9 m²" }, "geometry": { "type": "Point", "coordinates": [ 498144.132999999972526, 144170.575000000011642 ] } },
{ "type": "Feature", "properties": { "Owner Type": "SSEN", "Owner Name": "SEPD", "Type": "Primary", "Class": "Distribution", "Number": "BIPV", "Status": "Existing", "Data Confidence": "Surveyed", "Operating Area": "", "Locality": "", "Extent": "24.91 m²" }, "geometry": { "type": "Point", "coordinates": [ 498137.14000000001397, 104885.072 ] } },
{ "type": "Feature", "properties": { "Owner Type": "SSEN", "Owner Name": "SEPD", "Type": "Primary", "Class": "Distribution", "Number": "PETA", "Status": "Existing", "Data Confidence": "Surveyed", "Operating Area": "", "Locality": "", "Extent": "1911.27 m²" }, "geometry": { "type": "Point", "coordinates": [ 498094.202, 180312.957 ] } },
{ "type": "Feature", "properties": { "Owner Type": "SSEN", "Owner Name": "SEPD", "Type": "Secondary (Pad Mounted)", "Class": "Distribution", "Number": "1310317", "Status": "Existing", "Data Confidence": "Surveyed", "Operating Area": "", "Locality": "", "Extent": "1.2 m²" }, "geometry": { "type": "Point", "coordinates": [ 497857.568000000028405, 170431.74299999998766 ] } },
{ "type": "Feature", "properties": { "Owner Type": "SSEN", "Owner Name": "SEPD", "Type": "Primary", "Class": "Distribution", "Number": "HERS", "Status": "Existing", "Data Confidence": "Surveyed", "Operating Area": "Slough", "Locality": "Slough", "Extent": "277.59 m²" }, "geometry": { "type": "Point", "coordinates": [ 497802.46999999997206, 179690.065 ] } },
{ "type": "Feature", "properties": { "Owner Type": "SSEN", "Owner Name": "SEPD", "Type": "Primary", "Class": "Distribution", "Number": "BILS", "Status": "Existing", "Data Confidence": "Surveyed", "Operating Area": "", "Locality": "", "Extent": "3321.44 m²" }, "geometry": { "type": "Point", "coordinates": [ 497385.695, 101563.2 ] } },
{ "type": "Feature", "properties": { "Owner Type": "SSEN", "Owner Name": "SEPD", "Type": "Primary", "Class": "Distribution", "Number": "WAPW", "Status": "Existing", "Data Confidence": "Surveyed", "Operating Area": "", "Locality": "", "Extent": "466.11 m²" }, "geometry": { "type": "Point", "coordinates": [ 497345.435, 188862.06 ] } },
{ "type": "Feature", "properties": { "Owner Type": "SSEN", "Owner Name": "SEPD", "Type": "Primary", "Class": "Distribution", "Number": "CHOB", "Status": "Existing", "Data Confidence": "Surveyed", "Operating Area": "", "Locality": "", "Extent": "1912.88 m²" }, "geometry": { "type": "Point", "coordinates": [ 497193.150000000023283, 163197.075000000011642 ] } },
{ "type": "Feature", "properties": { "Owner Type": "SSEN", "Owner Name": "SEPD", "Type": "Secondary", "Class": "Distribution", "Number": "5682878", "Status": "Existing", "Data Confidence": "Surveyed", "Operating Area": "Slough", "Locality": "WINDSOR", "Extent": "25.97 m²" }, "geometry": { "type": "Point", "coordinates": [ 496857.141, 176562.73499999998603 ] } },
{ "type": "Feature", "properties": { "Owner Type": "SSEN", "Owner Name": "SEPD", "Type": "Primary", "Class": "Distribution", "Number": "GODA", "Status": "Existing", "Data Confidence": "Surveyed", "Operating Area": "", "Locality": "", "Extent": "1790.91 m²" }, "geometry": { "type": "Point", "coordinates": [ 496776.621999999973923, 144356.363000000012107 ] } },
{ "type": "Feature", "properties": { "Owner Type": "SSEN", "Owner Name": "SEPD", "Type": "Primary", "Class": "Distribution", "Number": "CHAL", "Status": "Existing", "Data Confidence": "Surveyed", "Operating Area": "", "Locality": "", "Extent": "1673.76 m²" }, "geometry": { "type": "Point", "coordinates": [ 496763.033999999985099, 179311.136 ] } },
{ "type": "Feature", "properties": { "Owner Type": "SSEN", "Owner Name": "SEPD", "Type": "Secondary", "Class": "Distribution", "Number": "5683844", "Status": "Existing", "Data Confidence": "Surveyed", "Operating Area": "Slough", "Locality": "SLOUGH", "Extent": "9.9 m²" }, "geometry": { "type": "Point", "coordinates": [ 496480.375, 181182.696 ] } },
{ "type": "Feature", "properties": { "Owner Type": "SSEN", "Owner Name": "SEPD", "Type": "Secondary", "Class": "Distribution", "Number": "5683560", "Status": "Existing", "Data Confidence": "Surveyed", "Operating Area": "Slough", "Locality": "SLOUGH", "Extent": "10.19 m²" }, "geometry": { "type": "Point", "coordinates": [ 496346.194000000017695, 180611.916 ] } },
{ "type": "Feature", "properties": { "Owner Type": "SSEN", "Owner Name": "SEPD", "Type": "Secondary", "Class": "Distribution", "Number": "7274596", "Status": "Existing", "Data Confidence": "Surveyed", "Operating Area": "", "Locality": "", "Extent": "9 m²" }, "geometry": { "type": "Point", "coordinates": [ 496310.863000000012107, 145143.305 ] } },
{ "type": "Feature", "properties": { "Owner Type": "SSEN", "Owner Name": "SEPD", "Type": "Primary", "Class": "Distribution", "Number": "CIPP", "Status": "Existing", "Data Confidence": "Surveyed", "Operating Area": "", "Locality": "", "Extent": "5583.06 m²" }, "geometry": { "type": "Point", "coordinates": [ 496266.299999999988358, 179635.275 ] } },
{ "type": "Feature", "properties": { "Owner Type": "SSEN", "Owner Name": "SEPD", "Type": "Secondary", "Class": "Distribution", "Number": "5582728", "Status": "Existing", "Data Confidence": "Surveyed", "Operating Area": "Bracknell", "Locality": "SUNNINGDALE", "Extent": "9 m²" }, "geometry": { "type": "Point", "coordinates": [ 496238.849999999976717, 167237.647999999986496 ] } },
{ "type": "Feature", "properties": { "Owner Type": "SSEN", "Owner Name": "SEPD", "Type": "Secondary", "Class": "Distribution", "Number": "5683120", "Status": "Existing", "Data Confidence": "Surveyed", "Operating Area": "Slough", "Locality": "Slough", "Extent": "9.9 m²" }, "geometry": { "type": "Point", "coordinates": [ 496081.981000000028871, 181934.57 ] } },
{ "type": "Feature", "properties": { "Owner Type": "SSEN", "Owner Name": "SEPD", "Type": "Secondary", "Class": "Distribution", "Number": "7274600", "Status": "Existing", "Data Confidence": "Surveyed", "Operating Area": "", "Locality": "", "Extent": "9 m²" }, "geometry": { "type": "Point", "coordinates": [ 496081.022999999986496, 144996.873 ] } },
{ "type": "Feature", "properties": { "Owner Type": "SSEN", "Owner Name": "SEPD", "Type": "Secondary", "Class": "Distribution", "Number": "7215004961", "Status": "Existing", "Data Confidence": "Surveyed", "Operating Area": "Aldershot", "Locality": "GODALMING", "Extent": "9.11 m²" }, "geometry": { "type": "Point", "coordinates": [ 496075.043, 145007.016 ] } },
{ "type": "Feature", "properties": { "Owner Type": "SSEN", "Owner Name": "SEPD", "Type": "Secondary", "Class": "Distribution", "Number": "7274595", "Status": "Existing", "Data Confidence": "Surveyed", "Operating Area": "", "Locality": "", "Extent": "28.69 m²" }, "geometry": { "type": "Point", "coordinates": [ 496017.82, 145160.294 ] } },
{ "type": "Feature", "properties": { "Owner Type": "SSEN", "Owner Name": "SEPD", "Type": "Secondary", "Class": "Distribution", "Number": "7274599", "Status": "Existing", "Data Confidence": "Surveyed", "Operating Area": "", "Locality": "", "Extent": "61.76 m²" }, "geometry": { "type": "Point", "coordinates": [ 495996.808000000019092, 145353.744 ] } },
{ "type": "Feature", "properties": { "Owner Type": "SSEN", "Owner Name": "SEPD", "Type": "Secondary", "Class": "Distribution", "Number": "7274597", "Status": "Existing", "Data Confidence": "Surveyed", "Operating Area": "", "Locality": "", "Extent": "31.05 m²" }, "geometry": { "type": "Point", "coordinates": [ 495944.224999999976717, 145290.76 ] } },
{ "type": "Feature", "properties": { "Owner Type": "SSEN", "Owner Name": "SEPD", "Type": "Secondary", "Class": "Distribution", "Number": "7274598", "Status": "Existing", "Data Confidence": "Surveyed", "Operating Area": "", "Locality": "", "Extent": "25.08 m²" }, "geometry": { "type": "Point", "coordinates": [ 495836.74, 145275.75 ] } },
{ "type": "Feature", "properties": { "Owner Type": "SSEN", "Owner Name": "SEPD", "Type": "Primary", "Class": "Distribution", "Number": "CLAR", "Status": "Existing", "Data Confidence": "Surveyed", "Operating Area": "", "Locality": "", "Extent": "1150.42 m²" }, "geometry": { "type": "Point", "coordinates": [ 495672.5, 176638.674999999988358 ] } },
{ "type": "Feature", "properties": { "Owner Type": "SSEN", "Owner Name": "SEPD", "Type": "Primary", "Class": "Distribution", "Number": "FARR", "Status": "Existing", "Data Confidence": "Surveyed", "Operating Area": "", "Locality": "", "Extent": "1763.21 m²" }, "geometry": { "type": "Point", "coordinates": [ 495623.011999999987893, 182862.09 ] } },
{ "type": "Feature", "properties": { "Owner Type": "SSEN", "Owner Name": "SEPD", "Type": "Primary", "Class": "Distribution", "Number": "SLOU", "Status": "Existing", "Data Confidence": "Surveyed", "Operating Area": "", "Locality": "", "Extent": "6794.74 m²" }, "geometry": { "type": "Point", "coordinates": [ 495576.956, 181754.256 ] } },
{ "type": "Feature", "properties": { "Owner Type": "SSEN", "Owner Name": "SEPD", "Type": "Primary", "Class": "Distribution", "Number": "SLOS", "Status": "Existing", "Data Confidence": "Surveyed", "Operating Area": "", "Locality": "", "Extent": "842.94 m²" }, "geometry": { "type": "Point", "coordinates": [ 495452.882999999972526, 181391.700000000011642 ] } },
{ "type": "Feature", "properties": { "Owner Type": "SSEN", "Owner Name": "SEPD", "Type": "Primary", "Class": "Distribution", "Number": "SLE6", "Status": "Existing", "Data Confidence": "Surveyed", "Operating Area": "", "Locality": "", "Extent": "59.17 m²" }, "geometry": { "type": "Point", "coordinates": [ 495275.972, 181521.601 ] } },
{ "type": "Feature", "properties": { "Owner Type": "SSEN", "Owner Name": "SEPD", "Type": "Secondary", "Class": "Distribution", "Number": "7481745", "Status": "Existing", "Data Confidence": "Surveyed", "Operating Area": "Chichester", "Locality": "BARNHAM", "Extent": "20.25 m²" }, "geometry": { "type": "Point", "coordinates": [ 495217.009000000020023, 103461.338 ] } },
{ "type": "Feature", "properties": { "Owner Type": "SSEN", "Owner Name": "SEPD", "Type": "Secondary", "Class": "Distribution", "Number": "5383332", "Status": "Existing", "Data Confidence": "Surveyed", "Operating Area": "Bracknell", "Locality": "SUNNGINGHILL", "Extent": "9 m²" }, "geometry": { "type": "Point", "coordinates": [ 495047.134000000020023, 168548.935 ] } },
{ "type": "Feature", "properties": { "Owner Type": "SSEN", "Owner Name": "SEPD", "Type": "Primary", "Class": "Distribution", "Number": "MILF", "Status": "Existing", "Data Confidence": "Surveyed", "Operating Area": "", "Locality": "", "Extent": "2831.27 m²" }, "geometry": { "type": "Point", "coordinates": [ 494714.479999999981374, 143023.775 ] } },
{ "type": "Feature", "properties": { "Owner Type": "SSEN", "Owner Name": "SEPD", "Type": "Secondary (Pad Mounted)", "Class": "Distribution", "Number": "5382043", "Status": "Existing", "Data Confidence": "Surveyed", "Operating Area": "", "Locality": "", "Extent": "0.75 m²" }, "geometry": { "type": "Point", "coordinates": [ 494675.325000000011642, 161123.991 ] } },
{ "type": "Feature", "properties": { "Owner Type": "SSEN", "Owner Name": "SEPD", "Type": "Secondary", "Class": "Distribution", "Number": "5583544", "Status": "Existing", "Data Confidence": "Surveyed", "Operating Area": "Bracknell", "Locality": "SUNNINGHILL", "Extent": "9.91 m²" }, "geometry": { "type": "Point", "coordinates": [ 494660.227000000013504, 168726.502 ] } },
{ "type": "Feature", "properties": { "Owner Type": "SSEN", "Owner Name": "SEPD", "Type": "Secondary", "Class": "Distribution", "Number": "UNKNOWN", "Status": "Existing", "Data Confidence": "Surveyed", "Operating Area": "Chichester", "Locality": "Chichester", "Extent": "9.07 m²" }, "geometry": { "type": "Point", "coordinates": [ 494645.697999999974854, 107101.861 ] } },
{ "type": "Feature", "properties": { "Owner Type": "SSEN", "Owner Name": "SEPD", "Type": "Secondary (Pad Mounted)", "Class": "Distribution", "Number": "UNKNOWN", "Status": "Existing", "Data Confidence": "Surveyed", "Operating Area": "", "Locality": "", "Extent": "4 m²" }, "geometry": { "type": "Point", "coordinates": [ 494399.961000000010245, 147658.969000000011874 ] } },
{ "type": "Feature", "properties": { "Owner Type": "SSEN", "Owner Name": "SEPD", "Type": "Secondary (Pad Mounted)", "Class": "11kV/LV", "Number": "24942", "Status": "Existing", "Data Confidence": "Surveyed", "Operating Area": "Slough", "Locality": "WINDSOR", "Extent": "16.02 m²" }, "geometry": { "type": "Point", "coordinates": [ 494395.185999999986961, 174835.810999999986961 ] } },
{ "type": "Feature", "properties": { "Owner Type": "SSEN", "Owner Name": "SEPD", "Type": "Primary", "Class": "Distribution", "Number": "SBER", "Status": "Existing", "Data Confidence": "Surveyed", "Operating Area": "", "Locality": "", "Extent": "964.01 m²" }, "geometry": { "type": "Point", "coordinates": [ 494033.090000000025611, 100680.759 ] } },
{ "type": "Feature", "properties": { "Owner Type": "SSEN", "Owner Name": "SEPD", "Type": "Secondary (Pad Mounted)", "Class": "Distribution", "Number": "8178256", "Status": "Existing", "Data Confidence": "Surveyed", "Operating Area": "Bracknell", "Locality": "SUNNINGHILL", "Extent": "9.01 m²" }, "geometry": { "type": "Point", "coordinates": [ 493946.545999999972992, 168585.384 ] } },
{ "type": "Feature", "properties": { "Owner Type": "SSEN", "Owner Name": "SEPD", "Type": "Primary", "Class": "Distribution", "Number": "SUNN", "Status": "Existing", "Data Confidence": "Surveyed", "Operating Area": "", "Locality": "", "Extent": "1167.46 m²" }, "geometry": { "type": "Point", "coordinates": [ 493784.044999999983702, 167574.149 ] } },
{ "type": "Feature", "properties": { "Owner Type": "SSEN", "Owner Name": "SEPD", "Type": "Primary", "Class": "33kV/11kV", "Number": "BEAC", "Status": "Existing", "Data Confidence": "Surveyed", "Operating Area": "Slough", "Locality": "BEACONSFIELD", "Extent": "897.07 m²" }, "geometry": { "type": "Point", "coordinates": [ 493677.39000000001397, 191196.475 ] } },
{ "type": "Feature", "properties": { "Owner Type": "SSEN", "Owner Name": "SEPD", "Type": "Secondary (Pad Mounted)", "Class": "Distribution", "Number": "5583326", "Status": "Existing", "Data Confidence": "Surveyed", "Operating Area": "Bracknell", "Locality": "Bracknell", "Extent": "16.03 m²" }, "geometry": { "type": "Point", "coordinates": [ 493304.454000000027008, 160610.477000000013504 ] } },
{ "type": "Feature", "properties": { "Owner Type": "SSEN", "Owner Name": "SEPD", "Type": "Primary", "Class": "Distribution", "Number": "ARGR", "Status": "Existing", "Data Confidence": "Surveyed", "Operating Area": "", "Locality": "", "Extent": "1125.58 m²" }, "geometry": { "type": "Point", "coordinates": [ 493223.375, 99140.67500000000291 ] } },
{ "type": "Feature", "properties": { "Owner Type": "SSEN", "Owner Name": "SEPD", "Type": "Primary", "Class": "Distribution", "Number": "NORM", "Status": "Existing", "Data Confidence": "Surveyed", "Operating Area": "", "Locality": "", "Extent": "336.98 m²" }, "geometry": { "type": "Point", "coordinates": [ 493216.174999999988358, 152881.47 ] } },
{ "type": "Feature", "properties": { "Owner Type": "SSEN", "Owner Name": "SEPD", "Type": "Secondary", "Class": "Distribution", "Number": "5383444", "Status": "Existing", "Data Confidence": "Surveyed", "Operating Area": "Slough", "Locality": "BEACONSFIELD", "Extent": "9.07 m²" }, "geometry": { "type": "Point", "coordinates": [ 493189.281000000017229, 191011.438 ] } },
{ "type": "Feature", "properties": { "Owner Type": "SSEN", "Owner Name": "SEPD", "Type": "Secondary", "Class": "Distribution", "Number": "5683672", "Status": "Existing", "Data Confidence": "Surveyed", "Operating Area": "Slough", "Locality": "WINDSOR", "Extent": "9.9 m²" }, "geometry": { "type": "Point", "coordinates": [ 493175.076, 176475.49900000001071 ] } },
{ "type": "Feature", "properties": { "Owner Type": "SSEN", "Owner Name": "SEPD", "Type": "Secondary (Pad Mounted)", "Class": "11kV/LV", "Number": "5380003", "Status": "Existing", "Data Confidence": "Surveyed", "Operating Area": "Bracknell", "Locality": "SUNNINGHILL", "Extent": "4 m²" }, "geometry": { "type": "Point", "coordinates": [ 493174.431999999971595, 166977.586000000010245 ] } },
{ "type": "Feature", "properties": { "Owner Type": "SSEN", "Owner Name": "SEPD", "Type": "Primary", "Class": "Distribution", "Number": "AMEM", "Status": "Existing", "Data Confidence": "Surveyed", "Operating Area": "", "Locality": "", "Extent": "32866.49 m²" }, "geometry": { "type": "Point", "coordinates": [ 493050.756999999983236, 197094.87 ] } },
{ "type": "Feature", "properties": { "Owner Type": "SSEN", "Owner Name": "SEPD", "Type": "Primary", "Class": "Distribution", "Number": "SHRI", "Status": "Existing", "Data Confidence": "Surveyed", "Operating Area": "", "Locality": "", "Extent": "9233.69 m²" }, "geometry": { "type": "Point", "coordinates": [ 493009.669999999983702, 101746.083 ] } },
{ "type": "Feature", "properties": { "Owner Type": "SSEN", "Owner Name": "SEPD", "Type": "Secondary", "Class": "Distribution", "Number": "7215001376", "Status": "Existing", "Data Confidence": "Surveyed", "Operating Area": "Aldershot", "Locality": "WITLEY", "Extent": "16 m²" }, "geometry": { "type": "Point", "coordinates": [ 493009.634000000020023, 138787.856 ] } },
{ "type": "Feature", "properties": { "Owner Type": "SSEN", "Owner Name": "SEPD", "Type": "Primary", "Class": "Distribution", "Number": "MYPV", "Status": "Existing", "Data Confidence": "Surveyed", "Operating Area": "", "Locality": "", "Extent": "16.89 m²" }, "geometry": { "type": "Point", "coordinates": [ 492841.018999999971129, 101882.77 ] } },
{ "type": "Feature", "properties": { "Owner Type": "SSEN", "Owner Name": "SEPD", "Type": "Primary", "Class": "Distribution", "Number": "DCPV", "Status": "Existing", "Data Confidence": "Surveyed", "Operating Area": "", "Locality": "", "Extent": "9.81 m²" }, "geometry": { "type": "Point", "coordinates": [ 492335.63900000002468, 104198.897 ] } },
{ "type": "Feature", "properties": { "Owner Type": "SSEN", "Owner Name": "SEPD", "Type": "Primary", "Class": "Distribution", "Number": "CHHE", "Status": "Existing", "Data Confidence": "Surveyed", "Operating Area": "", "Locality": "", "Extent": "11920.83 m²" }, "geometry": { "type": "Point", "coordinates": [ 492281.147999999986496, 107417.698 ] } },
{ "type": "Feature", "properties": { "Owner Type": "SSEN", "Owner Name": "SEPD", "Type": "Secondary", "Class": "Distribution", "Number": "7215001377", "Status": "Existing", "Data Confidence": "Surveyed", "Operating Area": "Aldershot", "Locality": "HINDHEAD", "Extent": "16 m²" }, "geometry": { "type": "Point", "coordinates": [ 491835.337999999988824, 139797.253999999986263 ] } },
{ "type": "Feature", "properties": { "Owner Type": "SSEN", "Owner Name": "SEPD", "Type": "Primary", "Class": "Distribution", "Number": "TAPL", "Status": "Existing", "Data Confidence": "Surveyed", "Operating Area": "", "Locality": "", "Extent": "1778.77 m²" }, "geometry": { "type": "Point", "coordinates": [ 491693.641, 181254.185 ] } },
{ "type": "Feature", "properties": { "Owner Type": "SSEN", "Owner Name": "SEPD", "Type": "Secondary", "Class": "Distribution", "Number": "5682876", "Status": "Existing", "Data Confidence": "Surveyed", "Operating Area": "Slough", "Locality": "Slough", "Extent": "9.02 m²" }, "geometry": { "type": "Point", "coordinates": [ 491620.422000000020489, 181349.75099999998929 ] } },
{ "type": "Feature", "properties": { "Owner Type": "SSEN", "Owner Name": "SEPD", "Type": "Primary", "Class": "Distribution", "Number": "ASCO", "Status": "Existing", "Data Confidence": "Surveyed", "Operating Area": "", "Locality": "", "Extent": "379.31 m²" }, "geometry": { "type": "Point", "coordinates": [ 491615.57, 168856.64000000001397 ] } },
{ "type": "Feature", "properties": { "Owner Type": "SSEN", "Owner Name": "SEPD", "Type": "Primary", "Class": "Distribution", "Number": "OVPV", "Status": "Existing", "Data Confidence": "Surveyed", "Operating Area": "", "Locality": "", "Extent": "16 m²" }, "geometry": { "type": "Point", "coordinates": [ 491437.044, 105045.492 ] } },
{ "type": "Feature", "properties": { "Owner Type": "SSEN", "Owner Name": "SEPD", "Type": "Primary", "Class": "Distribution", "Number": "BAGS", "Status": "Existing", "Data Confidence": "Surveyed", "Operating Area": "", "Locality": "", "Extent": "2754.6 m²" }, "geometry": { "type": "Point", "coordinates": [ 491141.403, 163520.851 ] } },
{ "type": "Feature", "properties": { "Owner Type": "SSEN", "Owner Name": "SEPD", "Type": "Secondary", "Class": "Distribution", "Number": "5683754", "Status": "Existing", "Data Confidence": "Surveyed", "Operating Area": "Slough", "Locality": "TAPLOW", "Extent": "9.91 m²" }, "geometry": { "type": "Point", "coordinates": [ 490935.829000000027008, 181222.309 ] } },
{ "type": "Feature", "properties": { "Owner Type": "SSEN", "Owner Name": "SEPD", "Type": "Primary", "Class": "Distribution", "Number": "FLAH", "Status": "Existing", "Data Confidence": "Surveyed", "Operating Area": "", "Locality": "", "Extent": "2158.34 m²" }, "geometry": { "type": "Point", "coordinates": [ 490703.958999999973457, 189314.545000000012806 ] } },
{ "type": "Feature", "properties": { "Owner Type": "SSEN", "Owner Name": "SEPD", "Type": "Secondary", "Class": "Distribution", "Number": "5683175", "Status": "Existing", "Data Confidence": "Surveyed", "Operating Area": "Slough", "Locality": "Slough", "Extent": "13.46 m²" }, "geometry": { "type": "Point", "coordinates": [ 490685.643999999971129, 178346.486 ] } },
{ "type": "Feature", "properties": { "Owner Type": "SSEN", "Owner Name": "SEPD", "Type": "Primary", "Class": "Distribution", "Number": "LOUD", "Status": "Existing", "Data Confidence": "Surveyed", "Operating Area": "", "Locality": "", "Extent": "6871.91 m²" }, "geometry": { "type": "Point", "coordinates": [ 490605.229, 191224.756 ] } },
{ "type": "Feature", "properties": { "Owner Type": "SSEN", "Owner Name": "SEPD", "Type": "Primary", "Class": "Distribution", "Number": "MEPV", "Status": "Existing", "Data Confidence": "Surveyed", "Operating Area": "", "Locality": "", "Extent": "21.75 m²" }, "geometry": { "type": "Point", "coordinates": [ 490329.375, 101424.83 ] } },
{ "type": "Feature", "properties": { "Owner Type": "SSEN", "Owner Name": "SEPD", "Type": "Secondary", "Class": "11kV/LV", "Number": "15023474", "Status": "Existing", "Data Confidence": "Surveyed", "Operating Area": "Aldershot", "Locality": "ASH GREEN", "Extent": "11.71 m²" }, "geometry": { "type": "Point", "coordinates": [ 490304.732000000018161, 149278.703 ] } },
{ "type": "Feature", "properties": { "Owner Type": "SSEN", "Owner Name": "SEPD", "Type": "Primary", "Class": "Distribution", "Number": "ROSG", "Status": "Existing", "Data Confidence": "Surveyed", "Operating Area": "", "Locality": "", "Extent": "2649.26 m²" }, "geometry": { "type": "Point", "coordinates": [ 490001.631, 99384.309999999997672 ] } },
{ "type": "Feature", "properties": { "Owner Type": "SSEN", "Owner Name": "SEPD", "Type": "Secondary", "Class": "Distribution", "Number": "7215010951", "Status": "Existing", "Data Confidence": "Surveyed", "Operating Area": "Aldershot", "Locality": "ASH", "Extent": "9 m²" }, "geometry": { "type": "Point", "coordinates": [ 489867.256, 150402.577 ] } },
{ "type": "Feature", "properties": { "Owner Type": "SSEN", "Owner Name": "SEPD", "Type": "Primary", "Class": "Distribution", "Number": "SRPV", "Status": "Existing", "Data Confidence": "Surveyed", "Operating Area": "", "Locality": "", "Extent": "15.11 m²" }, "geometry": { "type": "Point", "coordinates": [ 489636.71999999997206, 107146.885 ] } },
{ "type": "Feature", "properties": { "Owner Type": "SSEN", "Owner Name": "SEPD", "Type": "Secondary", "Class": "Distribution", "Number": "3442805", "Status": "Existing", "Data Confidence": "Surveyed", "Operating Area": "Petersfield", "Locality": "Petersfield", "Extent": "10.79 m²" }, "geometry": { "type": "Point", "coordinates": [ 489487.859, 130838.673 ] } },
{ "type": "Feature", "properties": { "Owner Type": "SSEN", "Owner Name": "SEPD", "Type": "Secondary", "Class": "Distribution", "Number": "", "Status": "Existing", "Data Confidence": "Surveyed", "Operating Area": "Petersfield", "Locality": "STHE", "Extent": "10.81 m²" }, "geometry": { "type": "Point", "coordinates": [ 489487.642999999981839, 130842.554 ] } },
{ "type": "Feature", "properties": { "Owner Type": "SSEN", "Owner Name": "SEPD", "Type": "Secondary", "Class": "Distribution", "Number": "5682429", "Status": "Existing", "Data Confidence": "Surveyed", "Operating Area": "Slough", "Locality": "Slough", "Extent": "9 m²" }, "geometry": { "type": "Point", "coordinates": [ 489368.495999999984633, 179922.16 ] } },
{ "type": "Feature", "properties": { "Owner Type": "SSEN", "Owner Name": "SEPD", "Type": "Primary", "Class": "Distribution", "Number": "HASL", "Status": "Existing", "Data Confidence": "Surveyed", "Operating Area": "", "Locality": "", "Extent": "2394.91 m²" }, "geometry": { "type": "Point", "coordinates": [ 489333.488000000012107, 131733.725 ] } },
{ "type": "Feature", "properties": { "Owner Type": "SSEN", "Owner Name": "SEPD", "Type": "Primary", "Class": "Distribution", "Number": "WINK", "Status": "Existing", "Data Confidence": "Surveyed", "Operating Area": "", "Locality": "", "Extent": "236.46 m²" }, "geometry": { "type": "Point", "coordinates": [ 489233.059, 171916.691 ] } },
{ "type": "Feature", "properties": { "Owner Type": "SSEN", "Owner Name": "SEPD", "Type": "Secondary", "Class": "Distribution", "Number": "5683769", "Status": "Existing", "Data Confidence": "Surveyed", "Operating Area": "Slough", "Locality": "MAIDENHEAD", "Extent": "26.29 m²" }, "geometry": { "type": "Point", "coordinates": [ 489055.163999999989755, 181063.829 ] } },
{ "type": "Feature", "properties": { "Owner Type": "SSEN", "Owner Name": "SEPD", "Type": "Primary", "Class": "Distribution", "Number": "BRWR", "Status": "Existing", "Data Confidence": "Surveyed", "Operating Area": "", "Locality": "", "Extent": "776.98 m²" }, "geometry": { "type": "Point", "coordinates": [ 488953.275000000023283, 180699.472 ] } },
{ "type": "Feature", "properties": { "Owner Type": "SSEN", "Owner Name": "SEPD", "Type": "Primary", "Class": "33kV/11kV", "Number": "HIND", "Status": "Existing", "Data Confidence": "Surveyed", "Operating Area": "Petersfield", "Locality": "HINDHEAD", "Extent": "2952.04 m²" }, "geometry": { "type": "Point", "coordinates": [ 488669.99, 136456.401000000012573 ] } },
{ "type": "Feature", "properties": { "Owner Type": "SSEN", "Owner Name": "SEPD", "Type": "Primary", "Class": "Distribution", "Number": "WYCM", "Status": "Existing", "Data Confidence": "Surveyed", "Operating Area": "Reading North", "Locality": "WYCOMBE MARSH", "Extent": "2070.9 m²" }, "geometry": { "type": "Point", "coordinates": [ 488605.348999999987427, 191837.852000000013504 ] } },
{ "type": "Feature", "properties": { "Owner Type": "SSEN", "Owner Name": "SEPD", "Type": "Primary", "Class": "Distribution", "Number": "ROLR", "Status": "Existing", "Data Confidence": "Surveyed", "Operating Area": "", "Locality": "", "Extent": "160 m²" }, "geometry": { "type": "Point", "coordinates": [ 488540.471000000019558, 106602.346 ] } },
{ "type": "Feature", "properties": { "Owner Type": "SSEN", "Owner Name": "SEPD", "Type": "Primary", "Class": "Distribution", "Number": "WELE", "Status": "Existing", "Data Confidence": "Surveyed", "Operating Area": "", "Locality": "", "Extent": "1123.51 m²" }, "geometry": { "type": "Point", "coordinates": [ 488535.270000000018626, 187979.299999999988358 ] } },
{ "type": "Feature", "properties": { "Owner Type": "SSEN", "Owner Name": "SEPD", "Type": "Primary", "Class": "Distribution", "Number": "COOK", "Status": "Existing", "Data Confidence": "Surveyed", "Operating Area": "", "Locality": "", "Extent": "538.66 m²" }, "geometry": { "type": "Point", "coordinates": [ 488488.789999999979045, 185353.201 ] } },
{ "type": "Feature", "properties": { "Owner Type": "SSEN", "Owner Name": "SEPD", "Type": "Primary", "Class": "Distribution", "Number": "FABO", "Status": "Existing", "Data Confidence": "Surveyed", "Operating Area": "", "Locality": "", "Extent": "1780.95 m²" }, "geometry": { "type": "Point", "coordinates": [ 488418.299999999988358, 153900.39000000001397 ] } },
{ "type": "Feature", "properties": { "Owner Type": "SSEN", "Owner Name": "SEPD", "Type": "Secondary", "Class": "11kV/LV", "Number": "15028917", "Status": "Existing", "Data Confidence": "Surveyed", "Operating Area": "Aldershot", "Locality": "ALDERSHOT", "Extent": "8.99 m²" }, "geometry": { "type": "Point", "coordinates": [ 488378.637999999977183, 152479.051 ] } },
{ "type": "Feature", "properties": { "Owner Type": "SSEN", "Owner Name": "SEPD", "Type": "Primary", "Class": "Distribution", "Number": "WNPV", "Status": "Existing", "Data Confidence": "Surveyed", "Operating Area": "", "Locality": "", "Extent": "25 m²" }, "geometry": { "type": "Point", "coordinates": [ 488373.982000000018161, 106010.601 ] } },
{ "type": "Feature", "properties": { "Owner Type": "SSEN", "Owner Name": "SEPD", "Type": "Primary", "Class": "Distribution", "Number": "TONG", "Status": "Existing", "Data Confidence": "Surveyed", "Operating Area": "Aldershot", "Locality": "TONGHAM", "Extent": "865.7 m²" }, "geometry": { "type": "Point", "coordinates": [ 488330.947999999974854, 149479.86799999998766 ] } },
{ "type": "Feature", "properties": { "Owner Type": "SSEN", "Owner Name": "SEPD", "Type": "Primary", "Class": "Distribution", "Number": "CORD", "Status": "Existing", "Data Confidence": "Surveyed", "Operating Area": "", "Locality": "", "Extent": "974.47 m²" }, "geometry": { "type": "Point", "coordinates": [ 488303.467, 181843.64000000001397 ] } },
{ "type": "Feature", "properties": { "Owner Type": "SSEN", "Owner Name": "SEPD", "Type": "Primary", "Class": "Distribution", "Number": "MIDH", "Status": "Existing", "Data Confidence": "Surveyed", "Operating Area": "", "Locality": "", "Extent": "1188.73 m²" }, "geometry": { "type": "Point", "coordinates": [ 488150.88, 119565.37 ] } },
{ "type": "Feature", "properties": { "Owner Type": "SSEN", "Owner Name": "SEPD", "Type": "Secondary", "Class": "11kV/LV", "Number": "15028525", "Status": "Existing", "Data Confidence": "Surveyed", "Operating Area": "Aldershot", "Locality": "TONGHAM", "Extent": "8.75 m²" }, "geometry": { "type": "Point", "coordinates": [ 487936.946, 148560.096 ] } },
{ "type": "Feature", "properties": { "Owner Type": "SSEN", "Owner Name": "SEPD", "Type": "Primary", "Class": "Distribution", "Number": "BOWE", "Status": "Existing", "Data Confidence": "Surveyed", "Operating Area": "Reading North", "Locality": "HIGH WYCOMBE", "Extent": "687.81 m²" }, "geometry": { "type": "Point", "coordinates": [ 487736.51500000001397, 193873.079999999987194 ] } },
{ "type": "Feature", "properties": { "Owner Type": "SSEN", "Owner Name": "SEPD", "Type": "Primary", "Class": "Distribution", "Number": "FRIM", "Status": "Existing", "Data Confidence": "Surveyed", "Operating Area": "", "Locality": "", "Extent": "1144.16 m²" }, "geometry": { "type": "Point", "coordinates": [ 487733.125, 157941.606 ] } },
{ "type": "Feature", "properties": { "Owner Type": "SSEN", "Owner Name": "SEPD", "Type": "Primary", "Class": "Distribution", "Number": "KINR", "Status": "Existing", "Data Confidence": "Surveyed", "Operating Area": "", "Locality": "", "Extent": "2219.44 m²" }, "geometry": { "type": "Point", "coordinates": [ 487597.984, 161510.413999999989755 ] } },
{ "type": "Feature", "properties": { "Owner Type": "SSEN", "Owner Name": "SEPD", "Type": "Primary", "Class": "Distribution", "Number": "BOGB", "Status": "Existing", "Data Confidence": "Surveyed", "Operating Area": "", "Locality": "", "Extent": "730.71 m²" }, "geometry": { "type": "Point", "coordinates": [ 487457.299999999988358, 104375.38 ] } },
{ "type": "Feature", "properties": { "Owner Type": "SSEN", "Owner Name": "SEPD", "Type": "Primary", "Class": "Distribution", "Number": "ALDG", "Status": "Existing", "Data Confidence": "Surveyed", "Operating Area": "", "Locality": "", "Extent": "204.93 m²" }, "geometry": { "type": "Point", "coordinates": [ 487293.543, 152101.314000000013039 ] } },
{ "type": "Feature", "properties": { "Owner Type": "SSEN", "Owner Name": "SEPD", "Type": "Secondary (Pad Mounted)", "Class": "11kV/LV", "Number": "3214361", "Status": "Existing", "Data Confidence": "Surveyed", "Operating Area": "Aldershot", "Locality": "FARNBOROUGH, HANTS", "Extent": "2.99 m²" }, "geometry": { "type": "Point", "coordinates": [ 487272.57, 155980.774 ] } },
{ "type": "Feature", "properties": { "Owner Type": "SSEN", "Owner Name": "SEPD", "Type": "Primary", "Class": "Distribution", "Number": "QUEE", "Status": "Existing", "Data Confidence": "Surveyed", "Operating Area": "", "Locality": "", "Extent": "872.5 m²" }, "geometry": { "type": "Point", "coordinates": [ 487053.586000000010245, 155658.22 ] } },
{ "type": "Feature", "properties": { "Owner Type": "SSEN", "Owner Name": "SEPD", "Type": "Primary", "Class": "Distribution", "Number": "WARF", "Status": "Existing", "Data Confidence": "Surveyed", "Operating Area": "", "Locality": "", "Extent": "1169.93 m²" }, "geometry": { "type": "Point", "coordinates": [ 486976.083999999973457, 171360.971 ] } },
{ "type": "Feature", "properties": { "Owner Type": "SSEN", "Owner Name": "SEPD", "Type": "Primary", "Class": "Distribution", "Number": "HUNS", "Status": "Existing", "Data Confidence": "Surveyed", "Operating Area": "", "Locality": "", "Extent": "11801.23 m²" }, "geometry": { "type": "Point", "coordinates": [ 486946.058000000019092, 102627.721 ] } },
{ "type": "Feature", "properties": { "Owner Type": "SSEN", "Owner Name": "SEPD", "Type": "Secondary (Pad Mounted)", "Class": "11kV/LV", "Number": "7633363", "Status": "Existing", "Data Confidence": "Surveyed", "Operating Area": "Petersfield", "Locality": "HINDHEAD", "Extent": "3.97 m²" }, "geometry": { "type": "Point", "coordinates": [ 486640.420999999972992, 136656.537000000011176 ] } },
{ "type": "Feature", "properties": { "Owner Type": "SSEN", "Owner Name": "SEPD", "Type": "Primary", "Class": "Distribution", "Number": "MAID", "Status": "Existing", "Data Confidence": "Surveyed", "Operating Area": "", "Locality": "", "Extent": "19856.58 m²" }, "geometry": { "type": "Point", "coordinates": [ 486592.555, 179882.755 ] } },
{ "type": "Feature", "properties": { "Owner Type": "SSEN", "Owner Name": "SEPD", "Type": "Primary", "Class": "Distribution", "Number": "CAMB", "Status": "Existing", "Data Confidence": "Surveyed", "Operating Area": "", "Locality": "", "Extent": "9671.06 m²" }, "geometry": { "type": "Point", "coordinates": [ 486530.593, 159499.316 ] } },
{ "type": "Feature", "properties": { "Owner Type": "SSEN", "Owner Name": "SEPD", "Type": "Primary", "Class": "Distribution", "Number": "FERN", "Status": "Existing", "Data Confidence": "Surveyed", "Operating Area": "", "Locality": "", "Extent": "8358.13 m²" }, "geometry": { "type": "Point", "coordinates": [ 486519.305, 128341.969 ] } },
{ "type": "Feature", "properties": { "Owner Type": "SSEN", "Owner Name": "SEPD", "Type": "Primary", "Class": "Distribution", "Number": "MARK", "Status": "Existing", "Data Confidence": "Surveyed", "Operating Area": "Chichester", "Locality": "CHICHESTER", "Extent": "491.76 m²" }, "geometry": { "type": "Point", "coordinates": [ 486504.651000000012573, 104723.109 ] } },
{ "type": "Feature", "properties": { "Owner Type": "SSEN", "Owner Name": "SEPD", "Type": "Primary", "Class": "Distribution", "Number": "HIWT", "Status": "Existing", "Data Confidence": "Surveyed", "Operating Area": "", "Locality": "", "Extent": "1419.13 m²" }, "geometry": { "type": "Point", "coordinates": [ 486334.215000000025611, 192974.365 ] } },
{ "type": "Feature", "properties": { "Owner Type": "SSEN", "Owner Name": "SEPD", "Type": "Secondary", "Class": "Distribution", "Number": "", "Status": "Existing", "Data Confidence": "Surveyed", "Operating Area": "Aldershot", "Locality": "Aldershot", "Extent": "9 m²" }, "geometry": { "type": "Point", "coordinates": [ 486275.599999999976717, 154470.837 ] } },
{ "type": "Feature", "properties": { "Owner Type": "SSEN", "Owner Name": "SEPD", "Type": "Primary", "Class": "Distribution", "Number": "EHAM", "Status": "Existing", "Data Confidence": "Surveyed", "Operating Area": "", "Locality": "", "Extent": "1964.64 m²" }, "geometry": { "type": "Point", "coordinates": [ 486178.422000000020489, 167180.764 ] } },
{ "type": "Feature", "properties": { "Owner Type": "SSEN", "Owner Name": "SEPD", "Type": "Primary", "Class": "Distribution", "Number": "LITM", "Status": "Existing", "Data Confidence": "Surveyed", "Operating Area": "Reading North", "Locality": "MARLOW", "Extent": "1934.93 m²" }, "geometry": { "type": "Point", "coordinates": [ 486069.409999999974389, 187785.049999999988358 ] } },
{ "type": "Feature", "properties": { "Owner Type": "SSEN", "Owner Name": "SEPD", "Type": "Secondary", "Class": "Distribution", "Number": "6412243", "Status": "Existing", "Data Confidence": "Surveyed", "Operating Area": "Reading North", "Locality": "HIGH WYCOMBE", "Extent": "10.41 m²" }, "geometry": { "type": "Point", "coordinates": [ 486068.416000000026543, 193039.331 ] } },
{ "type": "Feature", "properties": { "Owner Type": "SSEN", "Owner Name": "SEPD", "Type": "Primary", "Class": "Distribution", "Number": "LABU", "Status": "Existing", "Data Confidence": "Surveyed", "Operating Area": "", "Locality": "", "Extent": "1451.56 m²" }, "geometry": { "type": "Point", "coordinates": [ 486039.125, 150447.725 ] } },
{ "type": "Feature", "properties": { "Owner Type": "SSEN", "Owner Name": "SEPD", "Type": "Primary", "Class": "Distribution", "Number": "BRKN", "Status": "Existing", "Data Confidence": "Surveyed", "Operating Area": "Bracknell", "Locality": "Bracknell", "Extent": "9195.33 m²" }, "geometry": { "type": "Point", "coordinates": [ 486015.484, 169418.567000000010012 ] } },
{ "type": "Feature", "properties": { "Owner Type": "SSEN", "Owner Name": "SEPD", "Type": "Secondary", "Class": "Distribution", "Number": "", "Status": "Existing", "Data Confidence": "Surveyed", "Operating Area": "Aldershot", "Locality": "Aldershot", "Extent": "8.97 m²" }, "geometry": { "type": "Point", "coordinates": [ 485990.919999999983702, 154326.158 ] } },
{ "type": "Feature", "properties": { "Owner Type": "SSEN", "Owner Name": "SEPD", "Type": "Primary", "Class": "Distribution", "Number": "HAWL", "Status": "Existing", "Data Confidence": "Surveyed", "Operating Area": "", "Locality": "", "Extent": "536.41 m²" }, "geometry": { "type": "Point", "coordinates": [ 485962.922000000020489, 157671.846 ] } },
{ "type": "Feature", "properties": { "Owner Type": "SSEN", "Owner Name": "SEPD", "Type": "Secondary", "Class": "Distribution", "Number": "5615016715", "Status": "Existing", "Data Confidence": "Surveyed", "Operating Area": "Slough", "Locality": "MAIDENHEAD", "Extent": "28.28 m²" }, "geometry": { "type": "Point", "coordinates": [ 485951.583999999973457, 179604.549999999988358 ] } },
{ "type": "Feature", "properties": { "Owner Type": "SSEN", "Owner Name": "SEPD", "Type": "Primary", "Class": "132kV/33kV", "Number": "ALSH", "Status": "Existing", "Data Confidence": "Surveyed", "Operating Area": "Aldershot", "Locality": "ALDERSHOT", "Extent": "10845.27 m²" }, "geometry": { "type": "Point", "coordinates": [ 485915.134000000020023, 148794.438 ] } },
{ "type": "Feature", "properties": { "Owner Type": "SSEN", "Owner Name": "SEPD", "Type": "Primary", "Class": "Distribution", "Number": "FARA", "Status": "Existing", "Data Confidence": "Surveyed", "Operating Area": "Aldershot", "Locality": "FARNBOROUGH, HANTS", "Extent": "1095.81 m²" }, "geometry": { "type": "Point", "coordinates": [ 485838.815, 154449.06 ] } },
{ "type": "Feature", "properties": { "Owner Type": "SSEN", "Owner Name": "SEPD", "Type": "Secondary", "Class": "Distribution", "Number": "6483414", "Status": "Existing", "Data Confidence": "Surveyed", "Operating Area": "Reading North", "Locality": "MARLOW", "Extent": "16.02 m²" }, "geometry": { "type": "Point", "coordinates": [ 485823.837, 186541.66 ] } },
{ "type": "Feature", "properties": { "Owner Type": "SSEN", "Owner Name": "SEPD", "Type": "Primary", "Class": "Distribution", "Number": "HZLG", "Status": "Existing", "Data Confidence": "Surveyed", "Operating Area": "", "Locality": "", "Extent": "26.6 m²" }, "geometry": { "type": "Point", "coordinates": [ 485737.162000000011176, 171593.443 ] } },
{ "type": "Feature", "properties": { "Owner Type": "SSEN", "Owner Name": "SEPD", "Type": "Secondary", "Class": "Distribution", "Number": "5583125", "Status": "Existing", "Data Confidence": "Surveyed", "Operating Area": "Bracknell", "Locality": "BRACKNELL", "Extent": "9.76 m²" }, "geometry": { "type": "Point", "coordinates": [ 485713.184, 169465.812 ] } },
{ "type": "Feature", "properties": { "Owner Type": "SSEN", "Owner Name": "SEPD", "Type": "Primary", "Class": "33kV/11kV", "Number": "SELS", "Status": "Existing", "Data Confidence": "Surveyed", "Operating Area": "Chichester", "Locality": "SELSEY", "Extent": "2003.98 m²" }, "geometry": { "type": "Point", "coordinates": [ 485679.494, 94256.936000000001513 ] } },
{ "type": "Feature", "properties": { "Owner Type": "SSEN", "Owner Name": "SEPD", "Type": "Primary", "Class": "Distribution", "Number": "COVE", "Status": "Existing", "Data Confidence": "Surveyed", "Operating Area": "", "Locality": "", "Extent": "1896.52 m²" }, "geometry": { "type": "Point", "coordinates": [ 485437.200000000011642, 155959.4 ] } },
{ "type": "Feature", "properties": { "Owner Type": "SSEN", "Owner Name": "SEPD", "Type": "Primary", "Class": "Distribution", "Number": "FSPV", "Status": "Existing", "Data Confidence": "Surveyed", "Operating Area": "", "Locality": "", "Extent": "22.5 m²" }, "geometry": { "type": "Point", "coordinates": [ 485368.244, 95689.538 ] } },
{ "type": "Feature", "properties": { "Owner Type": "3rd Party", "Owner Name": "SEPD", "Type": "Primary", "Class": "33kV", "Number": "unknown", "Status": "Existing", "Data Confidence": "Surveyed", "Operating Area": "Chichester", "Locality": "LAVANT", "Extent": "16.25 m²" }, "geometry": { "type": "Point", "coordinates": [ 485184.925999999977648, 107619.548 ] } },
{ "type": "Feature", "properties": { "Owner Type": "SSEN", "Owner Name": "SEPD", "Type": "Primary", "Class": "Distribution", "Number": "SIPV", "Status": "Existing", "Data Confidence": "Surveyed", "Operating Area": "", "Locality": "", "Extent": "59.04 m²" }, "geometry": { "type": "Point", "coordinates": [ 485163.162000000011176, 96715.85899999999674 ] } },
{ "type": "Feature", "properties": { "Owner Type": "SSEN", "Owner Name": "SEPD", "Type": "Secondary", "Class": "Distribution", "Number": "6483712", "Status": "Existing", "Data Confidence": "Surveyed", "Operating Area": "Reading North", "Locality": "HIGH WYCOMBE", "Extent": "16 m²" }, "geometry": { "type": "Point", "coordinates": [ 485131.375, 192418.413 ] } },
{ "type": "Feature", "properties": { "Owner Type": "SSEN", "Owner Name": "SEPD", "Type": "Secondary (Pad Mounted)", "Class": "11kV/LV", "Number": "3419948", "Status": "Existing", "Data Confidence": "Surveyed", "Operating Area": "Chichester", "Locality": "SELSEY", "Extent": "6.69 m²" }, "geometry": { "type": "Point", "coordinates": [ 485027.729999999981374, 92517.536999999996624 ] } },
{ "type": "Feature", "properties": { "Owner Type": "SSEN", "Owner Name": "SEPD", "Type": "Secondary", "Class": "Distribution", "Number": "15009210", "Status": "Existing", "Data Confidence": "Surveyed", "Operating Area": "Bracknell", "Locality": "BINFIELD", "Extent": "12.63 m²" }, "geometry": { "type": "Point", "coordinates": [ 484958.843, 170562.99900000001071 ] } },
{ "type": "Feature", "properties": { "Owner Type": "SSEN", "Owner Name": "SEPD", "Type": "Primary", "Class": "Distribution", "Number": "FRYL", "Status": "Existing", "Data Confidence": "Surveyed", "Operating Area": "Reading North", "Locality": "HIGH WYCOMBE", "Extent": "856.49 m²" }, "geometry": { "type": "Point", "coordinates": [ 484944.620999999984633, 193855.147 ] } },
{ "type": "Feature", "properties": { "Owner Type": "SSEN", "Owner Name": "SEPD", "Type": "Primary", "Class": "Distribution", "Number": "HIGW", "Status": "Existing", "Data Confidence": "Surveyed", "Operating Area": "", "Locality": "", "Extent": "2681.72 m²" }, "geometry": { "type": "Point", "coordinates": [ 484774.98499999998603, 192191.345 ] } },
{ "type": "Feature", "properties": { "Owner Type": "SSEN", "Owner Name": "SEPD", "Type": "Primary", "Class": "Distribution", "Number": "PEAF", "Status": "Existing", "Data Confidence": "Surveyed", "Operating Area": "", "Locality": "", "Extent": "572.25 m²" }, "geometry": { "type": "Point", "coordinates": [ 484769.590000000025611, 168706.480000000010477 ] } },
{ "type": "Feature", "properties": { "Owner Type": "SSEN", "Owner Name": "DOAN", "Type": "Primary", "Class": "33kV/11kV", "Number": "KINB", "Status": "Existing", "Data Confidence": "Surveyed", "Operating Area": "NATIONAL NETWORKS", "Locality": "AYLESBURY", "Extent": "732.42 m²" }, "geometry": { "type": "Point", "coordinates": [ 484609.157, 214890.837999999988824 ] } },
{ "type": "Feature", "properties": { "Owner Type": "SSEN", "Owner Name": "SEPD", "Type": "Primary", "Class": "Distribution", "Number": "VIWG", "Status": "Existing", "Data Confidence": "Surveyed", "Operating Area": "", "Locality": "", "Extent": "2704.13 m²" }, "geometry": { "type": "Point", "coordinates": [ 484542.37400000001071, 154190.184 ] } },
{ "type": "Feature", "properties": { "Owner Type": "SSEN", "Owner Name": "SEPD", "Type": "Primary", "Class": "Distribution", "Number": "FARN", "Status": "Existing", "Data Confidence": "Surveyed", "Operating Area": "", "Locality": "", "Extent": "989.63 m²" }, "geometry": { "type": "Point", "coordinates": [ 484520.599999999976717, 147202.114 ] } },
{ "type": "Feature", "properties": { "Owner Type": "SSEN", "Owner Name": "SEPD", "Type": "Primary", "Class": "Distribution", "Number": "CROW", "Status": "Existing", "Data Confidence": "Surveyed", "Operating Area": "", "Locality": "", "Extent": "1937.58 m²" }, "geometry": { "type": "Point", "coordinates": [ 484484.951, 164383.475 ] } },
{ "type": "Feature", "properties": { "Owner Type": "SSEN", "Owner Name": "SEPD", "Type": "Secondary", "Class": "Distribution", "Number": "7287263", "Status": "Existing", "Data Confidence": "Surveyed", "Operating Area": "Aldershot", "Locality": "FARNHAM, SURREY", "Extent": "9 m²" }, "geometry": { "type": "Point", "coordinates": [ 484366.781000000017229, 146973.950000000011642 ] } },
{ "type": "Feature", "properties": { "Owner Type": "SSEN", "Owner Name": "SEPD", "Type": "Secondary", "Class": "Distribution", "Number": "6483071", "Status": "Existing", "Data Confidence": "Surveyed", "Operating Area": "Reading North", "Locality": "HIGH WYCOMBE", "Extent": "8.9 m²" }, "geometry": { "type": "Point", "coordinates": [ 484301.365999999979977, 193851.083000000013271 ] } },
{ "type": "Feature", "properties": { "Owner Type": "SSEN", "Owner Name": "SEPD", "Type": "Secondary", "Class": "Distribution", "Number": "", "Status": "Existing", "Data Confidence": "Surveyed", "Operating Area": "Bracknell", "Locality": "Bracknell", "Extent": "9 m²" }, "geometry": { "type": "Point", "coordinates": [ 484287.957999999984168, 169560.035 ] } },
{ "type": "Feature", "properties": { "Owner Type": "SSEN", "Owner Name": "SEPD", "Type": "Primary", "Class": "Distribution", "Number": "TEMF", "Status": "Existing", "Data Confidence": "Surveyed", "Operating Area": "", "Locality": "", "Extent": "148.29 m²" }, "geometry": { "type": "Point", "coordinates": [ 484177.81, 183861.74 ] } },
{ "type": "Feature", "properties": { "Owner Type": "SSEN", "Owner Name": "SEPD", "Type": "Primary", "Class": "Distribution", "Number": "ASHR", "Status": "Existing", "Data Confidence": "Surveyed", "Operating Area": "Chichester", "Locality": "CHICHESTER", "Extent": "1367.41 m²" }, "geometry": { "type": "Point", "coordinates": [ 484063.677000000025146, 106746.534 ] } },
{ "type": "Feature", "properties": { "Owner Type": "SSEN", "Owner Name": "SEPD", "Type": "Primary", "Class": "Distribution", "Number": "COEP", "Status": "Existing", "Data Confidence": "Surveyed", "Operating Area": "", "Locality": "", "Extent": "780.14 m²" }, "geometry": { "type": "Point", "coordinates": [ 484000.412000000011176, 154198.394 ] } },
{ "type": "Feature", "properties": { "Owner Type": "SSEN", "Owner Name": "SEPD", "Type": "Primary", "Class": "Distribution", "Number": "FABG", "Status": "Existing", "Data Confidence": "Surveyed", "Operating Area": "", "Locality": "", "Extent": "2401.63 m²" }, "geometry": { "type": "Point", "coordinates": [ 483920.31, 153783.057 ] } },
{ "type": "Feature", "properties": { "Owner Type": "SSEN", "Owner Name": "SEPD", "Type": "Primary", "Class": "Distribution", "Number": "BRAL", "Status": "Existing", "Data Confidence": "Surveyed", "Operating Area": "", "Locality": "", "Extent": "1279.25 m²" }, "geometry": { "type": "Point", "coordinates": [ 483887.995, 154267.961000000010245 ] } },
{ "type": "Feature", "properties": { "Owner Type": "SSEN", "Owner Name": "SEPD", "Type": "Primary", "Class": "33kV", "Number": "QINF", "Status": "Existing", "Data Confidence": "Surveyed", "Operating Area": "Aldershot", "Locality": "FARNBOROUGH, HANTS", "Extent": "60 m²" }, "geometry": { "type": "Point", "coordinates": [ 483858.408999999985099, 153854.986 ] } },
{ "type": "Feature", "properties": { "Owner Type": "SSEN", "Owner Name": "SEPD", "Type": "Primary", "Class": "33kV", "Number": "RAEF", "Status": "Existing", "Data Confidence": "Surveyed", "Operating Area": "Aldershot", "Locality": "FARNBOROUGH, HANTS", "Extent": "2382.35 m²" }, "geometry": { "type": "Point", "coordinates": [ 483814.544999999983702, 153831.170000000012806 ] } },
{ "type": "Feature", "properties": { "Owner Type": "SSEN", "Owner Name": "SEPD", "Type": "Primary", "Class": "Distribution", "Number": "SAND", "Status": "Existing", "Data Confidence": "Surveyed", "Operating Area": "Bracknell", "Locality": "SANDHURST", "Extent": "580.63 m²" }, "geometry": { "type": "Point", "coordinates": [ 483616.565, 160919.15 ] } },
{ "type": "Feature", "properties": { "Owner Type": "SSEN", "Owner Name": "SEPD", "Type": "Secondary", "Class": "Distribution", "Number": "7382895", "Status": "Existing", "Data Confidence": "Surveyed", "Operating Area": "Aldershot", "Locality": "FRENSHAM", "Extent": "9 m²" }, "geometry": { "type": "Point", "coordinates": [ 483228.906000000017229, 140532.143000000010943 ] } },
{ "type": "Feature", "properties": { "Owner Type": "SSEN", "Owner Name": "SEPD", "Type": "Primary", "Class": "Distribution", "Number": "PYES", "Status": "Existing", "Data Confidence": "Surveyed", "Operating Area": "", "Locality": "", "Extent": "2033.8 m²" }, "geometry": { "type": "Point", "coordinates": [ 482983.049999999988358, 154534.305 ] } },
{ "type": "Feature", "properties": { "Owner Type": "SSEN", "Owner Name": "SEPD", "Type": "Secondary", "Class": "Distribution", "Number": "5582787", "Status": "Existing", "Data Confidence": "Surveyed", "Operating Area": "Bracknell", "Locality": "WOKINGHAM", "Extent": "16 m²" }, "geometry": { "type": "Point", "coordinates": [ 482976.642, 168337.689000000013039 ] } },
{ "type": "Feature", "properties": { "Owner Type": "SSEN", "Owner Name": "SEPD", "Type": "Primary", "Class": "Distribution", "Number": "KNOH", "Status": "Existing", "Data Confidence": "Surveyed", "Operating Area": "", "Locality": "", "Extent": "2522.64 m²" }, "geometry": { "type": "Point", "coordinates": [ 482886.090000000025611, 179088.54 ] } },
{ "type": "Feature", "properties": { "Owner Type": "SSEN", "Owner Name": "SEPD", "Type": "Primary", "Class": "Distribution", "Number": "BORD", "Status": "Existing", "Data Confidence": "Surveyed", "Operating Area": "Petersfield", "Locality": "HEADLEY (PETE)", "Extent": "2230.52 m²" }, "geometry": { "type": "Point", "coordinates": [ 482243.87, 135240.23499999998603 ] } },
{ "type": "Feature", "properties": { "Owner Type": "SSEN", "Owner Name": "SEPD", "Type": "Primary", "Class": "Distribution", "Number": "WREC", "Status": "Existing", "Data Confidence": "Surveyed", "Operating Area": "", "Locality": "", "Extent": "1921.64 m²" }, "geometry": { "type": "Point", "coordinates": [ 482124.298, 144307.883 ] } },
{ "type": "Feature", "properties": { "Owner Type": "SSEN", "Owner Name": "SEPD", "Type": "Primary", "Class": "Distribution", "Number": "BIRD", "Status": "Existing", "Data Confidence": "Surveyed", "Operating Area": "Chichester", "Locality": "BIRDHAM", "Extent": "1317.55 m²" }, "geometry": { "type": "Point", "coordinates": [ 481929.59499999997206, 99422.429999999993015 ] } },
{ "type": "Feature", "properties": { "Owner Type": "SSEN", "Owner Name": "SEPD", "Type": "Secondary", "Class": "Distribution", "Number": "5583355", "Status": "Existing", "Data Confidence": "Surveyed", "Operating Area": "Bracknell", "Locality": "Bracknell", "Extent": "9 m²" }, "geometry": { "type": "Point", "coordinates": [ 481820.063000000023749, 170652.718 ] } },
{ "type": "Feature", "properties": { "Owner Type": "SSEN", "Owner Name": "SEPD", "Type": "Primary", "Class": "Distribution", "Number": "CROO", "Status": "Existing", "Data Confidence": "Surveyed", "Operating Area": "", "Locality": "", "Extent": "2714.44 m²" }, "geometry": { "type": "Point", "coordinates": [ 481700.914999999979045, 153361.036 ] } },
{ "type": "Feature", "properties": { "Owner Type": "SSEN", "Owner Name": "SEPD", "Type": "Primary", "Class": "Distribution", "Number": "ELMR", "Status": "Existing", "Data Confidence": "Surveyed", "Operating Area": "", "Locality": "", "Extent": "869.39 m²" }, "geometry": { "type": "Point", "coordinates": [ 481041.385, 168548.396 ] } },
{ "type": "Feature", "properties": { "Owner Type": "SSEN", "Owner Name": "SEPD", "Type": "Secondary", "Class": "Distribution", "Number": "5582582", "Status": "Existing", "Data Confidence": "Surveyed", "Operating Area": "Bracknell", "Locality": "Bracknell", "Extent": "15.87 m²" }, "geometry": { "type": "Point", "coordinates": [ 481037.309, 168410.307999999989988 ] } },
{ "type": "Feature", "properties": { "Owner Type": "SSEN", "Owner Name": "SEPD", "Type": "Secondary", "Class": "Distribution", "Number": "5582618", "Status": "Existing", "Data Confidence": "Surveyed", "Operating Area": "Bracknell", "Locality": "Bracknell", "Extent": "9 m²" }, "geometry": { "type": "Point", "coordinates": [ 480945.24800000002142, 168608.378 ] } },
{ "type": "Feature", "properties": { "Owner Type": "SSEN", "Owner Name": "SEPD", "Type": "Primary", "Class": "Distribution", "Number": "LANC", "Status": "Existing", "Data Confidence": "Surveyed", "Operating Area": "", "Locality": "", "Extent": "2092.72 m²" }, "geometry": { "type": "Point", "coordinates": [ 480875.196, 129036.375 ] } },
{ "type": "Feature", "properties": { "Owner Type": "SSEN", "Owner Name": "SEPD", "Type": "Secondary (Pad Mounted)", "Class": "11kV/LV", "Number": "6783688", "Status": "Existing", "Data Confidence": "Surveyed", "Operating Area": "Reading South", "Locality": "Reading", "Extent": "1.03 m²" }, "geometry": { "type": "Point", "coordinates": [ 480706.882999999972526, 172455.904 ] } },
{ "type": "Feature", "properties": { "Owner Type": "SSEN", "Owner Name": "SEPD", "Type": "Primary", "Class": "Distribution", "Number": "MHPV", "Status": "Existing", "Data Confidence": "Surveyed", "Operating Area": "", "Locality": "", "Extent": "27.51 m²" }, "geometry": { "type": "Point", "coordinates": [ 480301.783999999985099, 145677.325000000011642 ] } },
{ "type": "Feature", "properties": { "Owner Type": "SSEN", "Owner Name": "SEPD", "Type": "Secondary", "Class": "Distribution", "Number": "5583441", "Status": "Existing", "Data Confidence": "Surveyed", "Operating Area": "Bracknell", "Locality": "WOKINGHAM", "Extent": "9 m²" }, "geometry": { "type": "Point", "coordinates": [ 480301.202, 167874.812 ] } },
{ "type": "Feature", "properties": { "Owner Type": "SSEN", "Owner Name": "SEPD", "Type": "Primary", "Class": "Distribution", "Number": "CHIS", "Status": "Existing", "Data Confidence": "Surveyed", "Operating Area": "", "Locality": "", "Extent": "2634.1 m²" }, "geometry": { "type": "Point", "coordinates": [ 480264.39000000001397, 189132.636999999987893 ] } },
{ "type": "Feature", "properties": { "Owner Type": "SSEN", "Owner Name": "SEPD", "Type": "Secondary", "Class": "Distribution", "Number": "1623260", "Status": "Existing", "Data Confidence": "Surveyed", "Operating Area": "Bracknell", "Locality": "WOKINGHAM", "Extent": "16 m²" }, "geometry": { "type": "Point", "coordinates": [ 480016.476000000024214, 170475.030999999988126 ] } },
{ "type": "Feature", "properties": { "Owner Type": "SSEN", "Owner Name": "SEPD", "Type": "Secondary", "Class": "Distribution", "Number": "7681966", "Status": "Existing", "Data Confidence": "Surveyed", "Operating Area": "Petersfield", "Locality": "BORDON", "Extent": "16 m²" }, "geometry": { "type": "Point", "coordinates": [ 479670.686999999976251, 136751.692000000010012 ] } },
{ "type": "Feature", "properties": { "Owner Type": "SSEN", "Owner Name": "SEPD", "Type": "Primary", "Class": "Distribution", "Number": "WOKI", "Status": "Existing", "Data Confidence": "Surveyed", "Operating Area": "", "Locality": "", "Extent": "10976.59 m²" }, "geometry": { "type": "Point", "coordinates": [ 479592.286000000021886, 167665.435 ] } },
{ "type": "Feature", "properties": { "Owner Type": "SSEN", "Owner Name": "SEPD", "Type": "Secondary", "Class": "Distribution", "Number": "7681965", "Status": "Existing", "Data Confidence": "Surveyed", "Operating Area": "Petersfield", "Locality": "BORDON", "Extent": "16 m²" }, "geometry": { "type": "Point", "coordinates": [ 479574.893999999971129, 136713.671 ] } },
{ "type": "Feature", "properties": { "Owner Type": "SSEN", "Owner Name": "SEPD", "Type": "Secondary", "Class": "Distribution", "Number": "6483685", "Status": "Existing", "Data Confidence": "Surveyed", "Operating Area": "Reading South", "Locality": "TWYFORD", "Extent": "11.78 m²" }, "geometry": { "type": "Point", "coordinates": [ 479513.745, 176790.465 ] } },
{ "type": "Feature", "properties": { "Owner Type": "SSEN", "Owner Name": "SEPD", "Type": "Primary", "Class": "Distribution", "Number": "HITL", "Status": "Existing", "Data Confidence": "Surveyed", "Operating Area": "", "Locality": "", "Extent": "1202.88 m²" }, "geometry": { "type": "Point", "coordinates": [ 479439.549999999988358, 154770.450000000011642 ] } },
{ "type": "Feature", "properties": { "Owner Type": "SSEN", "Owner Name": "SEPD", "Type": "Secondary (Pad Mounted)", "Class": "Distribution", "Number": "7241153", "Status": "Existing", "Data Confidence": "Surveyed", "Operating Area": "", "Locality": "", "Extent": "3.4 m²" }, "geometry": { "type": "Point", "coordinates": [ 479212.19, 153387.261 ] } },
{ "type": "Feature", "properties": { "Owner Type": "SSEN", "Owner Name": "SEPD", "Type": "Secondary (Pad Mounted)", "Class": "Distribution", "Number": "7682423", "Status": "Existing", "Data Confidence": "Surveyed", "Operating Area": "Petersfield", "Locality": "Petersfield", "Extent": "16 m²" }, "geometry": { "type": "Point", "coordinates": [ 479043.152, 134470.405 ] } },
{ "type": "Feature", "properties": { "Owner Type": "SSEN", "Owner Name": "SEPD", "Type": "Secondary (Pad Mounted)", "Class": "Distribution", "Number": "7683363", "Status": "Existing", "Data Confidence": "Surveyed", "Operating Area": "Aldershot", "Locality": "BORDON", "Extent": "9 m²" }, "geometry": { "type": "Point", "coordinates": [ 478929.86099999997532, 136289.652 ] } },
{ "type": "Feature", "properties": { "Owner Type": "SSEN", "Owner Name": "SEPD", "Type": "Primary", "Class": "Distribution", "Number": "TWYF", "Status": "Existing", "Data Confidence": "Surveyed", "Operating Area": "", "Locality": "", "Extent": "2840 m²" }, "geometry": { "type": "Point", "coordinates": [ 478481.862000000022817, 176329.305 ] } },
{ "type": "Feature", "properties": { "Owner Type": "SSEN", "Owner Name": "SEPD", "Type": "Primary", "Class": "Distribution", "Number": "HGPV", "Status": "Existing", "Data Confidence": "Surveyed", "Operating Area": "", "Locality": "", "Extent": "15 m²" }, "geometry": { "type": "Point", "coordinates": [ 478365.507999999972526, 153910.067000000010012 ] } },
{ "type": "Feature", "properties": { "Owner Type": "SSEN", "Owner Name": "SEPD", "Type": "Primary", "Class": "132kV/33kV", "Number": "COXW", "Status": "Existing", "Data Confidence": "Surveyed", "Operating Area": "Aldershot", "Locality": "CRONDALL", "Extent": "4873.89 m²" }, "geometry": { "type": "Point", "coordinates": [ 478322.580000000016298, 150812.087 ] } },
{ "type": "Feature", "properties": { "Owner Type": "SSEN", "Owner Name": "SEPD", "Type": "Primary", "Class": "Distribution", "Number": "FLEE", "Status": "Existing", "Data Confidence": "Surveyed", "Operating Area": "", "Locality": "", "Extent": "25163.85 m²" }, "geometry": { "type": "Point", "coordinates": [ 478167.768999999971129, 150686.081 ] } },
{ "type": "Feature", "properties": { "Owner Type": "SSEN", "Owner Name": "SEPD", "Type": "Primary", "Class": "Distribution", "Number": "STOK", "Status": "Existing", "Data Confidence": "Surveyed", "Operating Area": "", "Locality": "", "Extent": "1341.74 m²" }, "geometry": { "type": "Point", "coordinates": [ 477151.34499999997206, 194365.38 ] } },
{ "type": "Feature", "properties": { "Owner Type": "SSEN", "Owner Name": "SEPD", "Type": "Primary", "Class": "Distribution", "Number": "HENL", "Status": "Existing", "Data Confidence": "Surveyed", "Operating Area": "", "Locality": "", "Extent": "1586.47 m²" }, "geometry": { "type": "Point", "coordinates": [ 476096.435, 182398.74 ] } },
{ "type": "Feature", "properties": { "Owner Type": "SSEN", "Owner Name": "SEPD", "Type": "Primary", "Class": "Distribution", "Number": "ARBO", "Status": "Existing", "Data Confidence": "Surveyed", "Operating Area": "Reading South", "Locality": "ARBORFIELD", "Extent": "1638.83 m²" }, "geometry": { "type": "Point", "coordinates": [ 475978.131, 165757.375 ] } },
{ "type": "Feature", "properties": { "Owner Type": "SSEN", "Owner Name": "SEPD", "Type": "Primary", "Class": "Distribution", "Number": "LITH", "Status": "Existing", "Data Confidence": "Surveyed", "Operating Area": "", "Locality": "", "Extent": "4155.15 m²" }, "geometry": { "type": "Point", "coordinates": [ 475323.412000000011176, 172004.983 ] } },
{ "type": "Feature", "properties": { "Owner Type": "SSEN", "Owner Name": "SEPD", "Type": "Primary", "Class": "Distribution", "Number": "EMSW", "Status": "Existing", "Data Confidence": "Surveyed", "Operating Area": "", "Locality": "", "Extent": "389.6 m²" }, "geometry": { "type": "Point", "coordinates": [ 474869.401000000012573, 105799.911 ] } },
{ "type": "Feature", "properties": { "Owner Type": "SSEN", "Owner Name": "SEPD", "Type": "Primary", "Class": "Distribution", "Number": "READ", "Status": "Existing", "Data Confidence": "Surveyed", "Operating Area": "Reading South", "Locality": "EARLEY", "Extent": "12291.46 m²" }, "geometry": { "type": "Point", "coordinates": [ 474645.851000000024214, 173857.218 ] } },
{ "type": "Feature", "properties": { "Owner Type": "SSEN", "Owner Name": "SEPD", "Type": "Secondary (Pad Mounted)", "Class": "Distribution", "Number": "7683663", "Status": "Existing", "Data Confidence": "Surveyed", "Operating Area": "Petersfield", "Locality": "HAWKLEY", "Extent": "3.8 m²" }, "geometry": { "type": "Point", "coordinates": [ 474370.13900000002468, 128742.848 ] } },
{ "type": "Feature", "properties": { "Owner Type": "SSEN", "Owner Name": "SEPD", "Type": "Primary", "Class": "Distribution", "Number": "REAU", "Status": "Existing", "Data Confidence": "Surveyed", "Operating Area": "", "Locality": "", "Extent": "857.48 m²" }, "geometry": { "type": "Point", "coordinates": [ 474183.555999999982305, 171921.51500000001397 ] } },
{ "type": "Feature", "properties": { "Owner Type": "SSEN", "Owner Name": "SEPD", "Type": "Secondary (Pad Mounted)", "Class": "11kV/LV", "Number": "PETE", "Status": "Existing", "Data Confidence": "Surveyed", "Operating Area": "Petersfield", "Locality": "Peterfield", "Extent": "2.04 m²" }, "geometry": { "type": "Point", "coordinates": [ 474167.929, 123425.679 ] } },
{ "type": "Feature", "properties": { "Owner Type": "SSEN", "Owner Name": "SEPD", "Type": "Primary", "Class": "Distribution", "Number": "PETE", "Status": "Existing", "Data Confidence": "Surveyed", "Operating Area": "Petersfield", "Locality": "PETERSFIELD", "Extent": "969.87 m²" }, "geometry": { "type": "Point", "coordinates": [ 474155.673, 123416.38 ] } },
{ "type": "Feature", "properties": { "Owner Type": "SSEN", "Owner Name": "SEPD", "Type": "Secondary", "Class": "Distribution", "Number": "6481890", "Status": "Existing", "Data Confidence": "Surveyed", "Operating Area": "Reading North", "Locality": "HENLEY ON THAMES", "Extent": "16.44 m²" }, "geometry": { "type": "Point", "coordinates": [ 474082.086000000010245, 181345.965999999985797 ] } },
{ "type": "Feature", "properties": { "Owner Type": "SSEN", "Owner Name": "SEPD", "Type": "Primary", "Class": "Distribution", "Number": "WQPV", "Status": "Existing", "Data Confidence": "Surveyed", "Operating Area": "", "Locality": "", "Extent": "27.39 m²" }, "geometry": { "type": "Point", "coordinates": [ 472972.691999999980908, 138796.899 ] } },
{ "type": "Feature", "properties": { "Owner Type": "SSEN", "Owner Name": "SEPD", "Type": "Primary", "Class": "Distribution", "Number": "WHIW", "Status": "Existing", "Data Confidence": "Surveyed", "Operating Area": "", "Locality": "", "Extent": "1277.79 m²" }, "geometry": { "type": "Point", "coordinates": [ 472836.239, 169655.935999999986961 ] } },
{ "type": "Feature", "properties": { "Owner Type": "SSEN", "Owner Name": "SEPD", "Type": "Primary", "Class": "Distribution", "Number": "ALTO", "Status": "Existing", "Data Confidence": "Surveyed", "Operating Area": "", "Locality": "", "Extent": "6994.48 m²" }, "geometry": { "type": "Point", "coordinates": [ 472733.289999999979045, 139773.365 ] } },
{ "type": "Feature", "properties": { "Owner Type": "SSEN", "Owner Name": "SEPD", "Type": "Primary", "Class": "Distribution", "Number": "HOOK", "Status": "Existing", "Data Confidence": "Surveyed", "Operating Area": "", "Locality": "", "Extent": "969.14 m²" }, "geometry": { "type": "Point", "coordinates": [ 472620.825000000011642, 153787.97 ] } },
{ "type": "Feature", "properties": { "Owner Type": "SSEN", "Owner Name": "SEPD", "Type": "Primary", "Class": "Distribution", "Number": "ALTL", "Status": "Existing", "Data Confidence": "Surveyed", "Operating Area": "", "Locality": "", "Extent": "2128.15 m²" }, "geometry": { "type": "Point", "coordinates": [ 472469.800999999977648, 139597.821 ] } },
{ "type": "Feature", "properties": { "Owner Type": "SSEN", "Owner Name": "SEPD", "Type": "Primary", "Class": "Distribution", "Number": "SDPV", "Status": "Existing", "Data Confidence": "Surveyed", "Operating Area": "", "Locality": "", "Extent": "9 m²" }, "geometry": { "type": "Point", "coordinates": [ 472384.465000000025611, 165689.598999999987427 ] } },
{ "type": "Feature", "properties": { "Owner Type": "SSEN", "Owner Name": "SEPD", "Type": "Primary", "Class": "Distribution", "Number": "NORA", "Status": "Existing", "Data Confidence": "Surveyed", "Operating Area": "", "Locality": "", "Extent": "721.9 m²" }, "geometry": { "type": "Point", "coordinates": [ 472229.849999999976717, 171083.275 ] } },
{ "type": "Feature", "properties": { "Owner Type": "SSEN", "Owner Name": "SEPD", "Type": "Primary", "Class": "Distribution", "Number": "GABH", "Status": "Existing", "Data Confidence": "Surveyed", "Operating Area": "Chichester", "Locality": "HAYLING ISLAND", "Extent": "814.95 m²" }, "geometry": { "type": "Point", "coordinates": [ 472197.072999999974854, 99905.020999999993364 ] } },
{ "type": "Feature", "properties": { "Owner Type": "SSEN", "Owner Name": "SEPD", "Type": "Primary", "Class": "Distribution", "Number": "UFPV", "Status": "Existing", "Data Confidence": "Surveyed", "Operating Area": "", "Locality": "", "Extent": "46.67 m²" }, "geometry": { "type": "Point", "coordinates": [ 472169.402, 136039.75700000001234 ] } },
{ "type": "Feature", "properties": { "Owner Type": "SSEN", "Owner Name": "SEPD", "Type": "Secondary (Pad Mounted)", "Class": "11kV/LV", "Number": "UNKNOWN", "Status": "Existing", "Data Confidence": "Surveyed", "Operating Area": "Reading South", "Locality": "SPENCERS WOOD", "Extent": "4 m²" }, "geometry": { "type": "Point", "coordinates": [ 472159.967, 166751.34 ] } },
{ "type": "Feature", "properties": { "Owner Type": "SSEN", "Owner Name": "SEPD", "Type": "Secondary", "Class": "Distribution", "Number": "2099721", "Status": "Existing", "Data Confidence": "Surveyed", "Operating Area": "Reading South", "Locality": "Reading South", "Extent": "4 m²" }, "geometry": { "type": "Point", "coordinates": [ 472155.853, 173369.715999999985797 ] } },
{ "type": "Feature", "properties": { "Owner Type": "SSEN", "Owner Name": "SEPD", "Type": "Secondary", "Class": "Distribution", "Number": "2099730", "Status": "Existing", "Data Confidence": "Surveyed", "Operating Area": "Reading South", "Locality": "Reading South", "Extent": "4 m²" }, "geometry": { "type": "Point", "coordinates": [ 472150.896, 173368.971 ] } },
{ "type": "Feature", "properties": { "Owner Type": "SSEN", "Owner Name": "SEPD", "Type": "Primary", "Class": "Distribution", "Number": "LEIP", "Status": "Existing", "Data Confidence": "Surveyed", "Operating Area": "", "Locality": "", "Extent": "1110.73 m²" }, "geometry": { "type": "Point", "coordinates": [ 472132.35999999998603, 107842.185 ] } },
{ "type": "Feature", "properties": { "Owner Type": "SSEN", "Owner Name": "SEPD", "Type": "Primary", "Class": "Distribution", "Number": "SILS", "Status": "Existing", "Data Confidence": "Surveyed", "Operating Area": "Reading South", "Locality": "READING", "Extent": "512.31 m²" }, "geometry": { "type": "Point", "coordinates": [ 471969.40500000002794, 172811.769999999989523 ] } },
{ "type": "Feature", "properties": { "Owner Type": "SSEN", "Owner Name": "SEPD", "Type": "Secondary", "Class": "Distribution", "Number": "82665", "Status": "Existing", "Data Confidence": "Surveyed", "Operating Area": "Reading South", "Locality": "READING", "Extent": "20 m²" }, "geometry": { "type": "Point", "coordinates": [ 471877.766, 173875.924 ] } },
{ "type": "Feature", "properties": { "Owner Type": "SSEN", "Owner Name": "SEPD", "Type": "Primary", "Class": "Distribution", "Number": "REAT", "Status": "Existing", "Data Confidence": "Surveyed", "Operating Area": "", "Locality": "", "Extent": "239.69 m²" }, "geometry": { "type": "Point", "coordinates": [ 471593.467, 174110.745 ] } },
{ "type": "Feature", "properties": { "Owner Type": "SSEN", "Owner Name": "SEPD", "Type": "Primary", "Class": "Distribution", "Number": "REAT", "Status": "Existing", "Data Confidence": "Surveyed", "Operating Area": "", "Locality": "", "Extent": "100.8 m²" }, "geometry": { "type": "Point", "coordinates": [ 471574.025000000023283, 174070.049999999988358 ] } },
{ "type": "Feature", "properties": { "Owner Type": "SSEN", "Owner Name": "SEPD", "Type": "Primary", "Class": "Distribution", "Number": "REAT", "Status": "Existing", "Data Confidence": "Surveyed", "Operating Area": "", "Locality": "", "Extent": "1072.39 m²" }, "geometry": { "type": "Point", "coordinates": [ 471564.75, 174122.725 ] } },
{ "type": "Feature", "properties": { "Owner Type": "SSEN", "Owner Name": "SEPD", "Type": "Primary", "Class": "Distribution", "Number": "CAVE", "Status": "Existing", "Data Confidence": "Surveyed", "Operating Area": "", "Locality": "", "Extent": "1916.73 m²" }, "geometry": { "type": "Point", "coordinates": [ 471500.678000000014435, 175718.76 ] } },
{ "type": "Feature", "properties": { "Owner Type": "SSEN", "Owner Name": "SEPD", "Type": "Primary", "Class": "Distribution", "Number": "TMAL", "Status": "Existing", "Data Confidence": "Surveyed", "Operating Area": "", "Locality": "", "Extent": "487.49 m²" }, "geometry": { "type": "Point", "coordinates": [ 471332.271, 173283.9 ] } },
{ "type": "Feature", "properties": { "Owner Type": "SSEN", "Owner Name": "SEPD", "Type": "Secondary", "Class": "Distribution", "Number": "59584", "Status": "Existing", "Data Confidence": "Surveyed", "Operating Area": "Reading South", "Locality": "BEECH HILL", "Extent": "16.56 m²" }, "geometry": { "type": "Point", "coordinates": [ 471111.606000000028871, 165881.392 ] } },
{ "type": "Feature", "properties": { "Owner Type": "SSEN", "Owner Name": "SEPD", "Type": "Secondary", "Class": "Distribution", "Number": "UNKNOWN", "Status": "Existing", "Data Confidence": "Surveyed", "Operating Area": "Chichester", "Locality": "Chichester", "Extent": "35.06 m²" }, "geometry": { "type": "Point", "coordinates": [ 470969.724999999976717, 105669.035 ] } },
{ "type": "Feature", "properties": { "Owner Type": "SSEN", "Owner Name": "SEPD", "Type": "Primary", "Class": "Distribution", "Number": "COUR", "Status": "Existing", "Data Confidence": "Surveyed", "Operating Area": "", "Locality": "", "Extent": "1237.32 m²" }, "geometry": { "type": "Point", "coordinates": [ 470962.902, 169566.329999999987194 ] } },
{ "type": "Feature", "properties": { "Owner Type": "SSEN", "Owner Name": "SEPD", "Type": "Primary", "Class": "Distribution", "Number": "BROC", "Status": "Existing", "Data Confidence": "Surveyed", "Operating Area": "", "Locality": "", "Extent": "1186.34 m²" }, "geometry": { "type": "Point", "coordinates": [ 470890.85999999998603, 105813.155 ] } },
{ "type": "Feature", "properties": { "Owner Type": "SSEN", "Owner Name": "SEPD", "Type": "Primary", "Class": "Distribution", "Number": "MEYR", "Status": "Existing", "Data Confidence": "Surveyed", "Operating Area": "", "Locality": "", "Extent": "1257.95 m²" }, "geometry": { "type": "Point", "coordinates": [ 470841.37699999997858, 106445.173 ] } },
{ "type": "Feature", "properties": { "Owner Type": "SSEN", "Owner Name": "SEPD", "Type": "Secondary", "Class": "Distribution", "Number": "7383005", "Status": "Existing", "Data Confidence": "Surveyed", "Operating Area": "Basingstoke", "Locality": "ALTON", "Extent": "25 m²" }, "geometry": { "type": "Point", "coordinates": [ 470709.097, 138173.473 ] } },
{ "type": "Feature", "properties": { "Owner Type": "SSEN", "Owner Name": "SEPD", "Type": "Primary", "Class": "132kV/33kV", "Number": "HAVA", "Status": "Existing", "Data Confidence": "Surveyed", "Operating Area": "Chichester", "Locality": "HAVANT", "Extent": "10697.04 m²" }, "geometry": { "type": "Point", "coordinates": [ 470625.482000000018161, 105719.308 ] } },
{ "type": "Feature", "properties": { "Owner Type": "SSEN", "Owner Name": "SEPD", "Type": "Primary", "Class": "33kV/11kV", "Number": "HORN", "Status": "Existing", "Data Confidence": "Surveyed", "Operating Area": "Chichester", "Locality": "HORNDEAN", "Extent": "1934.64 m²" }, "geometry": { "type": "Point", "coordinates": [ 470267.299999999988358, 112825.2 ] } },
{ "type": "Feature", "properties": { "Owner Type": "SSEN", "Owner Name": "SEPD", "Type": "Primary", "Class": "33kV/11kV", "Number": "KIDE", "Status": "Existing", "Data Confidence": "Surveyed", "Operating Area": "Reading North", "Locality": "KIDMORE END", "Extent": "653.91 m²" }, "geometry": { "type": "Point", "coordinates": [ 469955.063000000023749, 178204.915 ] } },
{ "type": "Feature", "properties": { "Owner Type": "SSEN", "Owner Name": "SEPD", "Type": "Secondary (Pad Mounted)", "Class": "11kV/LV", "Number": "6782342", "Status": "Existing", "Data Confidence": "Surveyed", "Operating Area": "Reading South", "Locality": "READING SOUTH (RG2)", "Extent": "9.14 m²" }, "geometry": { "type": "Point", "coordinates": [ 469942.363000000012107, 170003.123 ] } },
{ "type": "Feature", "properties": { "Owner Type": "SSEN", "Owner Name": "SEPD", "Type": "Secondary (Pad Mounted)", "Class": "Distribution", "Number": "7183668", "Status": "Existing", "Data Confidence": "Surveyed", "Operating Area": "Portsmouth", "Locality": "PORTSMOUTH", "Extent": "9 m²" }, "geometry": { "type": "Point", "coordinates": [ 469769.82, 105818.389 ] } },
{ "type": "Feature", "properties": { "Owner Type": "SSEN", "Owner Name": "SEPD", "Type": "Primary", "Class": "Distribution", "Number": "GREP", "Status": "Existing", "Data Confidence": "Surveyed", "Operating Area": "", "Locality": "", "Extent": "827.67 m²" }, "geometry": { "type": "Point", "coordinates": [ 469581.659999999974389, 169994.12 ] } },
{ "type": "Feature", "properties": { "Owner Type": "SSEN", "Owner Name": "SEPD", "Type": "Primary", "Class": "Distribution", "Number": "BURG", "Status": "Existing", "Data Confidence": "Surveyed", "Operating Area": "", "Locality": "", "Extent": "14769.05 m²" }, "geometry": { "type": "Point", "coordinates": [ 469447.395000000018626, 170508.305 ] } },
{ "type": "Feature", "properties": { "Owner Type": "SSEN", "Owner Name": "SEPD", "Type": "Primary", "Class": "Distribution", "Number": "HUMG", "Status": "Existing", "Data Confidence": "Surveyed", "Operating Area": "", "Locality": "", "Extent": "245 m²" }, "geometry": { "type": "Point", "coordinates": [ 469263.349999999976717, 144300.06 ] } },
{ "type": "Feature", "properties": { "Owner Type": "SSEN", "Owner Name": "SEPD", "Type": "Primary", "Class": "Distribution", "Number": "WILR", "Status": "Existing", "Data Confidence": "Surveyed", "Operating Area": "", "Locality": "", "Extent": "986 m²" }, "geometry": { "type": "Point", "coordinates": [ 469242.159999999974389, 173284.105000000010477 ] } },
{ "type": "Feature", "properties": { "Owner Type": "SSEN", "Owner Name": "SEPD", "Type": "Primary", "Class": "Distribution", "Number": "WATL", "Status": "Existing", "Data Confidence": "Surveyed", "Operating Area": "", "Locality": "", "Extent": "1039.23 m²" }, "geometry": { "type": "Point", "coordinates": [ 469103.14000000001397, 194268.25 ] } },
{ "type": "Feature", "properties": { "Owner Type": "SSEN", "Owner Name": "SEPD", "Type": "Primary", "Class": "Distribution", "Number": "PING", "Status": "Existing", "Data Confidence": "Surveyed", "Operating Area": "", "Locality": "", "Extent": "405.02 m²" }, "geometry": { "type": "Point", "coordinates": [ 468733.237000000022817, 168343.973 ] } },
{ "type": "Feature", "properties": { "Owner Type": "SSEN", "Owner Name": "SEPD", "Type": "Secondary", "Class": "Distribution", "Number": "UNKNOWN", "Status": "Existing", "Data Confidence": "Surveyed", "Operating Area": "Chichester", "Locality": "Chichester", "Extent": "11.66 m²" }, "geometry": { "type": "Point", "coordinates": [ 468494.870999999984633, 112793.513 ] } },
{ "type": "Feature", "properties": { "Owner Type": "SSEN", "Owner Name": "SEPD", "Type": "Primary", "Class": "Distribution", "Number": "PIPV", "Status": "Existing", "Data Confidence": "Surveyed", "Operating Area": "", "Locality": "", "Extent": "9 m²" }, "geometry": { "type": "Point", "coordinates": [ 468355.810999999986961, 169346.165 ] } },
{ "type": "Feature", "properties": { "Owner Type": "SSEN", "Owner Name": "SEPD", "Type": "Primary", "Class": "Distribution", "Number": "NUFF", "Status": "Existing", "Data Confidence": "Surveyed", "Operating Area": "", "Locality": "", "Extent": "1375.49 m²" }, "geometry": { "type": "Point", "coordinates": [ 468340.729999999981374, 186763.22 ] } },
{ "type": "Feature", "properties": { "Owner Type": "SSEN", "Owner Name": "SEPD", "Type": "Primary", "Class": "Distribution", "Number": "SCOT", "Status": "Existing", "Data Confidence": "Surveyed", "Operating Area": "", "Locality": "", "Extent": "1958.49 m²" }, "geometry": { "type": "Point", "coordinates": [ 468224.830000000016298, 171304.875 ] } },
{ "type": "Feature", "properties": { "Owner Type": "SSEN", "Owner Name": "SEPD", "Type": "Primary", "Class": "33kV/11kV", "Number": "WATE", "Status": "Existing", "Data Confidence": "Surveyed", "Operating Area": "Chichester", "Locality": "WATERLOOVILLE (CHIC)", "Extent": "2492.28 m²" }, "geometry": { "type": "Point", "coordinates": [ 468014.549999999988358, 109255.475 ] } },
{ "type": "Feature", "properties": { "Owner Type": "SSEN", "Owner Name": "SEPD", "Type": "Primary", "Class": "Distribution", "Number": "LOVE", "Status": "Existing", "Data Confidence": "Surveyed", "Operating Area": "", "Locality": "", "Extent": "78046.17 m²" }, "geometry": { "type": "Point", "coordinates": [ 467569.455000000016298, 113507.05 ] } },
{ "type": "Feature", "properties": { "Owner Type": "SSEN", "Owner Name": "SEPD", "Type": "Primary", "Class": "Distribution", "Number": "BRAG", "Status": "Existing", "Data Confidence": "Surveyed", "Operating Area": "", "Locality": "", "Extent": "498.2 m²" }, "geometry": { "type": "Point", "coordinates": [ 467445.159999999974389, 158499.25 ] } },
{ "type": "Feature", "properties": { "Owner Type": "SSEN", "Owner Name": "SEPD", "Type": "Primary", "Class": "Distribution", "Number": "FARL", "Status": "Existing", "Data Confidence": "Surveyed", "Operating Area": "", "Locality": "", "Extent": "1153.94 m²" }, "geometry": { "type": "Point", "coordinates": [ 467420.871999999973923, 104825.089 ] } },
{ "type": "Feature", "properties": { "Owner Type": "SSEN", "Owner Name": "SEPD", "Type": "Secondary", "Class": "Distribution", "Number": "7183226", "Status": "Existing", "Data Confidence": "Surveyed", "Operating Area": "Portsmouth", "Locality": "PORTSMOUTH", "Extent": "8.74 m²" }, "geometry": { "type": "Point", "coordinates": [ 467224.979999999981374, 103034.685 ] } },
{ "type": "Feature", "properties": { "Owner Type": "SSEN", "Owner Name": "SEPD", "Type": "Primary", "Class": "Distribution", "Number": "KENH", "Status": "Existing", "Data Confidence": "Surveyed", "Operating Area": "", "Locality": "", "Extent": "973.38 m²" }, "geometry": { "type": "Point", "coordinates": [ 467130.325000000011642, 174030.09 ] } },
{ "type": "Feature", "properties": { "Owner Type": "SSEN", "Owner Name": "SEPD", "Type": "Primary", "Class": "Distribution", "Number": "PURB", "Status": "Existing", "Data Confidence": "Surveyed", "Operating Area": "", "Locality": "", "Extent": "1002.88 m²" }, "geometry": { "type": "Point", "coordinates": [ 467062.104999999981374, 107798.304 ] } },
{ "type": "Feature", "properties": { "Owner Type": "SSEN", "Owner Name": "SEPD", "Type": "Secondary (Pad Mounted)", "Class": "Distribution", "Number": "6338684", "Status": "Existing", "Data Confidence": "Surveyed", "Operating Area": "", "Locality": "", "Extent": "12.25 m²" }, "geometry": { "type": "Point", "coordinates": [ 466828.341000000014901, 204226.528 ] } },
{ "type": "Feature", "properties": { "Owner Type": "SSEN", "Owner Name": "SEPD", "Type": "Primary", "Class": "Distribution", "Number": "HERR", "Status": "Existing", "Data Confidence": "Surveyed", "Operating Area": "", "Locality": "", "Extent": "1665.65 m²" }, "geometry": { "type": "Point", "coordinates": [ 466791.99, 144949.086000000010245 ] } },
{ "type": "Feature", "properties": { "Owner Type": "SSEN", "Owner Name": "SEPD", "Type": "Primary", "Class": "Distribution", "Number": "HILI", "Status": "Existing", "Data Confidence": "Surveyed", "Operating Area": "", "Locality": "", "Extent": "12.05 m²" }, "geometry": { "type": "Point", "coordinates": [ 466738.941, 102873.773 ] } },
{ "type": "Feature", "properties": { "Owner Type": "SSEN", "Owner Name": "SEPD", "Type": "Primary", "Class": "Distribution", "Number": "HILS", "Status": "Existing", "Data Confidence": "Surveyed", "Operating Area": "", "Locality": "", "Extent": "1319.76 m²" }, "geometry": { "type": "Point", "coordinates": [ 466405.185, 103774.313 ] } },
{ "type": "Feature", "properties": { "Owner Type": "SSEN", "Owner Name": "SEPD", "Type": "Primary", "Class": "Distribution", "Number": "EAST", "Status": "Existing", "Data Confidence": "Surveyed", "Operating Area": "", "Locality": "", "Extent": "753.02 m²" }, "geometry": { "type": "Point", "coordinates": [ 466379.700000000011642, 99048.440000000002328 ] } },
{ "type": "Feature", "properties": { "Owner Type": "SSEN", "Owner Name": "SEPD", "Type": "Primary", "Class": "Distribution", "Number": "TRAG", "Status": "Existing", "Data Confidence": "Surveyed", "Operating Area": "", "Locality": "", "Extent": "2130.73 m²" }, "geometry": { "type": "Point", "coordinates": [ 466253.0, 168787.41 ] } },
{ "type": "Feature", "properties": { "Owner Type": "SSEN", "Owner Name": "SEPD", "Type": "Primary", "Class": "Distribution", "Number": "FRAP", "Status": "Existing", "Data Confidence": "Surveyed", "Operating Area": "Portsmouth", "Locality": "PORTSMOUTH", "Extent": "1255.8 m²" }, "geometry": { "type": "Point", "coordinates": [ 466149.150000000023283, 100158.225 ] } },
{ "type": "Feature", "properties": { "Owner Type": "SSEN", "Owner Name": "SEPD", "Type": "Primary", "Class": "Distribution", "Number": "STAL", "Status": "Existing", "Data Confidence": "Surveyed", "Operating Area": "", "Locality": "", "Extent": "61.7 m²" }, "geometry": { "type": "Point", "coordinates": [ 465973.099999999976717, 101842.075 ] } },
{ "type": "Feature", "properties": { "Owner Type": "SSEN", "Owner Name": "SEPD", "Type": "Primary", "Class": "Distribution", "Number": "COLP", "Status": "Existing", "Data Confidence": "Surveyed", "Operating Area": "", "Locality": "", "Extent": "289.59 m²" }, "geometry": { "type": "Point", "coordinates": [ 465899.900000000023283, 102669.425 ] } },
{ "type": "Feature", "properties": { "Owner Type": "SSEN", "Owner Name": "SEPD", "Type": "Primary", "Class": "Distribution", "Number": "FWID", "Status": "Existing", "Data Confidence": "Surveyed", "Operating Area": "", "Locality": "", "Extent": "10948.05 m²" }, "geometry": { "type": "Point", "coordinates": [ 465804.632999999972526, 107684.974 ] } },
{ "type": "Feature", "properties": { "Owner Type": "SSEN", "Owner Name": "SEPD", "Type": "Primary", "Class": "Distribution", "Number": "STRG", "Status": "Existing", "Data Confidence": "Surveyed", "Operating Area": "", "Locality": "", "Extent": "22.11 m²" }, "geometry": { "type": "Point", "coordinates": [ 465287.521, 153702.479 ] } },
{ "type": "Feature", "properties": { "Owner Type": "SSEN", "Owner Name": "SEPD", "Type": "Primary", "Class": "Distribution", "Number": "BASI", "Status": "Existing", "Data Confidence": "Surveyed", "Operating Area": "Basingstoke", "Locality": "BASINGSTOKE", "Extent": "14233.42 m²" }, "geometry": { "type": "Point", "coordinates": [ 465136.528999999980442, 152709.00099999998929 ] } },
{ "type": "Feature", "properties": { "Owner Type": "SSEN", "Owner Name": "SEPD", "Type": "Primary", "Class": "Distribution", "Number": "CHNM", "Status": "Existing", "Data Confidence": "Surveyed", "Operating Area": "", "Locality": "", "Extent": "891.96 m²" }, "geometry": { "type": "Point", "coordinates": [ 465094.885, 155824.775 ] } },
{ "type": "Feature", "properties": { "Owner Type": "SSEN", "Owner Name": "SEPD", "Type": "Primary", "Class": "Distribution", "Number": "SWPV", "Status": "Existing", "Data Confidence": "Surveyed", "Operating Area": "", "Locality": "", "Extent": "15.75 m²" }, "geometry": { "type": "Point", "coordinates": [ 464998.037000000011176, 109548.319 ] } },
{ "type": "Feature", "properties": { "Owner Type": "SSEN", "Owner Name": "SEPD", "Type": "Primary", "Class": "Distribution", "Number": "NXPV", "Status": "Existing", "Data Confidence": "Surveyed", "Operating Area": "", "Locality": "", "Extent": "189 m²" }, "geometry": { "type": "Point", "coordinates": [ 464954.603, 196706.484 ] } },
{ "type": "Feature", "properties": { "Owner Type": "SSEN", "Owner Name": "SEPD", "Type": "Primary", "Class": "132kV/33kV", "Number": "WYME", "Status": "Existing", "Data Confidence": "Surveyed", "Operating Area": "Portsmouth", "Locality": "COSHAM", "Extent": "9459.86 m²" }, "geometry": { "type": "Point", "coordinates": [ 464948.427000000025146, 105441.455 ] } },
{ "type": "Feature", "properties": { "Owner Type": "SSEN", "Owner Name": "SEPD", "Type": "Primary", "Class": "Distribution", "Number": "GAMR", "Status": "Existing", "Data Confidence": "Surveyed", "Operating Area": "", "Locality": "", "Extent": "457.71 m²" }, "geometry": { "type": "Point", "coordinates": [ 464777.952, 101775.741 ] } },
{ "type": "Feature", "properties": { "Owner Type": "SSEN", "Owner Name": "SEPD", "Type": "Secondary", "Class": "Distribution", "Number": "82301", "Status": "Existing", "Data Confidence": "Surveyed", "Operating Area": "Reading South", "Locality": "Reading South", "Extent": "16.25 m²" }, "geometry": { "type": "Point", "coordinates": [ 464777.842, 171012.62400000001071 ] } },
{ "type": "Feature", "properties": { "Owner Type": "SSEN", "Owner Name": "SEPD", "Type": "Primary", "Class": "Distribution", "Number": "THEA", "Status": "Existing", "Data Confidence": "Surveyed", "Operating Area": "", "Locality": "", "Extent": "205.48 m²" }, "geometry": { "type": "Point", "coordinates": [ 464756.674999999988358, 171009.995 ] } },
{ "type": "Feature", "properties": { "Owner Type": "SSEN", "Owner Name": "SEPD", "Type": "Primary", "Class": "Distribution", "Number": "BRAR", "Status": "Existing", "Data Confidence": "Surveyed", "Operating Area": "", "Locality": "", "Extent": "1353.33 m²" }, "geometry": { "type": "Point", "coordinates": [ 464700.650000000023283, 98682.92500000000291 ] } },
{ "type": "Feature", "properties": { "Owner Type": "SSEN", "Owner Name": "SEPD", "Type": "Primary", "Class": "Distribution", "Number": "NORG", "Status": "Existing", "Data Confidence": "Surveyed", "Operating Area": "", "Locality": "", "Extent": "25 m²" }, "geometry": { "type": "Point", "coordinates": [ 464678.433000000019092, 105430.107 ] } },
{ "type": "Feature", "properties": { "Owner Type": "SSEN", "Owner Name": "SEPD", "Type": "Primary", "Class": "Distribution", "Number": "UBPV", "Status": "Existing", "Data Confidence": "Surveyed", "Operating Area": "", "Locality": "", "Extent": "16 m²" }, "geometry": { "type": "Point", "coordinates": [ 464594.966000000014901, 141187.72 ] } },
{ "type": "Feature", "properties": { "Owner Type": "SSEN", "Owner Name": "SEPD", "Type": "Primary", "Class": "Distribution", "Number": "WOCO", "Status": "Existing", "Data Confidence": "Surveyed", "Operating Area": "Reading North", "Locality": "WOODCOTE, OXON", "Extent": "753.18 m²" }, "geometry": { "type": "Point", "coordinates": [ 464453.555, 181638.155 ] } },
{ "type": "Feature", "properties": { "Owner Type": "SSEN", "Owner Name": "SEPD", "Type": "Primary", "Class": "Distribution", "Number": "BRLE", "Status": "Existing", "Data Confidence": "Surveyed", "Operating Area": "", "Locality": "", "Extent": "9526.26 m²" }, "geometry": { "type": "Point", "coordinates": [ 464430.329000000027008, 160226.821999999985565 ] } },
{ "type": "Feature", "properties": { "Owner Type": "SSEN", "Owner Name": "SEPD", "Type": "Primary", "Class": "Distribution", "Number": "GRES", "Status": "Existing", "Data Confidence": "Surveyed", "Operating Area": "", "Locality": "", "Extent": "477.52 m²" }, "geometry": { "type": "Point", "coordinates": [ 464425.84499999997206, 100189.315 ] } },
{ "type": "Feature", "properties": { "Owner Type": "SSEN", "Owner Name": "SEPD", "Type": "Secondary", "Class": "Distribution", "Number": "738224", "Status": "Existing", "Data Confidence": "Surveyed", "Operating Area": "Basingstoke", "Locality": "Basingstoke", "Extent": "27.07 m²" }, "geometry": { "type": "Point", "coordinates": [ 464304.049, 152533.691 ] } },
{ "type": "Feature", "properties": { "Owner Type": "SSEN", "Owner Name": "SHEPD", "Type": "Primary", "Class": "Distribution", "Number": "", "Status": "Existing", "Data Confidence": "Surveyed", "Operating Area": "", "Locality": "", "Extent": "579.97 m²" }, "geometry": { "type": "Point", "coordinates": [ 463995.811999999976251, 1213403.879999999888241 ] } },
{ "type": "Feature", "properties": { "Owner Type": "SSEN", "Owner Name": "SEPD", "Type": "Primary", "Class": "Distribution", "Number": "OAKR", "Status": "Existing", "Data Confidence": "Surveyed", "Operating Area": "", "Locality": "", "Extent": "2074.15 m²" }, "geometry": { "type": "Point", "coordinates": [ 463525.846000000019558, 153648.84 ] } },
{ "type": "Feature", "properties": { "Owner Type": "SSEN", "Owner Name": "SEPD", "Type": "Primary", "Class": "Distribution", "Number": "BROS", "Status": "Existing", "Data Confidence": "Surveyed", "Operating Area": "", "Locality": "", "Extent": "489.75 m²" }, "geometry": { "type": "Point", "coordinates": [ 463486.049999999988358, 152215.475 ] } },
{ "type": "Feature", "properties": { "Owner Type": "SSEN", "Owner Name": "SEPD", "Type": "Primary", "Class": "Distribution", "Number": "PORP", "Status": "Existing", "Data Confidence": "Surveyed", "Operating Area": "", "Locality": "", "Extent": "3727.56 m²" }, "geometry": { "type": "Point", "coordinates": [ 463404.853, 99684.801000000006752 ] } },
{ "type": "Feature", "properties": { "Owner Type": "SSEN", "Owner Name": "SEPD", "Type": "Primary", "Class": "Distribution", "Number": "DOCK", "Status": "Existing", "Data Confidence": "Surveyed", "Operating Area": "", "Locality": "", "Extent": "395.67 m²" }, "geometry": { "type": "Point", "coordinates": [ 463274.808000000019092, 100701.336 ] } },
{ "type": "Feature", "properties": { "Owner Type": "SSEN", "Owner Name": "SEPD", "Type": "Secondary (Pad Mounted)", "Class": "Distribution", "Number": "6342335", "Status": "Existing", "Data Confidence": "Surveyed", "Operating Area": "Oxford South", "Locality": "EWELME (OXFS)", "Extent": "9 m²" }, "geometry": { "type": "Point", "coordinates": [ 463214.270000000018626, 192234.333000000013271 ] } },
{ "type": "Feature", "properties": { "Owner Type": "SSEN", "Owner Name": "SEPD", "Type": "Secondary", "Class": "Distribution", "Number": "7183782", "Status": "Existing", "Data Confidence": "Surveyed", "Operating Area": "Portsmouth", "Locality": "PAULSGROVE", "Extent": "16 m²" }, "geometry": { "type": "Point", "coordinates": [ 463073.098, 106316.609 ] } },
{ "type": "Feature", "properties": { "Owner Type": "SSEN", "Owner Name": "SEPD", "Type": "Primary", "Class": "Distribution", "Number": "JAYC", "Status": "Existing", "Data Confidence": "Surveyed", "Operating Area": "", "Locality": "", "Extent": "734.71 m²" }, "geometry": { "type": "Point", "coordinates": [ 463066.770000000018626, 150079.22 ] } },
{ "type": "Feature", "properties": { "Owner Type": "SSEN", "Owner Name": "SEPD", "Type": "Primary", "Class": "Distribution", "Number": "PANG", "Status": "Existing", "Data Confidence": "Surveyed", "Operating Area": "", "Locality": "", "Extent": "1629.56 m²" }, "geometry": { "type": "Point", "coordinates": [ 462966.159999999974389, 176174.26 ] } },
{ "type": "Feature", "properties": { "Owner Type": "SSEN", "Owner Name": "SEPD", "Type": "Secondary", "Class": "Distribution", "Number": "83029", "Status": "Existing", "Data Confidence": "Surveyed", "Operating Area": "Oxford South", "Locality": "Oxford South", "Extent": "16 m²" }, "geometry": { "type": "Point", "coordinates": [ 462941.674, 188291.272999999986496 ] } },
{ "type": "Feature", "properties": { "Owner Type": "SSEN", "Owner Name": "SEPD", "Type": "Primary", "Class": "Distribution", "Number": "QECP", "Status": "Existing", "Data Confidence": "Surveyed", "Operating Area": "", "Locality": "", "Extent": "1536.14 m²" }, "geometry": { "type": "Point", "coordinates": [ 462798.454000000027008, 100952.651 ] } },
{ "type": "Feature", "properties": { "Owner Type": "SSEN", "Owner Name": "SEPD", "Type": "Primary", "Class": "Distribution", "Number": "MORT", "Status": "Existing", "Data Confidence": "Surveyed", "Operating Area": "Reading South", "Locality": "MORTIMER", "Extent": "2042.48 m²" }, "geometry": { "type": "Point", "coordinates": [ 462263.995, 164083.655 ] } },
{ "type": "Feature", "properties": { "Owner Type": "SSEN", "Owner Name": "SEPD", "Type": "Primary", "Class": "Distribution", "Number": "PADW", "Status": "Existing", "Data Confidence": "Surveyed", "Operating Area": "", "Locality": "", "Extent": "87.95 m²" }, "geometry": { "type": "Point", "coordinates": [ 462248.400000000023283, 166044.75 ] } },
{ "type": "Feature", "properties": { "Owner Type": "SSEN", "Owner Name": "SEPD", "Type": "Primary", "Class": "Distribution", "Number": "HOUN", "Status": "Existing", "Data Confidence": "Surveyed", "Operating Area": "", "Locality": "", "Extent": "2017.84 m²" }, "geometry": { "type": "Point", "coordinates": [ 462170.147, 152859.86799999998766 ] } },
{ "type": "Feature", "properties": { "Owner Type": "SSEN", "Owner Name": "SEPD", "Type": "Primary", "Class": "Distribution", "Number": "BQPV", "Status": "Existing", "Data Confidence": "Surveyed", "Operating Area": "", "Locality": "", "Extent": "15.62 m²" }, "geometry": { "type": "Point", "coordinates": [ 462099.021, 158883.812 ] } },
{ "type": "Feature", "properties": { "Owner Type": "SSEN", "Owner Name": "SEPD", "Type": "Primary", "Class": "Distribution", "Number": "POCH", "Status": "Existing", "Data Confidence": "Surveyed", "Operating Area": "", "Locality": "", "Extent": "1696.22 m²" }, "geometry": { "type": "Point", "coordinates": [ 462054.576, 105608.654 ] } },
{ "type": "Feature", "properties": { "Owner Type": "SSEN", "Owner Name": "SEPD", "Type": "Primary", "Class": "Distribution", "Number": "HNPV", "Status": "Existing", "Data Confidence": "Surveyed", "Operating Area": "", "Locality": "", "Extent": "16 m²" }, "geometry": { "type": "Point", "coordinates": [ 461889.255, 157112.272 ] } },
{ "type": "Feature", "properties": { "Owner Type": "SSEN", "Owner Name": "SEPD", "Type": "Primary", "Class": "Distribution", "Number": "UNKNOWN", "Status": "Existing", "Data Confidence": "Surveyed", "Operating Area": "", "Locality": "", "Extent": "3 m²" }, "geometry": { "type": "Point", "coordinates": [ 461623.933000000019092, 100644.137 ] } },
{ "type": "Feature", "properties": { "Owner Type": "SSEN", "Owner Name": "SEPD", "Type": "Secondary", "Class": "Distribution", "Number": "7383148", "Status": "Existing", "Data Confidence": "Surveyed", "Operating Area": "Basingstoke", "Locality": "BRADLEY", "Extent": "9 m²" }, "geometry": { "type": "Point", "coordinates": [ 461583.805, 138622.96 ] } },
{ "type": "Feature", "properties": { "Owner Type": "SSEN", "Owner Name": "SEPD", "Type": "Primary", "Class": "Distribution", "Number": "DOWG", "Status": "Existing", "Data Confidence": "Surveyed", "Operating Area": "", "Locality": "", "Extent": "3356.7 m²" }, "geometry": { "type": "Point", "coordinates": [ 461552.137999999977183, 150238.136999999987893 ] } },
{ "type": "Feature", "properties": { "Owner Type": "SSEN", "Owner Name": "SEPD", "Type": "Primary", "Class": "33kV", "Number": "HBPV", "Status": "Existing", "Data Confidence": "Surveyed", "Operating Area": "Isle Of Wight", "Locality": "BRADING", "Extent": "16.75 m²" }, "geometry": { "type": "Point", "coordinates": [ 461468.721000000019558, 89295.584000000002561 ] } },
{ "type": "Feature", "properties": { "Owner Type": "SSEN", "Owner Name": "SEPD", "Type": "Primary", "Class": "Distribution", "Number": "PREC", "Status": "Existing", "Data Confidence": "Surveyed", "Operating Area": "", "Locality": "", "Extent": "2434.61 m²" }, "geometry": { "type": "Point", "coordinates": [ 460885.931999999971595, 141166.233 ] } },
{ "type": "Feature", "properties": { "Owner Type": "SSEN", "Owner Name": "SEPD", "Type": "Primary", "Class": "Distribution", "Number": "WHEA", "Status": "Existing", "Data Confidence": "Surveyed", "Operating Area": "Oxford South", "Locality": "WHEATLEY (OXFS)", "Extent": "1420.56 m²" }, "geometry": { "type": "Point", "coordinates": [ 460787.737000000022817, 205356.986 ] } },
{ "type": "Feature", "properties": { "Owner Type": "SSEN", "Owner Name": "SEPD", "Type": "Primary", "Class": "Distribution", "Number": "SHPV", "Status": "Existing", "Data Confidence": "Surveyed", "Operating Area": "", "Locality": "", "Extent": "144 m²" }, "geometry": { "type": "Point", "coordinates": [ 460759.559, 230171.676 ] } },
{ "type": "Feature", "properties": { "Owner Type": "SSEN", "Owner Name": "SEPD", "Type": "Primary", "Class": "Distribution", "Number": "ARNC", "Status": "Existing", "Data Confidence": "Surveyed", "Operating Area": "", "Locality": "", "Extent": "1257.9 m²" }, "geometry": { "type": "Point", "coordinates": [ 460727.963999999978114, 218070.707 ] } },
{ "type": "Feature", "properties": { "Owner Type": "SSEN", "Owner Name": "SEPD", "Type": "Primary", "Class": "Distribution", "Number": "AWRE", "Status": "Existing", "Data Confidence": "Surveyed", "Operating Area": "", "Locality": "", "Extent": "513.86 m²" }, "geometry": { "type": "Point", "coordinates": [ 460693.289999999979045, 164127.475 ] } },
{ "type": "Feature", "properties": { "Owner Type": "SSEN", "Owner Name": "SEPD", "Type": "Primary", "Class": "Distribution", "Number": "LAKR", "Status": "Existing", "Data Confidence": "Surveyed", "Operating Area": "", "Locality": "", "Extent": "107.19 m²" }, "geometry": { "type": "Point", "coordinates": [ 460585.455000000016298, 164281.245 ] } },
{ "type": "Feature", "properties": { "Owner Type": "SSEN", "Owner Name": "SEPD", "Type": "Primary", "Class": "Distribution", "Number": "ZETR", "Status": "Existing", "Data Confidence": "Surveyed", "Operating Area": "Portsmouth", "Locality": "GOSPORT", "Extent": "893.16 m²" }, "geometry": { "type": "Point", "coordinates": [ 460567.349999999976717, 100057.031 ] } },
{ "type": "Feature", "properties": { "Owner Type": "SSEN", "Owner Name": "SEPD", "Type": "Primary", "Class": "Distribution", "Number": "BRRO", "Status": "Existing", "Data Confidence": "Surveyed", "Operating Area": "Isle Of Wight", "Locality": "", "Extent": "37.05 m²" }, "geometry": { "type": "Point", "coordinates": [ 460418.931999999971595, 88401.190000000002328 ] } },
{ "type": "Feature", "properties": { "Owner Type": "SSEN", "Owner Name": "SEPD", "Type": "Secondary (Pad Mounted)", "Class": "Distribution", "Number": "7382841", "Status": "Existing", "Data Confidence": "Surveyed", "Operating Area": "Basingstoke", "Locality": "Basingstoke", "Extent": "16 m²" }, "geometry": { "type": "Point", "coordinates": [ 460340.199000000022352, 142581.918 ] } },
{ "type": "Feature", "properties": { "Owner Type": "SSEN", "Owner Name": "SEPD", "Type": "Primary", "Class": "Distribution", "Number": "GORI", "Status": "Existing", "Data Confidence": "Surveyed", "Operating Area": "", "Locality": "", "Extent": "605.45 m²" }, "geometry": { "type": "Point", "coordinates": [ 460313.537000000011176, 182892.098999999987427 ] } },
{ "type": "Feature", "properties": { "Owner Type": "SSEN", "Owner Name": "SEPD", "Type": "Secondary", "Class": "Distribution", "Number": "6383514", "Status": "Existing", "Data Confidence": "Surveyed", "Operating Area": "BICESTER", "Locality": "", "Extent": "20.64 m²" }, "geometry": { "type": "Point", "coordinates": [ 460231.527, 223163.674999999988358 ] } },
{ "type": "Feature", "properties": { "Owner Type": "SSEN", "Owner Name": "SEPD", "Type": "Secondary (Pad Mounted)", "Class": "Distribution", "Number": "7115007868", "Status": "Existing", "Data Confidence": "Surveyed", "Operating Area": "Portsmouth", "Locality": "BOARHUNT", "Extent": "4 m²" }, "geometry": { "type": "Point", "coordinates": [ 460149.895000000018626, 110252.642 ] } },
{ "type": "Feature", "properties": { "Owner Type": "SSEN", "Owner Name": "SEPD", "Type": "Secondary", "Class": "Distribution", "Number": "6383055", "Status": "Existing", "Data Confidence": "Surveyed", "Operating Area": "Oxford North", "Locality": "Oxford North", "Extent": "16 m²" }, "geometry": { "type": "Point", "coordinates": [ 460143.157, 223774.0 ] } },
{ "type": "Feature", "properties": { "Owner Type": "SSEN", "Owner Name": "SEPD", "Type": "Primary", "Class": "Distribution", "Number": "ALPV", "Status": "Existing", "Data Confidence": "Surveyed", "Operating Area": "", "Locality": "", "Extent": "26.89 m²" }, "geometry": { "type": "Point", "coordinates": [ 459932.554, 132275.924999999988358 ] } },
{ "type": "Feature", "properties": { "Owner Type": "SSEN", "Owner Name": "SEPD", "Type": "Primary", "Class": "Distribution", "Number": "SADO", "Status": "Existing", "Data Confidence": "Surveyed", "Operating Area": "Isle Of Wight", "Locality": "SANDOWN", "Extent": "2053.67 m²" }, "geometry": { "type": "Point", "coordinates": [ 459911.104999999981374, 85056.44999999999709 ] } },
{ "type": "Feature", "properties": { "Owner Type": "SSEN", "Owner Name": "SEPD", "Type": "Secondary", "Class": "Distribution", "Number": "82251", "Status": "Existing", "Data Confidence": "Surveyed", "Operating Area": "Oxford North", "Locality": "Oxford North", "Extent": "9 m²" }, "geometry": { "type": "Point", "coordinates": [ 459873.26400000002468, 223544.560999999986961 ] } },
{ "type": "Feature", "properties": { "Owner Type": "SSEN", "Owner Name": "SEPD", "Type": "Primary", "Class": "Distribution", "Number": "WALL", "Status": "Existing", "Data Confidence": "Surveyed", "Operating Area": "", "Locality": "", "Extent": "1231.08 m²" }, "geometry": { "type": "Point", "coordinates": [ 459868.326, 189452.245 ] } },
{ "type": "Feature", "properties": { "Owner Type": "SSEN", "Owner Name": "SEPD", "Type": "Primary", "Class": "Distribution", "Number": "BRSA", "Status": "Existing", "Data Confidence": "Surveyed", "Operating Area": "Isle Of Wight", "Locality": "", "Extent": "30.23 m²" }, "geometry": { "type": "Point", "coordinates": [ 459856.01500000001397, 85063.899999999994179 ] } },
{ "type": "Feature", "properties": { "Owner Type": "SSEN", "Owner Name": "SEPD", "Type": "Primary", "Class": "132kV/33kV", "Number": "BICN", "Status": "Existing", "Data Confidence": "Surveyed", "Operating Area": "Oxford North", "Locality": "BICESTER NORTH", "Extent": "2839.62 m²" }, "geometry": { "type": "Point", "coordinates": [ 459703.612000000022817, 223749.212999999988824 ] } },
{ "type": "Feature", "properties": { "Owner Type": "SSEN", "Owner Name": "SEPD", "Type": "Primary", "Class": "Distribution", "Number": "ALRE", "Status": "Existing", "Data Confidence": "Surveyed", "Operating Area": "", "Locality": "", "Extent": "1859.12 m²" }, "geometry": { "type": "Point", "coordinates": [ 459655.340000000025611, 132523.489 ] } },
{ "type": "Feature", "properties": { "Owner Type": "SSEN", "Owner Name": "SEPD", "Type": "Primary", "Class": "Distribution", "Number": "WHRG", "Status": "Existing", "Data Confidence": "Surveyed", "Operating Area": "", "Locality": "", "Extent": "15.84 m²" }, "geometry": { "type": "Point", "coordinates": [ 459632.903999999980442, 188975.946999999985565 ] } },
{ "type": "Feature", "properties": { "Owner Type": "SSEN", "Owner Name": "SEPD", "Type": "Primary", "Class": "Distribution", "Number": "BRRY", "Status": "Existing", "Data Confidence": "Surveyed", "Operating Area": "Isle Of Wight", "Locality": "", "Extent": "27.58 m²" }, "geometry": { "type": "Point", "coordinates": [ 459568.789999999979045, 91914.240000000005239 ] } },
{ "type": "Feature", "properties": { "Owner Type": "SSEN", "Owner Name": "SEPD", "Type": "Primary", "Class": "33kV", "Number": "RYDE", "Status": "Existing", "Data Confidence": "Surveyed", "Operating Area": "Isle Of Wight", "Locality": "RYDE", "Extent": "1542.06 m²" }, "geometry": { "type": "Point", "coordinates": [ 459524.955000000016298, 91972.100000000005821 ] } },
{ "type": "Feature", "properties": { "Owner Type": "SSEN", "Owner Name": "SEPD", "Type": "Primary", "Class": "Distribution", "Number": "BRHU", "Status": "Existing", "Data Confidence": "Surveyed", "Operating Area": "", "Locality": "", "Extent": "1364.76 m²" }, "geometry": { "type": "Point", "coordinates": [ 459400.174999999988358, 102109.0 ] } },
{ "type": "Feature", "properties": { "Owner Type": "SSEN", "Owner Name": "SEPD", "Type": "Secondary", "Class": "Distribution", "Number": "718249", "Status": "Existing", "Data Confidence": "Surveyed", "Operating Area": "Portsmouth", "Locality": "Portsmouth", "Extent": "9 m²" }, "geometry": { "type": "Point", "coordinates": [ 459151.544, 107032.875 ] } },
{ "type": "Feature", "properties": { "Owner Type": "SSEN", "Owner Name": "SEPD", "Type": "Primary", "Class": "Distribution", "Number": "COTT", "Status": "Existing", "Data Confidence": "Surveyed", "Operating Area": "Oxford North", "Locality": "COTTISFORD", "Extent": "2126.15 m²" }, "geometry": { "type": "Point", "coordinates": [ 459044.395000000018626, 231112.056000000011409 ] } },
{ "type": "Feature", "properties": { "Owner Type": "SSEN", "Owner Name": "SEPD", "Type": "Primary", "Class": "Distribution", "Number": "STRE", "Status": "Existing", "Data Confidence": "Surveyed", "Operating Area": "", "Locality": "", "Extent": "344.7 m²" }, "geometry": { "type": "Point", "coordinates": [ 458992.341000000014901, 180827.045000000012806 ] } },
{ "type": "Feature", "properties": { "Owner Type": "SSEN", "Owner Name": "SEPD", "Type": "Primary", "Class": "Distribution", "Number": "HFPV", "Status": "Existing", "Data Confidence": "Surveyed", "Operating Area": "", "Locality": "", "Extent": "13.15 m²" }, "geometry": { "type": "Point", "coordinates": [ 458592.262999999977183, 219480.831 ] } },
{ "type": "Feature", "properties": { "Owner Type": "SSEN", "Owner Name": "SEPD", "Type": "Primary", "Class": "Distribution", "Number": "BICE", "Status": "Existing", "Data Confidence": "Surveyed", "Operating Area": "", "Locality": "", "Extent": "3275.48 m²" }, "geometry": { "type": "Point", "coordinates": [ 458399.257999999972526, 221941.149 ] } },
{ "type": "Feature", "properties": { "Owner Type": "SSEN", "Owner Name": "SEPD", "Type": "Primary", "Class": "Distribution", "Number": "BERI", "Status": "Existing", "Data Confidence": "Surveyed", "Operating Area": "Oxford South", "Locality": "BERINSFIELD", "Extent": "2606.15 m²" }, "geometry": { "type": "Point", "coordinates": [ 458387.229999999981374, 195428.71 ] } },
{ "type": "Feature", "properties": { "Owner Type": "SSEN", "Owner Name": "SEPD", "Type": "Primary", "Class": "Distribution", "Number": "CHOL", "Status": "Existing", "Data Confidence": "Surveyed", "Operating Area": "", "Locality": "", "Extent": "3028.98 m²" }, "geometry": { "type": "Point", "coordinates": [ 458260.43, 184679.68 ] } },
{ "type": "Feature", "properties": { "Owner Type": "SSEN", "Owner Name": "SEPD", "Type": "Primary", "Class": "Distribution", "Number": "BEEN", "Status": "Existing", "Data Confidence": "Surveyed", "Operating Area": "", "Locality": "", "Extent": "4164.15 m²" }, "geometry": { "type": "Point", "coordinates": [ 458158.424, 169037.014 ] } },
{ "type": "Feature", "properties": { "Owner Type": "SSEN", "Owner Name": "SEPD", "Type": "Primary", "Class": "Distribution", "Number": "ROWP", "Status": "Existing", "Data Confidence": "Surveyed", "Operating Area": "", "Locality": "", "Extent": "3000.65 m²" }, "geometry": { "type": "Point", "coordinates": [ 458108.135, 100772.59 ] } },
{ "type": "Feature", "properties": { "Owner Type": "SSEN", "Owner Name": "SEPD", "Type": "Secondary", "Class": "Distribution", "Number": "7183349", "Status": "Existing", "Data Confidence": "Surveyed", "Operating Area": "Portsmouth", "Locality": "GOSPORT", "Extent": "16 m²" }, "geometry": { "type": "Point", "coordinates": [ 457923.416000000026543, 104537.875 ] } },
{ "type": "Feature", "properties": { "Owner Type": "SSEN", "Owner Name": "SEPD", "Type": "Primary", "Class": "Distribution", "Number": "HOEF", "Status": "Existing", "Data Confidence": "Surveyed", "Operating Area": "Portsmouth", "Locality": "STHE", "Extent": "1594.56 m²" }, "geometry": { "type": "Point", "coordinates": [ 457879.324000000022352, 104404.15 ] } },
{ "type": "Feature", "properties": { "Owner Type": "SSEN", "Owner Name": "SEPD", "Type": "Primary", "Class": "Distribution", "Number": "SHAN", "Status": "Existing", "Data Confidence": "Surveyed", "Operating Area": "", "Locality": "", "Extent": "2130.75 m²" }, "geometry": { "type": "Point", "coordinates": [ 457810.599999999976717, 81933.42500000000291 ] } },
{ "type": "Feature", "properties": { "Owner Type": "SSEN", "Owner Name": "SEPD", "Type": "Primary", "Class": "Distribution", "Number": "TADL", "Status": "Existing", "Data Confidence": "Surveyed", "Operating Area": "", "Locality": "", "Extent": "1705.42 m²" }, "geometry": { "type": "Point", "coordinates": [ 457752.03000000002794, 162690.226 ] } },
{ "type": "Feature", "properties": { "Owner Type": "SSEN", "Owner Name": "SEPD", "Type": "Secondary", "Class": "Distribution", "Number": "6382524", "Status": "Existing", "Data Confidence": "Surveyed", "Operating Area": "Oxford North", "Locality": "Oxford North", "Extent": "9 m²" }, "geometry": { "type": "Point", "coordinates": [ 457259.913999999989755, 222025.309 ] } },
{ "type": "Feature", "properties": { "Owner Type": "SSEN", "Owner Name": "SEPD", "Type": "Primary", "Class": "Distribution", "Number": "WEND", "Status": "Existing", "Data Confidence": "Surveyed", "Operating Area": "", "Locality": "", "Extent": "565.2 m²" }, "geometry": { "type": "Point", "coordinates": [ 457199.349999999976717, 106160.175 ] } },
{ "type": "Feature", "properties": { "Owner Type": "SSEN", "Owner Name": "SEPD", "Type": "Secondary (Pad Mounted)", "Class": "Distribution", "Number": "7583841", "Status": "Existing", "Data Confidence": "Surveyed", "Operating Area": "Isle Of Wight", "Locality": "BINSTEAD", "Extent": "9 m²" }, "geometry": { "type": "Point", "coordinates": [ 457096.832999999984168, 92579.668000000005122 ] } },
{ "type": "Feature", "properties": { "Owner Type": "SSEN", "Owner Name": "SEPD", "Type": "Secondary (Pad Mounted)", "Class": "Distribution", "Number": "7683807", "Status": "Existing", "Data Confidence": "Surveyed", "Operating Area": "Basingstoke", "Locality": "ALRESFORD", "Extent": "9 m²" }, "geometry": { "type": "Point", "coordinates": [ 456987.669, 139886.37 ] } },
{ "type": "Feature", "properties": { "Owner Type": "SSEN", "Owner Name": "SEPD", "Type": "Secondary", "Class": "Distribution", "Number": "7183527", "Status": "Existing", "Data Confidence": "Surveyed", "Operating Area": "Portsmouth", "Locality": "LEE ON THE SOLENT", "Extent": "16.01 m²" }, "geometry": { "type": "Point", "coordinates": [ 456923.778999999980442, 102110.342 ] } },
{ "type": "Feature", "properties": { "Owner Type": "SSEN", "Owner Name": "SEPD", "Type": "Primary", "Class": "Distribution", "Number": "LEOS", "Status": "Existing", "Data Confidence": "Surveyed", "Operating Area": "", "Locality": "", "Extent": "1711.24 m²" }, "geometry": { "type": "Point", "coordinates": [ 456828.863000000012107, 100333.047 ] } },
{ "type": "Feature", "properties": { "Owner Type": "SSEN", "Owner Name": "SEPD", "Type": "Primary", "Class": "Distribution", "Number": "WSPV", "Status": "Existing", "Data Confidence": "Surveyed", "Operating Area": "", "Locality": "", "Extent": "16 m²" }, "geometry": { "type": "Point", "coordinates": [ 456805.914999999979045, 165752.165 ] } },
{ "type": "Feature", "properties": { "Owner Type": "SSEN", "Owner Name": "SEPD", "Type": "Primary", "Class": "Distribution", "Number": "BISW", "Status": "Existing", "Data Confidence": "Surveyed", "Operating Area": "", "Locality": "", "Extent": "1290.72 m²" }, "geometry": { "type": "Point", "coordinates": [ 456713.034999999974389, 116664.175 ] } },
{ "type": "Feature", "properties": { "Owner Type": "SSEN", "Owner Name": "SEPD", "Type": "Secondary (Pad Mounted)", "Class": "Distribution", "Number": "6330674", "Status": "Existing", "Data Confidence": "Surveyed", "Operating Area": "", "Locality": "", "Extent": "6.76 m²" }, "geometry": { "type": "Point", "coordinates": [ 456620.614, 228310.932 ] } },
{ "type": "Feature", "properties": { "Owner Type": "SSEN", "Owner Name": "SEPD", "Type": "Secondary", "Class": "Distribution", "Number": "8482501", "Status": "Existing", "Data Confidence": "Surveyed", "Operating Area": "New Forest", "Locality": "WALTHAM CHASE", "Extent": "20.43 m²" }, "geometry": { "type": "Point", "coordinates": [ 456571.929, 115331.422 ] } },
{ "type": "Feature", "properties": { "Owner Type": "SSEN", "Owner Name": "SEPD", "Type": "Primary", "Class": "Distribution", "Number": "FARE", "Status": "Existing", "Data Confidence": "Surveyed", "Operating Area": "Portsmouth", "Locality": "FAREHAM", "Extent": "11206.98 m²" }, "geometry": { "type": "Point", "coordinates": [ 456534.596000000019558, 104032.209 ] } },
{ "type": "Feature", "properties": { "Owner Type": "SSEN", "Owner Name": "SEPD", "Type": "Primary", "Class": "33kV", "Number": "FAPV", "Status": "Existing", "Data Confidence": "Surveyed", "Operating Area": "", "Locality": "", "Extent": "56.74 m²" }, "geometry": { "type": "Point", "coordinates": [ 456442.064000000013039, 103987.018 ] } },
{ "type": "Feature", "properties": { "Owner Type": "SSEN", "Owner Name": "SEPD", "Type": "Primary", "Class": "Distribution", "Number": "NFAR", "Status": "Existing", "Data Confidence": "Surveyed", "Operating Area": "", "Locality": "", "Extent": "2051.7 m²" }, "geometry": { "type": "Point", "coordinates": [ 456439.275000000023283, 107460.575 ] } },
{ "type": "Feature", "properties": { "Owner Type": "SSEN", "Owner Name": "SEPD", "Type": "Primary", "Class": "Distribution", "Number": "BINS", "Status": "Existing", "Data Confidence": "Surveyed", "Operating Area": "", "Locality": "", "Extent": "1601.94 m²" }, "geometry": { "type": "Point", "coordinates": [ 456425.49, 91379.410000000003492 ] } },
{ "type": "Feature", "properties": { "Owner Type": "SSEN", "Owner Name": "SEPD", "Type": "Primary", "Class": "Distribution", "Number": "VENT", "Status": "Existing", "Data Confidence": "Surveyed", "Operating Area": "", "Locality": "", "Extent": "995.07 m²" }, "geometry": { "type": "Point", "coordinates": [ 456145.273999999975786, 77839.542000000001281 ] } },
{ "type": "Feature", "properties": { "Owner Type": "SSEN", "Owner Name": "SEPD", "Type": "Primary", "Class": "Distribution", "Number": "COLO", "Status": "Existing", "Data Confidence": "Surveyed", "Operating Area": "Oxford North", "Locality": "COWLEY, OXON", "Extent": "9161.51 m²" }, "geometry": { "type": "Point", "coordinates": [ 456113.025000000023283, 203074.799999999988358 ] } },
{ "type": "Feature", "properties": { "Owner Type": "SSEN", "Owner Name": "SEPD", "Type": "Primary", "Class": "Distribution", "Number": "COWL", "Status": "Existing", "Data Confidence": "Surveyed", "Operating Area": "", "Locality": "", "Extent": "16331.52 m²" }, "geometry": { "type": "Point", "coordinates": [ 456029.919999999983702, 201588.13 ] } },
{ "type": "Feature", "properties": { "Owner Type": "SSEN", "Owner Name": "SEPD", "Type": "Primary", "Class": "Distribution", "Number": "BWPV", "Status": "Existing", "Data Confidence": "Surveyed", "Operating Area": "", "Locality": "", "Extent": "39 m²" }, "geometry": { "type": "Point", "coordinates": [ 455983.36099999997532, 116680.611 ] } },
{ "type": "Feature", "properties": { "Owner Type": "SSEN", "Owner Name": "SEPD", "Type": "Primary", "Class": "Distribution", "Number": "NWPV", "Status": "Existing", "Data Confidence": "Surveyed", "Operating Area": "", "Locality": "", "Extent": "25.01 m²" }, "geometry": { "type": "Point", "coordinates": [ 455973.708999999973457, 218634.946999999985565 ] } },
{ "type": "Feature", "properties": { "Owner Type": "SSEN", "Owner Name": "SEPD", "Type": "Secondary (Pad Mounted)", "Class": "11kV/LV", "Number": "2440664", "Status": "Existing", "Data Confidence": "Surveyed", "Operating Area": "Oxford South", "Locality": "NORTH MORETON", "Extent": "21.3 m²" }, "geometry": { "type": "Point", "coordinates": [ 455933.386, 189578.182999999989988 ] } },
{ "type": "Feature", "properties": { "Owner Type": "SSEN", "Owner Name": "SEPD", "Type": "Primary", "Class": "Distribution", "Number": "PRSC", "Status": "Existing", "Data Confidence": "Surveyed", "Operating Area": "", "Locality": "", "Extent": "745.94 m²" }, "geometry": { "type": "Point", "coordinates": [ 455893.865, 204025.798 ] } },
{ "type": "Feature", "properties": { "Owner Type": "SSEN", "Owner Name": "SEPD", "Type": "Secondary", "Class": "Distribution", "Number": "10632466", "Status": "Existing", "Data Confidence": "Surveyed", "Operating Area": "Oxford North", "Locality": "Oxford North", "Extent": "14.7 m²" }, "geometry": { "type": "Point", "coordinates": [ 455307.647, 230879.583000000013271 ] } },
{ "type": "Feature", "properties": { "Owner Type": "SSEN", "Owner Name": "SEPD", "Type": "Primary", "Class": "Distribution", "Number": "OLDR", "Status": "Existing", "Data Confidence": "Surveyed", "Operating Area": "", "Locality": "", "Extent": "814.76 m²" }, "geometry": { "type": "Point", "coordinates": [ 455286.848, 206408.331 ] } },
{ "type": "Feature", "properties": { "Owner Type": "SSEN", "Owner Name": "SEPD", "Type": "Secondary", "Class": "Distribution", "Number": "6283025", "Status": "Existing", "Data Confidence": "Surveyed", "Operating Area": "Newbury", "Locality": "Newbury", "Extent": "16.01 m²" }, "geometry": { "type": "Point", "coordinates": [ 455224.417000000015832, 174543.81 ] } },
{ "type": "Feature", "properties": { "Owner Type": "SSEN", "Owner Name": "SEPD", "Type": "Secondary", "Class": "Distribution", "Number": "1637933", "Status": "Existing", "Data Confidence": "Surveyed", "Operating Area": "Oxford North", "Locality": "COWLEY, OXON", "Extent": "15.44 m²" }, "geometry": { "type": "Point", "coordinates": [ 455215.232000000018161, 205017.742 ] } },
{ "type": "Feature", "properties": { "Owner Type": "SSEN", "Owner Name": "SEPD", "Type": "Primary", "Class": "33kV", "Number": "ARRN", "Status": "Existing", "Data Confidence": "Surveyed", "Operating Area": "Isle Of Wight", "Locality": "ARRETON", "Extent": "37.59 m²" }, "geometry": { "type": "Point", "coordinates": [ 454929.668, 84909.88300000000163 ] } },
{ "type": "Feature", "properties": { "Owner Type": "SSEN", "Owner Name": "SEPD", "Type": "Secondary", "Class": "Distribution", "Number": "6382246", "Status": "Existing", "Data Confidence": "Surveyed", "Operating Area": "Oxford North", "Locality": "Oxford North", "Extent": "9 m²" }, "geometry": { "type": "Point", "coordinates": [ 454895.661000000021886, 229299.305 ] } },
{ "type": "Feature", "properties": { "Owner Type": "SSEN", "Owner Name": "SEPD", "Type": "Primary", "Class": "Distribution", "Number": "ASHH", "Status": "Existing", "Data Confidence": "Surveyed", "Operating Area": "", "Locality": "", "Extent": "868.33 m²" }, "geometry": { "type": "Point", "coordinates": [ 454880.902, 163049.568 ] } },
{ "type": "Feature", "properties": { "Owner Type": "SSEN", "Owner Name": "SEPD", "Type": "Secondary", "Class": "Distribution", "Number": "8483063", "Status": "Existing", "Data Confidence": "Surveyed", "Operating Area": "New Forest", "Locality": "BISHOP WALTHAM", "Extent": "16 m²" }, "geometry": { "type": "Point", "coordinates": [ 454845.331, 117342.182 ] } },
{ "type": "Feature", "properties": { "Owner Type": "SSEN", "Owner Name": "SEPD", "Type": "Secondary", "Class": "Distribution", "Number": "6328198", "Status": "Existing", "Data Confidence": "Surveyed", "Operating Area": "Oxford North", "Locality": "Oxford North", "Extent": "24 m²" }, "geometry": { "type": "Point", "coordinates": [ 454589.705000000016298, 206546.413 ] } },
{ "type": "Feature", "properties": { "Owner Type": "SSEN", "Owner Name": "SEPD", "Type": "Secondary", "Class": "Distribution", "Number": "6328198", "Status": "Existing", "Data Confidence": "Surveyed", "Operating Area": "Oxford North", "Locality": "Oxford North", "Extent": "24.01 m²" }, "geometry": { "type": "Point", "coordinates": [ 454583.903999999980442, 206545.489 ] } },
{ "type": "Feature", "properties": { "Owner Type": "SSEN", "Owner Name": "SHEPD", "Type": "Primary", "Class": "Distribution", "Number": "", "Status": "Existing", "Data Confidence": "Surveyed", "Operating Area": "", "Locality": "", "Extent": "740.75 m²" }, "geometry": { "type": "Point", "coordinates": [ 454527.177000000025146, 1199625.512000000104308 ] } },
{ "type": "Feature", "properties": { "Owner Type": "SSEN", "Owner Name": "SEPD", "Type": "Primary", "Class": "Distribution", "Number": "BAFM", "Status": "Existing", "Data Confidence": "Surveyed", "Operating Area": "", "Locality": "", "Extent": "795.85 m²" }, "geometry": { "type": "Point", "coordinates": [ 454485.830000000016298, 111222.435 ] } },
{ "type": "Feature", "properties": { "Owner Type": "SSEN", "Owner Name": "SEPD", "Type": "Primary", "Class": "Distribution", "Number": "HEAD", "Status": "Existing", "Data Confidence": "Surveyed", "Operating Area": "", "Locality": "", "Extent": "13938.86 m²" }, "geometry": { "type": "Point", "coordinates": [ 454455.427000000025146, 208145.983 ] } },
{ "type": "Feature", "properties": { "Owner Type": "SSEN", "Owner Name": "SEPD", "Type": "Primary", "Class": "33kV/11kV", "Number": "FULS", "Status": "Existing", "Data Confidence": "Surveyed", "Operating Area": "Oxford South", "Locality": "SOUTH MORETON", "Extent": "1363.92 m²" }, "geometry": { "type": "Point", "coordinates": [ 454411.85999999998603, 189513.99 ] } },
{ "type": "Feature", "properties": { "Owner Type": "SSEN", "Owner Name": "SEPD", "Type": "Secondary", "Class": "Distribution", "Number": "0034079", "Status": "Existing", "Data Confidence": "Surveyed", "Operating Area": "", "Locality": "", "Extent": "12.19 m²" }, "geometry": { "type": "Point", "coordinates": [ 454250.278, 206276.221 ] } },
{ "type": "Feature", "properties": { "Owner Type": "SSEN", "Owner Name": "SEPD", "Type": "Primary", "Class": "Distribution", "Number": "ARLG", "Status": "Existing", "Data Confidence": "Surveyed", "Operating Area": "", "Locality": "", "Extent": "19.99 m²" }, "geometry": { "type": "Point", "coordinates": [ 454198.006, 225462.318999999988591 ] } },
{ "type": "Feature", "properties": { "Owner Type": "SSEN", "Owner Name": "SEPD", "Type": "Primary", "Class": "Distribution", "Number": "TITC", "Status": "Existing", "Data Confidence": "Surveyed", "Operating Area": "", "Locality": "", "Extent": "1099.46 m²" }, "geometry": { "type": "Point", "coordinates": [ 454113.492000000027474, 105684.071 ] } },
{ "type": "Feature", "properties": { "Owner Type": "SSEN", "Owner Name": "SEPD", "Type": "Primary", "Class": "Distribution", "Number": "BOTW", "Status": "Existing", "Data Confidence": "Surveyed", "Operating Area": "", "Locality": "", "Extent": "23067.77 m²" }, "geometry": { "type": "Point", "coordinates": [ 454079.652, 109759.138 ] } },
{ "type": "Feature", "properties": { "Owner Type": "SSEN", "Owner Name": "SEPD", "Type": "Secondary", "Class": "Distribution", "Number": "6382669", "Status": "Existing", "Data Confidence": "Surveyed", "Operating Area": "Oxford North", "Locality": "Oxford North", "Extent": "36.01 m²" }, "geometry": { "type": "Point", "coordinates": [ 454055.009000000020023, 207241.612 ] } },
{ "type": "Feature", "properties": { "Owner Type": "SSEN", "Owner Name": "SEPD", "Type": "Primary", "Class": "Distribution", "Number": "YATT", "Status": "Existing", "Data Confidence": "Surveyed", "Operating Area": "Newbury", "Locality": "YATTENDON", "Extent": "1932.63 m²" }, "geometry": { "type": "Point", "coordinates": [ 453679.104999999981374, 174332.91 ] } },
{ "type": "Feature", "properties": { "Owner Type": "SSEN", "Owner Name": "SEPD", "Type": "Primary", "Class": "Distribution", "Number": "ROSH", "Status": "Existing", "Data Confidence": "Surveyed", "Operating Area": "", "Locality": "", "Extent": "1252.18 m²" }, "geometry": { "type": "Point", "coordinates": [ 453615.700000000011642, 203039.450000000011642 ] } },
{ "type": "Feature", "properties": { "Owner Type": "SSEN", "Owner Name": "SEPD", "Type": "Primary", "Class": "Distribution", "Number": "CULJ", "Status": "Existing", "Data Confidence": "Surveyed", "Operating Area": "", "Locality": "", "Extent": "14.23 m²" }, "geometry": { "type": "Point", "coordinates": [ 453538.425999999977648, 195936.63200000001234 ] } },
{ "type": "Feature", "properties": { "Owner Type": "SSEN", "Owner Name": "SEPD", "Type": "Primary", "Class": "Distribution", "Number": "RWPV", "Status": "Existing", "Data Confidence": "Surveyed", "Operating Area": "", "Locality": "", "Extent": "14.4 m²" }, "geometry": { "type": "Point", "coordinates": [ 453491.521, 216432.4 ] } },
{ "type": "Feature", "properties": { "Owner Type": "SSEN", "Owner Name": "SEPD", "Type": "Primary", "Class": "Distribution", "Number": "PLET", "Status": "Existing", "Data Confidence": "Surveyed", "Operating Area": "", "Locality": "", "Extent": "772.88 m²" }, "geometry": { "type": "Point", "coordinates": [ 453397.903999999980442, 106902.976 ] } },
{ "type": "Feature", "properties": { "Owner Type": "SSEN", "Owner Name": "SEPD", "Type": "Primary", "Class": "Distribution", "Number": "PLTG", "Status": "Existing", "Data Confidence": "Surveyed", "Operating Area": "", "Locality": "", "Extent": "16.38 m²" }, "geometry": { "type": "Point", "coordinates": [ 453253.147999999986496, 107036.724 ] } },
{ "type": "Feature", "properties": { "Owner Type": "SSEN", "Owner Name": "SEPD", "Type": "Secondary", "Class": "Distribution", "Number": "31154", "Status": "Existing", "Data Confidence": "Surveyed", "Operating Area": "Oxford South", "Locality": "Oxford South", "Extent": "16 m²" }, "geometry": { "type": "Point", "coordinates": [ 453054.533999999985099, 195971.911 ] } },
{ "type": "Feature", "properties": { "Owner Type": "SSEN", "Owner Name": "SEPD", "Type": "Primary", "Class": "Distribution", "Number": "CULH", "Status": "Existing", "Data Confidence": "Surveyed", "Operating Area": "", "Locality": "", "Extent": "2653.3 m²" }, "geometry": { "type": "Point", "coordinates": [ 453003.88, 196215.408 ] } },
{ "type": "Feature", "properties": { "Owner Type": "SSEN", "Owner Name": "SEPD", "Type": "Primary", "Class": "Distribution", "Number": "WHLE", "Status": "Existing", "Data Confidence": "Surveyed", "Operating Area": "Portsmouth", "Locality": "WHITELEY NR.FAREHAM", "Extent": "2196.92 m²" }, "geometry": { "type": "Point", "coordinates": [ 452932.575000000011642, 108825.525 ] } },
{ "type": "Feature", "properties": { "Owner Type": "SSEN", "Owner Name": "SEPD", "Type": "Primary", "Class": "Distribution", "Number": "KENN", "Status": "Existing", "Data Confidence": "Surveyed", "Operating Area": "", "Locality": "", "Extent": "805.31 m²" }, "geometry": { "type": "Point", "coordinates": [ 452900.924999999988358, 201075.325000000011642 ] } },
{ "type": "Feature", "properties": { "Owner Type": "SSEN", "Owner Name": "SEPD", "Type": "Primary", "Class": "Distribution", "Number": "UNIS", "Status": "Existing", "Data Confidence": "Surveyed", "Operating Area": "Oxford North", "Locality": "OXFORD (OXFN)", "Extent": "1192.97 m²" }, "geometry": { "type": "Point", "coordinates": [ 452844.099999999976717, 205921.924999999988358 ] } },
{ "type": "Feature", "properties": { "Owner Type": "SSEN", "Owner Name": "SEPD", "Type": "Primary", "Class": "Distribution", "Number": "THAT", "Status": "Existing", "Data Confidence": "Surveyed", "Operating Area": "Newbury", "Locality": "THATCHAM", "Extent": "10037.81 m²" }, "geometry": { "type": "Point", "coordinates": [ 452828.135, 166434.122 ] } },
{ "type": "Feature", "properties": { "Owner Type": "SSEN", "Owner Name": "SEPD", "Type": "Primary", "Class": "Distribution", "Number": "WOOC", "Status": "Existing", "Data Confidence": "Surveyed", "Operating Area": "Isle Of Wight", "Locality": "WOOTTON BRIDGE", "Extent": "12682.02 m²" }, "geometry": { "type": "Point", "coordinates": [ 452785.62400000001071, 90310.274999999994179 ] } },
{ "type": "Feature", "properties": { "Owner Type": "SSEN", "Owner Name": "SEPD", "Type": "Secondary (Pad Mounted)", "Class": "11kV/LV", "Number": "83263", "Status": "Existing", "Data Confidence": "Surveyed", "Operating Area": "Oxford South", "Locality": "BLEWBURY", "Extent": "16.05 m²" }, "geometry": { "type": "Point", "coordinates": [ 452743.24800000002142, 181827.835 ] } },
{ "type": "Feature", "properties": { "Owner Type": "SSEN", "Owner Name": "SEPD", "Type": "Primary", "Class": "Distribution", "Number": "DECG", "Status": "Existing", "Data Confidence": "Surveyed", "Operating Area": "", "Locality": "", "Extent": "1130.77 m²" }, "geometry": { "type": "Point", "coordinates": [ 452545.76500000001397, 108270.15 ] } },
{ "type": "Feature", "properties": { "Owner Type": "SSEN", "Owner Name": "SEPD", "Type": "Primary", "Class": "Distribution", "Number": "WCPV", "Status": "Existing", "Data Confidence": "Surveyed", "Operating Area": "", "Locality": "", "Extent": "35.75 m²" }, "geometry": { "type": "Point", "coordinates": [ 452325.902, 90527.436000000001513 ] } },
{ "type": "Feature", "properties": { "Owner Type": "SSEN", "Owner Name": "SEPD", "Type": "Primary", "Class": "Distribution", "Number": "OVER", "Status": "Existing", "Data Confidence": "Surveyed", "Operating Area": "Basingstoke", "Locality": "OVERTON", "Extent": "760.93 m²" }, "geometry": { "type": "Point", "coordinates": [ 452040.246999999973923, 150884.04 ] } },
{ "type": "Feature", "properties": { "Owner Type": "SSEN", "Owner Name": "SEPD", "Type": "Primary", "Class": "Distribution", "Number": "KING", "Status": "Existing", "Data Confidence": "Surveyed", "Operating Area": "", "Locality": "", "Extent": "1275.83 m²" }, "geometry": { "type": "Point", "coordinates": [ 451971.460000000020955, 159378.74 ] } },
{ "type": "Feature", "properties": { "Owner Type": "SSEN", "Owner Name": "SEPD", "Type": "Primary", "Class": "Distribution", "Number": "AIPD", "Status": "Existing", "Data Confidence": "Surveyed", "Operating Area": "", "Locality": "", "Extent": "50.21 m²" }, "geometry": { "type": "Point", "coordinates": [ 451778.032, 191286.901000000012573 ] } },
{ "type": "Feature", "properties": { "Owner Type": "SSEN", "Owner Name": "SEPD", "Type": "Primary", "Class": "Distribution", "Number": "UPPH", "Status": "Existing", "Data Confidence": "Surveyed", "Operating Area": "", "Locality": "", "Extent": "921.88 m²" }, "geometry": { "type": "Point", "coordinates": [ 451768.38, 225683.497 ] } },
{ "type": "Feature", "properties": { "Owner Type": "SSEN", "Owner Name": "SEPD", "Type": "Secondary (Pad Mounted)", "Class": "11kV/LV", "Number": "4410894", "Status": "Existing", "Data Confidence": "Surveyed", "Operating Area": "New Forest", "Locality": "WINCHESTER", "Extent": "31.43 m²" }, "geometry": { "type": "Point", "coordinates": [ 451601.78000000002794, 132820.212 ] } },
{ "type": "Feature", "properties": { "Owner Type": "SSEN", "Owner Name": "SEPD", "Type": "Primary", "Class": "33kV/11kV", "Number": "UNIP", "Status": "Existing", "Data Confidence": "Surveyed", "Operating Area": "Oxford South", "Locality": "OXFORD (OXFS)", "Extent": "486.13 m²" }, "geometry": { "type": "Point", "coordinates": [ 451451.549999999988358, 207075.299999999988358 ] } },
{ "type": "Feature", "properties": { "Owner Type": "SSEN", "Owner Name": "SEPD", "Type": "Primary", "Class": "Distribution", "Number": "PARG", "Status": "Existing", "Data Confidence": "Surveyed", "Operating Area": "Portsmouth", "Locality": "PARK GATE", "Extent": "2512.8 m²" }, "geometry": { "type": "Point", "coordinates": [ 451412.968, 108226.566 ] } },
{ "type": "Feature", "properties": { "Owner Type": "SSEN", "Owner Name": "SEPD", "Type": "Secondary", "Class": "Distribution", "Number": "7382916", "Status": "Existing", "Data Confidence": "Surveyed", "Operating Area": "Basingstoke", "Locality": "OVERTON", "Extent": "9.36 m²" }, "geometry": { "type": "Point", "coordinates": [ 451380.365, 148767.035 ] } },
{ "type": "Feature", "properties": { "Owner Type": "SSEN", "Owner Name": "SEPD", "Type": "Primary", "Class": "Distribution", "Number": "STEB", "Status": "Existing", "Data Confidence": "Surveyed", "Operating Area": "", "Locality": "", "Extent": "551.62 m²" }, "geometry": { "type": "Point", "coordinates": [ 451246.650000000023283, 205755.571999999985565 ] } },
{ "type": "Feature", "properties": { "Owner Type": "SSEN", "Owner Name": "SEPD", "Type": "Secondary (Pad Mounted)", "Class": "Distribution", "Number": "83011", "Status": "Existing", "Data Confidence": "Surveyed", "Operating Area": "Oxford South", "Locality": "CULHAM", "Extent": "3.61 m²" }, "geometry": { "type": "Point", "coordinates": [ 451188.854999999981374, 195490.00700000001234 ] } },
{ "type": "Feature", "properties": { "Owner Type": "SSEN", "Owner Name": "SEPD", "Type": "Primary", "Class": "132kV/11kV", "Number": "DIDC", "Status": "Existing", "Data Confidence": "Surveyed", "Operating Area": "Oxford South", "Locality": "DIDCOT", "Extent": "784.3 m²" }, "geometry": { "type": "Point", "coordinates": [ 451166.544999999983702, 192035.37 ] } },
{ "type": "Feature", "properties": { "Owner Type": "SSEN", "Owner Name": "SEPD", "Type": "Primary", "Class": "Distribution", "Number": "SUTC", "Status": "Existing", "Data Confidence": "Surveyed", "Operating Area": "", "Locality": "", "Extent": "269.04 m²" }, "geometry": { "type": "Point", "coordinates": [ 451159.367000000027474, 192356.980000000010477 ] } },
{ "type": "Feature", "properties": { "Owner Type": "SSEN", "Owner Name": "SEPD", "Type": "Secondary", "Class": "Distribution", "Number": "1923385", "Status": "Existing", "Data Confidence": "Surveyed", "Operating Area": "Oxford South", "Locality": "Oxford South", "Extent": "12.47 m²" }, "geometry": { "type": "Point", "coordinates": [ 451124.065, 206044.006 ] } },
{ "type": "Feature", "properties": { "Owner Type": "SSEN", "Owner Name": "SEPD", "Type": "Secondary", "Class": "Distribution", "Number": "3351977", "Status": "Existing", "Data Confidence": "Surveyed", "Operating Area": "Oxford South", "Locality": "Oxford South", "Extent": "16.87 m²" }, "geometry": { "type": "Point", "coordinates": [ 451122.538999999989755, 206040.891 ] } },
{ "type": "Feature", "properties": { "Owner Type": "SSEN", "Owner Name": "SEPD", "Type": "Secondary", "Class": "Distribution", "Number": "1923400", "Status": "Existing", "Data Confidence": "Surveyed", "Operating Area": "Oxford South", "Locality": "Oxford South", "Extent": "18.53 m²" }, "geometry": { "type": "Point", "coordinates": [ 451120.081, 206037.418 ] } },
{ "type": "Feature", "properties": { "Owner Type": "SSEN", "Owner Name": "SEPD", "Type": "Secondary", "Class": "Distribution", "Number": "3351992", "Status": "Existing", "Data Confidence": "Surveyed", "Operating Area": "Oxford South", "Locality": "Oxford South", "Extent": "12.56 m²" }, "geometry": { "type": "Point", "coordinates": [ 451119.472, 206030.082 ] } },
{ "type": "Feature", "properties": { "Owner Type": "SSEN", "Owner Name": "SEPD", "Type": "Secondary", "Class": "Distribution", "Number": "1543981", "Status": "Existing", "Data Confidence": "Surveyed", "Operating Area": "Oxford South", "Locality": "Oxford South", "Extent": "52.46 m²" }, "geometry": { "type": "Point", "coordinates": [ 451117.76, 205912.276000000012573 ] } },
{ "type": "Feature", "properties": { "Owner Type": "SSEN", "Owner Name": "SEPD", "Type": "Secondary", "Class": "Distribution", "Number": "1543936", "Status": "Existing", "Data Confidence": "Surveyed", "Operating Area": "Oxford South", "Locality": "Oxford South", "Extent": "52.47 m²" }, "geometry": { "type": "Point", "coordinates": [ 451111.25199999997858, 205913.419 ] } },
{ "type": "Feature", "properties": { "Owner Type": "SSEN", "Owner Name": "SEPD", "Type": "Primary", "Class": "33kV", "Number": "FFPV", "Status": "Existing", "Data Confidence": "Surveyed", "Operating Area": "Isle Of Wight", "Locality": "NEWPORT FAIRLEE", "Extent": "15.74 m²" }, "geometry": { "type": "Point", "coordinates": [ 451107.950000000011642, 90789.903999999994994 ] } },
{ "type": "Feature", "properties": { "Owner Type": "SSEN", "Owner Name": "SEPD", "Type": "Secondary", "Class": "Distribution", "Number": "1543951", "Status": "Existing", "Data Confidence": "Surveyed", "Operating Area": "Oxford South", "Locality": "Oxford South", "Extent": "45.44 m²" }, "geometry": { "type": "Point", "coordinates": [ 451098.606000000028871, 205858.619 ] } },
{ "type": "Feature", "properties": { "Owner Type": "SSEN", "Owner Name": "SEPD", "Type": "Secondary", "Class": "Distribution", "Number": "1543996", "Status": "Existing", "Data Confidence": "Surveyed", "Operating Area": "Oxford South", "Locality": "Oxford South", "Extent": "44.69 m²" }, "geometry": { "type": "Point", "coordinates": [ 451093.711000000010245, 205859.36799999998766 ] } },
{ "type": "Feature", "properties": { "Owner Type": "SSEN", "Owner Name": "SEPD", "Type": "Secondary", "Class": "Distribution", "Number": "1543966", "Status": "Existing", "Data Confidence": "Surveyed", "Operating Area": "Oxford South", "Locality": "Oxford South", "Extent": "52.45 m²" }, "geometry": { "type": "Point", "coordinates": [ 451056.425999999977648, 205909.87599999998929 ] } },
{ "type": "Feature", "properties": { "Owner Type": "SSEN", "Owner Name": "SEPD", "Type": "Secondary", "Class": "Distribution", "Number": "1543906", "Status": "Existing", "Data Confidence": "Surveyed", "Operating Area": "Oxford South", "Locality": "Oxford South", "Extent": "52.45 m²" }, "geometry": { "type": "Point", "coordinates": [ 451039.941999999980908, 205913.961000000010245 ] } },
{ "type": "Feature", "properties": { "Owner Type": "SSEN", "Owner Name": "SEPD", "Type": "Primary", "Class": "Distribution", "Number": "SFPV", "Status": "Existing", "Data Confidence": "Surveyed", "Operating Area": "", "Locality": "", "Extent": "10 m²" }, "geometry": { "type": "Point", "coordinates": [ 451034.619, 85877.376999999993131 ] } },
{ "type": "Feature", "properties": { "Owner Type": "SSEN", "Owner Name": "SEPD", "Type": "Secondary", "Class": "Distribution", "Number": "8481786", "Status": "Existing", "Data Confidence": "Surveyed", "Operating Area": "New Forest", "Locality": "WINCHESTER", "Extent": "8.76 m²" }, "geometry": { "type": "Point", "coordinates": [ 450904.924999999988358, 128300.364 ] } },
{ "type": "Feature", "properties": { "Owner Type": "SSEN", "Owner Name": "SEPD", "Type": "Secondary", "Class": "Distribution", "Number": "83036", "Status": "Existing", "Data Confidence": "Surveyed", "Operating Area": "Oxford South", "Locality": "Oxford South", "Extent": "28.25 m²" }, "geometry": { "type": "Point", "coordinates": [ 450633.25199999997858, 208977.954999999987194 ] } },
{ "type": "Feature", "properties": { "Owner Type": "SSEN", "Owner Name": "SEPD", "Type": "Primary", "Class": "Distribution", "Number": "COWE", "Status": "Existing", "Data Confidence": "Surveyed", "Operating Area": "", "Locality": "", "Extent": "10807.07 m²" }, "geometry": { "type": "Point", "coordinates": [ 450486.636, 94250.373000000006869 ] } },
{ "type": "Feature", "properties": { "Owner Type": "SSEN", "Owner Name": "SEPD", "Type": "Primary", "Class": "Distribution", "Number": "FRER", "Status": "Existing", "Data Confidence": "Surveyed", "Operating Area": "Oxford South", "Locality": "RIDG", "Extent": "957.88 m²" }, "geometry": { "type": "Point", "coordinates": [ 450444.351000000024214, 208236.052 ] } },
{ "type": "Feature", "properties": { "Owner Type": "SSEN", "Owner Name": "SEPD", "Type": "Primary", "Class": "Distribution", "Number": "LOVR", "Status": "Existing", "Data Confidence": "Surveyed", "Operating Area": "", "Locality": "", "Extent": "388.42 m²" }, "geometry": { "type": "Point", "coordinates": [ 450412.150000000023283, 210371.075000000011642 ] } },
{ "type": "Feature", "properties": { "Owner Type": "SSEN", "Owner Name": "SEPD", "Type": "Secondary", "Class": "Distribution", "Number": "7183404", "Status": "Existing", "Data Confidence": "Surveyed", "Operating Area": "Portsmouth", "Locality": "SARISBURY GREEN", "Extent": "16.69 m²" }, "geometry": { "type": "Point", "coordinates": [ 450145.852000000013504, 107990.054 ] } },
{ "type": "Feature", "properties": { "Owner Type": "SSEN", "Owner Name": "SEPD", "Type": "Primary", "Class": "33kV/11kV", "Number": "NEWP", "Status": "Existing", "Data Confidence": "Surveyed", "Operating Area": "Isle Of Wight", "Locality": "NEWPORT", "Extent": "1390.95 m²" }, "geometry": { "type": "Point", "coordinates": [ 450090.343, 89550.392999999996391 ] } },
{ "type": "Feature", "properties": { "Owner Type": "SSEN", "Owner Name": "SEPD", "Type": "Primary", "Class": "Distribution", "Number": "OSNE", "Status": "Existing", "Data Confidence": "Surveyed", "Operating Area": "", "Locality": "", "Extent": "4925.7 m²" }, "geometry": { "type": "Point", "coordinates": [ 450065.661000000021886, 205913.439000000013039 ] } },
{ "type": "Feature", "properties": { "Owner Type": "SSEN", "Owner Name": "SEPD", "Type": "Primary", "Class": "Distribution", "Number": "OXFO", "Status": "Existing", "Data Confidence": "Surveyed", "Operating Area": "", "Locality": "", "Extent": "5497.35 m²" }, "geometry": { "type": "Point", "coordinates": [ 450058.63900000002468, 205985.246000000013737 ] } },
{ "type": "Feature", "properties": { "Owner Type": "SSEN", "Owner Name": "SEPD", "Type": "Secondary (Pad Mounted)", "Class": "Distribution", "Number": "6337211", "Status": "Existing", "Data Confidence": "Surveyed", "Operating Area": "", "Locality": "", "Extent": "16 m²" }, "geometry": { "type": "Point", "coordinates": [ 450001.079000000027008, 196553.913999999989755 ] } },
{ "type": "Feature", "properties": { "Owner Type": "SSEN", "Owner Name": "SEPD", "Type": "Primary", "Class": "Distribution", "Number": "MILT", "Status": "Existing", "Data Confidence": "Surveyed", "Operating Area": "Oxford South", "Locality": "MILTON, OXON", "Extent": "2084.37 m²" }, "geometry": { "type": "Point", "coordinates": [ 449992.772999999986496, 192043.195 ] } },
{ "type": "Feature", "properties": { "Owner Type": "SSEN", "Owner Name": "SEPD", "Type": "Primary", "Class": "Distribution", "Number": "GREC", "Status": "Existing", "Data Confidence": "Surveyed", "Operating Area": "", "Locality": "", "Extent": "777.07 m²" }, "geometry": { "type": "Point", "coordinates": [ 449932.072999999974854, 164362.696 ] } },
{ "type": "Feature", "properties": { "Owner Type": "SSEN", "Owner Name": "SEPD", "Type": "Secondary", "Class": "Distribution", "Number": "6281679", "Status": "Existing", "Data Confidence": "Surveyed", "Operating Area": "Newbury", "Locality": "THATCHAM", "Extent": "7.97 m²" }, "geometry": { "type": "Point", "coordinates": [ 449931.039999999979045, 167276.378 ] } },
{ "type": "Feature", "properties": { "Owner Type": "SSEN", "Owner Name": "SEPD", "Type": "Secondary (Pad Mounted)", "Class": "Distribution", "Number": "8382980", "Status": "Existing", "Data Confidence": "Surveyed", "Operating Area": "Southampton", "Locality": "BURSLEDON", "Extent": "9 m²" }, "geometry": { "type": "Point", "coordinates": [ 449883.952, 111264.138 ] } },
{ "type": "Feature", "properties": { "Owner Type": "SSEN", "Owner Name": "SEPD", "Type": "Secondary", "Class": "Distribution", "Number": "2321633", "Status": "Existing", "Data Confidence": "Surveyed", "Operating Area": "Oxford South", "Locality": "RIDG", "Extent": "4.06 m²" }, "geometry": { "type": "Point", "coordinates": [ 449597.352000000013504, 197195.383 ] } },
{ "type": "Feature", "properties": { "Owner Type": "SSEN", "Owner Name": "SEPD", "Type": "Primary", "Class": "Distribution", "Number": "WINL", "Status": "Existing", "Data Confidence": "Surveyed", "Operating Area": "Oxford South", "Locality": "ABINGDON", "Extent": "1984.23 m²" }, "geometry": { "type": "Point", "coordinates": [ 449538.93, 196957.450000000011642 ] } },
{ "type": "Feature", "properties": { "Owner Type": "SSEN", "Owner Name": "SEPD", "Type": "Secondary", "Class": "Distribution", "Number": "83678", "Status": "Existing", "Data Confidence": "Surveyed", "Operating Area": "Portsmouth", "Locality": "WARSASH", "Extent": "25 m²" }, "geometry": { "type": "Point", "coordinates": [ 449433.819000000017695, 106417.38 ] } },
{ "type": "Feature", "properties": { "Owner Type": "SSEN", "Owner Name": "SEPD", "Type": "Primary", "Class": "Distribution", "Number": "WOOR", "Status": "Existing", "Data Confidence": "Surveyed", "Operating Area": "Oxford South", "Locality": "ABINGDON", "Extent": "1746.12 m²" }, "geometry": { "type": "Point", "coordinates": [ 449271.112000000022817, 198249.9 ] } },
{ "type": "Feature", "properties": { "Owner Type": "SSEN", "Owner Name": "SEPD", "Type": "Primary", "Class": "Distribution", "Number": "HEDE", "Status": "Existing", "Data Confidence": "Surveyed", "Operating Area": "", "Locality": "", "Extent": "828.83 m²" }, "geometry": { "type": "Point", "coordinates": [ 449038.32, 115679.075 ] } },
{ "type": "Feature", "properties": { "Owner Type": "SSEN", "Owner Name": "SEPD", "Type": "Primary", "Class": "Distribution", "Number": "CCPV", "Status": "Existing", "Data Confidence": "Surveyed", "Operating Area": "", "Locality": "", "Extent": "41.99 m²" }, "geometry": { "type": "Point", "coordinates": [ 448780.615, 117073.124 ] } },
{ "type": "Feature", "properties": { "Owner Type": "SSEN", "Owner Name": "SEPD", "Type": "Secondary", "Class": "11kV/LV", "Number": "8482529", "Status": "Existing", "Data Confidence": "Surveyed", "Operating Area": "New Forest", "Locality": "New Forest", "Extent": "14.66 m²" }, "geometry": { "type": "Point", "coordinates": [ 448698.679, 128994.428 ] } },
{ "type": "Feature", "properties": { "Owner Type": "SSEN", "Owner Name": "SEPD", "Type": "Secondary", "Class": "Distribution", "Number": "8382555", "Status": "Existing", "Data Confidence": "Surveyed", "Operating Area": "Southampton", "Locality": "FAIR OAK", "Extent": "7.71 m²" }, "geometry": { "type": "Point", "coordinates": [ 448670.836000000010245, 118036.217 ] } },
{ "type": "Feature", "properties": { "Owner Type": "SSEN", "Owner Name": "SEPD", "Type": "Primary", "Class": "33kV/11kV", "Number": "NHIN", "Status": "Existing", "Data Confidence": "Surveyed", "Operating Area": "Oxford South", "Locality": "NORTH HINKSEY", "Extent": "1219.15 m²" }, "geometry": { "type": "Point", "coordinates": [ 448644.12, 204403.761 ] } },
{ "type": "Feature", "properties": { "Owner Type": "SSEN", "Owner Name": "SEPD", "Type": "Primary", "Class": "Distribution", "Number": "FTPV", "Status": "Existing", "Data Confidence": "Surveyed", "Operating Area": "", "Locality": "", "Extent": "16 m²" }, "geometry": { "type": "Point", "coordinates": [ 448573.78000000002794, 211998.171 ] } },
{ "type": "Feature", "properties": { "Owner Type": "SSEN", "Owner Name": "SEPD", "Type": "Secondary", "Class": "Distribution", "Number": "8381670", "Status": "Existing", "Data Confidence": "Surveyed", "Operating Area": "Southampton", "Locality": "Southampton", "Extent": "13.39 m²" }, "geometry": { "type": "Point", "coordinates": [ 448499.517999999981839, 110580.878 ] } },
{ "type": "Feature", "properties": { "Owner Type": "SSEN", "Owner Name": "SEPD", "Type": "Primary", "Class": "132kV/33kV", "Number": "YARN", "Status": "Existing", "Data Confidence": "Surveyed", "Operating Area": "Oxford North", "Locality": "YARNTON", "Extent": "3275.94 m²" }, "geometry": { "type": "Point", "coordinates": [ 448306.37699999997858, 212081.231 ] } },
{ "type": "Feature", "properties": { "Owner Type": "SSEN", "Owner Name": "SEPD", "Type": "Primary", "Class": "Distribution", "Number": "YARN", "Status": "Existing", "Data Confidence": "Surveyed", "Operating Area": "", "Locality": "", "Extent": "168.72 m²" }, "geometry": { "type": "Point", "coordinates": [ 448269.283999999985099, 212090.758 ] } },
{ "type": "Feature", "properties": { "Owner Type": "SSEN", "Owner Name": "SEPD", "Type": "Primary", "Class": "Distribution", "Number": "GORR", "Status": "Existing", "Data Confidence": "Surveyed", "Operating Area": "", "Locality": "", "Extent": "1367.38 m²" }, "geometry": { "type": "Point", "coordinates": [ 448179.332999999984168, 130010.747 ] } },
{ "type": "Feature", "properties": { "Owner Type": "SSEN", "Owner Name": "SHEPD", "Type": "Primary", "Class": "Distribution", "Number": "", "Status": "Existing", "Data Confidence": "Surveyed", "Operating Area": "", "Locality": "", "Extent": "100 m²" }, "geometry": { "type": "Point", "coordinates": [ 448172.365999999979977, 1191442.633 ] } },
{ "type": "Feature", "properties": { "Owner Type": "SSEN", "Owner Name": "SEPD", "Type": "Secondary", "Class": "Distribution", "Number": "2149814", "Status": "Existing", "Data Confidence": "Surveyed", "Operating Area": "Oxford South", "Locality": "HARWELL", "Extent": "27.78 m²" }, "geometry": { "type": "Point", "coordinates": [ 448079.805, 186814.192000000010012 ] } },
{ "type": "Feature", "properties": { "Owner Type": "SSEN", "Owner Name": "SEPD", "Type": "Primary", "Class": "Distribution", "Number": "RIVE", "Status": "Existing", "Data Confidence": "Surveyed", "Operating Area": "", "Locality": "", "Extent": "561.65 m²" }, "geometry": { "type": "Point", "coordinates": [ 447864.150000000023283, 167186.975 ] } },
{ "type": "Feature", "properties": { "Owner Type": "SSEN", "Owner Name": "SEPD", "Type": "Secondary", "Class": "Distribution", "Number": "8383212", "Status": "Existing", "Data Confidence": "Surveyed", "Operating Area": "Southampton", "Locality": "Southampton", "Extent": "37.86 m²" }, "geometry": { "type": "Point", "coordinates": [ 447723.009000000020023, 110733.433 ] } },
{ "type": "Feature", "properties": { "Owner Type": "SSEN", "Owner Name": "SEPD", "Type": "Primary", "Class": "132kV/33kV", "Number": "NETC", "Status": "Existing", "Data Confidence": "Surveyed", "Operating Area": "Southampton", "Locality": "NETLEY COMMON", "Extent": "14557.33 m²" }, "geometry": { "type": "Point", "coordinates": [ 447561.528, 112004.129 ] } },
{ "type": "Feature", "properties": { "Owner Type": "SSEN", "Owner Name": "SEPD", "Type": "Primary", "Class": "Distribution", "Number": "HAMB", "Status": "Existing", "Data Confidence": "Surveyed", "Operating Area": "", "Locality": "", "Extent": "1411.66 m²" }, "geometry": { "type": "Point", "coordinates": [ 447397.358, 108778.74 ] } },
{ "type": "Feature", "properties": { "Owner Type": "SSEN", "Owner Name": "SEPD", "Type": "Primary", "Class": "33kV/11kV", "Number": "HARW", "Status": "Existing", "Data Confidence": "Surveyed", "Operating Area": "Oxford South", "Locality": "HARWELL", "Extent": "7749.56 m²" }, "geometry": { "type": "Point", "coordinates": [ 447395.457, 186969.284000000014203 ] } },
{ "type": "Feature", "properties": { "Owner Type": "SSEN", "Owner Name": "SEPD", "Type": "Secondary", "Class": "11kV", "Number": "8483272", "Status": "Existing", "Data Confidence": "Surveyed", "Operating Area": "New Forest", "Locality": "WINCHESTER", "Extent": "9 m²" }, "geometry": { "type": "Point", "coordinates": [ 447374.804, 129089.136 ] } },
{ "type": "Feature", "properties": { "Owner Type": "SSEN", "Owner Name": "SEPD", "Type": "Primary", "Class": "Distribution", "Number": "LOVL", "Status": "Existing", "Data Confidence": "Surveyed", "Operating Area": "Newbury", "Locality": "NEWBURY, BERKS", "Extent": "618.61 m²" }, "geometry": { "type": "Point", "coordinates": [ 447319.773999999975786, 168479.628999999986263 ] } },
{ "type": "Feature", "properties": { "Owner Type": "SSEN", "Owner Name": "SEPD", "Type": "Primary", "Class": "Distribution", "Number": "STCR", "Status": "Existing", "Data Confidence": "Surveyed", "Operating Area": "", "Locality": "", "Extent": "1388.82 m²" }, "geometry": { "type": "Point", "coordinates": [ 447308.952999999979511, 128168.481 ] } },
{ "type": "Feature", "properties": { "Owner Type": "SSEN", "Owner Name": "SEPD", "Type": "Primary", "Class": "Distribution", "Number": "HARS", "Status": "Existing", "Data Confidence": "Surveyed", "Operating Area": "", "Locality": "", "Extent": "2009.07 m²" }, "geometry": { "type": "Point", "coordinates": [ 447301.185, 186388.976 ] } },
{ "type": "Feature", "properties": { "Owner Type": "SSEN", "Owner Name": "SEPD", "Type": "Primary", "Class": "Distribution", "Number": "FAWL", "Status": "Existing", "Data Confidence": "Surveyed", "Operating Area": "", "Locality": "", "Extent": "5179.42 m²" }, "geometry": { "type": "Point", "coordinates": [ 447244.117000000027474, 102567.366 ] } },
{ "type": "Feature", "properties": { "Owner Type": "SSEN", "Owner Name": "SEPD", "Type": "Primary", "Class": "Distribution", "Number": "STJO", "Status": "Existing", "Data Confidence": "Surveyed", "Operating Area": "Newbury", "Locality": "NEWBURY, BERKS", "Extent": "983.12 m²" }, "geometry": { "type": "Point", "coordinates": [ 447096.59499999997206, 166376.665 ] } },
{ "type": "Feature", "properties": { "Owner Type": "SSEN", "Owner Name": "DOAN", "Type": "Primary", "Class": "Distribution", "Number": "CASG", "Status": "Existing", "Data Confidence": "Surveyed", "Operating Area": "", "Locality": "", "Extent": "6.58 m²" }, "geometry": { "type": "Point", "coordinates": [ 447083.76, 357198.325000000011642 ] } },
{ "type": "Feature", "properties": { "Owner Type": "SSEN", "Owner Name": "SEPD", "Type": "Secondary (Pad Mounted)", "Class": "Distribution", "Number": "8483237", "Status": "Existing", "Data Confidence": "Surveyed", "Operating Area": "New Forest", "Locality": "New Forest", "Extent": "4 m²" }, "geometry": { "type": "Point", "coordinates": [ 447024.392999999981839, 141570.74 ] } },
{ "type": "Feature", "properties": { "Owner Type": "SSEN", "Owner Name": "SEPD", "Type": "Primary", "Class": "Distribution", "Number": "ONPV", "Status": "Existing", "Data Confidence": "Surveyed", "Operating Area": "", "Locality": "", "Extent": "25.54 m²" }, "geometry": { "type": "Point", "coordinates": [ 446767.98599999997532, 110192.324 ] } },
{ "type": "Feature", "properties": { "Owner Type": "SSEN", "Owner Name": "SEPD", "Type": "Primary", "Class": "Distribution", "Number": "DEDD", "Status": "Existing", "Data Confidence": "Surveyed", "Operating Area": "", "Locality": "", "Extent": "1355.46 m²" }, "geometry": { "type": "Point", "coordinates": [ 446755.64000000001397, 230312.935 ] } },
{ "type": "Feature", "properties": { "Owner Type": "SSEN", "Owner Name": "SEPD", "Type": "Primary", "Class": "Distribution", "Number": "DRAY", "Status": "Existing", "Data Confidence": "Surveyed", "Operating Area": "", "Locality": "", "Extent": "15216.65 m²" }, "geometry": { "type": "Point", "coordinates": [ 446683.73499999998603, 192704.590999999985797 ] } },
{ "type": "Feature", "properties": { "Owner Type": "SSEN", "Owner Name": "SEPD", "Type": "Secondary (Pad Mounted)", "Class": "11kV/LV", "Number": "8482556", "Status": "Existing", "Data Confidence": "Surveyed", "Operating Area": "", "Locality": "OTTERBOURNE", "Extent": "4 m²" }, "geometry": { "type": "Point", "coordinates": [ 446598.509000000020023, 122537.944 ] } },
{ "type": "Feature", "properties": { "Owner Type": "SSEN", "Owner Name": "SHEPD", "Type": "Primary", "Class": "Distribution", "Number": "", "Status": "Existing", "Data Confidence": "Surveyed", "Operating Area": "", "Locality": "", "Extent": "37490.25 m²" }, "geometry": { "type": "Point", "coordinates": [ 446479.954000000027008, 1142753.845 ] } },
{ "type": "Feature", "properties": { "Owner Type": "SSEN", "Owner Name": "SHEPD", "Type": "Grid/Bulk Supply pt", "Class": "Transmission", "Number": "", "Status": "Existing", "Data Confidence": "Surveyed", "Operating Area": "", "Locality": "", "Extent": "36535.77 m²" }, "geometry": { "type": "Point", "coordinates": [ 446478.835000000020955, 1142776.389999999897555 ] } },
{ "type": "Feature", "properties": { "Owner Type": "SSEN", "Owner Name": "SEPD", "Type": "Primary", "Class": "Distribution", "Number": "BISH", "Status": "Existing", "Data Confidence": "Surveyed", "Operating Area": "Southampton", "Locality": "Southampton", "Extent": "898.01 m²" }, "geometry": { "type": "Point", "coordinates": [ 446470.875, 118510.625 ] } },
{ "type": "Feature", "properties": { "Owner Type": "SSEN", "Owner Name": "SEPD", "Type": "Secondary", "Class": "Distribution", "Number": "2283252", "Status": "Existing", "Data Confidence": "Surveyed", "Operating Area": "Andover", "Locality": "Andover", "Extent": "22.39 m²" }, "geometry": { "type": "Point", "coordinates": [ 446399.357000000018161, 147196.174999999988358 ] } },
{ "type": "Feature", "properties": { "Owner Type": "SSEN", "Owner Name": "SEPD", "Type": "Secondary", "Class": "Distribution", "Number": "4383252", "Status": "Existing", "Data Confidence": "Surveyed", "Operating Area": "Southampton", "Locality": "SHOLING", "Extent": "9.06 m²" }, "geometry": { "type": "Point", "coordinates": [ 446382.414999999979045, 111071.762 ] } },
{ "type": "Feature", "properties": { "Owner Type": "SSEN", "Owner Name": "SEPD", "Type": "Secondary", "Class": "Distribution", "Number": "6282963", "Status": "Existing", "Data Confidence": "Surveyed", "Operating Area": "Newbury", "Locality": "Newbury", "Extent": "16 m²" }, "geometry": { "type": "Point", "coordinates": [ 446357.617000000027474, 164935.038 ] } },
{ "type": "Feature", "properties": { "Owner Type": "SSEN", "Owner Name": "SEPD", "Type": "Primary", "Class": "Distribution", "Number": "HAST", "Status": "Existing", "Data Confidence": "Surveyed", "Operating Area": "", "Locality": "", "Extent": "2892.36 m²" }, "geometry": { "type": "Point", "coordinates": [ 445948.924, 131292.899 ] } },
{ "type": "Feature", "properties": { "Owner Type": "SSEN", "Owner Name": "SEPD", "Type": "Primary", "Class": "Distribution", "Number": "WHIT", "Status": "Existing", "Data Confidence": "Surveyed", "Operating Area": "Andover", "Locality": "WHITCHURCH, HANTS", "Extent": "1049.67 m²" }, "geometry": { "type": "Point", "coordinates": [ 445944.0, 148472.85999999998603 ] } },
{ "type": "Feature", "properties": { "Owner Type": "SSEN", "Owner Name": "SEPD", "Type": "Primary", "Class": "Distribution", "Number": "EASN", "Status": "Existing", "Data Confidence": "Surveyed", "Operating Area": "", "Locality": "", "Extent": "391.95 m²" }, "geometry": { "type": "Point", "coordinates": [ 445431.830000000016298, 118938.88 ] } },
{ "type": "Feature", "properties": { "Owner Type": "SSEN", "Owner Name": "SEPD", "Type": "Primary", "Class": "132kV/33kV", "Number": "FAWS", "Status": "Existing", "Data Confidence": "Surveyed", "Operating Area": "New Forest", "Locality": "FAWLEY, HANTS", "Extent": "8254.93 m²" }, "geometry": { "type": "Point", "coordinates": [ 445390.896, 104329.566 ] } },
{ "type": "Feature", "properties": { "Owner Type": "SSEN", "Owner Name": "SEPD", "Type": "Primary", "Class": "Distribution", "Number": "EASS", "Status": "Existing", "Data Confidence": "Surveyed", "Operating Area": "", "Locality": "", "Extent": "401.22 m²" }, "geometry": { "type": "Point", "coordinates": [ 445379.641, 118379.755 ] } },
{ "type": "Feature", "properties": { "Owner Type": "SSEN", "Owner Name": "SEPD", "Type": "Secondary (Pad Mounted)", "Class": "Distribution", "Number": "8414055", "Status": "Existing", "Data Confidence": "Surveyed", "Operating Area": "", "Locality": "", "Extent": "20.99 m²" }, "geometry": { "type": "Point", "coordinates": [ 445319.231000000028871, 132937.405999999988126 ] } },
{ "type": "Feature", "properties": { "Owner Type": "SSEN", "Owner Name": "SEPD", "Type": "Primary", "Class": "Distribution", "Number": "HTPV", "Status": "Existing", "Data Confidence": "Surveyed", "Operating Area": "", "Locality": "", "Extent": "23.4 m²" }, "geometry": { "type": "Point", "coordinates": [ 445262.705000000016298, 230005.299999999988358 ] } },
{ "type": "Feature", "properties": { "Owner Type": "SSEN", "Owner Name": "SEPD", "Type": "Primary", "Class": "Distribution", "Number": "WEST", "Status": "Existing", "Data Confidence": "Surveyed", "Operating Area": "", "Locality": "", "Extent": "1686.71 m²" }, "geometry": { "type": "Point", "coordinates": [ 445189.950000000011642, 109947.095 ] } },
{ "type": "Feature", "properties": { "Owner Type": "SSEN", "Owner Name": "SEPD", "Type": "Primary", "Class": "Distribution", "Number": "LANG", "Status": "Existing", "Data Confidence": "Surveyed", "Operating Area": "", "Locality": "", "Extent": "6567.18 m²" }, "geometry": { "type": "Point", "coordinates": [ 445187.299999999988358, 101376.08 ] } },
{ "type": "Feature", "properties": { "Owner Type": "SSEN", "Owner Name": "SEPD", "Type": "Primary", "Class": "Distribution", "Number": "TOWP", "Status": "Existing", "Data Confidence": "Surveyed", "Operating Area": "", "Locality": "", "Extent": "631.32 m²" }, "geometry": { "type": "Point", "coordinates": [ 445175.474999999976717, 114783.85 ] } },
{ "type": "Feature", "properties": { "Owner Type": "SSEN", "Owner Name": "SEPD", "Type": "Secondary (Pad Mounted)", "Class": "Distribution", "Number": "6275237", "Status": "Existing", "Data Confidence": "Surveyed", "Operating Area": "Newbury", "Locality": "BAGNOR", "Extent": "18 m²" }, "geometry": { "type": "Point", "coordinates": [ 445161.462, 169421.897999999986496 ] } },
{ "type": "Feature", "properties": { "Owner Type": "SSEN", "Owner Name": "SEPD", "Type": "Primary", "Class": "Distribution", "Number": "BITT", "Status": "Existing", "Data Confidence": "Surveyed", "Operating Area": "", "Locality": "", "Extent": "1438.09 m²" }, "geometry": { "type": "Point", "coordinates": [ 445084.299999999988358, 113079.053 ] } },
{ "type": "Feature", "properties": { "Owner Type": "3rd Party", "Owner Name": "N/A", "Type": "Primary", "Class": "Distribution", "Number": "FAWC", "Status": "Existing", "Data Confidence": "Surveyed", "Operating Area": "", "Locality": "", "Extent": "1795.66 m²" }, "geometry": { "type": "Point", "coordinates": [ 445061.0, 103917.75 ] } },
{ "type": "Feature", "properties": { "Owner Type": "SSEN", "Owner Name": "SEPD", "Type": "Primary", "Class": "Distribution", "Number": "WINC", "Status": "Existing", "Data Confidence": "Surveyed", "Operating Area": "", "Locality": "", "Extent": "9094.25 m²" }, "geometry": { "type": "Point", "coordinates": [ 444970.592, 126671.47 ] } },
{ "type": "Feature", "properties": { "Owner Type": "SSEN", "Owner Name": "SEPD", "Type": "Primary", "Class": "Distribution", "Number": "MPPV", "Status": "Existing", "Data Confidence": "Surveyed", "Operating Area": "", "Locality": "", "Extent": "48.88 m²" }, "geometry": { "type": "Point", "coordinates": [ 444907.729999999981374, 193409.777 ] } },
{ "type": "Feature", "properties": { "Owner Type": "SSEN", "Owner Name": "SEPD", "Type": "Primary", "Class": "33kV", "Number": "HDPV", "Status": "Existing", "Data Confidence": "Surveyed", "Operating Area": "Oxford South", "Locality": "STEVENTON, OXON", "Extent": "16 m²" }, "geometry": { "type": "Point", "coordinates": [ 444865.183000000019092, 191219.685999999986961 ] } },
{ "type": "Feature", "properties": { "Owner Type": "SSEN", "Owner Name": "SEPD", "Type": "Secondary (Pad Mounted)", "Class": "Distribution", "Number": "6275686", "Status": "Existing", "Data Confidence": "Surveyed", "Operating Area": "Newbury", "Locality": "ENBOURNE", "Extent": "16 m²" }, "geometry": { "type": "Point", "coordinates": [ 444820.99800000002142, 166314.202 ] } },
{ "type": "Feature", "properties": { "Owner Type": "SSEN", "Owner Name": "SEPD", "Type": "Primary", "Class": "Distribution", "Number": "WOOD", "Status": "Existing", "Data Confidence": "Surveyed", "Operating Area": "", "Locality": "", "Extent": "1324.45 m²" }, "geometry": { "type": "Point", "coordinates": [ 444808.64000000001397, 217474.51 ] } },
{ "type": "Feature", "properties": { "Owner Type": "SSEN", "Owner Name": "SEPD", "Type": "Secondary (Pad Mounted)", "Class": "11kV/LV", "Number": "8483439", "Status": "Existing", "Data Confidence": "Surveyed", "Operating Area": "New Forest", "Locality": "WINCHESTER", "Extent": "9 m²" }, "geometry": { "type": "Point", "coordinates": [ 444620.343, 129457.749 ] } },
{ "type": "Feature", "properties": { "Owner Type": "SSEN", "Owner Name": "SEPD", "Type": "Primary", "Class": "Distribution", "Number": "SILK", "Status": "Existing", "Data Confidence": "Surveyed", "Operating Area": "", "Locality": "", "Extent": "589.78 m²" }, "geometry": { "type": "Point", "coordinates": [ 444586.13, 124550.59 ] } },
{ "type": "Feature", "properties": { "Owner Type": "SSEN", "Owner Name": "SEPD", "Type": "Secondary", "Class": "Distribution", "Number": "8381701", "Status": "Existing", "Data Confidence": "Surveyed", "Operating Area": "Southampton", "Locality": "Southampton", "Extent": "29.79 m²" }, "geometry": { "type": "Point", "coordinates": [ 444568.353, 119585.973 ] } },
{ "type": "Feature", "properties": { "Owner Type": "SSEN", "Owner Name": "SEPD", "Type": "Primary", "Class": "Distribution", "Number": "DFPV", "Status": "Existing", "Data Confidence": "Surveyed", "Operating Area": "", "Locality": "", "Extent": "8.8 m²" }, "geometry": { "type": "Point", "coordinates": [ 444537.625, 90251.81699999999546 ] } },
{ "type": "Feature", "properties": { "Owner Type": "SSEN", "Owner Name": "SEPD", "Type": "Primary", "Class": "Distribution", "Number": "WIDL", "Status": "Existing", "Data Confidence": "Surveyed", "Operating Area": "", "Locality": "", "Extent": "626.69 m²" }, "geometry": { "type": "Point", "coordinates": [ 444416.348, 116477.55 ] } },
{ "type": "Feature", "properties": { "Owner Type": "SSEN", "Owner Name": "SEPD", "Type": "Primary", "Class": "Distribution", "Number": "WOOL", "Status": "Existing", "Data Confidence": "Surveyed", "Operating Area": "Southampton", "Locality": "WOOLSTON SOTN", "Extent": "580.53 m²" }, "geometry": { "type": "Point", "coordinates": [ 444154.299999999988358, 111225.275 ] } },
{ "type": "Feature", "properties": { "Owner Type": "SSEN", "Owner Name": "SEPD", "Type": "Primary", "Class": "Distribution", "Number": "ESSO", "Status": "Existing", "Data Confidence": "Surveyed", "Operating Area": "", "Locality": "", "Extent": "1328.55 m²" }, "geometry": { "type": "Point", "coordinates": [ 444152.325000000011642, 103818.605 ] } },
{ "type": "Feature", "properties": { "Owner Type": "SSEN", "Owner Name": "SEPD", "Type": "Primary", "Class": "Distribution", "Number": "STPV", "Status": "Existing", "Data Confidence": "Surveyed", "Operating Area": "", "Locality": "", "Extent": "19.98 m²" }, "geometry": { "type": "Point", "coordinates": [ 444147.842, 192948.123 ] } },
{ "type": "Feature", "properties": { "Owner Type": "SSEN", "Owner Name": "SEPD", "Type": "Primary", "Class": "Distribution", "Number": "FAWN", "Status": "Existing", "Data Confidence": "Surveyed", "Operating Area": "", "Locality": "", "Extent": "10377.97 m²" }, "geometry": { "type": "Point", "coordinates": [ 444135.332, 104515.454 ] } },
{ "type": "Feature", "properties": { "Owner Type": "SSEN", "Owner Name": "SEPD", "Type": "Primary", "Class": "Distribution", "Number": "LECK", "Status": "Existing", "Data Confidence": "Surveyed", "Operating Area": "", "Locality": "", "Extent": "1765.82 m²" }, "geometry": { "type": "Point", "coordinates": [ 443990.705000000016298, 177617.117 ] } },
{ "type": "Feature", "properties": { "Owner Type": "SSEN", "Owner Name": "SHEPD", "Type": "Primary", "Class": "Distribution", "Number": "692", "Status": "Existing", "Data Confidence": "Surveyed", "Operating Area": "Shetland District", "Locality": "FIRTH, SHETLAND", "Extent": "386.17 m²" }, "geometry": { "type": "Point", "coordinates": [ 443981.848999999987427, 1174168.569 ] } },
{ "type": "Feature", "properties": { "Owner Type": "SSEN", "Owner Name": "SEPD", "Type": "Primary", "Class": "Distribution", "Number": "OLPV", "Status": "Existing", "Data Confidence": "Surveyed", "Operating Area": "", "Locality": "", "Extent": "539.99 m²" }, "geometry": { "type": "Point", "coordinates": [ 443856.553000000014435, 143057.435999999986961 ] } },
{ "type": "Feature", "properties": { "Owner Type": "SSEN", "Owner Name": "SEPD", "Type": "Primary", "Class": "Distribution", "Number": "LYNC", "Status": "Existing", "Data Confidence": "Surveyed", "Operating Area": "", "Locality": "", "Extent": "5860.67 m²" }, "geometry": { "type": "Point", "coordinates": [ 443806.99800000002142, 105424.385 ] } },
{ "type": "Feature", "properties": { "Owner Type": "SSEN", "Owner Name": "SEPD", "Type": "Primary", "Class": "33kV/6.6kV", "Number": "WOML", "Status": "Existing", "Data Confidence": "Surveyed", "Operating Area": "Southampton", "Locality": "PORTSWOOD", "Extent": "499.74 m²" }, "geometry": { "type": "Point", "coordinates": [ 443732.974999999976717, 115453.605 ] } },
{ "type": "Feature", "properties": { "Owner Type": "SSEN", "Owner Name": "SEPD", "Type": "Primary", "Class": "Distribution", "Number": "BOCF", "Status": "Existing", "Data Confidence": "Surveyed", "Operating Area": "", "Locality": "", "Extent": "730.31 m²" }, "geometry": { "type": "Point", "coordinates": [ 443685.794999999983702, 105450.2 ] } },
{ "type": "Feature", "properties": { "Owner Type": "SSEN", "Owner Name": "SEPD", "Type": "Primary", "Class": "Distribution", "Number": "LAPV", "Status": "Existing", "Data Confidence": "Surveyed", "Operating Area": "", "Locality": "", "Extent": "80 m²" }, "geometry": { "type": "Point", "coordinates": [ 443633.878000000026077, 193599.941 ] } },
{ "type": "Feature", "properties": { "Owner Type": "SSEN", "Owner Name": "SEPD", "Type": "Primary", "Class": "Distribution", "Number": "BPEF", "Status": "Existing", "Data Confidence": "Surveyed", "Operating Area": "", "Locality": "", "Extent": "473.32 m²" }, "geometry": { "type": "Point", "coordinates": [ 443609.821999999985565, 105794.449 ] } },
{ "type": "Feature", "properties": { "Owner Type": "SSEN", "Owner Name": "DOAN", "Type": "Primary", "Class": "Distribution", "Number": "ETSA", "Status": "Existing", "Data Confidence": "Surveyed", "Operating Area": "", "Locality": "", "Extent": "50.53 m²" }, "geometry": { "type": "Point", "coordinates": [ 443576.175999999977648, 311353.789999999979045 ] } },
{ "type": "Feature", "properties": { "Owner Type": "SSEN", "Owner Name": "SEPD", "Type": "Secondary (Pad Mounted)", "Class": "Distribution", "Number": "8382593", "Status": "Existing", "Data Confidence": "Surveyed", "Operating Area": "New Forest", "Locality": "BARTON STACEY", "Extent": "7.98 m²" }, "geometry": { "type": "Point", "coordinates": [ 443563.994, 140679.103 ] } },
{ "type": "Feature", "properties": { "Owner Type": "SSEN", "Owner Name": "SEPD", "Type": "Primary", "Class": "Distribution", "Number": "CHAN", "Status": "Existing", "Data Confidence": "Surveyed", "Operating Area": "", "Locality": "", "Extent": "517.39 m²" }, "geometry": { "type": "Point", "coordinates": [ 443484.727000000013504, 121541.364 ] } },
{ "type": "Feature", "properties": { "Owner Type": "SSEN", "Owner Name": "SEPD", "Type": "Primary", "Class": "Distribution", "Number": "KIDD", "Status": "Existing", "Data Confidence": "Surveyed", "Operating Area": "Oxford North", "Locality": "KIDDINGTON", "Extent": "2505.95 m²" }, "geometry": { "type": "Point", "coordinates": [ 443373.789999999979045, 224288.894999999989523 ] } },
{ "type": "Feature", "properties": { "Owner Type": "SSEN", "Owner Name": "SEPD", "Type": "Secondary", "Class": "Distribution", "Number": "1678124", "Status": "Existing", "Data Confidence": "Surveyed", "Operating Area": "Oxford North", "Locality": "WITNEY", "Extent": "11.99 m²" }, "geometry": { "type": "Point", "coordinates": [ 443174.00099999998929, 214202.815 ] } },
{ "type": "Feature", "properties": { "Owner Type": "SSEN", "Owner Name": "SHEPD", "Type": "Primary", "Class": "Distribution", "Number": "", "Status": "Existing", "Data Confidence": "Surveyed", "Operating Area": "", "Locality": "", "Extent": "77.06 m²" }, "geometry": { "type": "Point", "coordinates": [ 443085.919, 1125957.987999999895692 ] } },
{ "type": "Feature", "properties": { "Owner Type": "SSEN", "Owner Name": "SEPD", "Type": "Secondary", "Class": "Distribution", "Number": "8382986", "Status": "Existing", "Data Confidence": "Surveyed", "Operating Area": "Southampton", "Locality": "SOUTHAMPTON", "Extent": "16 m²" }, "geometry": { "type": "Point", "coordinates": [ 443061.711000000010245, 111459.345 ] } },
{ "type": "Feature", "properties": { "Owner Type": "SSEN", "Owner Name": "SEPD", "Type": "Secondary", "Class": "Distribution", "Number": "8381801", "Status": "Existing", "Data Confidence": "Surveyed", "Operating Area": "Southampton", "Locality": "Southampton", "Extent": "13.97 m²" }, "geometry": { "type": "Point", "coordinates": [ 443015.775000000023283, 112934.148 ] } },
{ "type": "Feature", "properties": { "Owner Type": "SSEN", "Owner Name": "SEPD", "Type": "Secondary", "Class": "Distribution", "Number": "8383213", "Status": "Existing", "Data Confidence": "Surveyed", "Operating Area": "Southampton", "Locality": "Southampton", "Extent": "14.17 m²" }, "geometry": { "type": "Point", "coordinates": [ 443013.732000000018161, 112930.686 ] } },
{ "type": "Feature", "properties": { "Owner Type": "SSEN", "Owner Name": "SEPD", "Type": "Primary", "Class": "Distribution", "Number": "VELM", "Status": "Existing", "Data Confidence": "Surveyed", "Operating Area": "", "Locality": "", "Extent": "10271.44 m²" }, "geometry": { "type": "Point", "coordinates": [ 442855.0, 119214.075 ] } },
{ "type": "Feature", "properties": { "Owner Type": "SSEN", "Owner Name": "SEPD", "Type": "Primary", "Class": "Distribution", "Number": "CHAP", "Status": "Existing", "Data Confidence": "Surveyed", "Operating Area": "", "Locality": "", "Extent": "460.91 m²" }, "geometry": { "type": "Point", "coordinates": [ 442826.37, 111878.07 ] } },
{ "type": "Feature", "properties": { "Owner Type": "SSEN", "Owner Name": "SEPD", "Type": "Primary", "Class": "Distribution", "Number": "UNKNOWN", "Status": "Existing", "Data Confidence": "Surveyed", "Operating Area": "", "Locality": "", "Extent": "782.29 m²" }, "geometry": { "type": "Point", "coordinates": [ 442677.38, 119155.535 ] } },
{ "type": "Feature", "properties": { "Owner Type": "SSEN", "Owner Name": "SEPD", "Type": "Primary", "Class": "Distribution", "Number": "BEVV", "Status": "Existing", "Data Confidence": "Surveyed", "Operating Area": "", "Locality": "", "Extent": "454.78 m²" }, "geometry": { "type": "Point", "coordinates": [ 442658.700000000011642, 113179.225 ] } },
{ "type": "Feature", "properties": { "Owner Type": "SSEN", "Owner Name": "SEPD", "Type": "Primary", "Class": "Distribution", "Number": "OLDD", "Status": "Existing", "Data Confidence": "Surveyed", "Operating Area": "", "Locality": "", "Extent": "506.21 m²" }, "geometry": { "type": "Point", "coordinates": [ 442611.099999999976717, 110910.025 ] } },
{ "type": "Feature", "properties": { "Owner Type": "SSEN", "Owner Name": "SEPD", "Type": "Primary", "Class": "Distribution", "Number": "CENB", "Status": "Existing", "Data Confidence": "Surveyed", "Operating Area": "", "Locality": "", "Extent": "590.79 m²" }, "geometry": { "type": "Point", "coordinates": [ 442608.775000000023283, 111259.775 ] } },
{ "type": "Feature", "properties": { "Owner Type": "SSEN", "Owner Name": "SEPD", "Type": "Primary", "Class": "Distribution", "Number": "FHPV", "Status": "Existing", "Data Confidence": "Surveyed", "Operating Area": "", "Locality": "", "Extent": "16 m²" }, "geometry": { "type": "Point", "coordinates": [ 442584.982000000018161, 123494.31 ] } },
{ "type": "Feature", "properties": { "Owner Type": "SSEN", "Owner Name": "SEPD", "Type": "Secondary", "Class": "Distribution", "Number": "8482632", "Status": "Existing", "Data Confidence": "Surveyed", "Operating Area": "New Forest", "Locality": "HYTHE", "Extent": "7.84 m²" }, "geometry": { "type": "Point", "coordinates": [ 442507.434, 107811.191 ] } },
{ "type": "Feature", "properties": { "Owner Type": "SSEN", "Owner Name": "SEPD", "Type": "Primary", "Class": "Distribution", "Number": "BALH", "Status": "Existing", "Data Confidence": "Surveyed", "Operating Area": "", "Locality": "", "Extent": "3419.34 m²" }, "geometry": { "type": "Point", "coordinates": [ 442441.316, 163174.571 ] } },
{ "type": "Feature", "properties": { "Owner Type": "SSEN", "Owner Name": "SHEPD", "Type": "Primary", "Class": "Distribution", "Number": "", "Status": "Existing", "Data Confidence": "Surveyed", "Operating Area": "Shetland District", "Locality": "Shetland District", "Extent": "16 m²" }, "geometry": { "type": "Point", "coordinates": [ 442397.093999999982771, 1142384.933999999891967 ] } },
{ "type": "Feature", "properties": { "Owner Type": "SSEN", "Owner Name": "SEPD", "Type": "Primary", "Class": "Distribution", "Number": "FYFI", "Status": "Existing", "Data Confidence": "Surveyed", "Operating Area": "", "Locality": "", "Extent": "1441.21 m²" }, "geometry": { "type": "Point", "coordinates": [ 442274.189000000013039, 199566.835 ] } },
{ "type": "Feature", "properties": { "Owner Type": "SSEN", "Owner Name": "SEPD", "Type": "Primary", "Class": "Distribution", "Number": "EYNS", "Status": "Existing", "Data Confidence": "Surveyed", "Operating Area": "", "Locality": "", "Extent": "1778.55 m²" }, "geometry": { "type": "Point", "coordinates": [ 442261.89000000001397, 210254.182999999989988 ] } },
{ "type": "Feature", "properties": { "Owner Type": "SSEN", "Owner Name": "SEPD", "Type": "Primary", "Class": "Distribution", "Number": "BASS", "Status": "Existing", "Data Confidence": "Surveyed", "Operating Area": "", "Locality": "", "Extent": "932.94 m²" }, "geometry": { "type": "Point", "coordinates": [ 442228.224999999976717, 115941.093 ] } },
{ "type": "Feature", "properties": { "Owner Type": "SSEN", "Owner Name": "SEPD", "Type": "Primary", "Class": "33kV", "Number": "EGPV", "Status": "Existing", "Data Confidence": "Surveyed", "Operating Area": "Oxford South", "Locality": "WANTAGE", "Extent": "623.59 m²" }, "geometry": { "type": "Point", "coordinates": [ 442198.407, 190089.788999999989755 ] } },
{ "type": "Feature", "properties": { "Owner Type": "SSEN", "Owner Name": "SEPD", "Type": "Primary", "Class": "Distribution", "Number": "BARS", "Status": "Existing", "Data Confidence": "Surveyed", "Operating Area": "", "Locality": "", "Extent": "1089.54 m²" }, "geometry": { "type": "Point", "coordinates": [ 442100.259000000020023, 142714.450000000011642 ] } },
{ "type": "Feature", "properties": { "Owner Type": "SSEN", "Owner Name": "SEPD", "Type": "Primary", "Class": "Distribution", "Number": "IBMH", "Status": "Existing", "Data Confidence": "Surveyed", "Operating Area": "", "Locality": "", "Extent": "915.97 m²" }, "geometry": { "type": "Point", "coordinates": [ 442065.789999999979045, 125308.0 ] } },
{ "type": "Feature", "properties": { "Owner Type": "SSEN", "Owner Name": "SEPD", "Type": "Secondary", "Class": "Distribution", "Number": "6382118", "Status": "Existing", "Data Confidence": "Surveyed", "Operating Area": "Oxford North", "Locality": "Oxford North", "Extent": "7.61 m²" }, "geometry": { "type": "Point", "coordinates": [ 442043.072999999974854, 213709.356 ] } },
{ "type": "Feature", "properties": { "Owner Type": "SSEN", "Owner Name": "SEPD", "Type": "Secondary", "Class": "Distribution", "Number": "0033882", "Status": "Existing", "Data Confidence": "Surveyed", "Operating Area": "", "Locality": "", "Extent": "20.25 m²" }, "geometry": { "type": "Point", "coordinates": [ 441999.773999999975786, 224757.962 ] } },
{ "type": "Feature", "properties": { "Owner Type": "SSEN", "Owner Name": "SEPD", "Type": "Primary", "Class": "Distribution", "Number": "BUTA", "Status": "Existing", "Data Confidence": "Surveyed", "Operating Area": "", "Locality": "", "Extent": "876.78 m²" }, "geometry": { "type": "Point", "coordinates": [ 441935.875, 105752.257 ] } },
{ "type": "Feature", "properties": { "Owner Type": "SSEN", "Owner Name": "SEPD", "Type": "Secondary", "Class": "Distribution", "Number": "8482921", "Status": "Existing", "Data Confidence": "Surveyed", "Operating Area": "Southampton", "Locality": "Southampton", "Extent": "6 m²" }, "geometry": { "type": "Point", "coordinates": [ 441848.255, 111941.832 ] } },
{ "type": "Feature", "properties": { "Owner Type": "SSEN", "Owner Name": "SEPD", "Type": "Primary", "Class": "Distribution", "Number": "WESP", "Status": "Existing", "Data Confidence": "Surveyed", "Operating Area": "", "Locality": "", "Extent": "2692.09 m²" }, "geometry": { "type": "Point", "coordinates": [ 441614.525000000023283, 112044.0 ] } },
{ "type": "Feature", "properties": { "Owner Type": "SSEN", "Owner Name": "SEPD", "Type": "Primary", "Class": "Distribution", "Number": "SAMP", "Status": "Existing", "Data Confidence": "Surveyed", "Operating Area": "", "Locality": "", "Extent": "11225.76 m²" }, "geometry": { "type": "Point", "coordinates": [ 441425.276000000012573, 111998.978 ] } },
{ "type": "Feature", "properties": { "Owner Type": "SSEN", "Owner Name": "SHEPD", "Type": "Primary", "Class": "33kV/11kV", "Number": "", "Status": "Existing", "Data Confidence": "Surveyed", "Operating Area": "Shetland District", "Locality": "SCALLOWAY, SHETLAND", "Extent": "509.75 m²" }, "geometry": { "type": "Point", "coordinates": [ 441402.777, 1139639.783 ] } },
{ "type": "Feature", "properties": { "Owner Type": "SSEN", "Owner Name": "SEPD", "Type": "Primary", "Class": "Distribution", "Number": "WANT", "Status": "Existing", "Data Confidence": "Surveyed", "Operating Area": "", "Locality": "", "Extent": "988.73 m²" }, "geometry": { "type": "Point", "coordinates": [ 441311.386, 188299.222 ] } },
{ "type": "Feature", "properties": { "Owner Type": "SSEN", "Owner Name": "SHEPD", "Type": "Primary", "Class": "Distribution", "Number": "", "Status": "Existing", "Data Confidence": "Surveyed", "Operating Area": "", "Locality": "", "Extent": "899.73 m²" }, "geometry": { "type": "Point", "coordinates": [ 441174.923, 1163077.797 ] } },
{ "type": "Feature", "properties": { "Owner Type": "SSEN", "Owner Name": "SEPD", "Type": "Primary", "Class": "Distribution", "Number": "0015323", "Status": "Existing", "Data Confidence": "Surveyed", "Operating Area": "", "Locality": "", "Extent": "510.82 m²" }, "geometry": { "type": "Point", "coordinates": [ 441077.599999999976717, 112056.35 ] } },
{ "type": "Feature", "properties": { "Owner Type": "SSEN", "Owner Name": "SEPD", "Type": "Primary", "Class": "33kV", "Number": "SHAL", "Status": "Existing", "Data Confidence": "Surveyed", "Operating Area": "Isle Of Wight", "Locality": "SHALFLEET", "Extent": "2817.42 m²" }, "geometry": { "type": "Point", "coordinates": [ 440860.645000000018626, 88623.725000000005821 ] } },
{ "type": "Feature", "properties": { "Owner Type": "SSEN", "Owner Name": "SEPD", "Type": "Secondary", "Class": "Distribution", "Number": "631718040", "Status": "Existing", "Data Confidence": "Surveyed", "Operating Area": "Oxford North", "Locality": "Oxford North", "Extent": "16 m²" }, "geometry": { "type": "Point", "coordinates": [ 440732.952999999979511, 213873.505 ] } },
{ "type": "Feature", "properties": { "Owner Type": "SSEN", "Owner Name": "SEPD", "Type": "Secondary", "Class": "Distribution", "Number": "8383448", "Status": "Existing", "Data Confidence": "Surveyed", "Operating Area": "Southampton", "Locality": "SOUTHAMPTON", "Extent": "9 m²" }, "geometry": { "type": "Point", "coordinates": [ 440591.87400000001071, 113020.869 ] } },
{ "type": "Feature", "properties": { "Owner Type": "SSEN", "Owner Name": "SEPD", "Type": "Primary", "Class": "33kV", "Number": "NEWD", "Status": "Existing", "Data Confidence": "Surveyed", "Operating Area": "Southampton", "Locality": "SOTN CITY CENTRE", "Extent": "789.2 m²" }, "geometry": { "type": "Point", "coordinates": [ 440472.525000000023283, 111981.125 ] } },
{ "type": "Feature", "properties": { "Owner Type": "SSEN", "Owner Name": "SHEPD", "Type": "Primary", "Class": "Distribution", "Number": "", "Status": "Existing", "Data Confidence": "Surveyed", "Operating Area": "", "Locality": "", "Extent": "183.24 m²" }, "geometry": { "type": "Point", "coordinates": [ 440139.928000000014435, 1174846.413 ] } },
{ "type": "Feature", "properties": { "Owner Type": "SSEN", "Owner Name": "SEPD", "Type": "Secondary", "Class": "Distribution", "Number": "8382324", "Status": "Existing", "Data Confidence": "Surveyed", "Operating Area": "Southampton", "Locality": "Southampton", "Extent": "23.79 m²" }, "geometry": { "type": "Point", "coordinates": [ 440041.818000000028405, 113594.193 ] } },
{ "type": "Feature", "properties": { "Owner Type": "SSEN", "Owner Name": "SEPD", "Type": "Primary", "Class": "Distribution", "Number": "SHIR", "Status": "Existing", "Data Confidence": "Surveyed", "Operating Area": "", "Locality": "", "Extent": "665.77 m²" }, "geometry": { "type": "Point", "coordinates": [ 440011.12699999997858, 113812.074 ] } },
{ "type": "Feature", "properties": { "Owner Type": "SSEN", "Owner Name": "SEPD", "Type": "Primary", "Class": "Distribution", "Number": "EYPV", "Status": "Existing", "Data Confidence": "Surveyed", "Operating Area": "", "Locality": "", "Extent": "12 m²" }, "geometry": { "type": "Point", "coordinates": [ 439655.815, 210412.267 ] } },
{ "type": "Feature", "properties": { "Owner Type": "SSEN", "Owner Name": "SEPD", "Type": "Secondary (Pad Mounted)", "Class": "Distribution", "Number": "8482630", "Status": "Existing", "Data Confidence": "Surveyed", "Operating Area": "New Forest", "Locality": "New Forest", "Extent": "12 m²" }, "geometry": { "type": "Point", "coordinates": [ 439601.925999999977648, 96531.131999999997788 ] } },
{ "type": "Feature", "properties": { "Owner Type": "SSEN", "Owner Name": "SEPD", "Type": "Primary", "Class": "Distribution", "Number": "GROV", "Status": "Existing", "Data Confidence": "Surveyed", "Operating Area": "Oxford South", "Locality": "GROVE NR. WANTAGE", "Extent": "1437.79 m²" }, "geometry": { "type": "Point", "coordinates": [ 439520.669999999983702, 189585.663999999989755 ] } },
{ "type": "Feature", "properties": { "Owner Type": "SSEN", "Owner Name": "SEPD", "Type": "Primary", "Class": "Distribution", "Number": "HURT", "Status": "Existing", "Data Confidence": "Surveyed", "Operating Area": "", "Locality": "", "Extent": "1039.55 m²" }, "geometry": { "type": "Point", "coordinates": [ 439392.85999999998603, 152453.725 ] } },
{ "type": "Feature", "properties": { "Owner Type": "SSEN", "Owner Name": "SEPD", "Type": "Primary", "Class": "Distribution", "Number": "REGE", "Status": "Existing", "Data Confidence": "Surveyed", "Operating Area": "", "Locality": "", "Extent": "727.41 m²" }, "geometry": { "type": "Point", "coordinates": [ 439287.505, 113053.4 ] } },
{ "type": "Feature", "properties": { "Owner Type": "SSEN", "Owner Name": "SEPD", "Type": "Primary", "Class": "Distribution", "Number": "MAWO", "Status": "Existing", "Data Confidence": "Surveyed", "Operating Area": "", "Locality": "", "Extent": "12250.16 m²" }, "geometry": { "type": "Point", "coordinates": [ 439234.81, 111008.95 ] } },
{ "type": "Feature", "properties": { "Owner Type": "SSEN", "Owner Name": "SHEPD", "Type": "Primary", "Class": "Distribution", "Number": "", "Status": "Existing", "Data Confidence": "Surveyed", "Operating Area": "Shetland District", "Locality": "SUMBURGH, SHETLAND", "Extent": "345.82 m²" }, "geometry": { "type": "Point", "coordinates": [ 439005.183000000019092, 1112755.422 ] } },
{ "type": "Feature", "properties": { "Owner Type": "SSEN", "Owner Name": "SEPD", "Type": "Primary", "Class": "Distribution", "Number": "STLA", "Status": "Existing", "Data Confidence": "Surveyed", "Operating Area": "", "Locality": "", "Extent": "1999.92 m²" }, "geometry": { "type": "Point", "coordinates": [ 438949.900000000023283, 202322.230000000010477 ] } },
{ "type": "Feature", "properties": { "Owner Type": "SSEN", "Owner Name": "SEPD", "Type": "Primary", "Class": "33kV", "Number": "WFPV", "Status": "Existing", "Data Confidence": "Surveyed", "Operating Area": "Isle Of Wight", "Locality": "WELLOW, IOW", "Extent": "12 m²" }, "geometry": { "type": "Point", "coordinates": [ 438906.00099999998929, 88826.106 ] } },
{ "type": "Feature", "properties": { "Owner Type": "SSEN", "Owner Name": "SEPD", "Type": "Secondary", "Class": "Distribution", "Number": "UNKNOWN", "Status": "Existing", "Data Confidence": "Surveyed", "Operating Area": "", "Locality": "", "Extent": "9.29 m²" }, "geometry": { "type": "Point", "coordinates": [ 438783.632999999972526, 112517.578 ] } },
{ "type": "Feature", "properties": { "Owner Type": "SSEN", "Owner Name": "SEPD", "Type": "Secondary", "Class": "Distribution", "Number": "UNKNOWN", "Status": "Existing", "Data Confidence": "Surveyed", "Operating Area": "", "Locality": "", "Extent": "37.69 m²" }, "geometry": { "type": "Point", "coordinates": [ 438771.832, 112498.884 ] } },
{ "type": "Feature", "properties": { "Owner Type": "SSEN", "Owner Name": "SEPD", "Type": "Primary", "Class": "Distribution", "Number": "LORD", "Status": "Existing", "Data Confidence": "Surveyed", "Operating Area": "", "Locality": "", "Extent": "532.33 m²" }, "geometry": { "type": "Point", "coordinates": [ 438744.968, 116038.876 ] } },
{ "type": "Feature", "properties": { "Owner Type": "SSEN", "Owner Name": "SEPD", "Type": "Primary", "Class": "33kV/11kV", "Number": "MAYB", "Status": "Existing", "Data Confidence": "Surveyed", "Operating Area": "Southampton", "Locality": "MAYBUSH", "Extent": "1071.45 m²" }, "geometry": { "type": "Point", "coordinates": [ 438410.403, 114939.475 ] } },
{ "type": "Feature", "properties": { "Owner Type": "SSEN", "Owner Name": "SEPD", "Type": "Primary", "Class": "Distribution", "Number": "WRPV", "Status": "Existing", "Data Confidence": "Surveyed", "Operating Area": "", "Locality": "", "Extent": "20.32 m²" }, "geometry": { "type": "Point", "coordinates": [ 438182.835000000020955, 120722.97 ] } },
{ "type": "Feature", "properties": { "Owner Type": "SSEN", "Owner Name": "SEPD", "Type": "Primary", "Class": "Distribution", "Number": "NBAD", "Status": "Existing", "Data Confidence": "Surveyed", "Operating Area": "", "Locality": "", "Extent": "3720.83 m²" }, "geometry": { "type": "Point", "coordinates": [ 438108.569000000017695, 120537.175 ] } },
{ "type": "Feature", "properties": { "Owner Type": "SSEN", "Owner Name": "SEPD", "Type": "Primary", "Class": "Distribution", "Number": "ANDE", "Status": "Existing", "Data Confidence": "Surveyed", "Operating Area": "", "Locality": "", "Extent": "2325.67 m²" }, "geometry": { "type": "Point", "coordinates": [ 437984.770000000018626, 146419.365 ] } },
{ "type": "Feature", "properties": { "Owner Type": "SSEN", "Owner Name": "SEPD", "Type": "Primary", "Class": "Distribution", "Number": "WLPV", "Status": "Existing", "Data Confidence": "Surveyed", "Operating Area": "", "Locality": "", "Extent": "20.63 m²" }, "geometry": { "type": "Point", "coordinates": [ 437980.012999999977183, 144624.794 ] } },
{ "type": "Feature", "properties": { "Owner Type": "SSEN", "Owner Name": "SEPD", "Type": "Primary", "Class": "132kV", "Number": "MILL", "Status": "Existing", "Data Confidence": "Surveyed", "Operating Area": "", "Locality": "", "Extent": "1062.26 m²" }, "geometry": { "type": "Point", "coordinates": [ 437708.549999999988358, 113530.6 ] } },
{ "type": "Feature", "properties": { "Owner Type": "SSEN", "Owner Name": "SEPD", "Type": "Primary", "Class": "Distribution", "Number": "KINT", "Status": "Existing", "Data Confidence": "Surveyed", "Operating Area": "", "Locality": "", "Extent": "2615.58 m²" }, "geometry": { "type": "Point", "coordinates": [ 437678.642, 167172.592 ] } },
{ "type": "Feature", "properties": { "Owner Type": "SSEN", "Owner Name": "SEPD", "Type": "Secondary", "Class": "Distribution", "Number": "050", "Status": "Existing", "Data Confidence": "Surveyed", "Operating Area": "Newbury", "Locality": "Newbury", "Extent": "8.96 m²" }, "geometry": { "type": "Point", "coordinates": [ 437658.076, 167155.192000000010012 ] } },
{ "type": "Feature", "properties": { "Owner Type": "SSEN", "Owner Name": "SEPD", "Type": "Secondary", "Class": "Distribution", "Number": "8483603", "Status": "Existing", "Data Confidence": "Surveyed", "Operating Area": "New Forest", "Locality": "EAST BOLDRE", "Extent": "16 m²" }, "geometry": { "type": "Point", "coordinates": [ 437559.607000000018161, 100192.707 ] } },
{ "type": "Feature", "properties": { "Owner Type": "SSEN", "Owner Name": "SEPD", "Type": "Secondary", "Class": "Distribution", "Number": "", "Status": "Existing", "Data Confidence": "Surveyed", "Operating Area": "New Forest", "Locality": "New Forest", "Extent": "12.55 m²" }, "geometry": { "type": "Point", "coordinates": [ 437283.854999999981374, 123284.772 ] } },
{ "type": "Feature", "properties": { "Owner Type": "SSEN", "Owner Name": "SEPD", "Type": "Primary", "Class": "Distribution", "Number": "ROWN", "Status": "Existing", "Data Confidence": "Surveyed", "Operating Area": "", "Locality": "", "Extent": "5010.4 m²" }, "geometry": { "type": "Point", "coordinates": [ 437214.931999999971595, 116823.478 ] } },
{ "type": "Feature", "properties": { "Owner Type": "SSEN", "Owner Name": "SEPD", "Type": "Primary", "Class": "Distribution", "Number": "ROWN", "Status": "Existing", "Data Confidence": "Surveyed", "Operating Area": "", "Locality": "", "Extent": "17848.51 m²" }, "geometry": { "type": "Point", "coordinates": [ 437194.419999999983702, 116836.066 ] } },
{ "type": "Feature", "properties": { "Owner Type": "SSEN", "Owner Name": "SEPD", "Type": "Primary", "Class": "Distribution", "Number": "ROWN", "Status": "Existing", "Data Confidence": "Surveyed", "Operating Area": "", "Locality": "", "Extent": "3593.01 m²" }, "geometry": { "type": "Point", "coordinates": [ 437169.849999999976717, 116854.508 ] } },
{ "type": "Feature", "properties": { "Owner Type": "SSEN", "Owner Name": "SEPD", "Type": "Primary", "Class": "Distribution", "Number": "FNPV", "Status": "Existing", "Data Confidence": "Surveyed", "Operating Area": "", "Locality": "", "Extent": "191.79 m²" }, "geometry": { "type": "Point", "coordinates": [ 436732.642, 141665.647999999986496 ] } },
{ "type": "Feature", "properties": { "Owner Type": "SSEN", "Owner Name": "SEPD", "Type": "Primary", "Class": "Distribution", "Number": "RMPV", "Status": "Existing", "Data Confidence": "Surveyed", "Operating Area": "", "Locality": "", "Extent": "9 m²" }, "geometry": { "type": "Point", "coordinates": [ 436545.034999999974389, 117719.847 ] } },
{ "type": "Feature", "properties": { "Owner Type": "SSEN", "Owner Name": "SEPD", "Type": "Primary", "Class": "Distribution", "Number": "WHPV", "Status": "Existing", "Data Confidence": "Surveyed", "Operating Area": "", "Locality": "", "Extent": "10.95 m²" }, "geometry": { "type": "Point", "coordinates": [ 436245.222, 87616.19199999999546 ] } },
{ "type": "Feature", "properties": { "Owner Type": "SSEN", "Owner Name": "SEPD", "Type": "Secondary", "Class": "Distribution", "Number": "15001047", "Status": "Existing", "Data Confidence": "Surveyed", "Operating Area": "New Forest", "Locality": "ROMSEY", "Extent": "16 m²" }, "geometry": { "type": "Point", "coordinates": [ 436239.544999999983702, 121497.164 ] } },
{ "type": "Feature", "properties": { "Owner Type": "SSEN", "Owner Name": "SEPD", "Type": "Secondary", "Class": "Distribution", "Number": "8479945", "Status": "Existing", "Data Confidence": "Surveyed", "Operating Area": "New Forest", "Locality": "ROMSEY", "Extent": "13.85 m²" }, "geometry": { "type": "Point", "coordinates": [ 436236.299, 121105.98 ] } },
{ "type": "Feature", "properties": { "Owner Type": "SSEN", "Owner Name": "SEPD", "Type": "Primary", "Class": "33kV/11kV", "Number": "ANDT", "Status": "Existing", "Data Confidence": "Surveyed", "Operating Area": "Andover", "Locality": "ANDOVER", "Extent": "409.76 m²" }, "geometry": { "type": "Point", "coordinates": [ 436219.56, 145062.82 ] } },
{ "type": "Feature", "properties": { "Owner Type": "SSEN", "Owner Name": "SEPD", "Type": "Primary", "Class": "Distribution", "Number": "ROMS", "Status": "Existing", "Data Confidence": "Surveyed", "Operating Area": "", "Locality": "", "Extent": "1242.39 m²" }, "geometry": { "type": "Point", "coordinates": [ 436110.636, 121097.235 ] } },
{ "type": "Feature", "properties": { "Owner Type": "SSEN", "Owner Name": "SEPD", "Type": "Primary", "Class": "Distribution", "Number": "NURS", "Status": "Existing", "Data Confidence": "Surveyed", "Operating Area": "", "Locality": "", "Extent": "14421.88 m²" }, "geometry": { "type": "Point", "coordinates": [ 436073.88, 115841.6 ] } },
{ "type": "Feature", "properties": { "Owner Type": "SSEN", "Owner Name": "SHEPD", "Type": "Primary", "Class": "Distribution", "Number": "", "Status": "Existing", "Data Confidence": "Surveyed", "Operating Area": "", "Locality": "", "Extent": "1184.57 m²" }, "geometry": { "type": "Point", "coordinates": [ 436039.036000000021886, 1168816.092 ] } },
{ "type": "Feature", "properties": { "Owner Type": "SSEN", "Owner Name": "SEPD", "Type": "Primary", "Class": "Distribution", "Number": "CHAR", "Status": "Existing", "Data Confidence": "Surveyed", "Operating Area": "", "Locality": "", "Extent": "1877.93 m²" }, "geometry": { "type": "Point", "coordinates": [ 436032.148999999975786, 218346.494 ] } },
{ "type": "Feature", "properties": { "Owner Type": "SSEN", "Owner Name": "SEPD", "Type": "Primary", "Class": "Distribution", "Number": "WITT", "Status": "Existing", "Data Confidence": "Surveyed", "Operating Area": "Oxford North", "Locality": "WITNEY", "Extent": "797.15 m²" }, "geometry": { "type": "Point", "coordinates": [ 435866.520000000018626, 209640.01 ] } },
{ "type": "Feature", "properties": { "Owner Type": "SSEN", "Owner Name": "SEPD", "Type": "Primary", "Class": "Distribution", "Number": "TOTT", "Status": "Existing", "Data Confidence": "Surveyed", "Operating Area": "", "Locality": "", "Extent": "473.98 m²" }, "geometry": { "type": "Point", "coordinates": [ 435855.386, 113428.431 ] } },
{ "type": "Feature", "properties": { "Owner Type": "SSEN", "Owner Name": "SEPD", "Type": "Primary", "Class": "Distribution", "Number": "WITN", "Status": "Existing", "Data Confidence": "Surveyed", "Operating Area": "", "Locality": "", "Extent": "5752.07 m²" }, "geometry": { "type": "Point", "coordinates": [ 435611.48499999998603, 208279.553000000014435 ] } },
{ "type": "Feature", "properties": { "Owner Type": "SSEN", "Owner Name": "SEPD", "Type": "Primary", "Class": "33kV/11kV", "Number": "ANDO", "Status": "Existing", "Data Confidence": "Surveyed", "Operating Area": "Andover", "Locality": "ANDOVER", "Extent": "17835.59 m²" }, "geometry": { "type": "Point", "coordinates": [ 435331.712, 146598.87599999998929 ] } },
{ "type": "Feature", "properties": { "Owner Type": "SSEN", "Owner Name": "SEPD", "Type": "Primary", "Class": "Distribution", "Number": "WOPV", "Status": "Existing", "Data Confidence": "Surveyed", "Operating Area": "", "Locality": "", "Extent": "18.09 m²" }, "geometry": { "type": "Point", "coordinates": [ 434770.981000000028871, 140444.089 ] } },
{ "type": "Feature", "properties": { "Owner Type": "SSEN", "Owner Name": "DOAN", "Type": "Primary", "Class": "Distribution", "Number": "MNHP", "Status": "Existing", "Data Confidence": "Surveyed", "Operating Area": "", "Locality": "", "Extent": "16 m²" }, "geometry": { "type": "Point", "coordinates": [ 434713.492000000027474, 280668.56 ] } },
{ "type": "Feature", "properties": { "Owner Type": "SSEN", "Owner Name": "DOAN", "Type": "Primary", "Class": "Distribution", "Number": "WASR", "Status": "Existing", "Data Confidence": "Surveyed", "Operating Area": "NATIONAL NETWORKS", "Locality": "SUNDERLAND", "Extent": "2925.13 m²" }, "geometry": { "type": "Point", "coordinates": [ 434440.208999999973457, 559027.753000000026077 ] } },
{ "type": "Feature", "properties": { "Owner Type": "SSEN", "Owner Name": "SEPD", "Type": "Primary", "Class": "Distribution", "Number": "POWA", "Status": "Existing", "Data Confidence": "Surveyed", "Operating Area": "Andover", "Locality": "ANDOVER", "Extent": "295.09 m²" }, "geometry": { "type": "Point", "coordinates": [ 434392.102000000013504, 145983.345 ] } },
{ "type": "Feature", "properties": { "Owner Type": "SSEN", "Owner Name": "SEPD", "Type": "Primary", "Class": "Distribution", "Number": "FRES", "Status": "Existing", "Data Confidence": "Surveyed", "Operating Area": "", "Locality": "", "Extent": "1793.11 m²" }, "geometry": { "type": "Point", "coordinates": [ 434344.525000000023283, 86947.875 ] } },
{ "type": "Feature", "properties": { "Owner Type": "SSEN", "Owner Name": "SEPD", "Type": "Secondary (Pad Mounted)", "Class": "11kV/LV", "Number": "83000", "Status": "Existing", "Data Confidence": "Surveyed", "Operating Area": "Andover", "Locality": "CHILTON FOLIAT", "Extent": "9.68 m²" }, "geometry": { "type": "Point", "coordinates": [ 434289.93, 163402.248 ] } },
{ "type": "Feature", "properties": { "Owner Type": "SSEN", "Owner Name": "SEPD", "Type": "Primary", "Class": "Distribution", "Number": "HUNG", "Status": "Existing", "Data Confidence": "Surveyed", "Operating Area": "Newbury", "Locality": "HUNGERFORD, BERKS", "Extent": "940.81 m²" }, "geometry": { "type": "Point", "coordinates": [ 434063.759000000020023, 168975.596 ] } },
{ "type": "Feature", "properties": { "Owner Type": "SSEN", "Owner Name": "SEPD", "Type": "Secondary (Pad Mounted)", "Class": "Distribution", "Number": "83021", "Status": "Existing", "Data Confidence": "Surveyed", "Operating Area": "Andover", "Locality": "Andover", "Extent": "15.96 m²" }, "geometry": { "type": "Point", "coordinates": [ 433904.028999999980442, 142191.12 ] } },
{ "type": "Feature", "properties": { "Owner Type": "SSEN", "Owner Name": "SEPD", "Type": "Secondary (Pad Mounted)", "Class": "Distribution", "Number": "UNKNOWN", "Status": "Existing", "Data Confidence": "Surveyed", "Operating Area": "", "Locality": "", "Extent": "9 m²" }, "geometry": { "type": "Point", "coordinates": [ 433813.148999999975786, 118645.935 ] } },
{ "type": "Feature", "properties": { "Owner Type": "SSEN", "Owner Name": "SEPD", "Type": "Primary", "Class": "Distribution", "Number": "FLET", "Status": "Existing", "Data Confidence": "Surveyed", "Operating Area": "", "Locality": "", "Extent": "2393.54 m²" }, "geometry": { "type": "Point", "coordinates": [ 433807.206, 112118.173 ] } },
{ "type": "Feature", "properties": { "Owner Type": "SSEN", "Owner Name": "SEPD", "Type": "Primary", "Class": "Distribution", "Number": "HOUG", "Status": "Existing", "Data Confidence": "Surveyed", "Operating Area": "", "Locality": "", "Extent": "1123.34 m²" }, "geometry": { "type": "Point", "coordinates": [ 433774.854999999981374, 131762.700000000011642 ] } },
{ "type": "Feature", "properties": { "Owner Type": "SSEN", "Owner Name": "SEPD", "Type": "Primary", "Class": "Distribution", "Number": "EVPV", "Status": "Existing", "Data Confidence": "Surveyed", "Operating Area": "", "Locality": "", "Extent": "4981.86 m²" }, "geometry": { "type": "Point", "coordinates": [ 433766.833999999973457, 133298.277 ] } },
{ "type": "Feature", "properties": { "Owner Type": "SSEN", "Owner Name": "SEPD", "Type": "Secondary", "Class": "Distribution", "Number": "8482859", "Status": "Existing", "Data Confidence": "Surveyed", "Operating Area": "New Forest", "Locality": "ROMSEY", "Extent": "17.25 m²" }, "geometry": { "type": "Point", "coordinates": [ 433682.302000000025146, 123296.05 ] } },
{ "type": "Feature", "properties": { "Owner Type": "SSEN", "Owner Name": "SEPD", "Type": "Secondary", "Class": "Distribution", "Number": "2179604", "Status": "Existing", "Data Confidence": "Surveyed", "Operating Area": "Oxford North", "Locality": "Oxford North", "Extent": "16 m²" }, "geometry": { "type": "Point", "coordinates": [ 433552.164999999979045, 210142.428000000014435 ] } },
{ "type": "Feature", "properties": { "Owner Type": "SSEN", "Owner Name": "SEPD", "Type": "Primary", "Class": "Distribution", "Number": "WINP", "Status": "Existing", "Data Confidence": "Surveyed", "Operating Area": "Oxford North", "Locality": "WITNEY", "Extent": "584.53 m²" }, "geometry": { "type": "Point", "coordinates": [ 433381.363000000012107, 209749.43 ] } },
{ "type": "Feature", "properties": { "Owner Type": "SSEN", "Owner Name": "SHEPD", "Type": "Primary", "Class": "Distribution", "Number": "", "Status": "Existing", "Data Confidence": "Surveyed", "Operating Area": "", "Locality": "", "Extent": "1482.59 m²" }, "geometry": { "type": "Point", "coordinates": [ 433339.549, 1153359.579 ] } },
{ "type": "Feature", "properties": { "Owner Type": "SSEN", "Owner Name": "SEPD", "Type": "Primary", "Class": "Distribution", "Number": "LAMB", "Status": "Existing", "Data Confidence": "Surveyed", "Operating Area": "", "Locality": "", "Extent": "712.94 m²" }, "geometry": { "type": "Point", "coordinates": [ 433291.0, 178196.4 ] } },
{ "type": "Feature", "properties": { "Owner Type": "SSEN", "Owner Name": "SEPD", "Type": "Primary", "Class": "Distribution", "Number": "6334361", "Status": "Existing", "Data Confidence": "Surveyed", "Operating Area": "Oxford North", "Locality": "WITNEY", "Extent": "41.25 m²" }, "geometry": { "type": "Point", "coordinates": [ 433249.547000000020489, 210362.26 ] } },
{ "type": "Feature", "properties": { "Owner Type": "SSEN", "Owner Name": "SEPD", "Type": "Secondary", "Class": "Distribution", "Number": "82454", "Status": "Existing", "Data Confidence": "Surveyed", "Operating Area": "Andover", "Locality": "Andover", "Extent": "16 m²" }, "geometry": { "type": "Point", "coordinates": [ 432947.582999999984168, 145570.994 ] } },
{ "type": "Feature", "properties": { "Owner Type": "SSEN", "Owner Name": "SEPD", "Type": "Secondary", "Class": "Distribution", "Number": "82455", "Status": "Existing", "Data Confidence": "Surveyed", "Operating Area": "Andover", "Locality": "Andover", "Extent": "16 m²" }, "geometry": { "type": "Point", "coordinates": [ 432944.548, 145565.173 ] } },
{ "type": "Feature", "properties": { "Owner Type": "SSEN", "Owner Name": "SEPD", "Type": "Secondary (Pad Mounted)", "Class": "Distribution", "Number": "8482933", "Status": "Existing", "Data Confidence": "Surveyed", "Operating Area": "New Forest", "Locality": "New Forest", "Extent": "4 m²" }, "geometry": { "type": "Point", "coordinates": [ 432800.939000000013039, 102655.327 ] } },
{ "type": "Feature", "properties": { "Owner Type": "SSEN", "Owner Name": "SEPD", "Type": "Secondary", "Class": "Distribution", "Number": "82971", "Status": "Existing", "Data Confidence": "Assumed", "Operating Area": "Andover", "Locality": "Andover", "Extent": "16 m²" }, "geometry": { "type": "Point", "coordinates": [ 432623.159999999974389, 146163.196 ] } },
{ "type": "Feature", "properties": { "Owner Type": "SSEN", "Owner Name": "SEPD", "Type": "Secondary (Pad Mounted)", "Class": "11kV/LV", "Number": "15034009", "Status": "Existing", "Data Confidence": "Surveyed", "Operating Area": "Oxford North", "Locality": "CHADLINGTON", "Extent": "16 m²" }, "geometry": { "type": "Point", "coordinates": [ 432582.132999999972526, 223152.038 ] } },
{ "type": "Feature", "properties": { "Owner Type": "SSEN", "Owner Name": "DOAN", "Type": "Primary", "Class": "Distribution", "Number": "COVC", "Status": "Existing", "Data Confidence": "Surveyed", "Operating Area": "", "Locality": "", "Extent": "2753.64 m²" }, "geometry": { "type": "Point", "coordinates": [ 432280.12599999998929, 284251.57 ] } },
{ "type": "Feature", "properties": { "Owner Type": "SSEN", "Owner Name": "DOAN", "Type": "Primary", "Class": "11kV", "Number": "TYES", "Status": "Existing", "Data Confidence": "Surveyed", "Operating Area": "NATIONAL NETWORKS", "Locality": "COBALT BUSINESS PARK", "Extent": "64 m²" }, "geometry": { "type": "Point", "coordinates": [ 432016.75199999997858, 570136.930999999982305 ] } },
{ "type": "Feature", "properties": { "Owner Type": "SSEN", "Owner Name": "DOAN", "Type": "Primary", "Class": "Distribution", "Number": "TYNE", "Status": "Existing", "Data Confidence": "Surveyed", "Operating Area": "", "Locality": "", "Extent": "87.09 m²" }, "geometry": { "type": "Point", "coordinates": [ 431965.597, 569948.462000000057742 ] } },
{ "type": "Feature", "properties": { "Owner Type": "SSEN", "Owner Name": "DOAN", "Type": "Primary", "Class": "Distribution", "Number": "SIVS", "Status": "Existing", "Data Confidence": "Surveyed", "Operating Area": "", "Locality": "", "Extent": "296.4 m²" }, "geometry": { "type": "Point", "coordinates": [ 431943.011, 569224.23499999998603 ] } },
{ "type": "Feature", "properties": { "Owner Type": "SSEN", "Owner Name": "DOAN", "Type": "Primary", "Class": "Distribution", "Number": "SIVN", "Status": "Existing", "Data Confidence": "Surveyed", "Operating Area": "", "Locality": "", "Extent": "246.04 m²" }, "geometry": { "type": "Point", "coordinates": [ 431796.441999999980908, 569363.734000000054948 ] } },
{ "type": "Feature", "properties": { "Owner Type": "SSEN", "Owner Name": "SEPD", "Type": "Primary", "Class": "Distribution", "Number": "LYMI", "Status": "Existing", "Data Confidence": "Surveyed", "Operating Area": "", "Locality": "", "Extent": "2220.46 m²" }, "geometry": { "type": "Point", "coordinates": [ 431762.066999999980908, 96865.937000000005355 ] } },
{ "type": "Feature", "properties": { "Owner Type": "SSEN", "Owner Name": "SEPD", "Type": "Secondary", "Class": "Distribution", "Number": "10836171", "Status": "Existing", "Data Confidence": "Surveyed", "Operating Area": "Oxford South", "Locality": "BAULKING", "Extent": "10.58 m²" }, "geometry": { "type": "Point", "coordinates": [ 431711.330000000016298, 191402.62 ] } },
{ "type": "Feature", "properties": { "Owner Type": "SSEN", "Owner Name": "SEPD", "Type": "Secondary (Pad Mounted)", "Class": "11kV/LV", "Number": "8483280", "Status": "Existing", "Data Confidence": "Surveyed", "Operating Area": "Andover", "Locality": "STOCKBRIDGE", "Extent": "4 m²" }, "geometry": { "type": "Point", "coordinates": [ 431668.62, 133478.772 ] } },
{ "type": "Feature", "properties": { "Owner Type": "SSEN", "Owner Name": "SEPD", "Type": "Secondary (Pad Mounted)", "Class": "11kV/LV", "Number": "4418203", "Status": "Existing", "Data Confidence": "Surveyed", "Operating Area": "New Forest", "Locality": "LYMINGTON", "Extent": "45.27 m²" }, "geometry": { "type": "Point", "coordinates": [ 431645.656000000017229, 95161.149000000004889 ] } },
{ "type": "Feature", "properties": { "Owner Type": "SSEN", "Owner Name": "SEPD", "Type": "Primary", "Class": "Distribution", "Number": "DUNB", "Status": "Existing", "Data Confidence": "Surveyed", "Operating Area": "", "Locality": "", "Extent": "1245.34 m²" }, "geometry": { "type": "Point", "coordinates": [ 431543.245, 126224.329 ] } },
{ "type": "Feature", "properties": { "Owner Type": "SSEN", "Owner Name": "SEPD", "Type": "Primary", "Class": "Distribution", "Number": "CHIN", "Status": "Existing", "Data Confidence": "Surveyed", "Operating Area": "", "Locality": "", "Extent": "984.78 m²" }, "geometry": { "type": "Point", "coordinates": [ 431375.979, 226768.856 ] } },
{ "type": "Feature", "properties": { "Owner Type": "SSEN", "Owner Name": "SEPD", "Type": "Secondary (Pad Mounted)", "Class": "11kV/LV", "Number": "15029106", "Status": "Existing", "Data Confidence": "Surveyed", "Operating Area": "Oxford North", "Locality": "CHIPPING NORTON", "Extent": "16 m²" }, "geometry": { "type": "Point", "coordinates": [ 431204.033999999985099, 227802.897 ] } },
{ "type": "Feature", "properties": { "Owner Type": "SSEN", "Owner Name": "SEPD", "Type": "Primary", "Class": "Distribution", "Number": "MIDW", "Status": "Existing", "Data Confidence": "Surveyed", "Operating Area": "Salisbury", "Locality": "MIDDLE WALLOP", "Extent": "3126.35 m²" }, "geometry": { "type": "Point", "coordinates": [ 431011.305, 140127.69 ] } },
{ "type": "Feature", "properties": { "Owner Type": "SSEN", "Owner Name": "SEPD", "Type": "Secondary", "Class": "Distribution", "Number": "6281542", "Status": "Existing", "Data Confidence": "Surveyed", "Operating Area": "Newbury", "Locality": "Newbury", "Extent": "7.5 m²" }, "geometry": { "type": "Point", "coordinates": [ 430694.37, 165769.38 ] } },
{ "type": "Feature", "properties": { "Owner Type": "SSEN", "Owner Name": "SEPD", "Type": "Primary", "Class": "Distribution", "Number": "MMPV", "Status": "Existing", "Data Confidence": "Surveyed", "Operating Area": "", "Locality": "", "Extent": "9 m²" }, "geometry": { "type": "Point", "coordinates": [ 430622.066, 175677.707 ] } },
{ "type": "Feature", "properties": { "Owner Type": "SSEN", "Owner Name": "SEPD", "Type": "Primary", "Class": "Distribution", "Number": "LEAF", "Status": "Existing", "Data Confidence": "Surveyed", "Operating Area": "", "Locality": "", "Extent": "1181.45 m²" }, "geometry": { "type": "Point", "coordinates": [ 430305.724999999976717, 215277.85 ] } },
{ "type": "Feature", "properties": { "Owner Type": "SSEN", "Owner Name": "SEPD", "Type": "Primary", "Class": "Distribution", "Number": "LOCK", "Status": "Existing", "Data Confidence": "Surveyed", "Operating Area": "New Forest", "Locality": "LOCKERLEY", "Extent": "744.53 m²" }, "geometry": { "type": "Point", "coordinates": [ 430303.21999999997206, 125054.57 ] } },
{ "type": "Feature", "properties": { "Owner Type": "SSEN", "Owner Name": "SEPD", "Type": "Primary", "Class": "Distribution", "Number": "THRU", "Status": "Existing", "Data Confidence": "Surveyed", "Operating Area": "Andover", "Locality": "THRUXTON (ANDO)", "Extent": "702 m²" }, "geometry": { "type": "Point", "coordinates": [ 429121.409999999974389, 145656.726 ] } },
{ "type": "Feature", "properties": { "Owner Type": "SSEN", "Owner Name": "SEPD", "Type": "Primary", "Class": "Distribution", "Number": "FARI", "Status": "Existing", "Data Confidence": "Surveyed", "Operating Area": "Oxford South", "Locality": "FARINGDON", "Extent": "835.98 m²" }, "geometry": { "type": "Point", "coordinates": [ 428826.185, 194901.59 ] } },
{ "type": "Feature", "properties": { "Owner Type": "SSEN", "Owner Name": "SEPD", "Type": "Primary", "Class": "Distribution", "Number": "BLAB", "Status": "Existing", "Data Confidence": "Surveyed", "Operating Area": "", "Locality": "", "Extent": "2521.4 m²" }, "geometry": { "type": "Point", "coordinates": [ 428362.305, 203808.691 ] } },
{ "type": "Feature", "properties": { "Owner Type": "SSEN", "Owner Name": "SEPD", "Type": "Primary", "Class": "Distribution", "Number": "CART", "Status": "Existing", "Data Confidence": "Surveyed", "Operating Area": "Oxford South", "Locality": "CARTERTON", "Extent": "2422.31 m²" }, "geometry": { "type": "Point", "coordinates": [ 428287.700000000011642, 207800.818 ] } },
{ "type": "Feature", "properties": { "Owner Type": "SSEN", "Owner Name": "SEPD", "Type": "Primary", "Class": "Distribution", "Number": "MILS", "Status": "Existing", "Data Confidence": "Surveyed", "Operating Area": "", "Locality": "", "Extent": "1128.91 m²" }, "geometry": { "type": "Point", "coordinates": [ 428267.941, 93324.289000000004307 ] } },
{ "type": "Feature", "properties": { "Owner Type": "SSEN", "Owner Name": "SEPD", "Type": "Primary", "Class": "Distribution", "Number": "LXPV", "Status": "Existing", "Data Confidence": "Surveyed", "Operating Area": "", "Locality": "", "Extent": "15.09 m²" }, "geometry": { "type": "Point", "coordinates": [ 427977.107000000018161, 144790.541999999986729 ] } },
{ "type": "Feature", "properties": { "Owner Type": "SSEN", "Owner Name": "SEPD", "Type": "Secondary (Pad Mounted)", "Class": "Distribution", "Number": "8482624", "Status": "Existing", "Data Confidence": "Surveyed", "Operating Area": "Salisbury", "Locality": "WESY TYTHERLEY", "Extent": "9 m²" }, "geometry": { "type": "Point", "coordinates": [ 427915.689000000013039, 131562.663999999989755 ] } },
{ "type": "Feature", "properties": { "Owner Type": "SSEN", "Owner Name": "SEPD", "Type": "Secondary (Pad Mounted)", "Class": "Distribution", "Number": "8683320", "Status": "Existing", "Data Confidence": "Surveyed", "Operating Area": "Salisbury", "Locality": "WEST TYTHERLEY", "Extent": "9 m²" }, "geometry": { "type": "Point", "coordinates": [ 427915.484, 128053.36 ] } },
{ "type": "Feature", "properties": { "Owner Type": "SSEN", "Owner Name": "SEPD", "Type": "Primary", "Class": "Distribution", "Number": "HINC", "Status": "Existing", "Data Confidence": "Surveyed", "Operating Area": "", "Locality": "", "Extent": "761.88 m²" }, "geometry": { "type": "Point", "coordinates": [ 427818.87, 100433.095 ] } },
{ "type": "Feature", "properties": { "Owner Type": "SSEN", "Owner Name": "SEPD", "Type": "Primary", "Class": "Distribution", "Number": "RAMS", "Status": "Existing", "Data Confidence": "Surveyed", "Operating Area": "", "Locality": "", "Extent": "4335.41 m²" }, "geometry": { "type": "Point", "coordinates": [ 427413.005, 172075.848999999987427 ] } },
{ "type": "Feature", "properties": { "Owner Type": "SSEN", "Owner Name": "SEPD", "Type": "Primary", "Class": "Distribution", "Number": "WTPV", "Status": "Existing", "Data Confidence": "Surveyed", "Operating Area": "", "Locality": "", "Extent": "36 m²" }, "geometry": { "type": "Point", "coordinates": [ 427258.727000000013504, 209565.921 ] } },
{ "type": "Feature", "properties": { "Owner Type": "SSEN", "Owner Name": "SEPD", "Type": "Primary", "Class": "Distribution", "Number": "RUPV", "Status": "Existing", "Data Confidence": "Surveyed", "Operating Area": "", "Locality": "", "Extent": "27.72 m²" }, "geometry": { "type": "Point", "coordinates": [ 426925.19, 169533.426 ] } },
{ "type": "Feature", "properties": { "Owner Type": "SSEN", "Owner Name": "SEPD", "Type": "Primary", "Class": "Distribution", "Number": "ARNE", "Status": "Existing", "Data Confidence": "Surveyed", "Operating Area": "", "Locality": "", "Extent": "10081.54 m²" }, "geometry": { "type": "Point", "coordinates": [ 426094.862000000022817, 97294.801999999996042 ] } },
{ "type": "Feature", "properties": { "Owner Type": "SSEN", "Owner Name": "SEPD", "Type": "Primary", "Class": "33kV/11kV", "Number": "BURF", "Status": "Existing", "Data Confidence": "Surveyed", "Operating Area": "Oxford North", "Locality": "FULBROOK", "Extent": "2552.45 m²" }, "geometry": { "type": "Point", "coordinates": [ 425682.098999999987427, 212507.897999999986496 ] } },
{ "type": "Feature", "properties": { "Owner Type": "SSEN", "Owner Name": "SEPD", "Type": "Primary", "Class": "Distribution", "Number": "BLED", "Status": "Existing", "Data Confidence": "Surveyed", "Operating Area": "Oxford North", "Locality": "BLEDINGTON", "Extent": "1470.15 m²" }, "geometry": { "type": "Point", "coordinates": [ 425667.61099999997532, 222575.340999999985797 ] } },
{ "type": "Feature", "properties": { "Owner Type": "SSEN", "Owner Name": "SEPD", "Type": "Secondary", "Class": "Distribution", "Number": "8182599", "Status": "Existing", "Data Confidence": "Surveyed", "Operating Area": "Bournemouth", "Locality": "Bournemouth", "Extent": "15.6 m²" }, "geometry": { "type": "Point", "coordinates": [ 425647.952999999979511, 94387.896999999997206 ] } },
{ "type": "Feature", "properties": { "Owner Type": "SSEN", "Owner Name": "SEPD", "Type": "Secondary", "Class": "Distribution", "Number": "8182599", "Status": "Existing", "Data Confidence": "Surveyed", "Operating Area": "Bournemouth", "Locality": "NEW MILTON", "Extent": "15.99 m²" }, "geometry": { "type": "Point", "coordinates": [ 425290.754000000015367, 94598.770000000004075 ] } },
{ "type": "Feature", "properties": { "Owner Type": "SSEN", "Owner Name": "SEPD", "Type": "Primary", "Class": "Distribution", "Number": "KHPV", "Status": "Existing", "Data Confidence": "Surveyed", "Operating Area": "", "Locality": "", "Extent": "16 m²" }, "geometry": { "type": "Point", "coordinates": [ 424927.593, 207489.476 ] } },
{ "type": "Feature", "properties": { "Owner Type": "SSEN", "Owner Name": "SEPD", "Type": "Primary", "Class": "Distribution", "Number": "WMWF", "Status": "Existing", "Data Confidence": "Surveyed", "Operating Area": "", "Locality": "", "Extent": "48.45 m²" }, "geometry": { "type": "Point", "coordinates": [ 424624.773999999975786, 191344.86799999998766 ] } },
{ "type": "Feature", "properties": { "Owner Type": "SSEN", "Owner Name": "SEPD", "Type": "Primary", "Class": "Distribution", "Number": "WGRV", "Status": "Existing", "Data Confidence": "Surveyed", "Operating Area": "", "Locality": "", "Extent": "2033.76 m²" }, "geometry": { "type": "Point", "coordinates": [ 424614.60999999998603, 160262.495 ] } },
{ "type": "Feature", "properties": { "Owner Type": "SSEN", "Owner Name": "SEPD", "Type": "Primary", "Class": "Distribution", "Number": "WMPV", "Status": "Existing", "Data Confidence": "Surveyed", "Operating Area": "", "Locality": "", "Extent": "21.24 m²" }, "geometry": { "type": "Point", "coordinates": [ 424612.521, 191320.225 ] } },
{ "type": "Feature", "properties": { "Owner Type": "SSEN", "Owner Name": "SEPD", "Type": "Secondary (Pad Mounted)", "Class": "Distribution", "Number": "8182152", "Status": "Existing", "Data Confidence": "Surveyed", "Operating Area": "Bournemouth", "Locality": "Bournemouth", "Extent": "16.44 m²" }, "geometry": { "type": "Point", "coordinates": [ 424491.53000000002794, 96113.650999999998021 ] } },
{ "type": "Feature", "properties": { "Owner Type": "SSEN", "Owner Name": "SEPD", "Type": "Primary", "Class": "Distribution", "Number": "WGRA", "Status": "Existing", "Data Confidence": "Surveyed", "Operating Area": "", "Locality": "", "Extent": "18471.41 m²" }, "geometry": { "type": "Point", "coordinates": [ 424302.517999999981839, 159215.075000000011642 ] } },
{ "type": "Feature", "properties": { "Owner Type": "SSEN", "Owner Name": "SEPD", "Type": "Primary", "Class": "Distribution", "Number": "TIDW", "Status": "Existing", "Data Confidence": "Surveyed", "Operating Area": "Andover", "Locality": "NORTH TIDWORTH(ANDO)", "Extent": "1370.59 m²" }, "geometry": { "type": "Point", "coordinates": [ 424093.778, 149567.037000000011176 ] } },
{ "type": "Feature", "properties": { "Owner Type": "SSEN", "Owner Name": "SEPD", "Type": "Secondary (Pad Mounted)", "Class": "Distribution", "Number": "8682737", "Status": "Existing", "Data Confidence": "Surveyed", "Operating Area": "Salisbury", "Locality": "MIDDLE WINTERSLOW", "Extent": "9.01 m²" }, "geometry": { "type": "Point", "coordinates": [ 423892.134000000020023, 132192.939000000013039 ] } },
{ "type": "Feature", "properties": { "Owner Type": "SSEN", "Owner Name": "SEPD", "Type": "Primary", "Class": "Distribution", "Number": "SHVE", "Status": "Existing", "Data Confidence": "Surveyed", "Operating Area": "", "Locality": "", "Extent": "1609.21 m²" }, "geometry": { "type": "Point", "coordinates": [ 423802.234, 187915.810999999986961 ] } },
{ "type": "Feature", "properties": { "Owner Type": "SSEN", "Owner Name": "SEPD", "Type": "Primary", "Class": "Distribution", "Number": "PHPV", "Status": "Existing", "Data Confidence": "Surveyed", "Operating Area": "", "Locality": "", "Extent": "10.96 m²" }, "geometry": { "type": "Point", "coordinates": [ 423450.868000000016764, 144057.424999999988358 ] } },
{ "type": "Feature", "properties": { "Owner Type": "SSEN", "Owner Name": "SEPD", "Type": "Secondary", "Class": "Distribution", "Number": "1677029", "Status": "Existing", "Data Confidence": "Surveyed", "Operating Area": "Swindon", "Locality": "SHRIVENHAM", "Extent": "25.01 m²" }, "geometry": { "type": "Point", "coordinates": [ 423189.669999999983702, 188461.423 ] } },
{ "type": "Feature", "properties": { "Owner Type": "SSEN", "Owner Name": "SEPD", "Type": "Primary", "Class": "Distribution", "Number": "PARH", "Status": "Existing", "Data Confidence": "Surveyed", "Operating Area": "", "Locality": "", "Extent": "1384.56 m²" }, "geometry": { "type": "Point", "coordinates": [ 423178.771, 143781.233 ] } },
{ "type": "Feature", "properties": { "Owner Type": "SSEN", "Owner Name": "SEPD", "Type": "Primary", "Class": "Distribution", "Number": "NEWM", "Status": "Existing", "Data Confidence": "Surveyed", "Operating Area": "", "Locality": "", "Extent": "2671.65 m²" }, "geometry": { "type": "Point", "coordinates": [ 423073.075000000011642, 94931.399999999994179 ] } },
{ "type": "Feature", "properties": { "Owner Type": "SSEN", "Owner Name": "SEPD", "Type": "Primary", "Class": "Distribution", "Number": "SBPV", "Status": "Existing", "Data Confidence": "Surveyed", "Operating Area": "", "Locality": "", "Extent": "10.87 m²" }, "geometry": { "type": "Point", "coordinates": [ 422973.457999999984168, 144216.234 ] } },
{ "type": "Feature", "properties": { "Owner Type": "SSEN", "Owner Name": "SEPD", "Type": "Primary", "Class": "Distribution", "Number": "LECH", "Status": "Existing", "Data Confidence": "Surveyed", "Operating Area": "", "Locality": "", "Extent": "2332.15 m²" }, "geometry": { "type": "Point", "coordinates": [ 422113.724999999976717, 200461.557999999989988 ] } },
{ "type": "Feature", "properties": { "Owner Type": "SSEN", "Owner Name": "SEPD", "Type": "Secondary", "Class": "Distribution", "Number": "8181563", "Status": "Existing", "Data Confidence": "Surveyed", "Operating Area": "Bournemouth", "Locality": "Bournemouth", "Extent": "9.66 m²" }, "geometry": { "type": "Point", "coordinates": [ 422076.06, 102788.563 ] } },
{ "type": "Feature", "properties": { "Owner Type": "SSEN", "Owner Name": "DOAN", "Type": "Primary", "Class": "Distribution", "Number": "GRPA", "Status": "Existing", "Data Confidence": "Surveyed", "Operating Area": "", "Locality": "", "Extent": "632.55 m²" }, "geometry": { "type": "Point", "coordinates": [ 421552.26, 570788.76 ] } },
{ "type": "Feature", "properties": { "Owner Type": "SSEN", "Owner Name": "SEPD", "Type": "Primary", "Class": "Distribution", "Number": "Unknown", "Status": "Existing", "Data Confidence": "Surveyed", "Operating Area": "", "Locality": "", "Extent": "20 m²" }, "geometry": { "type": "Point", "coordinates": [ 421158.667000000015832, 95269.875 ] } },
{ "type": "Feature", "properties": { "Owner Type": "SSEN", "Owner Name": "SEPD", "Type": "Secondary", "Class": "Distribution", "Number": "83023", "Status": "Existing", "Data Confidence": "Surveyed", "Operating Area": "Andover", "Locality": "Andover", "Extent": "20.25 m²" }, "geometry": { "type": "Point", "coordinates": [ 420942.793, 168325.663 ] } },
{ "type": "Feature", "properties": { "Owner Type": "SSEN", "Owner Name": "SEPD", "Type": "Primary", "Class": "Distribution", "Number": "LYPV", "Status": "Existing", "Data Confidence": "Surveyed", "Operating Area": "", "Locality": "", "Extent": "24.91 m²" }, "geometry": { "type": "Point", "coordinates": [ 420865.197999999974854, 195374.477000000013504 ] } },
{ "type": "Feature", "properties": { "Owner Type": "SSEN", "Owner Name": "SEPD", "Type": "Primary", "Class": "Distribution", "Number": "DSTL", "Status": "Existing", "Data Confidence": "Surveyed", "Operating Area": "", "Locality": "", "Extent": "107.25 m²" }, "geometry": { "type": "Point", "coordinates": [ 420775.006999999983236, 137336.462 ] } },
{ "type": "Feature", "properties": { "Owner Type": "SSEN", "Owner Name": "SEPD", "Type": "Primary", "Class": "Distribution", "Number": "RFPV", "Status": "Existing", "Data Confidence": "Surveyed", "Operating Area": "", "Locality": "", "Extent": "16 m²" }, "geometry": { "type": "Point", "coordinates": [ 420303.696, 188872.855000000010477 ] } },
{ "type": "Feature", "properties": { "Owner Type": "SSEN", "Owner Name": "SEPD", "Type": "Primary", "Class": "Distribution", "Number": "MARS", "Status": "Existing", "Data Confidence": "Surveyed", "Operating Area": "", "Locality": "", "Extent": "1194.77 m²" }, "geometry": { "type": "Point", "coordinates": [ 419288.332999999984168, 168287.878 ] } },
{ "type": "Feature", "properties": { "Owner Type": "SSEN", "Owner Name": "SEPD", "Type": "Primary", "Class": "Distribution", "Number": "DORS", "Status": "Existing", "Data Confidence": "Surveyed", "Operating Area": "", "Locality": "", "Extent": "791.34 m²" }, "geometry": { "type": "Point", "coordinates": [ 419266.900000000023283, 183506.225 ] } },
{ "type": "Feature", "properties": { "Owner Type": "SSEN", "Owner Name": "SEPD", "Type": "Secondary", "Class": "Distribution", "Number": "8294065", "Status": "Existing", "Data Confidence": "Surveyed", "Operating Area": "Swindon", "Locality": "Swindon", "Extent": "81 m²" }, "geometry": { "type": "Point", "coordinates": [ 419230.403, 184314.332 ] } },
{ "type": "Feature", "properties": { "Owner Type": "SSEN", "Owner Name": "SEPD", "Type": "Primary", "Class": "Distribution", "Number": "RISS", "Status": "Existing", "Data Confidence": "Surveyed", "Operating Area": "", "Locality": "", "Extent": "1633.3 m²" }, "geometry": { "type": "Point", "coordinates": [ 419204.270000000018626, 219584.986 ] } },
{ "type": "Feature", "properties": { "Owner Type": "SSEN", "Owner Name": "SEPD", "Type": "Primary", "Class": "Distribution", "Number": "RELY", "Status": "Existing", "Data Confidence": "Surveyed", "Operating Area": "", "Locality": "", "Extent": "2491.26 m²" }, "geometry": { "type": "Point", "coordinates": [ 419097.78000000002794, 120539.864 ] } },
{ "type": "Feature", "properties": { "Owner Type": "SSEN", "Owner Name": "SEPD", "Type": "Secondary", "Class": "11kV", "Number": "8294165", "Status": "Existing", "Data Confidence": "Surveyed", "Operating Area": "Swindon", "Locality": "DORCAN, SWINDON", "Extent": "81 m²" }, "geometry": { "type": "Point", "coordinates": [ 419037.305, 184298.915 ] } },
{ "type": "Feature", "properties": { "Owner Type": "SSEN", "Owner Name": "SEPD", "Type": "Secondary (Pad Mounted)", "Class": "Distribution", "Number": "8683337", "Status": "Existing", "Data Confidence": "Surveyed", "Operating Area": "Salisbury", "Locality": "PORTON", "Extent": "15.16 m²" }, "geometry": { "type": "Point", "coordinates": [ 418941.128000000026077, 136483.239 ] } },
{ "type": "Feature", "properties": { "Owner Type": "SSEN", "Owner Name": "SEPD", "Type": "Secondary (Pad Mounted)", "Class": "11kV/LV", "Number": "8679395", "Status": "Existing", "Data Confidence": "Surveyed", "Operating Area": "Salisbury", "Locality": "DOWNTON", "Extent": "9 m²" }, "geometry": { "type": "Point", "coordinates": [ 418938.363000000012107, 121713.975 ] } },
{ "type": "Feature", "properties": { "Owner Type": "SSEN", "Owner Name": "SEPD", "Type": "Primary", "Class": "Distribution", "Number": "CHIE", "Status": "Existing", "Data Confidence": "Surveyed", "Operating Area": "", "Locality": "", "Extent": "765.96 m²" }, "geometry": { "type": "Point", "coordinates": [ 418901.875, 179923.030999999988126 ] } },
{ "type": "Feature", "properties": { "Owner Type": "SSEN", "Owner Name": "SEPD", "Type": "Primary", "Class": "Distribution", "Number": "PYPV", "Status": "Existing", "Data Confidence": "Surveyed", "Operating Area": "", "Locality": "", "Extent": "12.19 m²" }, "geometry": { "type": "Point", "coordinates": [ 418640.641, 194584.568999999988591 ] } },
{ "type": "Feature", "properties": { "Owner Type": "SSEN", "Owner Name": "SEPD", "Type": "Primary", "Class": "33kV/11kV", "Number": "SOME", "Status": "Existing", "Data Confidence": "Surveyed", "Operating Area": "Bournemouth", "Locality": "CHRISTCHURCH", "Extent": "1214.94 m²" }, "geometry": { "type": "Point", "coordinates": [ 418260.900000000023283, 93589.600000000005821 ] } },
{ "type": "Feature", "properties": { "Owner Type": "SSEN", "Owner Name": "SEPD", "Type": "Primary", "Class": "Distribution", "Number": "PAKN", "Status": "Existing", "Data Confidence": "Surveyed", "Operating Area": "", "Locality": "", "Extent": "2503.53 m²" }, "geometry": { "type": "Point", "coordinates": [ 418078.465000000025611, 184518.078 ] } },
{ "type": "Feature", "properties": { "Owner Type": "SSEN", "Owner Name": "SEPD", "Type": "Secondary", "Class": "Distribution", "Number": "15016222", "Status": "Existing", "Data Confidence": "Surveyed", "Operating Area": "Swindon", "Locality": "SWINDON", "Extent": "26.79 m²" }, "geometry": { "type": "Point", "coordinates": [ 417893.302000000025146, 188500.086000000010245 ] } },
{ "type": "Feature", "properties": { "Owner Type": "SSEN", "Owner Name": "SEPD", "Type": "Primary", "Class": "Distribution", "Number": "HOND", "Status": "Existing", "Data Confidence": "Surveyed", "Operating Area": "", "Locality": "", "Extent": "920.3 m²" }, "geometry": { "type": "Point", "coordinates": [ 417861.929, 188322.432999999989988 ] } },
{ "type": "Feature", "properties": { "Owner Type": "SSEN", "Owner Name": "SEPD", "Type": "Primary", "Class": "Distribution", "Number": "PRPV", "Status": "Existing", "Data Confidence": "Surveyed", "Operating Area": "", "Locality": "", "Extent": "32.84 m²" }, "geometry": { "type": "Point", "coordinates": [ 417794.25199999997858, 95451.625 ] } },
{ "type": "Feature", "properties": { "Owner Type": "SSEN", "Owner Name": "SEPD", "Type": "Primary", "Class": "Distribution", "Number": "WBPV", "Status": "Existing", "Data Confidence": "Surveyed", "Operating Area": "", "Locality": "", "Extent": "30.05 m²" }, "geometry": { "type": "Point", "coordinates": [ 417784.712999999988824, 95438.64 ] } },
{ "type": "Feature", "properties": { "Owner Type": "SSEN", "Owner Name": "DOAN", "Type": "Primary", "Class": "33kV", "Number": "UNKNOWN", "Status": "Existing", "Data Confidence": "Surveyed", "Operating Area": "", "Locality": "", "Extent": "284.16 m²" }, "geometry": { "type": "Point", "coordinates": [ 417731.136999999987893, 566063.508000000030734 ] } },
{ "type": "Feature", "properties": { "Owner Type": "SSEN", "Owner Name": "SEPD", "Type": "Primary", "Class": "Distribution", "Number": "STAF", "Status": "Existing", "Data Confidence": "Surveyed", "Operating Area": "", "Locality": "", "Extent": "2652.66 m²" }, "geometry": { "type": "Point", "coordinates": [ 417594.914999999979045, 190948.96 ] } },
{ "type": "Feature", "properties": { "Owner Type": "SSEN", "Owner Name": "SEPD", "Type": "Primary", "Class": "Distribution", "Number": "BOSD", "Status": "Existing", "Data Confidence": "Surveyed", "Operating Area": "", "Locality": "", "Extent": "704.6 m²" }, "geometry": { "type": "Point", "coordinates": [ 417208.164999999979045, 141048.742 ] } },
{ "type": "Feature", "properties": { "Owner Type": "SSEN", "Owner Name": "SEPD", "Type": "Primary", "Class": "Distribution", "Number": "STRA", "Status": "Existing", "Data Confidence": "Surveyed", "Operating Area": "", "Locality": "", "Extent": "18998.16 m²" }, "geometry": { "type": "Point", "coordinates": [ 417028.955000000016298, 188748.465 ] } },
{ "type": "Feature", "properties": { "Owner Type": "SSEN", "Owner Name": "SEPD", "Type": "Primary", "Class": "Distribution", "Number": "PRSS", "Status": "Existing", "Data Confidence": "Surveyed", "Operating Area": "", "Locality": "", "Extent": "1173.15 m²" }, "geometry": { "type": "Point", "coordinates": [ 416985.075000000011642, 186355.5 ] } },
{ "type": "Feature", "properties": { "Owner Type": "SSEN", "Owner Name": "SEPD", "Type": "Primary", "Class": "Distribution", "Number": "DRAW", "Status": "Existing", "Data Confidence": "Surveyed", "Operating Area": "Swindon", "Locality": "SWINDON", "Extent": "2679.17 m²" }, "geometry": { "type": "Point", "coordinates": [ 416929.777, 185657.371000000013737 ] } },
{ "type": "Feature", "properties": { "Owner Type": "SSEN", "Owner Name": "SEPD", "Type": "Primary", "Class": "Distribution", "Number": "GRER", "Status": "Existing", "Data Confidence": "Surveyed", "Operating Area": "", "Locality": "", "Extent": "576.6 m²" }, "geometry": { "type": "Point", "coordinates": [ 416600.085000000020955, 186816.53 ] } },
{ "type": "Feature", "properties": { "Owner Type": "SSEN", "Owner Name": "SEPD", "Type": "Primary", "Class": "Distribution", "Number": "PLES", "Status": "Existing", "Data Confidence": "Surveyed", "Operating Area": "", "Locality": "", "Extent": "344.34 m²" }, "geometry": { "type": "Point", "coordinates": [ 416393.25, 186713.625 ] } },
{ "type": "Feature", "properties": { "Owner Type": "SSEN", "Owner Name": "SEPD", "Type": "Primary", "Class": "Distribution", "Number": "RATF", "Status": "Existing", "Data Confidence": "Surveyed", "Operating Area": "", "Locality": "", "Extent": "1316.39 m²" }, "geometry": { "type": "Point", "coordinates": [ 416234.90500000002794, 142516.76 ] } },
{ "type": "Feature", "properties": { "Owner Type": "SSEN", "Owner Name": "SEPD", "Type": "Primary", "Class": "Distribution", "Number": "WDRA", "Status": "Existing", "Data Confidence": "Surveyed", "Operating Area": "", "Locality": "", "Extent": "965.84 m²" }, "geometry": { "type": "Point", "coordinates": [ 415874.549999999988358, 142596.049999999988358 ] } },
{ "type": "Feature", "properties": { "Owner Type": "SSEN", "Owner Name": "SEPD", "Type": "Primary", "Class": "Distribution", "Number": "AMES", "Status": "Existing", "Data Confidence": "Surveyed", "Operating Area": "Salisbury", "Locality": "AMESBURY", "Extent": "12275.98 m²" }, "geometry": { "type": "Point", "coordinates": [ 415842.659999999974389, 142724.369 ] } },
{ "type": "Feature", "properties": { "Owner Type": "SSEN", "Owner Name": "SEPD", "Type": "Primary", "Class": "Distribution", "Number": "CHRI", "Status": "Existing", "Data Confidence": "Surveyed", "Operating Area": "", "Locality": "", "Extent": "3844.88 m²" }, "geometry": { "type": "Point", "coordinates": [ 415682.076, 93144.853000000002794 ] } },
{ "type": "Feature", "properties": { "Owner Type": "SSEN", "Owner Name": "SEPD", "Type": "Primary", "Class": "Distribution", "Number": "CHRI", "Status": "Existing", "Data Confidence": "Surveyed", "Operating Area": "", "Locality": "", "Extent": "1590.08 m²" }, "geometry": { "type": "Point", "coordinates": [ 415653.430999999982305, 93133.755999999993946 ] } },
{ "type": "Feature", "properties": { "Owner Type": "SSEN", "Owner Name": "SEPD", "Type": "Primary", "Class": "Distribution", "Number": "PETF", "Status": "Existing", "Data Confidence": "Surveyed", "Operating Area": "", "Locality": "", "Extent": "886.6 m²" }, "geometry": { "type": "Point", "coordinates": [ 415594.837, 129335.197 ] } },
{ "type": "Feature", "properties": { "Owner Type": "SSEN", "Owner Name": "SEPD", "Type": "Primary", "Class": "Distribution", "Number": "QUAR", "Status": "Existing", "Data Confidence": "Surveyed", "Operating Area": "", "Locality": "", "Extent": "3789.48 m²" }, "geometry": { "type": "Point", "coordinates": [ 415378.125, 183371.22 ] } },
{ "type": "Feature", "properties": { "Owner Type": "SSEN", "Owner Name": "SEPD", "Type": "Primary", "Class": "Distribution", "Number": "NEWS", "Status": "Existing", "Data Confidence": "Surveyed", "Operating Area": "", "Locality": "", "Extent": "181.38 m²" }, "geometry": { "type": "Point", "coordinates": [ 415237.299999999988358, 104705.7 ] } },
{ "type": "Feature", "properties": { "Owner Type": "SSEN", "Owner Name": "SEPD", "Type": "Primary", "Class": "Distribution", "Number": "MANR", "Status": "Existing", "Data Confidence": "Surveyed", "Operating Area": "", "Locality": "", "Extent": "1516.04 m²" }, "geometry": { "type": "Point", "coordinates": [ 415222.732000000018161, 185108.475 ] } },
{ "type": "Feature", "properties": { "Owner Type": "SSEN", "Owner Name": "SEPD", "Type": "Secondary", "Class": "Distribution", "Number": "8480739", "Status": "Existing", "Data Confidence": "Surveyed", "Operating Area": "Salisbury", "Locality": "SALISBURY", "Extent": "7.72 m²" }, "geometry": { "type": "Point", "coordinates": [ 415098.072999999974854, 129555.325 ] } },
{ "type": "Feature", "properties": { "Owner Type": "SSEN", "Owner Name": "SEPD", "Type": "Secondary", "Class": "Distribution", "Number": "8682970", "Status": "Existing", "Data Confidence": "Surveyed", "Operating Area": "Salisbury", "Locality": "WSSX", "Extent": "7.5 m²" }, "geometry": { "type": "Point", "coordinates": [ 415044.221000000019558, 136501.371000000013737 ] } },
{ "type": "Feature", "properties": { "Owner Type": "SSEN", "Owner Name": "SEPD", "Type": "Secondary (Pad Mounted)", "Class": "Distribution", "Number": "6581812", "Status": "Existing", "Data Confidence": "Surveyed", "Operating Area": "", "Locality": "", "Extent": "9 m²" }, "geometry": { "type": "Point", "coordinates": [ 414986.473999999987427, 181288.43 ] } },
{ "type": "Feature", "properties": { "Owner Type": "SSEN", "Owner Name": "SEPD", "Type": "Primary", "Class": "Distribution", "Number": "CEPV", "Status": "Existing", "Data Confidence": "Surveyed", "Operating Area": "", "Locality": "", "Extent": "25 m²" }, "geometry": { "type": "Point", "coordinates": [ 414795.789999999979045, 193980.892 ] } },
{ "type": "Feature", "properties": { "Owner Type": "SSEN", "Owner Name": "SEPD", "Type": "Primary", "Class": "Distribution", "Number": "PEWS", "Status": "Existing", "Data Confidence": "Surveyed", "Operating Area": "", "Locality": "", "Extent": "2239.15 m²" }, "geometry": { "type": "Point", "coordinates": [ 414736.364, 159233.306000000011409 ] } },
{ "type": "Feature", "properties": { "Owner Type": "SSEN", "Owner Name": "SEPD", "Type": "Primary", "Class": "Distribution", "Number": "MILA", "Status": "Existing", "Data Confidence": "Surveyed", "Operating Area": "", "Locality": "", "Extent": "1061.44 m²" }, "geometry": { "type": "Point", "coordinates": [ 414689.099999999976717, 105612.65 ] } },
{ "type": "Feature", "properties": { "Owner Type": "SSEN", "Owner Name": "SEPD", "Type": "Primary", "Class": "Distribution", "Number": "WROU", "Status": "Existing", "Data Confidence": "Surveyed", "Operating Area": "", "Locality": "", "Extent": "1330.82 m²" }, "geometry": { "type": "Point", "coordinates": [ 414435.409999999974389, 181481.915 ] } },
{ "type": "Feature", "properties": { "Owner Type": "SSEN", "Owner Name": "SEPD", "Type": "Primary", "Class": "Distribution", "Number": "FAIR", "Status": "Existing", "Data Confidence": "Surveyed", "Operating Area": "Swindon", "Locality": "FAIRFORD", "Extent": "3822.73 m²" }, "geometry": { "type": "Point", "coordinates": [ 414420.032, 200579.506 ] } },
{ "type": "Feature", "properties": { "Owner Type": "SSEN", "Owner Name": "SEPD", "Type": "Secondary (Pad Mounted)", "Class": "Distribution", "Number": "82270", "Status": "Existing", "Data Confidence": "Surveyed", "Operating Area": "Swindon", "Locality": "Swindon", "Extent": "9 m²" }, "geometry": { "type": "Point", "coordinates": [ 414230.197999999974854, 180329.68 ] } },
{ "type": "Feature", "properties": { "Owner Type": "SSEN", "Owner Name": "SEPD", "Type": "Primary", "Class": "Distribution", "Number": "SALC", "Status": "Existing", "Data Confidence": "Surveyed", "Operating Area": "Salisbury", "Locality": "SALISBURY", "Extent": "2602.29 m²" }, "geometry": { "type": "Point", "coordinates": [ 414203.098, 130447.2 ] } },
{ "type": "Feature", "properties": { "Owner Type": "SSEN", "Owner Name": "SEPD", "Type": "Primary", "Class": "Distribution", "Number": "FOIN", "Status": "Existing", "Data Confidence": "Surveyed", "Operating Area": "", "Locality": "", "Extent": "608.3 m²" }, "geometry": { "type": "Point", "coordinates": [ 414085.604999999981374, 115513.611 ] } },
{ "type": "Feature", "properties": { "Owner Type": "SSEN", "Owner Name": "SEPD", "Type": "Primary", "Class": "Distribution", "Number": "HULR", "Status": "Existing", "Data Confidence": "Surveyed", "Operating Area": "Salisbury", "Locality": "Salisbury", "Extent": "136.45 m²" }, "geometry": { "type": "Point", "coordinates": [ 414039.954000000027008, 130999.803 ] } },
{ "type": "Feature", "properties": { "Owner Type": "SSEN", "Owner Name": "SEPD", "Type": "Primary", "Class": "Distribution", "Number": "CMPV", "Status": "Existing", "Data Confidence": "Surveyed", "Operating Area": "", "Locality": "", "Extent": "25.13 m²" }, "geometry": { "type": "Point", "coordinates": [ 413724.107000000018161, 182001.972 ] } },
{ "type": "Feature", "properties": { "Owner Type": "SSEN", "Owner Name": "SEPD", "Type": "Primary", "Class": "Distribution", "Number": "ENFO", "Status": "Existing", "Data Confidence": "Surveyed", "Operating Area": "Andover", "Locality": "ENFORD", "Extent": "2473.2 m²" }, "geometry": { "type": "Point", "coordinates": [ 413717.615, 151678.701 ] } },
{ "type": "Feature", "properties": { "Owner Type": "SSEN", "Owner Name": "SEPD", "Type": "Primary", "Class": "Distribution", "Number": "SBOU", "Status": "Existing", "Data Confidence": "Surveyed", "Operating Area": "", "Locality": "", "Extent": "1440.39 m²" }, "geometry": { "type": "Point", "coordinates": [ 413590.016, 92069.171000000002095 ] } },
{ "type": "Feature", "properties": { "Owner Type": "SSEN", "Owner Name": "SEPD", "Type": "Primary", "Class": "Distribution", "Number": "TRAE", "Status": "Existing", "Data Confidence": "Surveyed", "Operating Area": "", "Locality": "", "Extent": "1086.55 m²" }, "geometry": { "type": "Point", "coordinates": [ 413500.525000000023283, 185847.63 ] } },
{ "type": "Feature", "properties": { "Owner Type": "SSEN", "Owner Name": "SEPD", "Type": "Secondary", "Class": "Distribution", "Number": "8178692", "Status": "Existing", "Data Confidence": "Surveyed", "Operating Area": "Bournemouth", "Locality": "Bournemouth", "Extent": "5.02 m²" }, "geometry": { "type": "Point", "coordinates": [ 413473.450000000011642, 95958.781000000002678 ] } },
{ "type": "Feature", "properties": { "Owner Type": "SSEN", "Owner Name": "SHEPD", "Type": "Primary", "Class": "Distribution", "Number": "", "Status": "Existing", "Data Confidence": "Surveyed", "Operating Area": "", "Locality": "", "Extent": "400.08 m²" }, "geometry": { "type": "Point", "coordinates": [ 413471.066999999980908, 846452.84499999997206 ] } },
{ "type": "Feature", "properties": { "Owner Type": "SSEN", "Owner Name": "SEPD", "Type": "Primary", "Class": "Distribution", "Number": "WAPV", "Status": "Existing", "Data Confidence": "Surveyed", "Operating Area": "", "Locality": "", "Extent": "25 m²" }, "geometry": { "type": "Point", "coordinates": [ 413365.044999999983702, 178545.598999999987427 ] } },
{ "type": "Feature", "properties": { "Owner Type": "SSEN", "Owner Name": "SEPD", "Type": "Primary", "Class": "Distribution", "Number": "TOOT", "Status": "Existing", "Data Confidence": "Surveyed", "Operating Area": "", "Locality": "", "Extent": "5565.44 m²" }, "geometry": { "type": "Point", "coordinates": [ 413191.39000000001397, 183945.299999999988358 ] } },
{ "type": "Feature", "properties": { "Owner Type": "SSEN", "Owner Name": "SEPD", "Type": "Primary", "Class": "Distribution", "Number": "CPPV", "Status": "Existing", "Data Confidence": "Surveyed", "Operating Area": "", "Locality": "", "Extent": "17.5 m²" }, "geometry": { "type": "Point", "coordinates": [ 412647.321999999985565, 190627.883 ] } },
{ "type": "Feature", "properties": { "Owner Type": "SSEN", "Owner Name": "SEPD", "Type": "Primary", "Class": "Distribution", "Number": "NETH", "Status": "Existing", "Data Confidence": "Surveyed", "Operating Area": "", "Locality": "", "Extent": "668.32 m²" }, "geometry": { "type": "Point", "coordinates": [ 412476.900000000023283, 129086.42 ] } },
{ "type": "Feature", "properties": { "Owner Type": "SSEN", "Owner Name": "SEPD", "Type": "Primary", "Class": "33kV/11kV", "Number": "SWIN", "Status": "Existing", "Data Confidence": "Surveyed", "Operating Area": "Swindon", "Locality": "SWINDON", "Extent": "11168.71 m²" }, "geometry": { "type": "Point", "coordinates": [ 412447.14000000001397, 187062.535 ] } },
{ "type": "Feature", "properties": { "Owner Type": "SSEN", "Owner Name": "SHEPD", "Type": "Primary", "Class": "Distribution", "Number": "", "Status": "Existing", "Data Confidence": "Surveyed", "Operating Area": "", "Locality": "", "Extent": "382.62 m²" }, "geometry": { "type": "Point", "coordinates": [ 412217.273999999975786, 842514.90300000004936 ] } },
{ "type": "Feature", "properties": { "Owner Type": "SSEN", "Owner Name": "SEPD", "Type": "Primary", "Class": "Distribution", "Number": "CHAF", "Status": "Existing", "Data Confidence": "Surveyed", "Operating Area": "", "Locality": "", "Extent": "567.35 m²" }, "geometry": { "type": "Point", "coordinates": [ 412144.830000000016298, 190651.71 ] } },
{ "type": "Feature", "properties": { "Owner Type": "SSEN", "Owner Name": "SHEPD", "Type": "Primary", "Class": "Distribution", "Number": "", "Status": "Existing", "Data Confidence": "Surveyed", "Operating Area": "", "Locality": "", "Extent": "29.51 m²" }, "geometry": { "type": "Point", "coordinates": [ 412053.941, 842713.201 ] } },
{ "type": "Feature", "properties": { "Owner Type": "SSEN", "Owner Name": "SEPD", "Type": "Primary", "Class": "Distribution", "Number": "LBPV", "Status": "Existing", "Data Confidence": "Surveyed", "Operating Area": "", "Locality": "", "Extent": "16 m²" }, "geometry": { "type": "Point", "coordinates": [ 412040.511, 181282.511999999987893 ] } },
{ "type": "Feature", "properties": { "Owner Type": "SSEN", "Owner Name": "SHEPD", "Type": "Primary", "Class": "Distribution", "Number": "", "Status": "Existing", "Data Confidence": "Surveyed", "Operating Area": "", "Locality": "", "Extent": "6005.6 m²" }, "geometry": { "type": "Point", "coordinates": [ 411774.950000000011642, 846518.449999999953434 ] } },
{ "type": "Feature", "properties": { "Owner Type": "SSEN", "Owner Name": "SEPD", "Type": "Primary", "Class": "Distribution", "Number": "HOMI", "Status": "Existing", "Data Confidence": "Surveyed", "Operating Area": "", "Locality": "", "Extent": "1372.2 m²" }, "geometry": { "type": "Point", "coordinates": [ 411759.631, 126019.734 ] } },
{ "type": "Feature", "properties": { "Owner Type": "SSEN", "Owner Name": "SHET", "Type": "Grid/Bulk Supply pt", "Class": "Transmission", "Number": "", "Status": "Existing", "Data Confidence": "Surveyed", "Operating Area": "", "Locality": "", "Extent": "5649.33 m²" }, "geometry": { "type": "Point", "coordinates": [ 411728.295999999972992, 846511.147 ] } },
{ "type": "Feature", "properties": { "Owner Type": "SSEN", "Owner Name": "SEPD", "Type": "Primary", "Class": "Distribution", "Number": "BFPV", "Status": "Existing", "Data Confidence": "Surveyed", "Operating Area": "", "Locality": "", "Extent": "16.91 m²" }, "geometry": { "type": "Point", "coordinates": [ 411691.211000000010245, 127924.807 ] } },
{ "type": "Feature", "properties": { "Owner Type": "SSEN", "Owner Name": "SEPD", "Type": "Primary", "Class": "Distribution", "Number": "BOSE", "Status": "Existing", "Data Confidence": "Surveyed", "Operating Area": "", "Locality": "", "Extent": "436.66 m²" }, "geometry": { "type": "Point", "coordinates": [ 411657.337999999988824, 92440.426999999996042 ] } },
{ "type": "Feature", "properties": { "Owner Type": "SSEN", "Owner Name": "SEPD", "Type": "Primary", "Class": "Distribution", "Number": "ROCK", "Status": "Existing", "Data Confidence": "Surveyed", "Operating Area": "", "Locality": "", "Extent": "314.31 m²" }, "geometry": { "type": "Point", "coordinates": [ 411627.43, 117807.145 ] } },
{ "type": "Feature", "properties": { "Owner Type": "SSEN", "Owner Name": "SEPD", "Type": "Primary", "Class": "Distribution", "Number": "BEME", "Status": "Existing", "Data Confidence": "Surveyed", "Operating Area": "", "Locality": "", "Extent": "3187.41 m²" }, "geometry": { "type": "Point", "coordinates": [ 411618.492000000027474, 131203.49 ] } },
{ "type": "Feature", "properties": { "Owner Type": "SSEN", "Owner Name": "SEPD", "Type": "Primary", "Class": "Distribution", "Number": "RILG", "Status": "Existing", "Data Confidence": "Surveyed", "Operating Area": "", "Locality": "", "Extent": "36.01 m²" }, "geometry": { "type": "Point", "coordinates": [ 411523.253000000026077, 107735.138 ] } },
{ "type": "Feature", "properties": { "Owner Type": "SSEN", "Owner Name": "SEPD", "Type": "Secondary (Pad Mounted)", "Class": "Distribution", "Number": "6582978", "Status": "Existing", "Data Confidence": "Surveyed", "Operating Area": "Swindon", "Locality": "Swindon", "Extent": "9 m²" }, "geometry": { "type": "Point", "coordinates": [ 411228.598999999987427, 186830.823 ] } },
{ "type": "Feature", "properties": { "Owner Type": "SSEN", "Owner Name": "SEPD", "Type": "Primary", "Class": "Distribution", "Number": "SALI", "Status": "Existing", "Data Confidence": "Surveyed", "Operating Area": "", "Locality": "", "Extent": "17635.93 m²" }, "geometry": { "type": "Point", "coordinates": [ 411049.898999999975786, 131395.603 ] } },
{ "type": "Feature", "properties": { "Owner Type": "SSEN", "Owner Name": "SEPD", "Type": "Secondary (Pad Mounted)", "Class": "Distribution", "Number": "8137953", "Status": "Existing", "Data Confidence": "Surveyed", "Operating Area": "", "Locality": "", "Extent": "8.7 m²" }, "geometry": { "type": "Point", "coordinates": [ 410914.657, 95936.047000000005937 ] } },
{ "type": "Feature", "properties": { "Owner Type": "SSEN", "Owner Name": "SEPD", "Type": "Primary", "Class": "Distribution", "Number": "CRPV", "Status": "Existing", "Data Confidence": "Surveyed", "Operating Area": "", "Locality": "", "Extent": "16.05 m²" }, "geometry": { "type": "Point", "coordinates": [ 410806.022999999986496, 111923.21 ] } },
{ "type": "Feature", "properties": { "Owner Type": "SSEN", "Owner Name": "SEPD", "Type": "Secondary (Pad Mounted)", "Class": "Distribution", "Number": "8130202", "Status": "Existing", "Data Confidence": "Surveyed", "Operating Area": "Bournemouth", "Locality": "Bournemouth", "Extent": "13.65 m²" }, "geometry": { "type": "Point", "coordinates": [ 410753.212, 92314.220000000001164 ] } },
{ "type": "Feature", "properties": { "Owner Type": "SSEN", "Owner Name": "SEPD", "Type": "Primary", "Class": "Distribution", "Number": "GALI", "Status": "Existing", "Data Confidence": "Surveyed", "Operating Area": "", "Locality": "", "Extent": "1174.89 m²" }, "geometry": { "type": "Point", "coordinates": [ 410605.052000000025146, 183734.383 ] } },
{ "type": "Feature", "properties": { "Owner Type": "SSEN", "Owner Name": "SEPD", "Type": "Primary", "Class": "Distribution", "Number": "NLEA", "Status": "Existing", "Data Confidence": "Surveyed", "Operating Area": "", "Locality": "", "Extent": "1231.84 m²" }, "geometry": { "type": "Point", "coordinates": [ 410531.083999999973457, 214266.017 ] } },
{ "type": "Feature", "properties": { "Owner Type": "SSEN", "Owner Name": "SEPD", "Type": "Primary", "Class": "Distribution", "Number": "CENT", "Status": "Existing", "Data Confidence": "Surveyed", "Operating Area": "Bournemouth", "Locality": "CHARMINSTER (BOUR)", "Extent": "710.17 m²" }, "geometry": { "type": "Point", "coordinates": [ 410297.090000000025611, 91950.17500000000291 ] } },
{ "type": "Feature", "properties": { "Owner Type": "SSEN", "Owner Name": "SEPD", "Type": "Primary", "Class": "Distribution", "Number": "HLPV", "Status": "Existing", "Data Confidence": "Surveyed", "Operating Area": "", "Locality": "", "Extent": "10.56 m²" }, "geometry": { "type": "Point", "coordinates": [ 410089.180999999982305, 106234.915 ] } },
{ "type": "Feature", "properties": { "Owner Type": "SSEN", "Owner Name": "SEPD", "Type": "Primary", "Class": "Distribution", "Number": "PAPV", "Status": "Existing", "Data Confidence": "Surveyed", "Operating Area": "", "Locality": "", "Extent": "153 m²" }, "geometry": { "type": "Point", "coordinates": [ 410027.887999999977183, 98953.572 ] } },
{ "type": "Feature", "properties": { "Owner Type": "SSEN", "Owner Name": "SEPD", "Type": "Primary", "Class": "Distribution", "Number": "PMPV", "Status": "Existing", "Data Confidence": "Surveyed", "Operating Area": "", "Locality": "", "Extent": "18.62 m²" }, "geometry": { "type": "Point", "coordinates": [ 409863.283, 100459.865 ] } },
{ "type": "Feature", "properties": { "Owner Type": "SSEN", "Owner Name": "SEPD", "Type": "Primary", "Class": "Distribution", "Number": "WKPV", "Status": "Existing", "Data Confidence": "Surveyed", "Operating Area": "", "Locality": "", "Extent": "24.78 m²" }, "geometry": { "type": "Point", "coordinates": [ 409557.757999999972526, 182844.471 ] } },
{ "type": "Feature", "properties": { "Owner Type": "SSEN", "Owner Name": "SEPD", "Type": "Secondary", "Class": "Distribution", "Number": "8680678", "Status": "Existing", "Data Confidence": "Surveyed", "Operating Area": "Salisbury", "Locality": "SOUTH NEWTON", "Extent": "9 m²" }, "geometry": { "type": "Point", "coordinates": [ 409451.5, 133216.65 ] } },
{ "type": "Feature", "properties": { "Owner Type": "SSEN", "Owner Name": "SEPD", "Type": "Primary", "Class": "Distribution", "Number": "CRIC", "Status": "Existing", "Data Confidence": "Surveyed", "Operating Area": "", "Locality": "", "Extent": "2425.22 m²" }, "geometry": { "type": "Point", "coordinates": [ 409428.38, 193240.920000000012806 ] } },
{ "type": "Feature", "properties": { "Owner Type": "SSEN", "Owner Name": "SEPD", "Type": "Secondary", "Class": "Distribution", "Number": "4123462", "Status": "Existing", "Data Confidence": "Surveyed", "Operating Area": "", "Locality": "", "Extent": "14.38 m²" }, "geometry": { "type": "Point", "coordinates": [ 409378.88, 91308.975000000005821 ] } },
{ "type": "Feature", "properties": { "Owner Type": "SSEN", "Owner Name": "SEPD", "Type": "Primary", "Class": "Distribution", "Number": "WINT", "Status": "Existing", "Data Confidence": "Surveyed", "Operating Area": "Bournemouth", "Locality": "WSSX", "Extent": "996.02 m²" }, "geometry": { "type": "Point", "coordinates": [ 409369.821999999985565, 93832.979999999995925 ] } },
{ "type": "Feature", "properties": { "Owner Type": "SSEN", "Owner Name": "SHET", "Type": "Grid/Bulk Supply pt", "Class": "Transmission", "Number": "", "Status": "Existing", "Data Confidence": "Surveyed", "Operating Area": "", "Locality": "", "Extent": "2434.41 m²" }, "geometry": { "type": "Point", "coordinates": [ 409252.433000000019092, 853896.241000000038184 ] } },
{ "type": "Feature", "properties": { "Owner Type": "SSEN", "Owner Name": "SHEPD", "Type": "Primary", "Class": "Distribution", "Number": "", "Status": "Existing", "Data Confidence": "Surveyed", "Operating Area": "", "Locality": "", "Extent": "156.76 m²" }, "geometry": { "type": "Point", "coordinates": [ 409156.026000000012573, 853771.886000000056811 ] } },
{ "type": "Feature", "properties": { "Owner Type": "SSEN", "Owner Name": "SHET", "Type": "Grid/Bulk Supply pt", "Class": "Transmission", "Number": "", "Status": "Existing", "Data Confidence": "Surveyed", "Operating Area": "", "Locality": "", "Extent": "855.15 m²" }, "geometry": { "type": "Point", "coordinates": [ 409146.582, 853788.108 ] } },
{ "type": "Feature", "properties": { "Owner Type": "SSEN", "Owner Name": "SHET", "Type": "Grid/Bulk Supply pt", "Class": "Transmission", "Number": "", "Status": "Existing", "Data Confidence": "Surveyed", "Operating Area": "", "Locality": "", "Extent": "1163.94 m²" }, "geometry": { "type": "Point", "coordinates": [ 409099.494, 854823.160999999963678 ] } },
{ "type": "Feature", "properties": { "Owner Type": "SSEN", "Owner Name": "SEPD", "Type": "Primary", "Class": "Distribution", "Number": "SPPV", "Status": "Existing", "Data Confidence": "Surveyed", "Operating Area": "", "Locality": "", "Extent": "35.25 m²" }, "geometry": { "type": "Point", "coordinates": [ 408926.805, 183188.954 ] } },
{ "type": "Feature", "properties": { "Owner Type": "SSEN", "Owner Name": "SEPD", "Type": "Primary", "Class": "Distribution", "Number": "ELEH", "Status": "Existing", "Data Confidence": "Surveyed", "Operating Area": "Bournemouth", "Locality": "BOURNEMOUTH", "Extent": "381.62 m²" }, "geometry": { "type": "Point", "coordinates": [ 408757.705000000016298, 91364.100000000005821 ] } },
{ "type": "Feature", "properties": { "Owner Type": "SSEN", "Owner Name": "SEPD", "Type": "Primary", "Class": "132kV/33kV", "Number": "REHI", "Status": "Existing", "Data Confidence": "Surveyed", "Operating Area": "Bournemouth", "Locality": "REDHILL (BOUR)", "Extent": "8858.7 m²" }, "geometry": { "type": "Point", "coordinates": [ 408581.185, 96162.524999999994179 ] } },
{ "type": "Feature", "properties": { "Owner Type": "SSEN", "Owner Name": "SEPD", "Type": "Primary", "Class": "Distribution", "Number": "VEPV", "Status": "Existing", "Data Confidence": "Surveyed", "Operating Area": "", "Locality": "", "Extent": "14.88 m²" }, "geometry": { "type": "Point", "coordinates": [ 408394.103, 107328.032 ] } },
{ "type": "Feature", "properties": { "Owner Type": "SSEN", "Owner Name": "SEPD", "Type": "Secondary (Pad Mounted)", "Class": "11kV/LV", "Number": "15033998", "Status": "Existing", "Data Confidence": "Surveyed", "Operating Area": "Swindon", "Locality": "WOOTTON BASSETT", "Extent": "12.23 m²" }, "geometry": { "type": "Point", "coordinates": [ 408341.283999999985099, 183048.684 ] } },
{ "type": "Feature", "properties": { "Owner Type": "SSEN", "Owner Name": "SEPD", "Type": "Primary", "Class": "Distribution", "Number": "VICP", "Status": "Existing", "Data Confidence": "Surveyed", "Operating Area": "", "Locality": "", "Extent": "113.21 m²" }, "geometry": { "type": "Point", "coordinates": [ 408074.006, 94106.459000000002561 ] } },
{ "type": "Feature", "properties": { "Owner Type": "SSEN", "Owner Name": "SEPD", "Type": "Secondary (Pad Mounted)", "Class": "Distribution", "Number": "8176415", "Status": "Existing", "Data Confidence": "Surveyed", "Operating Area": "", "Locality": "", "Extent": "16 m²" }, "geometry": { "type": "Point", "coordinates": [ 407850.50099999998929, 109619.965 ] } },
{ "type": "Feature", "properties": { "Owner Type": "SSEN", "Owner Name": "SEPD", "Type": "Primary", "Class": "Distribution", "Number": "VERW", "Status": "Existing", "Data Confidence": "Surveyed", "Operating Area": "", "Locality": "", "Extent": "1968.73 m²" }, "geometry": { "type": "Point", "coordinates": [ 407727.181999999971595, 110208.995 ] } },
{ "type": "Feature", "properties": { "Owner Type": "SSEN", "Owner Name": "SHEPD", "Type": "Primary", "Class": "Distribution", "Number": "", "Status": "Existing", "Data Confidence": "Surveyed", "Operating Area": "", "Locality": "", "Extent": "24.35 m²" }, "geometry": { "type": "Point", "coordinates": [ 407725.049999999988358, 841108.288999999989755 ] } },
{ "type": "Feature", "properties": { "Owner Type": "SSEN", "Owner Name": "SEPD", "Type": "Primary", "Class": "Distribution", "Number": "WBOU", "Status": "Existing", "Data Confidence": "Surveyed", "Operating Area": "", "Locality": "", "Extent": "1340.51 m²" }, "geometry": { "type": "Point", "coordinates": [ 407665.409999999974389, 91481.06699999999546 ] } },
{ "type": "Feature", "properties": { "Owner Type": "SSEN", "Owner Name": "SEPD", "Type": "Primary", "Class": "Distribution", "Number": "WOOB", "Status": "Existing", "Data Confidence": "Surveyed", "Operating Area": "", "Locality": "", "Extent": "2190.21 m²" }, "geometry": { "type": "Point", "coordinates": [ 407602.06, 181119.22 ] } },
{ "type": "Feature", "properties": { "Owner Type": "SSEN", "Owner Name": "SEPD", "Type": "Secondary", "Class": "Distribution", "Number": "8182471", "Status": "Existing", "Data Confidence": "Surveyed", "Operating Area": "Bournemouth", "Locality": "Bournemouth", "Extent": "10.92 m²" }, "geometry": { "type": "Point", "coordinates": [ 407554.44, 91531.827000000004773 ] } },
{ "type": "Feature", "properties": { "Owner Type": "SSEN", "Owner Name": "SEPD", "Type": "Primary", "Class": "Distribution", "Number": "MANN", "Status": "Existing", "Data Confidence": "Surveyed", "Operating Area": "", "Locality": "", "Extent": "40641.59 m²" }, "geometry": { "type": "Point", "coordinates": [ 407523.407, 105223.243 ] } },
{ "type": "Feature", "properties": { "Owner Type": "SSEN", "Owner Name": "SEPD", "Type": "Primary", "Class": "Distribution", "Number": "BEPV", "Status": "Existing", "Data Confidence": "Surveyed", "Operating Area": "", "Locality": "", "Extent": "15 m²" }, "geometry": { "type": "Point", "coordinates": [ 407461.647, 189627.103 ] } },
{ "type": "Feature", "properties": { "Owner Type": "SSEN", "Owner Name": "SEPD", "Type": "Secondary (Pad Mounted)", "Class": "Distribution", "Number": "8181967", "Status": "Existing", "Data Confidence": "Surveyed", "Operating Area": "", "Locality": "", "Extent": "4 m²" }, "geometry": { "type": "Point", "coordinates": [ 407315.674999999988358, 101075.116 ] } },
{ "type": "Feature", "properties": { "Owner Type": "SSEN", "Owner Name": "SEPD", "Type": "Primary", "Class": "Distribution", "Number": "WEPV", "Status": "Existing", "Data Confidence": "Surveyed", "Operating Area": "", "Locality": "", "Extent": "15.06 m²" }, "geometry": { "type": "Point", "coordinates": [ 407127.020000000018626, 106896.583 ] } },
{ "type": "Feature", "properties": { "Owner Type": "SSEN", "Owner Name": "SEPD", "Type": "Primary", "Class": "Distribution", "Number": "STAP", "Status": "Existing", "Data Confidence": "Surveyed", "Operating Area": "", "Locality": "", "Extent": "1001.38 m²" }, "geometry": { "type": "Point", "coordinates": [ 406873.63, 137094.327 ] } },
{ "type": "Feature", "properties": { "Owner Type": "SSEN", "Owner Name": "SEPD", "Type": "Primary", "Class": "Distribution", "Number": "EHOW", "Status": "Existing", "Data Confidence": "Surveyed", "Operating Area": "", "Locality": "", "Extent": "3086.2 m²" }, "geometry": { "type": "Point", "coordinates": [ 406799.775000000023283, 95159.345000000001164 ] } },
{ "type": "Feature", "properties": { "Owner Type": "SSEN", "Owner Name": "SEPD", "Type": "Primary", "Class": "Distribution", "Number": "FEDO", "Status": "Existing", "Data Confidence": "Surveyed", "Operating Area": "", "Locality": "", "Extent": "3642.13 m²" }, "geometry": { "type": "Point", "coordinates": [ 406643.603, 100714.023 ] } },
{ "type": "Feature", "properties": { "Owner Type": "SSEN", "Owner Name": "SHEPD", "Type": "Primary", "Class": "Distribution", "Number": "863", "Status": "Existing", "Data Confidence": "Surveyed", "Operating Area": "North East District", "Locality": "HATTON, ABERDEEN", "Extent": "1293.43 m²" }, "geometry": { "type": "Point", "coordinates": [ 406445.129000000015367, 837345.049 ] } },
{ "type": "Feature", "properties": { "Owner Type": "SSEN", "Owner Name": "SEPD", "Type": "Secondary", "Class": "Distribution", "Number": "4121653", "Status": "Existing", "Data Confidence": "Surveyed", "Operating Area": "", "Locality": "", "Extent": "35.27 m²" }, "geometry": { "type": "Point", "coordinates": [ 406267.096000000019558, 95475.365000000005239 ] } },
{ "type": "Feature", "properties": { "Owner Type": "SSEN", "Owner Name": "SEPD", "Type": "Primary", "Class": "Distribution", "Number": "BOEM", "Status": "Existing", "Data Confidence": "Surveyed", "Operating Area": "", "Locality": "", "Extent": "7957.21 m²" }, "geometry": { "type": "Point", "coordinates": [ 406265.846000000019558, 92437.080000000001746 ] } },
{ "type": "Feature", "properties": { "Owner Type": "SSEN", "Owner Name": "SEPD", "Type": "Primary", "Class": "Distribution", "Number": "BOUV", "Status": "Existing", "Data Confidence": "Surveyed", "Operating Area": "", "Locality": "", "Extent": "3306.61 m²" }, "geometry": { "type": "Point", "coordinates": [ 406221.566999999980908, 92382.171000000002095 ] } },
{ "type": "Feature", "properties": { "Owner Type": "SSEN", "Owner Name": "SEPD", "Type": "Primary", "Class": "Distribution", "Number": "LPPV", "Status": "Existing", "Data Confidence": "Surveyed", "Operating Area": "", "Locality": "", "Extent": "6505.55 m²" }, "geometry": { "type": "Point", "coordinates": [ 405683.658999999985099, 185511.492 ] } },
{ "type": "Feature", "properties": { "Owner Type": "SSEN", "Owner Name": "SEPD", "Type": "Primary", "Class": "Distribution", "Number": "LYDP", "Status": "Existing", "Data Confidence": "Surveyed", "Operating Area": "", "Locality": "", "Extent": "78.13 m²" }, "geometry": { "type": "Point", "coordinates": [ 405656.599999999976717, 185471.934 ] } },
{ "type": "Feature", "properties": { "Owner Type": "SSEN", "Owner Name": "SEPD", "Type": "Secondary (Pad Mounted)", "Class": "11kV/LV", "Number": "8283373", "Status": "Existing", "Data Confidence": "Surveyed", "Operating Area": "Poole", "Locality": "POOLE", "Extent": "2.25 m²" }, "geometry": { "type": "Point", "coordinates": [ 405551.976000000024214, 89329.936000000001513 ] } },
{ "type": "Feature", "properties": { "Owner Type": "SSEN", "Owner Name": "SEPD", "Type": "Primary", "Class": "Distribution", "Number": "CUPV", "Status": "Existing", "Data Confidence": "Surveyed", "Operating Area": "", "Locality": "", "Extent": "16 m²" }, "geometry": { "type": "Point", "coordinates": [ 405518.59499999997206, 202975.43 ] } },
{ "type": "Feature", "properties": { "Owner Type": "SSEN", "Owner Name": "SEPD", "Type": "Primary", "Class": "Distribution", "Number": "BUPV", "Status": "Existing", "Data Confidence": "Surveyed", "Operating Area": "", "Locality": "", "Extent": "30.15 m²" }, "geometry": { "type": "Point", "coordinates": [ 405297.920999999972992, 101933.268 ] } },
{ "type": "Feature", "properties": { "Owner Type": "SSEN", "Owner Name": "SHEPD", "Type": "Secondary (Pad Mounted)", "Class": "Distribution", "Number": "9303342", "Status": "Existing", "Data Confidence": "Surveyed", "Operating Area": "", "Locality": "", "Extent": "33.63 m²" }, "geometry": { "type": "Point", "coordinates": [ 405192.88900000002468, 836904.393000000040047 ] } },
{ "type": "Feature", "properties": { "Owner Type": "SSEN", "Owner Name": "SEPD", "Type": "Primary", "Class": "Distribution", "Number": "PAGG", "Status": "Existing", "Data Confidence": "Surveyed", "Operating Area": "", "Locality": "", "Extent": "14.96 m²" }, "geometry": { "type": "Point", "coordinates": [ 404986.88, 184163.295000000012806 ] } },
{ "type": "Feature", "properties": { "Owner Type": "SSEN", "Owner Name": "DOAN", "Type": "Primary", "Class": "Distribution", "Number": "SHPK", "Status": "Existing", "Data Confidence": "Surveyed", "Operating Area": "", "Locality": "", "Extent": "60.56 m²" }, "geometry": { "type": "Point", "coordinates": [ 404903.792000000015832, 279471.810999999986961 ] } },
{ "type": "Feature", "properties": { "Owner Type": "SSEN", "Owner Name": "SEPD", "Type": "Primary", "Class": "Distribution", "Number": "PARS", "Status": "Existing", "Data Confidence": "Surveyed", "Operating Area": "", "Locality": "", "Extent": "1173.71 m²" }, "geometry": { "type": "Point", "coordinates": [ 404791.325000000011642, 89845.25 ] } },
{ "type": "Feature", "properties": { "Owner Type": "SSEN", "Owner Name": "SEPD", "Type": "Secondary", "Class": "Distribution", "Number": "8283399", "Status": "Existing", "Data Confidence": "Surveyed", "Operating Area": "Poole", "Locality": "Poole", "Extent": "19.53 m²" }, "geometry": { "type": "Point", "coordinates": [ 404606.930999999982305, 97074.13300000000163 ] } },
{ "type": "Feature", "properties": { "Owner Type": "SSEN", "Owner Name": "SEPD", "Type": "Primary", "Class": "Distribution", "Number": "ALDN", "Status": "Existing", "Data Confidence": "Surveyed", "Operating Area": "", "Locality": "", "Extent": "2872.01 m²" }, "geometry": { "type": "Point", "coordinates": [ 404284.57, 95109.009999999994761 ] } },
{ "type": "Feature", "properties": { "Owner Type": "SSEN", "Owner Name": "SEPD", "Type": "Primary", "Class": "Distribution", "Number": "PDCM", "Status": "Existing", "Data Confidence": "Surveyed", "Operating Area": "", "Locality": "", "Extent": "67 m²" }, "geometry": { "type": "Point", "coordinates": [ 404038.205000000016298, 94185.195000000006985 ] } },
{ "type": "Feature", "properties": { "Owner Type": "SSEN", "Owner Name": "SEPD", "Type": "Secondary", "Class": "Distribution", "Number": "PDCM", "Status": "Existing", "Data Confidence": "Surveyed", "Operating Area": "", "Locality": "", "Extent": "43.41 m²" }, "geometry": { "type": "Point", "coordinates": [ 403997.045999999972992, 94217.299 ] } },
{ "type": "Feature", "properties": { "Owner Type": "SSEN", "Owner Name": "SEPD", "Type": "Primary", "Class": "Distribution", "Number": "SHIO", "Status": "Existing", "Data Confidence": "Surveyed", "Operating Area": "", "Locality": "", "Extent": "1057.76 m²" }, "geometry": { "type": "Point", "coordinates": [ 403905.32, 219088.497 ] } },
{ "type": "Feature", "properties": { "Owner Type": "SSEN", "Owner Name": "SEPD", "Type": "Secondary", "Class": "Distribution", "Number": "8583036", "Status": "Existing", "Data Confidence": "Surveyed", "Operating Area": "Poole", "Locality": "POOLE", "Extent": "9.11 m²" }, "geometry": { "type": "Point", "coordinates": [ 403446.887999999977183, 91546.121 ] } },
{ "type": "Feature", "properties": { "Owner Type": "SSEN", "Owner Name": "SHEPD", "Type": "Primary", "Class": "Distribution", "Number": "", "Status": "Existing", "Data Confidence": "Surveyed", "Operating Area": "", "Locality": "", "Extent": "1459.91 m²" }, "geometry": { "type": "Point", "coordinates": [ 403273.977000000013504, 864252.956 ] } },
{ "type": "Feature", "properties": { "Owner Type": "SSEN", "Owner Name": "SEPD", "Type": "Primary", "Class": "Distribution", "Number": "PARN", "Status": "Existing", "Data Confidence": "Surveyed", "Operating Area": "", "Locality": "", "Extent": "598.22 m²" }, "geometry": { "type": "Point", "coordinates": [ 403206.650000000023283, 92227.899999999994179 ] } },
{ "type": "Feature", "properties": { "Owner Type": "SSEN", "Owner Name": "SEPD", "Type": "Primary", "Class": "Distribution", "Number": "WSTG", "Status": "Existing", "Data Confidence": "Surveyed", "Operating Area": "Salisbury", "Locality": "WIMBORNE ST GILES", "Extent": "234.16 m²" }, "geometry": { "type": "Point", "coordinates": [ 403027.955000000016298, 112698.233 ] } },
{ "type": "Feature", "properties": { "Owner Type": "SSEN", "Owner Name": "SEPD", "Type": "Primary", "Class": "33kV/11kV", "Number": "CIRT", "Status": "Existing", "Data Confidence": "Surveyed", "Operating Area": "Swindon", "Locality": "CIRENCESTER", "Extent": "1566.91 m²" }, "geometry": { "type": "Point", "coordinates": [ 402801.158999999985099, 200816.125 ] } },
{ "type": "Feature", "properties": { "Owner Type": "SSEN", "Owner Name": "SEPD", "Type": "Secondary", "Class": "Distribution", "Number": "8682381", "Status": "Existing", "Data Confidence": "Surveyed", "Operating Area": "Salisbury", "Locality": "Salisbury", "Extent": "9 m²" }, "geometry": { "type": "Point", "coordinates": [ 402725.242000000027474, 111766.694 ] } },
{ "type": "Feature", "properties": { "Owner Type": "SSEN", "Owner Name": "SEPD", "Type": "Primary", "Class": "Distribution", "Number": "CIRE", "Status": "Existing", "Data Confidence": "Surveyed", "Operating Area": "", "Locality": "", "Extent": "5834.27 m²" }, "geometry": { "type": "Point", "coordinates": [ 402701.956, 200362.696 ] } },
{ "type": "Feature", "properties": { "Owner Type": "SSEN", "Owner Name": "SEPD", "Type": "Primary", "Class": "Distribution", "Number": "WHWA", "Status": "Existing", "Data Confidence": "Surveyed", "Operating Area": "", "Locality": "", "Extent": "2022.21 m²" }, "geometry": { "type": "Point", "coordinates": [ 402077.409999999974389, 203028.26500000001397 ] } },
{ "type": "Feature", "properties": { "Owner Type": "SSEN", "Owner Name": "SEPD", "Type": "Primary", "Class": "Distribution", "Number": "WIMB", "Status": "Existing", "Data Confidence": "Surveyed", "Operating Area": "", "Locality": "", "Extent": "2277.4 m²" }, "geometry": { "type": "Point", "coordinates": [ 402056.324000000022352, 99976.17500000000291 ] } },
{ "type": "Feature", "properties": { "Owner Type": "SSEN", "Owner Name": "SEPD", "Type": "Primary", "Class": "Distribution", "Number": "SWAN", "Status": "Existing", "Data Confidence": "Surveyed", "Operating Area": "", "Locality": "", "Extent": "1124.4 m²" }, "geometry": { "type": "Point", "coordinates": [ 401992.705000000016298, 79295.184999999997672 ] } },
{ "type": "Feature", "properties": { "Owner Type": "SSEN", "Owner Name": "SEPD", "Type": "Secondary", "Class": "Distribution", "Number": "4183303", "Status": "Existing", "Data Confidence": "Surveyed", "Operating Area": "Poole", "Locality": "POOLE", "Extent": "16 m²" }, "geometry": { "type": "Point", "coordinates": [ 401801.952999999979511, 93700.101999999998952 ] } },
{ "type": "Feature", "properties": { "Owner Type": "SSEN", "Owner Name": "SEPD", "Type": "Primary", "Class": "Distribution", "Number": "MINV", "Status": "Existing", "Data Confidence": "Surveyed", "Operating Area": "", "Locality": "", "Extent": "1559.65 m²" }, "geometry": { "type": "Point", "coordinates": [ 401688.167000000015832, 191944.253 ] } },
{ "type": "Feature", "properties": { "Owner Type": "SSEN", "Owner Name": "SEPD", "Type": "Primary", "Class": "Distribution", "Number": "EASE", "Status": "Existing", "Data Confidence": "Surveyed", "Operating Area": "", "Locality": "", "Extent": "3020.35 m²" }, "geometry": { "type": "Point", "coordinates": [ 401666.64000000001397, 154734.230000000010477 ] } },
{ "type": "Feature", "properties": { "Owner Type": "SSEN", "Owner Name": "SEPD", "Type": "Secondary", "Class": "Distribution", "Number": "8682664", "Status": "Existing", "Data Confidence": "Surveyed", "Operating Area": "Salisbury", "Locality": "Salisbury", "Extent": "6 m²" }, "geometry": { "type": "Point", "coordinates": [ 401611.613000000012107, 138107.935 ] } },
{ "type": "Feature", "properties": { "Owner Type": "SSEN", "Owner Name": "SEPD", "Type": "Primary", "Class": "Distribution", "Number": "HPPV", "Status": "Existing", "Data Confidence": "Surveyed", "Operating Area": "", "Locality": "", "Extent": "21.44 m²" }, "geometry": { "type": "Point", "coordinates": [ 401308.956, 172160.405999999988126 ] } },
{ "type": "Feature", "properties": { "Owner Type": "SSEN", "Owner Name": "SEPD", "Type": "Primary", "Class": "Distribution", "Number": "POLE", "Status": "Existing", "Data Confidence": "Surveyed", "Operating Area": "Poole", "Locality": "POOLE", "Extent": "283.79 m²" }, "geometry": { "type": "Point", "coordinates": [ 401098.200000000011642, 90593.399999999994179 ] } },
{ "type": "Feature", "properties": { "Owner Type": "SSEN", "Owner Name": "SEPD", "Type": "Secondary (Pad Mounted)", "Class": "Distribution", "Number": "4183262", "Status": "Existing", "Data Confidence": "Surveyed", "Operating Area": "Bournemouth", "Locality": "WIMBORNE", "Extent": "2.21 m²" }, "geometry": { "type": "Point", "coordinates": [ 400995.726000000024214, 100777.675 ] } },
{ "type": "Feature", "properties": { "Owner Type": "SSEN", "Owner Name": "SHEPD", "Type": "Primary", "Class": "Distribution", "Number": "", "Status": "Existing", "Data Confidence": "Surveyed", "Operating Area": "", "Locality": "", "Extent": "787.66 m²" }, "geometry": { "type": "Point", "coordinates": [ 400895.299999999988358, 848665.714999999967404 ] } },
{ "type": "Feature", "properties": { "Owner Type": "SSEN", "Owner Name": "SEPD", "Type": "Primary", "Class": "Distribution", "Number": "HOLB", "Status": "Existing", "Data Confidence": "Surveyed", "Operating Area": "", "Locality": "", "Extent": "948.96 m²" }, "geometry": { "type": "Point", "coordinates": [ 400725.354999999981374, 91953.217000000004191 ] } },
{ "type": "Feature", "properties": { "Owner Type": "SSEN", "Owner Name": "SEPD", "Type": "Primary", "Class": "Distribution", "Number": "HINM", "Status": "Existing", "Data Confidence": "Surveyed", "Operating Area": "", "Locality": "", "Extent": "783.23 m²" }, "geometry": { "type": "Point", "coordinates": [ 400719.911000000021886, 106027.375 ] } },
{ "type": "Feature", "properties": { "Owner Type": "SSEN", "Owner Name": "SEPD", "Type": "Secondary", "Class": "Distribution", "Number": "4118259", "Status": "Existing", "Data Confidence": "Surveyed", "Operating Area": "Poole", "Locality": "WATERLOO", "Extent": "9 m²" }, "geometry": { "type": "Point", "coordinates": [ 400581.778, 94534.440000000002328 ] } },
{ "type": "Feature", "properties": { "Owner Type": "SSEN", "Owner Name": "SEPD", "Type": "Primary", "Class": "Distribution", "Number": "CREE", "Status": "Existing", "Data Confidence": "Surveyed", "Operating Area": "", "Locality": "", "Extent": "809.64 m²" }, "geometry": { "type": "Point", "coordinates": [ 400563.565, 94104.92500000000291 ] } },
{ "type": "Feature", "properties": { "Owner Type": "SSEN", "Owner Name": "SEPD", "Type": "Primary", "Class": "Distribution", "Number": "CALN", "Status": "Existing", "Data Confidence": "Surveyed", "Operating Area": "Melksham", "Locality": "CALNE", "Extent": "2983.1 m²" }, "geometry": { "type": "Point", "coordinates": [ 400541.314000000013039, 172464.078 ] } },
{ "type": "Feature", "properties": { "Owner Type": "SSEN", "Owner Name": "SEPD", "Type": "Secondary", "Class": "Distribution", "Number": "8282807", "Status": "Existing", "Data Confidence": "Surveyed", "Operating Area": "Poole", "Locality": "Poole", "Extent": "6.08 m²" }, "geometry": { "type": "Point", "coordinates": [ 400453.522999999986496, 92997.456999999994878 ] } },
{ "type": "Feature", "properties": { "Owner Type": "SSEN", "Owner Name": "SEPD", "Type": "Primary", "Class": "Distribution", "Number": "POOL", "Status": "Existing", "Data Confidence": "Surveyed", "Operating Area": "Bournemouth", "Locality": "Poole", "Extent": "16843.53 m²" }, "geometry": { "type": "Point", "coordinates": [ 400203.71999999997206, 90789.849000000001979 ] } },
{ "type": "Feature", "properties": { "Owner Type": "SSEN", "Owner Name": "SEPD", "Type": "Primary", "Class": "Distribution", "Number": "HAMW", "Status": "Existing", "Data Confidence": "Surveyed", "Operating Area": "", "Locality": "", "Extent": "2542.43 m²" }, "geometry": { "type": "Point", "coordinates": [ 400107.822999999974854, 90763.304000000003725 ] } },
{ "type": "Feature", "properties": { "Owner Type": "SSEN", "Owner Name": "SEPD", "Type": "Primary", "Class": "Distribution", "Number": "DEVI", "Status": "Existing", "Data Confidence": "Surveyed", "Operating Area": "", "Locality": "", "Extent": "2397.7 m²" }, "geometry": { "type": "Point", "coordinates": [ 400082.647, 161010.37 ] } },
{ "type": "Feature", "properties": { "Owner Type": "SSEN", "Owner Name": "SEPD", "Type": "Primary", "Class": "Distribution", "Number": "MITY", "Status": "Existing", "Data Confidence": "Surveyed", "Operating Area": "", "Locality": "", "Extent": "10161.83 m²" }, "geometry": { "type": "Point", "coordinates": [ 400012.012999999977183, 189850.329 ] } },
{ "type": "Feature", "properties": { "Owner Type": "SSEN", "Owner Name": "SEPD", "Type": "Primary", "Class": "Distribution", "Number": "TEFF", "Status": "Existing", "Data Confidence": "Surveyed", "Operating Area": "", "Locality": "", "Extent": "926.76 m²" }, "geometry": { "type": "Point", "coordinates": [ 399861.729999999981374, 130972.275 ] } },
{ "type": "Feature", "properties": { "Owner Type": "SSEN", "Owner Name": "SEPD", "Type": "Secondary", "Class": "Distribution", "Number": "6183520", "Status": "Existing", "Data Confidence": "Surveyed", "Operating Area": "CALNE", "Locality": "", "Extent": "8.03 m²" }, "geometry": { "type": "Point", "coordinates": [ 399718.531000000017229, 169985.575000000011642 ] } },
{ "type": "Feature", "properties": { "Owner Type": "SSEN", "Owner Name": "SEPD", "Type": "Primary", "Class": "Distribution", "Number": "LYNE", "Status": "Existing", "Data Confidence": "Surveyed", "Operating Area": "", "Locality": "", "Extent": "1253.93 m²" }, "geometry": { "type": "Point", "coordinates": [ 399372.200000000011642, 180474.51 ] } },
{ "type": "Feature", "properties": { "Owner Type": "SSEN", "Owner Name": "SEPD", "Type": "Primary", "Class": "Distribution", "Number": "EFPV", "Status": "Existing", "Data Confidence": "Surveyed", "Operating Area": "", "Locality": "", "Extent": "11.31 m²" }, "geometry": { "type": "Point", "coordinates": [ 399291.278, 141537.578 ] } },
{ "type": "Feature", "properties": { "Owner Type": "SSEN", "Owner Name": "SEPD", "Type": "Primary", "Class": "Distribution", "Number": "MAHG", "Status": "Existing", "Data Confidence": "Surveyed", "Operating Area": "", "Locality": "", "Extent": "29.81 m²" }, "geometry": { "type": "Point", "coordinates": [ 399266.614, 141540.307999999989988 ] } },
{ "type": "Feature", "properties": { "Owner Type": "SSEN", "Owner Name": "SEPD", "Type": "Primary", "Class": "Distribution", "Number": "HAMC", "Status": "Existing", "Data Confidence": "Surveyed", "Operating Area": "", "Locality": "", "Extent": "551.97 m²" }, "geometry": { "type": "Point", "coordinates": [ 398762.547000000020489, 91028.528000000005704 ] } },
{ "type": "Feature", "properties": { "Owner Type": "SSEN", "Owner Name": "SEPD", "Type": "Primary", "Class": "Distribution", "Number": "BROM", "Status": "Existing", "Data Confidence": "Surveyed", "Operating Area": "", "Locality": "", "Extent": "4284.53 m²" }, "geometry": { "type": "Point", "coordinates": [ 398678.495, 165944.01500000001397 ] } },
{ "type": "Feature", "properties": { "Owner Type": "SSEN", "Owner Name": "SHEPD", "Type": "Primary", "Class": "Distribution", "Number": "", "Status": "Existing", "Data Confidence": "Surveyed", "Operating Area": "", "Locality": "", "Extent": "189.54 m²" }, "geometry": { "type": "Point", "coordinates": [ 398654.444000000017695, 866297.822000000043772 ] } },
{ "type": "Feature", "properties": { "Owner Type": "SSEN", "Owner Name": "SHET", "Type": "Grid/Bulk Supply pt", "Class": "Transmission", "Number": "", "Status": "Existing", "Data Confidence": "Surveyed", "Operating Area": "", "Locality": "", "Extent": "3911.28 m²" }, "geometry": { "type": "Point", "coordinates": [ 398645.194000000017695, 866265.844000000040978 ] } },
{ "type": "Feature", "properties": { "Owner Type": "SSEN", "Owner Name": "SEPD", "Type": "Primary", "Class": "Distribution", "Number": "GSTM", "Status": "Existing", "Data Confidence": "Surveyed", "Operating Area": "", "Locality": "", "Extent": "287.96 m²" }, "geometry": { "type": "Point", "coordinates": [ 398630.200000000011642, 111414.04 ] } },
{ "type": "Feature", "properties": { "Owner Type": "SSEN", "Owner Name": "SEPD", "Type": "Primary", "Class": "Distribution", "Number": "CORM", "Status": "Existing", "Data Confidence": "Surveyed", "Operating Area": "", "Locality": "", "Extent": "759.84 m²" }, "geometry": { "type": "Point", "coordinates": [ 398606.275000000023283, 96063.350000000005821 ] } },
{ "type": "Feature", "properties": { "Owner Type": "SSEN", "Owner Name": "SEPD", "Type": "Primary", "Class": "Distribution", "Number": "LYTC", "Status": "Existing", "Data Confidence": "Surveyed", "Operating Area": "", "Locality": "", "Extent": "10123.2 m²" }, "geometry": { "type": "Point", "coordinates": [ 397796.950000000011642, 94214.25 ] } },
{ "type": "Feature", "properties": { "Owner Type": "SSEN", "Owner Name": "SEPD", "Type": "Primary", "Class": "Distribution", "Number": "BUSH", "Status": "Existing", "Data Confidence": "Surveyed", "Operating Area": "", "Locality": "", "Extent": "288.73 m²" }, "geometry": { "type": "Point", "coordinates": [ 397682.167000000015832, 83536.130000000004657 ] } },
{ "type": "Feature", "properties": { "Owner Type": "SSEN", "Owner Name": "SEPD", "Type": "Primary", "Class": "Distribution", "Number": "LOPV", "Status": "Existing", "Data Confidence": "Surveyed", "Operating Area": "", "Locality": "", "Extent": "314.5 m²" }, "geometry": { "type": "Point", "coordinates": [ 397538.813000000023749, 156280.541999999986729 ] } },
{ "type": "Feature", "properties": { "Owner Type": "SSEN", "Owner Name": "SEPD", "Type": "Primary", "Class": "Distribution", "Number": "WYTC", "Status": "Existing", "Data Confidence": "Surveyed", "Operating Area": "Poole", "Locality": "CORFE CASTLE", "Extent": "3066.23 m²" }, "geometry": { "type": "Point", "coordinates": [ 397431.82, 84954.986000000004424 ] } },
{ "type": "Feature", "properties": { "Owner Type": "SSEN", "Owner Name": "SEPD", "Type": "Primary", "Class": "Distribution", "Number": "CODF", "Status": "Existing", "Data Confidence": "Surveyed", "Operating Area": "Melksham", "Locality": "CODFORD ST MARY", "Extent": "296.27 m²" }, "geometry": { "type": "Point", "coordinates": [ 397365.59499999997206, 139568.84 ] } },
{ "type": "Feature", "properties": { "Owner Type": "SSEN", "Owner Name": "SHEPD", "Type": "Secondary (Pad Mounted)", "Class": "Distribution", "Number": "9001051", "Status": "Existing", "Data Confidence": "Surveyed", "Operating Area": "North East District", "Locality": "ABERDEEN", "Extent": "4.46 m²" }, "geometry": { "type": "Point", "coordinates": [ 397122.359, 805312.191 ] } },
{ "type": "Feature", "properties": { "Owner Type": "3rd Party", "Owner Name": "N/A", "Type": "Secondary", "Class": "Distribution", "Number": "9303320", "Status": "Existing", "Data Confidence": "Surveyed", "Operating Area": "", "Locality": "", "Extent": "99.99 m²" }, "geometry": { "type": "Point", "coordinates": [ 396991.136999999987893, 825345.241999999969266 ] } },
{ "type": "Feature", "properties": { "Owner Type": "SSEN", "Owner Name": "SEPD", "Type": "Primary", "Class": "Distribution", "Number": "HEPV", "Status": "Existing", "Data Confidence": "Surveyed", "Operating Area": "", "Locality": "", "Extent": "13.91 m²" }, "geometry": { "type": "Point", "coordinates": [ 396785.684, 97122.713000000003376 ] } },
{ "type": "Feature", "properties": { "Owner Type": "SSEN", "Owner Name": "SEPD", "Type": "Secondary", "Class": "Distribution", "Number": "2188215", "Status": "Existing", "Data Confidence": "Surveyed", "Operating Area": "Poole", "Locality": "Poole", "Extent": "4 m²" }, "geometry": { "type": "Point", "coordinates": [ 396569.427000000025146, 97407.301999999996042 ] } },
{ "type": "Feature", "properties": { "Owner Type": "SSEN", "Owner Name": "SEPD", "Type": "Primary", "Class": "Distribution", "Number": "PLPV", "Status": "Existing", "Data Confidence": "Surveyed", "Operating Area": "", "Locality": "", "Extent": "19.26 m²" }, "geometry": { "type": "Point", "coordinates": [ 396221.824000000022352, 160696.285 ] } },
{ "type": "Feature", "properties": { "Owner Type": "SSEN", "Owner Name": "SEPD", "Type": "Primary", "Class": "Distribution", "Number": "MINC", "Status": "Existing", "Data Confidence": "Surveyed", "Operating Area": "", "Locality": "", "Extent": "291.06 m²" }, "geometry": { "type": "Point", "coordinates": [ 396171.754000000015367, 114520.392 ] } },
{ "type": "Feature", "properties": { "Owner Type": "SSEN", "Owner Name": "SEPD", "Type": "Primary", "Class": "Distribution", "Number": "KEMB", "Status": "Existing", "Data Confidence": "Surveyed", "Operating Area": "", "Locality": "", "Extent": "1488.67 m²" }, "geometry": { "type": "Point", "coordinates": [ 396076.555, 195986.700000000011642 ] } },
{ "type": "Feature", "properties": { "Owner Type": "SSEN", "Owner Name": "SHEPD", "Type": "Primary", "Class": "Distribution", "Number": "808", "Status": "Existing", "Data Confidence": "Surveyed", "Operating Area": "North East District", "Locality": "ABERDEEN", "Extent": "246.78 m²" }, "geometry": { "type": "Point", "coordinates": [ 396052.346000000019558, 805229.84499999997206 ] } },
{ "type": "Feature", "properties": { "Owner Type": "SSEN", "Owner Name": "SHET", "Type": "Grid/Bulk Supply pt", "Class": "Transmission", "Number": "", "Status": "Existing", "Data Confidence": "Surveyed", "Operating Area": "", "Locality": "", "Extent": "2310.85 m²" }, "geometry": { "type": "Point", "coordinates": [ 395922.080000000016298, 855114.344000000040978 ] } },
{ "type": "Feature", "properties": { "Owner Type": "SSEN", "Owner Name": "SHEPD", "Type": "Primary", "Class": "Distribution", "Number": "", "Status": "Existing", "Data Confidence": "Surveyed", "Operating Area": "", "Locality": "", "Extent": "1562.65 m²" }, "geometry": { "type": "Point", "coordinates": [ 395900.843999999982771, 855144.214000000036322 ] } },
{ "type": "Feature", "properties": { "Owner Type": "SSEN", "Owner Name": "SEPD", "Type": "Secondary (Pad Mounted)", "Class": "11kV/LV", "Number": "8283598", "Status": "Existing", "Data Confidence": "Surveyed", "Operating Area": "Poole", "Locality": "CORFE MULLEN", "Extent": "9.9 m²" }, "geometry": { "type": "Point", "coordinates": [ 395893.87, 98285.952000000004773 ] } },
{ "type": "Feature", "properties": { "Owner Type": "SSEN", "Owner Name": "SEPD", "Type": "Primary", "Class": "Distribution", "Number": "LEPV", "Status": "Existing", "Data Confidence": "Surveyed", "Operating Area": "", "Locality": "", "Extent": "50.96 m²" }, "geometry": { "type": "Point", "coordinates": [ 395782.158999999985099, 93990.267000000007101 ] } },
{ "type": "Feature", "properties": { "Owner Type": "SSEN", "Owner Name": "SHEPD", "Type": "Primary", "Class": "33kV/11kV", "Number": "P", "Status": "Existing", "Data Confidence": "Surveyed", "Operating Area": "North East District", "Locality": "BALMEDIE", "Extent": "830.2 m²" }, "geometry": { "type": "Point", "coordinates": [ 395547.697999999974854, 818632.192999999970198 ] } },
{ "type": "Feature", "properties": { "Owner Type": "SSEN", "Owner Name": "SHEPD", "Type": "Primary", "Class": "Distribution", "Number": "", "Status": "Existing", "Data Confidence": "Surveyed", "Operating Area": "", "Locality": "", "Extent": "153.74 m²" }, "geometry": { "type": "Point", "coordinates": [ 395508.713999999978114, 830056.643999999971129 ] } },
{ "type": "Feature", "properties": { "Owner Type": "SSEN", "Owner Name": "SHEPD", "Type": "Primary", "Class": "33kV/11kV", "Number": "", "Status": "Existing", "Data Confidence": "Surveyed", "Operating Area": "North East District", "Locality": "ABERDEEN", "Extent": "582.27 m²" }, "geometry": { "type": "Point", "coordinates": [ 394810.679, 806275.339999999967404 ] } },
{ "type": "Feature", "properties": { "Owner Type": "SSEN", "Owner Name": "SEPD", "Type": "Primary", "Class": "Distribution", "Number": "ORGA", "Status": "Existing", "Data Confidence": "Surveyed", "Operating Area": "", "Locality": "", "Extent": "822.74 m²" }, "geometry": { "type": "Point", "coordinates": [ 394747.196999999985565, 92478.005000000004657 ] } },
{ "type": "Feature", "properties": { "Owner Type": "SSEN", "Owner Name": "SHEPD", "Type": "Primary", "Class": "Distribution", "Number": "", "Status": "Existing", "Data Confidence": "Surveyed", "Operating Area": "", "Locality": "", "Extent": "814.78 m²" }, "geometry": { "type": "Point", "coordinates": [ 394690.772999999986496, 804081.170999999972992 ] } },
{ "type": "Feature", "properties": { "Owner Type": "SSEN", "Owner Name": "SHEPD", "Type": "Primary", "Class": "Distribution", "Number": "", "Status": "Existing", "Data Confidence": "Surveyed", "Operating Area": "", "Locality": "", "Extent": "10551.42 m²" }, "geometry": { "type": "Point", "coordinates": [ 394554.918, 801946.768000000040047 ] } },
{ "type": "Feature", "properties": { "Owner Type": "SSEN", "Owner Name": "SEPD", "Type": "Primary", "Class": "Distribution", "Number": "TARR", "Status": "Existing", "Data Confidence": "Surveyed", "Operating Area": "", "Locality": "", "Extent": "614.54 m²" }, "geometry": { "type": "Point", "coordinates": [ 394528.32, 107288.916 ] } },
{ "type": "Feature", "properties": { "Owner Type": "SSEN", "Owner Name": "SHEPD", "Type": "Primary", "Class": "Distribution", "Number": "0882", "Status": "Existing", "Data Confidence": "Surveyed", "Operating Area": "North East District", "Locality": "NCAL", "Extent": "900.86 m²" }, "geometry": { "type": "Point", "coordinates": [ 394443.309, 803252.53000000002794 ] } },
{ "type": "Feature", "properties": { "Owner Type": "SSEN", "Owner Name": "SEPD", "Type": "Primary", "Class": "Distribution", "Number": "SMPV", "Status": "Existing", "Data Confidence": "Surveyed", "Operating Area": "", "Locality": "", "Extent": "16.24 m²" }, "geometry": { "type": "Point", "coordinates": [ 394440.98499999998603, 156707.884 ] } },
{ "type": "Feature", "properties": { "Owner Type": "SSEN", "Owner Name": "SHEPD", "Type": "Secondary", "Class": "Distribution", "Number": "9303398", "Status": "Existing", "Data Confidence": "Surveyed", "Operating Area": "North East District", "Locality": "North East District", "Extent": "17.64 m²" }, "geometry": { "type": "Point", "coordinates": [ 394343.538, 804046.199000000022352 ] } },
{ "type": "Feature", "properties": { "Owner Type": "SSEN", "Owner Name": "SHEPD", "Type": "Primary", "Class": "Distribution", "Number": "", "Status": "Existing", "Data Confidence": "Surveyed", "Operating Area": "", "Locality": "", "Extent": "840.72 m²" }, "geometry": { "type": "Point", "coordinates": [ 394325.897, 807067.863999999943189 ] } },
{ "type": "Feature", "properties": { "Owner Type": "SSEN", "Owner Name": "SHEPD", "Type": "Secondary (Pad Mounted)", "Class": "Distribution", "Number": "9303300", "Status": "Existing", "Data Confidence": "Surveyed", "Operating Area": "", "Locality": "", "Extent": "1 m²" }, "geometry": { "type": "Point", "coordinates": [ 394275.467, 802336.025999999954365 ] } },
{ "type": "Feature", "properties": { "Owner Type": "SSEN", "Owner Name": "SHEPD", "Type": "Primary", "Class": "Distribution", "Number": "", "Status": "Existing", "Data Confidence": "Surveyed", "Operating Area": "", "Locality": "", "Extent": "3434.78 m²" }, "geometry": { "type": "Point", "coordinates": [ 394216.066, 807003.474000000045635 ] } },
{ "type": "Feature", "properties": { "Owner Type": "SSEN", "Owner Name": "SHEPD", "Type": "Secondary", "Class": "11kV/LV", "Number": "9400175", "Status": "Existing", "Data Confidence": "Surveyed", "Operating Area": "North East District", "Locality": "ABERDEEN", "Extent": "11.99 m²" }, "geometry": { "type": "Point", "coordinates": [ 394166.495, 806397.452999999979511 ] } },
{ "type": "Feature", "properties": { "Owner Type": "SSEN", "Owner Name": "SHEPD", "Type": "Primary", "Class": "Distribution", "Number": "814", "Status": "Existing", "Data Confidence": "Surveyed", "Operating Area": "North East District", "Locality": "ABERDEEN", "Extent": "488.6 m²" }, "geometry": { "type": "Point", "coordinates": [ 394129.400000000023283, 810186.599999999976717 ] } },
{ "type": "Feature", "properties": { "Owner Type": "SSEN", "Owner Name": "SHEPD", "Type": "Primary", "Class": "Distribution", "Number": "", "Status": "Existing", "Data Confidence": "Surveyed", "Operating Area": "", "Locality": "", "Extent": "2504.15 m²" }, "geometry": { "type": "Point", "coordinates": [ 394128.553000000014435, 805472.01300000003539 ] } },
{ "type": "Feature", "properties": { "Owner Type": "SSEN", "Owner Name": "SHEPD", "Type": "Primary", "Class": "Distribution", "Number": "", "Status": "Existing", "Data Confidence": "Surveyed", "Operating Area": "", "Locality": "", "Extent": "258.46 m²" }, "geometry": { "type": "Point", "coordinates": [ 394046.445, 805521.555000000051223 ] } },
{ "type": "Feature", "properties": { "Owner Type": "SSEN", "Owner Name": "SEPD", "Type": "Primary", "Class": "Distribution", "Number": "LFPV", "Status": "Existing", "Data Confidence": "Surveyed", "Operating Area": "", "Locality": "", "Extent": "10.49 m²" }, "geometry": { "type": "Point", "coordinates": [ 393988.810999999986961, 177377.840999999985797 ] } },
{ "type": "Feature", "properties": { "Owner Type": "SSEN", "Owner Name": "SHEPD", "Type": "Primary", "Class": "33kV/11kV", "Number": "", "Status": "Existing", "Data Confidence": "Surveyed", "Operating Area": "North East District", "Locality": "ABERDEEN", "Extent": "749.2 m²" }, "geometry": { "type": "Point", "coordinates": [ 393731.686999999976251, 806773.251000000047497 ] } },
{ "type": "Feature", "properties": { "Owner Type": "SSEN", "Owner Name": "SHEPD", "Type": "Primary", "Class": "11kV/LV", "Number": "9300905", "Status": "Existing", "Data Confidence": "Surveyed", "Operating Area": "", "Locality": "", "Extent": "36.15 m²" }, "geometry": { "type": "Point", "coordinates": [ 393731.049999999988358, 806802.589999999967404 ] } },
{ "type": "Feature", "properties": { "Owner Type": "SSEN", "Owner Name": "SEPD", "Type": "Secondary (Pad Mounted)", "Class": "11kV/LV", "Number": "8283288", "Status": "Existing", "Data Confidence": "Surveyed", "Operating Area": "Bournemouth", "Locality": "WAREHAM", "Extent": "4 m²" }, "geometry": { "type": "Point", "coordinates": [ 393596.664999999979045, 87902.785000000003492 ] } },
{ "type": "Feature", "properties": { "Owner Type": "SSEN", "Owner Name": "SHEPD", "Type": "Primary", "Class": "33kV/11kV", "Number": "0956", "Status": "Existing", "Data Confidence": "Surveyed", "Operating Area": "North East District", "Locality": "ABERDEEN", "Extent": "776.16 m²" }, "geometry": { "type": "Point", "coordinates": [ 393595.943000000028405, 808112.432000000029802 ] } },
{ "type": "Feature", "properties": { "Owner Type": "SSEN", "Owner Name": "SEPD", "Type": "Primary", "Class": "Distribution", "Number": "SAPV", "Status": "Existing", "Data Confidence": "Surveyed", "Operating Area": "", "Locality": "", "Extent": "3382.49 m²" }, "geometry": { "type": "Point", "coordinates": [ 393550.811999999976251, 164008.63 ] } },
{ "type": "Feature", "properties": { "Owner Type": "SSEN", "Owner Name": "SHEPD", "Type": "Primary", "Class": "Distribution", "Number": "", "Status": "Existing", "Data Confidence": "Surveyed", "Operating Area": "", "Locality": "", "Extent": "371.38 m²" }, "geometry": { "type": "Point", "coordinates": [ 393465.090000000025611, 806341.273000000044703 ] } },
{ "type": "Feature", "properties": { "Owner Type": "SSEN", "Owner Name": "SEPD", "Type": "Primary", "Class": "Distribution", "Number": "TISB", "Status": "Existing", "Data Confidence": "Surveyed", "Operating Area": "", "Locality": "", "Extent": "821.32 m²" }, "geometry": { "type": "Point", "coordinates": [ 393450.566, 129137.757 ] } },
{ "type": "Feature", "properties": { "Owner Type": "SSEN", "Owner Name": "SEPD", "Type": "Secondary", "Class": "Distribution", "Number": "TISB", "Status": "Existing", "Data Confidence": "Surveyed", "Operating Area": "", "Locality": "", "Extent": "1072.15 m²" }, "geometry": { "type": "Point", "coordinates": [ 393448.829000000027008, 129136.105 ] } },
{ "type": "Feature", "properties": { "Owner Type": "SSEN", "Owner Name": "SEPD", "Type": "Primary", "Class": "Distribution", "Number": "SUTB", "Status": "Existing", "Data Confidence": "Surveyed", "Operating Area": "", "Locality": "", "Extent": "1761.23 m²" }, "geometry": { "type": "Point", "coordinates": [ 393408.302000000025146, 180078.112 ] } },
{ "type": "Feature", "properties": { "Owner Type": "SSEN", "Owner Name": "SEPD", "Type": "Primary", "Class": "Distribution", "Number": "NFPV", "Status": "Existing", "Data Confidence": "Surveyed", "Operating Area": "", "Locality": "", "Extent": "48.23 m²" }, "geometry": { "type": "Point", "coordinates": [ 393236.340000000025611, 93720.634000000005472 ] } },
{ "type": "Feature", "properties": { "Owner Type": "SSEN", "Owner Name": "SEPD", "Type": "Primary", "Class": "Distribution", "Number": "MBPV", "Status": "Existing", "Data Confidence": "Surveyed", "Operating Area": "", "Locality": "", "Extent": "16 m²" }, "geometry": { "type": "Point", "coordinates": [ 393016.568000000028405, 191703.885 ] } },
{ "type": "Feature", "properties": { "Owner Type": "SSEN", "Owner Name": "SEPD", "Type": "Primary", "Class": "Distribution", "Number": "RRPV", "Status": "Existing", "Data Confidence": "Surveyed", "Operating Area": "", "Locality": "", "Extent": "17.98 m²" }, "geometry": { "type": "Point", "coordinates": [ 392928.297000000020489, 184688.121000000013737 ] } },
{ "type": "Feature", "properties": { "Owner Type": "SSEN", "Owner Name": "SHEPD", "Type": "Primary", "Class": "Distribution", "Number": "", "Status": "Existing", "Data Confidence": "Surveyed", "Operating Area": "", "Locality": "", "Extent": "305.16 m²" }, "geometry": { "type": "Point", "coordinates": [ 392848.794999999983702, 811050.594000000040978 ] } },
{ "type": "Feature", "properties": { "Owner Type": "SSEN", "Owner Name": "SEPD", "Type": "Primary", "Class": "Distribution", "Number": "REPV", "Status": "Existing", "Data Confidence": "Surveyed", "Operating Area": "", "Locality": "", "Extent": "11.89 m²" }, "geometry": { "type": "Point", "coordinates": [ 392813.215000000025611, 94394.111999999993714 ] } },
{ "type": "Feature", "properties": { "Owner Type": "SSEN", "Owner Name": "SHEPD", "Type": "Primary", "Class": "Distribution", "Number": "", "Status": "Existing", "Data Confidence": "Surveyed", "Operating Area": "", "Locality": "", "Extent": "437.17 m²" }, "geometry": { "type": "Point", "coordinates": [ 392754.146, 808904.562999999965541 ] } },
{ "type": "Feature", "properties": { "Owner Type": "SSEN", "Owner Name": "SEPD", "Type": "Primary", "Class": "Distribution", "Number": "CHIP", "Status": "Existing", "Data Confidence": "Surveyed", "Operating Area": "", "Locality": "", "Extent": "6351.33 m²" }, "geometry": { "type": "Point", "coordinates": [ 392654.071, 174275.814000000013039 ] } },
{ "type": "Feature", "properties": { "Owner Type": "SSEN", "Owner Name": "SEPD", "Type": "Secondary", "Class": "Distribution", "Number": "8680421", "Status": "Existing", "Data Confidence": "Surveyed", "Operating Area": "Salisbury", "Locality": "WSSX", "Extent": "4.03 m²" }, "geometry": { "type": "Point", "coordinates": [ 392613.43, 130815.061 ] } },
{ "type": "Feature", "properties": { "Owner Type": "SSEN", "Owner Name": "SEPD", "Type": "Primary", "Class": "Distribution", "Number": "CHIP", "Status": "Existing", "Data Confidence": "Surveyed", "Operating Area": "", "Locality": "", "Extent": "1920.98 m²" }, "geometry": { "type": "Point", "coordinates": [ 392601.397999999986496, 174295.313 ] } },
{ "type": "Feature", "properties": { "Owner Type": "SSEN", "Owner Name": "SHEPD", "Type": "Primary", "Class": "Distribution", "Number": "", "Status": "Existing", "Data Confidence": "Surveyed", "Operating Area": "", "Locality": "", "Extent": "788.08 m²" }, "geometry": { "type": "Point", "coordinates": [ 392578.185999999986961, 804066.511000000056811 ] } },
{ "type": "Feature", "properties": { "Owner Type": "SSEN", "Owner Name": "SEPD", "Type": "Secondary (Pad Mounted)", "Class": "Distribution", "Number": "2132691", "Status": "Existing", "Data Confidence": "Surveyed", "Operating Area": "Melksham", "Locality": "CHIPPENHAM", "Extent": "3.67 m²" }, "geometry": { "type": "Point", "coordinates": [ 392556.262999999977183, 173358.206 ] } },
{ "type": "Feature", "properties": { "Owner Type": "SSEN", "Owner Name": "SHEPD", "Type": "Primary", "Class": "Distribution", "Number": "", "Status": "Existing", "Data Confidence": "Surveyed", "Operating Area": "", "Locality": "", "Extent": "1662.54 m²" }, "geometry": { "type": "Point", "coordinates": [ 392529.859, 847494.363000000012107 ] } },
{ "type": "Feature", "properties": { "Owner Type": "SSEN", "Owner Name": "SEPD", "Type": "Primary", "Class": "Distribution", "Number": "LNPV", "Status": "Existing", "Data Confidence": "Surveyed", "Operating Area": "", "Locality": "", "Extent": "109.78 m²" }, "geometry": { "type": "Point", "coordinates": [ 392474.950000000011642, 192079.087 ] } },
{ "type": "Feature", "properties": { "Owner Type": "SSEN", "Owner Name": "SEPD", "Type": "Primary", "Class": "Distribution", "Number": "COCK", "Status": "Existing", "Data Confidence": "Surveyed", "Operating Area": "Melksham", "Locality": "CHIPPENHAM", "Extent": "2108.61 m²" }, "geometry": { "type": "Point", "coordinates": [ 392434.060999999986961, 173919.051 ] } },
{ "type": "Feature", "properties": { "Owner Type": "SSEN", "Owner Name": "SEPD", "Type": "Primary", "Class": "Distribution", "Number": "MALM", "Status": "Existing", "Data Confidence": "Surveyed", "Operating Area": "", "Locality": "", "Extent": "1067.59 m²" }, "geometry": { "type": "Point", "coordinates": [ 392272.005, 187508.730000000010477 ] } },
{ "type": "Feature", "properties": { "Owner Type": "SSEN", "Owner Name": "SEPD", "Type": "Primary", "Class": "Distribution", "Number": "MFPV", "Status": "Existing", "Data Confidence": "Surveyed", "Operating Area": "", "Locality": "", "Extent": "18.15 m²" }, "geometry": { "type": "Point", "coordinates": [ 392238.967, 191717.286 ] } },
{ "type": "Feature", "properties": { "Owner Type": "SSEN", "Owner Name": "SHEPD", "Type": "Primary", "Class": "Distribution", "Number": "", "Status": "Existing", "Data Confidence": "Surveyed", "Operating Area": "", "Locality": "", "Extent": "123.47 m²" }, "geometry": { "type": "Point", "coordinates": [ 392225.240999999979977, 805823.554 ] } },
{ "type": "Feature", "properties": { "Owner Type": "SSEN", "Owner Name": "SEPD", "Type": "Primary", "Class": "33kV/11kV", "Number": "WART", "Status": "Existing", "Data Confidence": "Surveyed", "Operating Area": "Poole", "Locality": "WAREHAM", "Extent": "1040.63 m²" }, "geometry": { "type": "Point", "coordinates": [ 392023.587, 87443.634999999994761 ] } },
{ "type": "Feature", "properties": { "Owner Type": "SSEN", "Owner Name": "SEPD", "Type": "Secondary (Pad Mounted)", "Class": "Distribution", "Number": "8683704", "Status": "Existing", "Data Confidence": "Surveyed", "Operating Area": "Salisbury", "Locality": "Salisbury", "Extent": "7.48 m²" }, "geometry": { "type": "Point", "coordinates": [ 391845.114, 118804.992 ] } },
{ "type": "Feature", "properties": { "Owner Type": "SSEN", "Owner Name": "SEPD", "Type": "Secondary", "Class": "Distribution", "Number": "8681951", "Status": "Existing", "Data Confidence": "Surveyed", "Operating Area": "Salisbury", "Locality": "SHAFTESBURY", "Extent": "11.7 m²" }, "geometry": { "type": "Point", "coordinates": [ 391843.841000000014901, 118799.838 ] } },
{ "type": "Feature", "properties": { "Owner Type": "SSEN", "Owner Name": "SEPD", "Type": "Secondary", "Class": "Distribution", "Number": "8680422", "Status": "Existing", "Data Confidence": "Surveyed", "Operating Area": "Salisbury", "Locality": "WSSX", "Extent": "2.26 m²" }, "geometry": { "type": "Point", "coordinates": [ 391840.385, 131119.76500000001397 ] } },
{ "type": "Feature", "properties": { "Owner Type": "SSEN", "Owner Name": "SHET", "Type": "Grid/Bulk Supply pt", "Class": "Transmission", "Number": "", "Status": "Existing", "Data Confidence": "Surveyed", "Operating Area": "", "Locality": "", "Extent": "8683.84 m²" }, "geometry": { "type": "Point", "coordinates": [ 391720.652, 809259.361000000033528 ] } },
{ "type": "Feature", "properties": { "Owner Type": "SSEN", "Owner Name": "SHEPD", "Type": "Primary", "Class": "Distribution", "Number": "", "Status": "Existing", "Data Confidence": "Surveyed", "Operating Area": "", "Locality": "", "Extent": "185.56 m²" }, "geometry": { "type": "Point", "coordinates": [ 391701.489, 809308.557000000029802 ] } },
{ "type": "Feature", "properties": { "Owner Type": "SSEN", "Owner Name": "SEPD", "Type": "Primary", "Class": "Distribution", "Number": "WARE", "Status": "Existing", "Data Confidence": "Surveyed", "Operating Area": "", "Locality": "", "Extent": "6586.34 m²" }, "geometry": { "type": "Point", "coordinates": [ 391547.12, 88447.205000000001746 ] } },
{ "type": "Feature", "properties": { "Owner Type": "SSEN", "Owner Name": "SEPD", "Type": "Secondary (Pad Mounted)", "Class": "Distribution", "Number": "2129253", "Status": "Existing", "Data Confidence": "Surveyed", "Operating Area": "", "Locality": "", "Extent": "30.52 m²" }, "geometry": { "type": "Point", "coordinates": [ 391492.184, 168460.13200000001234 ] } },
{ "type": "Feature", "properties": { "Owner Type": "SSEN", "Owner Name": "SHEPD", "Type": "Primary", "Class": "33kV/11kV", "Number": "865", "Status": "Existing", "Data Confidence": "Surveyed", "Operating Area": "North East District", "Locality": "ABERDEEN", "Extent": "993.63 m²" }, "geometry": { "type": "Point", "coordinates": [ 391420.647, 809063.001000000047497 ] } },
{ "type": "Feature", "properties": { "Owner Type": "SSEN", "Owner Name": "SHEPD", "Type": "Primary", "Class": "Distribution", "Number": "WOHI", "Status": "Existing", "Data Confidence": "Surveyed", "Operating Area": "North East District", "Locality": "ABERDEEN", "Extent": "3282.71 m²" }, "geometry": { "type": "Point", "coordinates": [ 391253.168, 807065.346000000019558 ] } },
{ "type": "Feature", "properties": { "Owner Type": "SSEN", "Owner Name": "SHET", "Type": "Grid/Bulk Supply pt", "Class": "Transmission", "Number": "", "Status": "Existing", "Data Confidence": "Surveyed", "Operating Area": "", "Locality": "", "Extent": "25 m²" }, "geometry": { "type": "Point", "coordinates": [ 391240.173, 807054.243999999947846 ] } },
{ "type": "Feature", "properties": { "Owner Type": "SSEN", "Owner Name": "SEPD", "Type": "Secondary (Pad Mounted)", "Class": "11kV/LV", "Number": "8682753", "Status": "Existing", "Data Confidence": "Surveyed", "Operating Area": "", "Locality": "STUBHAMPTON", "Extent": "8 m²" }, "geometry": { "type": "Point", "coordinates": [ 391038.093, 113265.978 ] } },
{ "type": "Feature", "properties": { "Owner Type": "SSEN", "Owner Name": "SEPD", "Type": "Primary", "Class": "Distribution", "Number": "ROWD", "Status": "Existing", "Data Confidence": "Surveyed", "Operating Area": "", "Locality": "", "Extent": "1855.73 m²" }, "geometry": { "type": "Point", "coordinates": [ 390833.221000000019558, 172626.934 ] } },
{ "type": "Feature", "properties": { "Owner Type": "SSEN", "Owner Name": "SHET", "Type": "Grid/Bulk Supply pt", "Class": "Transmission", "Number": "", "Status": "Existing", "Data Confidence": "Surveyed", "Operating Area": "", "Locality": "", "Extent": "8916.52 m²" }, "geometry": { "type": "Point", "coordinates": [ 390782.327999999979511, 804478.650000000023283 ] } },
{ "type": "Feature", "properties": { "Owner Type": "SSEN", "Owner Name": "SHEPD", "Type": "Primary", "Class": "Distribution", "Number": "", "Status": "Existing", "Data Confidence": "Surveyed", "Operating Area": "", "Locality": "", "Extent": "151.01 m²" }, "geometry": { "type": "Point", "coordinates": [ 390774.952, 804521.294 ] } },
{ "type": "Feature", "properties": { "Owner Type": "SSEN", "Owner Name": "SEPD", "Type": "Secondary", "Class": "Distribution", "Number": "2131154", "Status": "Existing", "Data Confidence": "Surveyed", "Operating Area": "Melksham", "Locality": "Melksham", "Extent": "9 m²" }, "geometry": { "type": "Point", "coordinates": [ 390548.771, 174037.259 ] } },
{ "type": "Feature", "properties": { "Owner Type": "SSEN", "Owner Name": "SEPD", "Type": "Primary", "Class": "Distribution", "Number": "AVOR", "Status": "Existing", "Data Confidence": "Surveyed", "Operating Area": "", "Locality": "", "Extent": "205.66 m²" }, "geometry": { "type": "Point", "coordinates": [ 390423.495, 164251.454 ] } },
{ "type": "Feature", "properties": { "Owner Type": "SSEN", "Owner Name": "SEPD", "Type": "Secondary", "Class": "Distribution", "Number": "2111717A", "Status": "Existing", "Data Confidence": "Surveyed", "Operating Area": "", "Locality": "", "Extent": "8.53 m²" }, "geometry": { "type": "Point", "coordinates": [ 390340.298, 164154.9 ] } },
{ "type": "Feature", "properties": { "Owner Type": "SSEN", "Owner Name": "SEPD", "Type": "Secondary", "Class": "Distribution", "Number": "8281161", "Status": "Existing", "Data Confidence": "Surveyed", "Operating Area": "Poole", "Locality": "Poole", "Extent": "2 m²" }, "geometry": { "type": "Point", "coordinates": [ 390255.631, 89667.650999999998021 ] } },
{ "type": "Feature", "properties": { "Owner Type": "SSEN", "Owner Name": "SHEPD", "Type": "Primary", "Class": "Distribution", "Number": "", "Status": "Existing", "Data Confidence": "Surveyed", "Operating Area": "", "Locality": "", "Extent": "1553.14 m²" }, "geometry": { "type": "Point", "coordinates": [ 390191.694000000017695, 793659.726999999955297 ] } },
{ "type": "Feature", "properties": { "Owner Type": "SSEN", "Owner Name": "SEPD", "Type": "Primary", "Class": "Distribution", "Number": "OKPV", "Status": "Existing", "Data Confidence": "Surveyed", "Operating Area": "", "Locality": "", "Extent": "15.55 m²" }, "geometry": { "type": "Point", "coordinates": [ 390080.21999999997206, 89279.06699999999546 ] } },
{ "type": "Feature", "properties": { "Owner Type": "SSEN", "Owner Name": "SEPD", "Type": "Secondary (Pad Mounted)", "Class": "11kV/LV", "Number": "8682752", "Status": "Existing", "Data Confidence": "Surveyed", "Operating Area": "", "Locality": "STUBHAMPTON", "Extent": "4 m²" }, "geometry": { "type": "Point", "coordinates": [ 390076.468999999982771, 114149.386 ] } },
{ "type": "Feature", "properties": { "Owner Type": "SSEN", "Owner Name": "SEPD", "Type": "Primary", "Class": "Distribution", "Number": "MELT", "Status": "Existing", "Data Confidence": "Surveyed", "Operating Area": "Melksham", "Locality": "MELKSHAM", "Extent": "5858.15 m²" }, "geometry": { "type": "Point", "coordinates": [ 390075.65500000002794, 163992.44 ] } },
{ "type": "Feature", "properties": { "Owner Type": "SSEN", "Owner Name": "SEPD", "Type": "Secondary", "Class": "Distribution", "Number": "82690", "Status": "Existing", "Data Confidence": "Surveyed", "Operating Area": "Melksham", "Locality": "Melksham", "Extent": "8.07 m²" }, "geometry": { "type": "Point", "coordinates": [ 390074.23599999997532, 173687.864 ] } },
{ "type": "Feature", "properties": { "Owner Type": "SSEN", "Owner Name": "SHEPD", "Type": "Primary", "Class": "33kV/11kV", "Number": "943", "Status": "Existing", "Data Confidence": "Surveyed", "Operating Area": "North East District", "Locality": "ABERDEEN", "Extent": "708.79 m²" }, "geometry": { "type": "Point", "coordinates": [ 389852.159999999974389, 806427.278999999980442 ] } },
{ "type": "Feature", "properties": { "Owner Type": "SSEN", "Owner Name": "SEPD", "Type": "Secondary (Pad Mounted)", "Class": "11kV/LV", "Number": "6133264", "Status": "Existing", "Data Confidence": "Surveyed", "Operating Area": "Melksham", "Locality": "SUTTON VENY", "Extent": "11.33 m²" }, "geometry": { "type": "Point", "coordinates": [ 389821.776000000012573, 142218.651000000012573 ] } },
{ "type": "Feature", "properties": { "Owner Type": "SSEN", "Owner Name": "SEPD", "Type": "Secondary", "Class": "Distribution", "Number": "2325972", "Status": "Existing", "Data Confidence": "Surveyed", "Operating Area": "Melksham", "Locality": "Melksham", "Extent": "9 m²" }, "geometry": { "type": "Point", "coordinates": [ 389791.132999999972526, 193986.01 ] } },
{ "type": "Feature", "properties": { "Owner Type": "SSEN", "Owner Name": "SEPD", "Type": "Primary", "Class": "Distribution", "Number": "TETB", "Status": "Existing", "Data Confidence": "Surveyed", "Operating Area": "Melksham", "Locality": "TETBURY", "Extent": "1007.73 m²" }, "geometry": { "type": "Point", "coordinates": [ 389734.517999999981839, 193465.505 ] } },
{ "type": "Feature", "properties": { "Owner Type": "SSEN", "Owner Name": "SEPD", "Type": "Primary", "Class": "132kV", "Number": "MELK", "Status": "Existing", "Data Confidence": "Surveyed", "Operating Area": "Melksham", "Locality": "MELKSHAM", "Extent": "25358.11 m²" }, "geometry": { "type": "Point", "coordinates": [ 389632.575000000011642, 165880.922 ] } },
{ "type": "Feature", "properties": { "Owner Type": "SSEN", "Owner Name": "SEPD", "Type": "Primary", "Class": "Distribution", "Number": "TRLG", "Status": "Existing", "Data Confidence": "Surveyed", "Operating Area": "", "Locality": "", "Extent": "24.69 m²" }, "geometry": { "type": "Point", "coordinates": [ 389593.207, 89113.061000000001513 ] } },
{ "type": "Feature", "properties": { "Owner Type": "SSEN", "Owner Name": "SHEPD", "Type": "Primary", "Class": "Distribution", "Number": "", "Status": "Existing", "Data Confidence": "Surveyed", "Operating Area": "", "Locality": "", "Extent": "1277.66 m²" }, "geometry": { "type": "Point", "coordinates": [ 389547.549, 819706.761000000056811 ] } },
{ "type": "Feature", "properties": { "Owner Type": "SSEN", "Owner Name": "SEPD", "Type": "Primary", "Class": "Distribution", "Number": "RODG", "Status": "Existing", "Data Confidence": "Surveyed", "Operating Area": "", "Locality": "", "Extent": "3188.09 m²" }, "geometry": { "type": "Point", "coordinates": [ 389295.409999999974389, 164170.38 ] } },
{ "type": "Feature", "properties": { "Owner Type": "SSEN", "Owner Name": "SHEPD", "Type": "Primary", "Class": "Distribution", "Number": "", "Status": "Existing", "Data Confidence": "Surveyed", "Operating Area": "", "Locality": "", "Extent": "839.88 m²" }, "geometry": { "type": "Point", "coordinates": [ 389282.538999999989755, 811073.881999999983236 ] } },
{ "type": "Feature", "properties": { "Owner Type": "SSEN", "Owner Name": "SHEPD", "Type": "Primary", "Class": "33kV/11kV", "Number": "", "Status": "Existing", "Data Confidence": "Surveyed", "Operating Area": "North East District", "Locality": "CULTS", "Extent": "659.08 m²" }, "geometry": { "type": "Point", "coordinates": [ 389193.188000000023749, 803439.337000000057742 ] } },
{ "type": "Feature", "properties": { "Owner Type": "SSEN", "Owner Name": "SHEPD", "Type": "Primary", "Class": "Distribution", "Number": "", "Status": "Existing", "Data Confidence": "Surveyed", "Operating Area": "", "Locality": "", "Extent": "394.77 m²" }, "geometry": { "type": "Point", "coordinates": [ 389089.85999999998603, 812707.216999999945983 ] } },
{ "type": "Feature", "properties": { "Owner Type": "SSEN", "Owner Name": "SEPD", "Type": "Primary", "Class": "Distribution", "Number": "ROPV", "Status": "Existing", "Data Confidence": "Surveyed", "Operating Area": "", "Locality": "", "Extent": "24.99 m²" }, "geometry": { "type": "Point", "coordinates": [ 389045.88, 164193.377 ] } },
{ "type": "Feature", "properties": { "Owner Type": "SSEN", "Owner Name": "SEPD", "Type": "Primary", "Class": "33kV/11kV", "Number": "BLAN", "Status": "Existing", "Data Confidence": "Surveyed", "Operating Area": "", "Locality": "", "Extent": "1027.42 m²" }, "geometry": { "type": "Point", "coordinates": [ 388813.210000000020955, 105514.995 ] } },
{ "type": "Feature", "properties": { "Owner Type": "SSEN", "Owner Name": "SEPD", "Type": "Primary", "Class": "Distribution", "Number": "HUPV", "Status": "Existing", "Data Confidence": "Surveyed", "Operating Area": "", "Locality": "", "Extent": "12.62 m²" }, "geometry": { "type": "Point", "coordinates": [ 388640.489, 182756.788 ] } },
{ "type": "Feature", "properties": { "Owner Type": "SSEN", "Owner Name": "SHEPD", "Type": "Primary", "Class": "Distribution", "Number": "", "Status": "Existing", "Data Confidence": "Surveyed", "Operating Area": "", "Locality": "", "Extent": "1106.32 m²" }, "geometry": { "type": "Point", "coordinates": [ 388528.047000000020489, 854855.01300000003539 ] } },
{ "type": "Feature", "properties": { "Owner Type": "SSEN", "Owner Name": "SEPD", "Type": "Primary", "Class": "Distribution", "Number": "BOPV", "Status": "Existing", "Data Confidence": "Surveyed", "Operating Area": "", "Locality": "", "Extent": "13.35 m²" }, "geometry": { "type": "Point", "coordinates": [ 388512.49800000002142, 90086.585000000006403 ] } },
{ "type": "Feature", "properties": { "Owner Type": "SSEN", "Owner Name": "SEPD", "Type": "Primary", "Class": "Distribution", "Number": "BAPV", "Status": "Existing", "Data Confidence": "Surveyed", "Operating Area": "", "Locality": "", "Extent": "10.56 m²" }, "geometry": { "type": "Point", "coordinates": [ 388428.651000000012573, 176564.961000000010245 ] } },
{ "type": "Feature", "properties": { "Owner Type": "SSEN", "Owner Name": "SHEPD", "Type": "Primary", "Class": "Distribution", "Number": "0845", "Status": "Existing", "Data Confidence": "Assumed", "Operating Area": "", "Locality": "", "Extent": "78.12 m²" }, "geometry": { "type": "Point", "coordinates": [ 388417.441, 810451.044 ] } },
{ "type": "Feature", "properties": { "Owner Type": "SSEN", "Owner Name": "SEPD", "Type": "Secondary", "Class": "Distribution", "Number": "8282328", "Status": "Existing", "Data Confidence": "Surveyed", "Operating Area": "Poole", "Locality": "WAREHAM", "Extent": "16 m²" }, "geometry": { "type": "Point", "coordinates": [ 388381.903999999980442, 87691.64 ] } },
{ "type": "Feature", "properties": { "Owner Type": "SSEN", "Owner Name": "SEPD", "Type": "Primary", "Class": "Distribution", "Number": "LIPV", "Status": "Existing", "Data Confidence": "Surveyed", "Operating Area": "", "Locality": "", "Extent": "24.48 m²" }, "geometry": { "type": "Point", "coordinates": [ 388293.538, 105248.96 ] } },
{ "type": "Feature", "properties": { "Owner Type": "SSEN", "Owner Name": "SEPD", "Type": "Primary", "Class": "Distribution", "Number": "NORR", "Status": "Existing", "Data Confidence": "Surveyed", "Operating Area": "Melksham", "Locality": "BROUGHTON GIFFORD", "Extent": "19006.41 m²" }, "geometry": { "type": "Point", "coordinates": [ 388272.919999999983702, 164983.575000000011642 ] } },
{ "type": "Feature", "properties": { "Owner Type": "SSEN", "Owner Name": "SEPD", "Type": "Primary", "Class": "Distribution", "Number": "NRPV", "Status": "Existing", "Data Confidence": "Surveyed", "Operating Area": "", "Locality": "", "Extent": "18 m²" }, "geometry": { "type": "Point", "coordinates": [ 388269.919, 101921.764 ] } },
{ "type": "Feature", "properties": { "Owner Type": "SSEN", "Owner Name": "SEPD", "Type": "Primary", "Class": "Distribution", "Number": "WBUC", "Status": "Existing", "Data Confidence": "Surveyed", "Operating Area": "", "Locality": "", "Extent": "859.45 m²" }, "geometry": { "type": "Point", "coordinates": [ 388100.914999999979045, 152544.385 ] } },
{ "type": "Feature", "properties": { "Owner Type": "SSEN", "Owner Name": "SEPD", "Type": "Primary", "Class": "Distribution", "Number": "NOVP", "Status": "Existing", "Data Confidence": "Surveyed", "Operating Area": "", "Locality": "", "Extent": "16 m²" }, "geometry": { "type": "Point", "coordinates": [ 388096.378000000026077, 164947.791999999986729 ] } },
{ "type": "Feature", "properties": { "Owner Type": "SSEN", "Owner Name": "SEPD", "Type": "Primary", "Class": "Distribution", "Number": "TRPV", "Status": "Existing", "Data Confidence": "Surveyed", "Operating Area": "", "Locality": "", "Extent": "11.16 m²" }, "geometry": { "type": "Point", "coordinates": [ 388024.272999999986496, 90199.687000000005355 ] } },
{ "type": "Feature", "properties": { "Owner Type": "SSEN", "Owner Name": "SEPD", "Type": "Primary", "Class": "Distribution", "Number": "CROC", "Status": "Existing", "Data Confidence": "Surveyed", "Operating Area": "Melksham", "Locality": "CROCKERTON", "Extent": "1300.88 m²" }, "geometry": { "type": "Point", "coordinates": [ 387727.09499999997206, 143351.415 ] } },
{ "type": "Feature", "properties": { "Owner Type": "SSEN", "Owner Name": "SHEPD", "Type": "Secondary", "Class": "Distribution", "Number": "9303397", "Status": "Existing", "Data Confidence": "Surveyed", "Operating Area": "North East District", "Locality": "North East District", "Extent": "42 m²" }, "geometry": { "type": "Point", "coordinates": [ 387643.283999999985099, 810355.777 ] } },
{ "type": "Feature", "properties": { "Owner Type": "SSEN", "Owner Name": "SEPD", "Type": "Primary", "Class": "Distribution", "Number": "WBUR", "Status": "Existing", "Data Confidence": "Surveyed", "Operating Area": "", "Locality": "", "Extent": "2218.25 m²" }, "geometry": { "type": "Point", "coordinates": [ 387642.424, 151501.10999999998603 ] } },
{ "type": "Feature", "properties": { "Owner Type": "SSEN", "Owner Name": "SEPD", "Type": "Primary", "Class": "Distribution", "Number": "YATK", "Status": "Existing", "Data Confidence": "Surveyed", "Operating Area": "", "Locality": "", "Extent": "1872.75 m²" }, "geometry": { "type": "Point", "coordinates": [ 387316.195, 175740.07 ] } },
{ "type": "Feature", "properties": { "Owner Type": "SSEN", "Owner Name": "SEPD", "Type": "Secondary", "Class": "Distribution", "Number": "2116125", "Status": "Existing", "Data Confidence": "Surveyed", "Operating Area": "Melksham", "Locality": "WESTBURY", "Extent": "9.05 m²" }, "geometry": { "type": "Point", "coordinates": [ 387243.48499999998603, 150684.269 ] } },
{ "type": "Feature", "properties": { "Owner Type": "SSEN", "Owner Name": "SEPD", "Type": "Primary", "Class": "Distribution", "Number": "LTPV", "Status": "Existing", "Data Confidence": "Surveyed", "Operating Area": "", "Locality": "", "Extent": "25.49 m²" }, "geometry": { "type": "Point", "coordinates": [ 387154.695, 124744.64 ] } },
{ "type": "Feature", "properties": { "Owner Type": "SSEN", "Owner Name": "SHEPD", "Type": "Secondary (Pad Mounted)", "Class": "11kV/LV", "Number": "9303429", "Status": "Existing", "Data Confidence": "Surveyed", "Operating Area": "North East District", "Locality": "METHLICK", "Extent": "9 m²" }, "geometry": { "type": "Point", "coordinates": [ 387148.156000000017229, 834307.92000000004191 ] } },
{ "type": "Feature", "properties": { "Owner Type": "SSEN", "Owner Name": "SEPD", "Type": "Secondary", "Class": "Distribution", "Number": "8682981", "Status": "Existing", "Data Confidence": "Surveyed", "Operating Area": "Salisbury", "Locality": "SHAFTESBURY", "Extent": "6.94 m²" }, "geometry": { "type": "Point", "coordinates": [ 387140.143999999971129, 124222.941 ] } },
{ "type": "Feature", "properties": { "Owner Type": "SSEN", "Owner Name": "SEPD", "Type": "Primary", "Class": "Distribution", "Number": "ASHP", "Status": "Existing", "Data Confidence": "Surveyed", "Operating Area": "Melksham", "Locality": "TROWBRIDGE", "Extent": "3248.34 m²" }, "geometry": { "type": "Point", "coordinates": [ 387111.46999999997206, 157774.927 ] } },
{ "type": "Feature", "properties": { "Owner Type": "SSEN", "Owner Name": "SHEPD", "Type": "Primary", "Class": "Distribution", "Number": "", "Status": "Existing", "Data Confidence": "Surveyed", "Operating Area": "", "Locality": "", "Extent": "2208.68 m²" }, "geometry": { "type": "Point", "coordinates": [ 386975.482000000018161, 811758.844000000040978 ] } },
{ "type": "Feature", "properties": { "Owner Type": "SSEN", "Owner Name": "SHEPD", "Type": "Secondary (Pad Mounted)", "Class": "11kV/LV", "Number": "9303326", "Status": "Existing", "Data Confidence": "Surveyed", "Operating Area": "", "Locality": "", "Extent": "1.59 m²" }, "geometry": { "type": "Point", "coordinates": [ 386940.21999999997206, 786834.013999999966472 ] } },
{ "type": "Feature", "properties": { "Owner Type": "SSEN", "Owner Name": "SEPD", "Type": "Primary", "Class": "Distribution", "Number": "BMPV", "Status": "Existing", "Data Confidence": "Surveyed", "Operating Area": "", "Locality": "", "Extent": "19.69 m²" }, "geometry": { "type": "Point", "coordinates": [ 386928.976000000024214, 153026.434 ] } },
{ "type": "Feature", "properties": { "Owner Type": "SSEN", "Owner Name": "SEPD", "Type": "Secondary (Pad Mounted)", "Class": "11kV/LV", "Number": "8540213", "Status": "Existing", "Data Confidence": "Surveyed", "Operating Area": "Poole", "Locality": "SHROTON", "Extent": "12.25 m²" }, "geometry": { "type": "Point", "coordinates": [ 386795.391, 112402.306 ] } },
{ "type": "Feature", "properties": { "Owner Type": "SSEN", "Owner Name": "SEPD", "Type": "Primary", "Class": "Distribution", "Number": "CORS", "Status": "Existing", "Data Confidence": "Surveyed", "Operating Area": "Melksham", "Locality": "CORSHAM", "Extent": "1180.52 m²" }, "geometry": { "type": "Point", "coordinates": [ 386787.946999999985565, 169562.454 ] } },
{ "type": "Feature", "properties": { "Owner Type": "SSEN", "Owner Name": "SEPD", "Type": "Primary", "Class": "Distribution", "Number": "MRPV", "Status": "Existing", "Data Confidence": "Surveyed", "Operating Area": "", "Locality": "", "Extent": "32.55 m²" }, "geometry": { "type": "Point", "coordinates": [ 386714.357000000018161, 160634.269999999989523 ] } },
{ "type": "Feature", "properties": { "Owner Type": "SSEN", "Owner Name": "SEPD", "Type": "Primary", "Class": "Distribution", "Number": "HAWK", "Status": "Existing", "Data Confidence": "Surveyed", "Operating Area": "", "Locality": "", "Extent": "902.43 m²" }, "geometry": { "type": "Point", "coordinates": [ 386446.832999999984168, 153019.248 ] } },
{ "type": "Feature", "properties": { "Owner Type": "SSEN", "Owner Name": "SEPD", "Type": "Secondary (Pad Mounted)", "Class": "Distribution", "Number": "2132945", "Status": "Existing", "Data Confidence": "Surveyed", "Operating Area": "Melksham", "Locality": "NORTH BRADLEY", "Extent": "18.69 m²" }, "geometry": { "type": "Point", "coordinates": [ 386206.549999999988358, 155552.471 ] } },
{ "type": "Feature", "properties": { "Owner Type": "SSEN", "Owner Name": "SEPD", "Type": "Primary", "Class": "Distribution", "Number": "STAD", "Status": "Existing", "Data Confidence": "Surveyed", "Operating Area": "", "Locality": "", "Extent": "933.34 m²" }, "geometry": { "type": "Point", "coordinates": [ 386050.914999999979045, 161009.835 ] } },
{ "type": "Feature", "properties": { "Owner Type": "SSEN", "Owner Name": "SEPD", "Type": "Primary", "Class": "Distribution", "Number": "CSPV", "Status": "Existing", "Data Confidence": "Surveyed", "Operating Area": "", "Locality": "", "Extent": "32.74 m²" }, "geometry": { "type": "Point", "coordinates": [ 386014.559, 177100.777 ] } },
{ "type": "Feature", "properties": { "Owner Type": "SSEN", "Owner Name": "SHEPD", "Type": "Primary", "Class": "Distribution", "Number": "", "Status": "Existing", "Data Confidence": "Surveyed", "Operating Area": "", "Locality": "", "Extent": "2817.05 m²" }, "geometry": { "type": "Point", "coordinates": [ 385906.304, 785644.074000000022352 ] } },
{ "type": "Feature", "properties": { "Owner Type": "SSEN", "Owner Name": "SEPD", "Type": "Primary", "Class": "Distribution", "Number": "BHPV", "Status": "Existing", "Data Confidence": "Surveyed", "Operating Area": "", "Locality": "", "Extent": "15 m²" }, "geometry": { "type": "Point", "coordinates": [ 385479.843999999982771, 153615.348 ] } },
{ "type": "Feature", "properties": { "Owner Type": "SSEN", "Owner Name": "SEPD", "Type": "Primary", "Class": "Distribution", "Number": "SHAF", "Status": "Existing", "Data Confidence": "Surveyed", "Operating Area": "", "Locality": "", "Extent": "4954.94 m²" }, "geometry": { "type": "Point", "coordinates": [ 385450.378000000026077, 123797.713 ] } },
{ "type": "Feature", "properties": { "Owner Type": "SSEN", "Owner Name": "SEPD", "Type": "Primary", "Class": "33kV/11kV", "Number": "SHRO", "Status": "Existing", "Data Confidence": "Surveyed", "Operating Area": "Poole", "Locality": "SHROTON", "Extent": "1484.26 m²" }, "geometry": { "type": "Point", "coordinates": [ 385382.965000000025611, 113650.67 ] } },
{ "type": "Feature", "properties": { "Owner Type": "SSEN", "Owner Name": "SHEPD", "Type": "Primary", "Class": "Distribution", "Number": "", "Status": "Existing", "Data Confidence": "Surveyed", "Operating Area": "", "Locality": "", "Extent": "879.87 m²" }, "geometry": { "type": "Point", "coordinates": [ 385339.702, 836837.468 ] } },
{ "type": "Feature", "properties": { "Owner Type": "SSEN", "Owner Name": "SEPD", "Type": "Secondary", "Class": "Distribution", "Number": "83159", "Status": "Existing", "Data Confidence": "Surveyed", "Operating Area": "Melksham", "Locality": "WESTBURY", "Extent": "4.34 m²" }, "geometry": { "type": "Point", "coordinates": [ 385216.832999999984168, 152582.112 ] } },
{ "type": "Feature", "properties": { "Owner Type": "SSEN", "Owner Name": "SEPD", "Type": "Primary", "Class": "Distribution", "Number": "CAPV", "Status": "Existing", "Data Confidence": "Surveyed", "Operating Area": "", "Locality": "", "Extent": "18 m²" }, "geometry": { "type": "Point", "coordinates": [ 385179.960000000020955, 104902.593 ] } },
{ "type": "Feature", "properties": { "Owner Type": "SSEN", "Owner Name": "SEPD", "Type": "Primary", "Class": "Distribution", "Number": "WARM", "Status": "Existing", "Data Confidence": "Surveyed", "Operating Area": "", "Locality": "", "Extent": "423.45 m²" }, "geometry": { "type": "Point", "coordinates": [ 384934.960000000020955, 144572.396 ] } },
{ "type": "Feature", "properties": { "Owner Type": "SSEN", "Owner Name": "SEPD", "Type": "Secondary (Pad Mounted)", "Class": "Distribution", "Number": "unknown", "Status": "Existing", "Data Confidence": "Surveyed", "Operating Area": "Melksham", "Locality": "TETBURY", "Extent": "10 m²" }, "geometry": { "type": "Point", "coordinates": [ 384802.821999999985565, 189868.38200000001234 ] } },
{ "type": "Feature", "properties": { "Owner Type": "SSEN", "Owner Name": "SEPD", "Type": "Primary", "Class": "33kV/11kV", "Number": "SPPC", "Status": "Existing", "Data Confidence": "Surveyed", "Operating Area": "Melksham", "Locality": "CORSHAM", "Extent": "526.17 m²" }, "geometry": { "type": "Point", "coordinates": [ 384691.237000000022817, 168791.453 ] } },
{ "type": "Feature", "properties": { "Owner Type": "SSEN", "Owner Name": "SEPD", "Type": "Primary", "Class": "Distribution", "Number": "TROT", "Status": "Existing", "Data Confidence": "Surveyed", "Operating Area": "Melksham", "Locality": "TROWBRIDGE", "Extent": "1248.45 m²" }, "geometry": { "type": "Point", "coordinates": [ 384664.351000000024214, 158012.15 ] } },
{ "type": "Feature", "properties": { "Owner Type": "SSEN", "Owner Name": "SEPD", "Type": "Primary", "Class": "Distribution", "Number": "ALDE", "Status": "Existing", "Data Confidence": "Surveyed", "Operating Area": "", "Locality": "", "Extent": "3802.53 m²" }, "geometry": { "type": "Point", "coordinates": [ 384648.60999999998603, 184059.855000000010477 ] } },
{ "type": "Feature", "properties": { "Owner Type": "SSEN", "Owner Name": "SEPD", "Type": "Primary", "Class": "Distribution", "Number": "WIBK", "Status": "Existing", "Data Confidence": "Surveyed", "Operating Area": "", "Locality": "", "Extent": "2849.95 m²" }, "geometry": { "type": "Point", "coordinates": [ 384632.73499999998603, 98104.176000000006752 ] } },
{ "type": "Feature", "properties": { "Owner Type": "SSEN", "Owner Name": "SEPD", "Type": "Primary", "Class": "Distribution", "Number": "BDPV", "Status": "Existing", "Data Confidence": "Surveyed", "Operating Area": "", "Locality": "", "Extent": "16 m²" }, "geometry": { "type": "Point", "coordinates": [ 384592.0, 155043.0 ] } },
{ "type": "Feature", "properties": { "Owner Type": "SSEN", "Owner Name": "SHEPD", "Type": "Secondary (Pad Mounted)", "Class": "Distribution", "Number": "9301726", "Status": "Existing", "Data Confidence": "Surveyed", "Operating Area": "North East District", "Locality": "MACDUFF", "Extent": "28.63 m²" }, "geometry": { "type": "Point", "coordinates": [ 384550.854999999981374, 865466.474999999976717 ] } },
{ "type": "Feature", "properties": { "Owner Type": "SSEN", "Owner Name": "SEPD", "Type": "Primary", "Class": "Distribution", "Number": "SPQW", "Status": "Existing", "Data Confidence": "Surveyed", "Operating Area": "", "Locality": "", "Extent": "1877.62 m²" }, "geometry": { "type": "Point", "coordinates": [ 384408.886999999987893, 168720.709 ] } },
{ "type": "Feature", "properties": { "Owner Type": "SSEN", "Owner Name": "SHEPD", "Type": "Primary", "Class": "Distribution", "Number": "", "Status": "Existing", "Data Confidence": "Surveyed", "Operating Area": "", "Locality": "", "Extent": "714.44 m²" }, "geometry": { "type": "Point", "coordinates": [ 384148.397999999986496, 796049.327000000048429 ] } },
{ "type": "Feature", "properties": { "Owner Type": "SSEN", "Owner Name": "SEPD", "Type": "Primary", "Class": "Distribution", "Number": "CKPV", "Status": "Existing", "Data Confidence": "Surveyed", "Operating Area": "", "Locality": "", "Extent": "26.42 m²" }, "geometry": { "type": "Point", "coordinates": [ 384128.418, 159177.404 ] } },
{ "type": "Feature", "properties": { "Owner Type": "SSEN", "Owner Name": "SEPD", "Type": "Primary", "Class": "Distribution", "Number": "KFPV", "Status": "Existing", "Data Confidence": "Surveyed", "Operating Area": "", "Locality": "", "Extent": "11.7 m²" }, "geometry": { "type": "Point", "coordinates": [ 384084.085000000020955, 160673.88 ] } },
{ "type": "Feature", "properties": { "Owner Type": "SSEN", "Owner Name": "SHEPD", "Type": "Primary", "Class": "Distribution", "Number": "", "Status": "Existing", "Data Confidence": "Surveyed", "Operating Area": "", "Locality": "", "Extent": "3296.05 m²" }, "geometry": { "type": "Point", "coordinates": [ 384004.971000000019558, 800907.758999999961816 ] } },
{ "type": "Feature", "properties": { "Owner Type": "SSEN", "Owner Name": "SHEPD", "Type": "Secondary (Pad Mounted)", "Class": "Distribution", "Number": "9303370", "Status": "Existing", "Data Confidence": "Surveyed", "Operating Area": "North East District", "Locality": "North East District", "Extent": "23.04 m²" }, "geometry": { "type": "Point", "coordinates": [ 383913.716000000014901, 806289.667000000015832 ] } },
{ "type": "Feature", "properties": { "Owner Type": "SSEN", "Owner Name": "SEPD", "Type": "Primary", "Class": "Distribution", "Number": "BOVI", "Status": "Existing", "Data Confidence": "Surveyed", "Operating Area": "", "Locality": "", "Extent": "3185.09 m²" }, "geometry": { "type": "Point", "coordinates": [ 383899.34499999997206, 87859.486999999993714 ] } },
{ "type": "Feature", "properties": { "Owner Type": "SSEN", "Owner Name": "SEPD", "Type": "Primary", "Class": "Distribution", "Number": "MTPV", "Status": "Existing", "Data Confidence": "Surveyed", "Operating Area": "", "Locality": "", "Extent": "14.81 m²" }, "geometry": { "type": "Point", "coordinates": [ 383362.772999999986496, 158528.432999999989988 ] } },
{ "type": "Feature", "properties": { "Owner Type": "SSEN", "Owner Name": "SEPD", "Type": "Primary", "Class": "33kV/11kV", "Number": "TROW", "Status": "Existing", "Data Confidence": "Surveyed", "Operating Area": "Melksham", "Locality": "TROWBRIDGE", "Extent": "3731.81 m²" }, "geometry": { "type": "Point", "coordinates": [ 383259.224999999976717, 158461.625 ] } },
{ "type": "Feature", "properties": { "Owner Type": "SSEN", "Owner Name": "SHEPD", "Type": "Primary", "Class": "Distribution", "Number": "", "Status": "Existing", "Data Confidence": "Surveyed", "Operating Area": "North East District", "Locality": "INVERBERVIE", "Extent": "574.79 m²" }, "geometry": { "type": "Point", "coordinates": [ 382848.707, 772934.520000000018626 ] } },
{ "type": "Feature", "properties": { "Owner Type": "SSEN", "Owner Name": "SHEPD", "Type": "Primary", "Class": "Distribution", "Number": "", "Status": "Existing", "Data Confidence": "Surveyed", "Operating Area": "North East District", "Locality": "SKENE, ABERDEEN", "Extent": "709.98 m²" }, "geometry": { "type": "Point", "coordinates": [ 382197.287000000011176, 806507.827999999979511 ] } },
{ "type": "Feature", "properties": { "Owner Type": "SSEN", "Owner Name": "SHEPD", "Type": "Secondary (Pad Mounted)", "Class": "11kV/LV", "Number": "9303451", "Status": "Existing", "Data Confidence": "Surveyed", "Operating Area": "North East District", "Locality": "OLDMELDRUM", "Extent": "9.01 m²" }, "geometry": { "type": "Point", "coordinates": [ 382030.724999999976717, 827592.701 ] } },
{ "type": "Feature", "properties": { "Owner Type": "SSEN", "Owner Name": "SHEPD", "Type": "Primary", "Class": "Distribution", "Number": "", "Status": "Existing", "Data Confidence": "Surveyed", "Operating Area": "", "Locality": "", "Extent": "4812.33 m²" }, "geometry": { "type": "Point", "coordinates": [ 381719.879000000015367, 781526.728 ] } },
{ "type": "Feature", "properties": { "Owner Type": "SSEN", "Owner Name": "SHEPD", "Type": "Primary", "Class": "Distribution", "Number": "", "Status": "Existing", "Data Confidence": "Surveyed", "Operating Area": "", "Locality": "", "Extent": "995.35 m²" }, "geometry": { "type": "Point", "coordinates": [ 381657.711000000010245, 827364.025999999954365 ] } },
{ "type": "Feature", "properties": { "Owner Type": "SSEN", "Owner Name": "SEPD", "Type": "Secondary (Pad Mounted)", "Class": "Distribution", "Number": "2132990", "Status": "Existing", "Data Confidence": "Surveyed", "Operating Area": "", "Locality": "", "Extent": "10.9 m²" }, "geometry": { "type": "Point", "coordinates": [ 381481.965000000025611, 171086.170000000012806 ] } },
{ "type": "Feature", "properties": { "Owner Type": "SSEN", "Owner Name": "SEPD", "Type": "Primary", "Class": "Distribution", "Number": "BRAA", "Status": "Existing", "Data Confidence": "Surveyed", "Operating Area": "Melksham", "Locality": "BRADFORD ON AVON", "Extent": "1084.06 m²" }, "geometry": { "type": "Point", "coordinates": [ 381273.62400000001071, 160583.977000000013504 ] } },
{ "type": "Feature", "properties": { "Owner Type": "SSEN", "Owner Name": "SEPD", "Type": "Secondary", "Class": "Distribution", "Number": "82791", "Status": "Existing", "Data Confidence": "Surveyed", "Operating Area": "Melksham", "Locality": "RODE", "Extent": "20.88 m²" }, "geometry": { "type": "Point", "coordinates": [ 380765.181999999971595, 153431.595 ] } },
{ "type": "Feature", "properties": { "Owner Type": "SSEN", "Owner Name": "SEPD", "Type": "Primary", "Class": "Distribution", "Number": "WINH", "Status": "Existing", "Data Confidence": "Surveyed", "Operating Area": "", "Locality": "", "Extent": "4997.72 m²" }, "geometry": { "type": "Point", "coordinates": [ 380748.85999999998603, 86538.710000000006403 ] } },
{ "type": "Feature", "properties": { "Owner Type": "SSEN", "Owner Name": "SEPD", "Type": "Primary", "Class": "Distribution", "Number": "GILL", "Status": "Existing", "Data Confidence": "Surveyed", "Operating Area": "", "Locality": "", "Extent": "1436.87 m²" }, "geometry": { "type": "Point", "coordinates": [ 380182.88, 125765.98 ] } },
{ "type": "Feature", "properties": { "Owner Type": "SSEN", "Owner Name": "SHEPD", "Type": "Secondary (Pad Mounted)", "Class": "Distribution", "Number": "9303306", "Status": "Existing", "Data Confidence": "Surveyed", "Operating Area": "", "Locality": "", "Extent": "25 m²" }, "geometry": { "type": "Point", "coordinates": [ 380039.15500000002794, 827212.927000000025146 ] } },
{ "type": "Feature", "properties": { "Owner Type": "SSEN", "Owner Name": "SEPD", "Type": "Secondary (Pad Mounted)", "Class": "Distribution", "Number": "8281751", "Status": "Existing", "Data Confidence": "Surveyed", "Operating Area": "Poole", "Locality": "Poole", "Extent": "8.93 m²" }, "geometry": { "type": "Point", "coordinates": [ 379650.005, 86728.331999999994878 ] } },
{ "type": "Feature", "properties": { "Owner Type": "SSEN", "Owner Name": "SHEPD", "Type": "Primary", "Class": "33kV/11kV", "Number": "962", "Status": "Existing", "Data Confidence": "Surveyed", "Operating Area": "North East District", "Locality": "TORRYBURN, KINTORE", "Extent": "862.48 m²" }, "geometry": { "type": "Point", "coordinates": [ 379134.0, 815654.900000000023283 ] } },
{ "type": "Feature", "properties": { "Owner Type": "SSEN", "Owner Name": "SHEPD", "Type": "Primary", "Class": "Distribution", "Number": "", "Status": "Existing", "Data Confidence": "Surveyed", "Operating Area": "", "Locality": "", "Extent": "1164.29 m²" }, "geometry": { "type": "Point", "coordinates": [ 379108.604999999981374, 799439.045999999972992 ] } },
{ "type": "Feature", "properties": { "Owner Type": "SSEN", "Owner Name": "SHEPD", "Type": "Primary", "Class": "Distribution", "Number": "", "Status": "Existing", "Data Confidence": "Surveyed", "Operating Area": "", "Locality": "", "Extent": "46562.79 m²" }, "geometry": { "type": "Point", "coordinates": [ 378978.542000000015832, 785967.162000000011176 ] } },
{ "type": "Feature", "properties": { "Owner Type": "SSEN", "Owner Name": "SEPD", "Type": "Primary", "Class": "Distribution", "Number": "FROM", "Status": "Existing", "Data Confidence": "Surveyed", "Operating Area": "", "Locality": "", "Extent": "6456.23 m²" }, "geometry": { "type": "Point", "coordinates": [ 378809.49, 148028.191 ] } },
{ "type": "Feature", "properties": { "Owner Type": "SSEN", "Owner Name": "SEPD", "Type": "Secondary (Pad Mounted)", "Class": "Distribution", "Number": "4516257", "Status": "Existing", "Data Confidence": "Surveyed", "Operating Area": "", "Locality": "", "Extent": "11.14 m²" }, "geometry": { "type": "Point", "coordinates": [ 378449.950000000011642, 148467.005 ] } },
{ "type": "Feature", "properties": { "Owner Type": "SSEN", "Owner Name": "SEPD", "Type": "Primary", "Class": "Distribution", "Number": "WWPV", "Status": "Existing", "Data Confidence": "Surveyed", "Operating Area": "", "Locality": "", "Extent": "11.95 m²" }, "geometry": { "type": "Point", "coordinates": [ 377905.64000000001397, 143911.644999999989523 ] } },
{ "type": "Feature", "properties": { "Owner Type": "SSEN", "Owner Name": "SHEPD", "Type": "Secondary", "Class": "Distribution", "Number": "9301082", "Status": "Existing", "Data Confidence": "Surveyed", "Operating Area": "North East District", "Locality": "INVERURIE", "Extent": "16.89 m²" }, "geometry": { "type": "Point", "coordinates": [ 377838.03000000002794, 821829.829000000027008 ] } },
{ "type": "Feature", "properties": { "Owner Type": "SSEN", "Owner Name": "SEPD", "Type": "Primary", "Class": "Distribution", "Number": "WSTO", "Status": "Existing", "Data Confidence": "Surveyed", "Operating Area": "", "Locality": "", "Extent": "1150.27 m²" }, "geometry": { "type": "Point", "coordinates": [ 377695.517999999981839, 122066.394 ] } },
{ "type": "Feature", "properties": { "Owner Type": "SSEN", "Owner Name": "SEPD", "Type": "Primary", "Class": "Distribution", "Number": "MGPV", "Status": "Existing", "Data Confidence": "Surveyed", "Operating Area": "", "Locality": "", "Extent": "42.5 m²" }, "geometry": { "type": "Point", "coordinates": [ 377634.391, 128460.699 ] } },
{ "type": "Feature", "properties": { "Owner Type": "SSEN", "Owner Name": "SEPD", "Type": "Secondary", "Class": "Distribution", "Number": "6138935", "Status": "Existing", "Data Confidence": "Surveyed", "Operating Area": "Melksham", "Locality": "Melksham", "Extent": "9 m²" }, "geometry": { "type": "Point", "coordinates": [ 377534.354999999981374, 158531.884 ] } },
{ "type": "Feature", "properties": { "Owner Type": "SSEN", "Owner Name": "SEPD", "Type": "Primary", "Class": "Distribution", "Number": "BOUR", "Status": "Existing", "Data Confidence": "Surveyed", "Operating Area": "Yeovil", "Locality": "BOURTON, DORSET", "Extent": "1257.84 m²" }, "geometry": { "type": "Point", "coordinates": [ 377347.417000000015832, 130278.816 ] } },
{ "type": "Feature", "properties": { "Owner Type": "SSEN", "Owner Name": "SHEPD", "Type": "Primary", "Class": "Distribution", "Number": "", "Status": "Existing", "Data Confidence": "Surveyed", "Operating Area": "", "Locality": "", "Extent": "13180.78 m²" }, "geometry": { "type": "Point", "coordinates": [ 377155.679, 814328.261999999987893 ] } },
{ "type": "Feature", "properties": { "Owner Type": "SSEN", "Owner Name": "SHEPD", "Type": "Primary", "Class": "Distribution", "Number": "", "Status": "Existing", "Data Confidence": "Surveyed", "Operating Area": "", "Locality": "", "Extent": "649.09 m²" }, "geometry": { "type": "Point", "coordinates": [ 376756.007999999972526, 837640.417000000015832 ] } },
{ "type": "Feature", "properties": { "Owner Type": "SSEN", "Owner Name": "SHEPD", "Type": "Secondary", "Class": "Distribution", "Number": "9502872", "Status": "Existing", "Data Confidence": "Surveyed", "Operating Area": "Tayside and Central", "Locality": "FORDOUN", "Extent": "20.08 m²" }, "geometry": { "type": "Point", "coordinates": [ 376079.950000000011642, 777532.042999999946915 ] } },
{ "type": "Feature", "properties": { "Owner Type": "SSEN", "Owner Name": "SEPD", "Type": "Primary", "Class": "Distribution", "Number": "MOPV", "Status": "Existing", "Data Confidence": "Surveyed", "Operating Area": "", "Locality": "", "Extent": "13.29 m²" }, "geometry": { "type": "Point", "coordinates": [ 376074.017999999981839, 142913.923 ] } },
{ "type": "Feature", "properties": { "Owner Type": "SSEN", "Owner Name": "SEPD", "Type": "Primary", "Class": "Distribution", "Number": "CNPV", "Status": "Existing", "Data Confidence": "Surveyed", "Operating Area": "", "Locality": "", "Extent": "19.22 m²" }, "geometry": { "type": "Point", "coordinates": [ 375811.435, 128807.799 ] } },
{ "type": "Feature", "properties": { "Owner Type": "SSEN", "Owner Name": "SEPD", "Type": "Secondary (Pad Mounted)", "Class": "11kV/LV", "Number": "8582351", "Status": "Existing", "Data Confidence": "Surveyed", "Operating Area": "Yeovil", "Locality": "CHARLTON MUSGROVE", "Extent": "1.7 m²" }, "geometry": { "type": "Point", "coordinates": [ 375725.349999999976717, 134657.696999999985565 ] } },
{ "type": "Feature", "properties": { "Owner Type": "SSEN", "Owner Name": "SHEPD", "Type": "Primary", "Class": "Distribution", "Number": "", "Status": "Existing", "Data Confidence": "Surveyed", "Operating Area": "", "Locality": "", "Extent": "1521.17 m²" }, "geometry": { "type": "Point", "coordinates": [ 375676.906000000017229, 821683.50199999997858 ] } },
{ "type": "Feature", "properties": { "Owner Type": "SSEN", "Owner Name": "SEPD", "Type": "Secondary (Pad Mounted)", "Class": "11kV/LV", "Number": "8281503", "Status": "Existing", "Data Confidence": "Surveyed", "Operating Area": "Poole", "Locality": "PUDDLETOWN", "Extent": "4 m²" }, "geometry": { "type": "Point", "coordinates": [ 375525.607000000018161, 94053.989000000001397 ] } },
{ "type": "Feature", "properties": { "Owner Type": "SSEN", "Owner Name": "SHEPD", "Type": "Primary", "Class": "Distribution", "Number": "", "Status": "Existing", "Data Confidence": "Surveyed", "Operating Area": "", "Locality": "", "Extent": "85.07 m²" }, "geometry": { "type": "Point", "coordinates": [ 375213.522, 771811.615 ] } },
{ "type": "Feature", "properties": { "Owner Type": "SSEN", "Owner Name": "SHEPD", "Type": "Primary", "Class": "Distribution", "Number": "", "Status": "Existing", "Data Confidence": "Surveyed", "Operating Area": "", "Locality": "", "Extent": "947.31 m²" }, "geometry": { "type": "Point", "coordinates": [ 374885.68, 765581.267 ] } },
{ "type": "Feature", "properties": { "Owner Type": "SSEN", "Owner Name": "SEPD", "Type": "Primary", "Class": "Distribution", "Number": "PUDD", "Status": "Existing", "Data Confidence": "Surveyed", "Operating Area": "Poole", "Locality": "PUDDLETOWN", "Extent": "1437.89 m²" }, "geometry": { "type": "Point", "coordinates": [ 374208.161000000021886, 95060.751999999993131 ] } },
{ "type": "Feature", "properties": { "Owner Type": "SSEN", "Owner Name": "SEPD", "Type": "Secondary (Pad Mounted)", "Class": "Distribution", "Number": "8582767", "Status": "Existing", "Data Confidence": "Surveyed", "Operating Area": "Yeovil", "Locality": "STALBRIDGE", "Extent": "9.01 m²" }, "geometry": { "type": "Point", "coordinates": [ 373944.946999999985565, 117985.875 ] } },
{ "type": "Feature", "properties": { "Owner Type": "SSEN", "Owner Name": "SEPD", "Type": "Primary", "Class": "Distribution", "Number": "HWPV", "Status": "Existing", "Data Confidence": "Surveyed", "Operating Area": "", "Locality": "", "Extent": "26.39 m²" }, "geometry": { "type": "Point", "coordinates": [ 373387.288, 144342.013 ] } },
{ "type": "Feature", "properties": { "Owner Type": "SSEN", "Owner Name": "SHEPD", "Type": "Primary", "Class": "Distribution", "Number": "", "Status": "Existing", "Data Confidence": "Surveyed", "Operating Area": "", "Locality": "", "Extent": "577.88 m²" }, "geometry": { "type": "Point", "coordinates": [ 373176.131999999983236, 816807.702999999979511 ] } },
{ "type": "Feature", "properties": { "Owner Type": "SSEN", "Owner Name": "SEPD", "Type": "Primary", "Class": "Distribution", "Number": "HENS", "Status": "Existing", "Data Confidence": "Surveyed", "Operating Area": "", "Locality": "", "Extent": "1298.75 m²" }, "geometry": { "type": "Point", "coordinates": [ 372693.521, 119261.477 ] } },
{ "type": "Feature", "properties": { "Owner Type": "SSEN", "Owner Name": "SEPD", "Type": "Primary", "Class": "Distribution", "Number": "BPPV", "Status": "Existing", "Data Confidence": "Surveyed", "Operating Area": "", "Locality": "", "Extent": "61.1 m²" }, "geometry": { "type": "Point", "coordinates": [ 372465.401000000012573, 97448.269 ] } },
{ "type": "Feature", "properties": { "Owner Type": "SSEN", "Owner Name": "SHEPD", "Type": "Primary", "Class": "33kV/11kV", "Number": "964", "Status": "Existing", "Data Confidence": "Surveyed", "Operating Area": "North East District", "Locality": "TURRIFF", "Extent": "1721.83 m²" }, "geometry": { "type": "Point", "coordinates": [ 372386.020000000018626, 850251.39000000001397 ] } },
{ "type": "Feature", "properties": { "Owner Type": "SSEN", "Owner Name": "SEPD", "Type": "Primary", "Class": "Distribution", "Number": "HOLW", "Status": "Existing", "Data Confidence": "Surveyed", "Operating Area": "", "Locality": "", "Extent": "1675.57 m²" }, "geometry": { "type": "Point", "coordinates": [ 372181.621999999973923, 144613.615 ] } },
{ "type": "Feature", "properties": { "Owner Type": "SSEN", "Owner Name": "SEPD", "Type": "Primary", "Class": "Distribution", "Number": "SNPV", "Status": "Existing", "Data Confidence": "Surveyed", "Operating Area": "", "Locality": "", "Extent": "29.4 m²" }, "geometry": { "type": "Point", "coordinates": [ 372166.549999999988358, 126845.1 ] } },
{ "type": "Feature", "properties": { "Owner Type": "SSEN", "Owner Name": "SHEPD", "Type": "Secondary", "Class": "Distribution", "Number": "9303357", "Status": "Existing", "Data Confidence": "Surveyed", "Operating Area": "Tayside and Central", "Locality": "MONTROSE", "Extent": "16.08 m²" }, "geometry": { "type": "Point", "coordinates": [ 372045.528, 759771.270000000018626 ] } },
{ "type": "Feature", "properties": { "Owner Type": "SSEN", "Owner Name": "SEPD", "Type": "Primary", "Class": "Distribution", "Number": "PULH", "Status": "Existing", "Data Confidence": "Surveyed", "Operating Area": "Yeovil", "Locality": "PULHAM", "Extent": "2234.34 m²" }, "geometry": { "type": "Point", "coordinates": [ 371613.549999999988358, 109446.15 ] } },
{ "type": "Feature", "properties": { "Owner Type": "SSEN", "Owner Name": "SEPD", "Type": "Secondary", "Class": "Distribution", "Number": "8282715", "Status": "Existing", "Data Confidence": "Surveyed", "Operating Area": "Yeovil", "Locality": "Yeovil", "Extent": "4 m²" }, "geometry": { "type": "Point", "coordinates": [ 371452.268999999971129, 102178.032 ] } },
{ "type": "Feature", "properties": { "Owner Type": "SSEN", "Owner Name": "SHEPD", "Type": "Primary", "Class": "Distribution", "Number": "", "Status": "Existing", "Data Confidence": "Surveyed", "Operating Area": "", "Locality": "", "Extent": "843.82 m²" }, "geometry": { "type": "Point", "coordinates": [ 371316.816999999980908, 757686.07999999995809 ] } },
{ "type": "Feature", "properties": { "Owner Type": "SSEN", "Owner Name": "SEPD", "Type": "Secondary (Pad Mounted)", "Class": "Distribution", "Number": "4282394", "Status": "Existing", "Data Confidence": "Surveyed", "Operating Area": "Poole", "Locality": "Poole", "Extent": "4.59 m²" }, "geometry": { "type": "Point", "coordinates": [ 371309.46999999997206, 83142.959000000002561 ] } },
{ "type": "Feature", "properties": { "Owner Type": "SSEN", "Owner Name": "SEPD", "Type": "Primary", "Class": "Distribution", "Number": "WICA", "Status": "Existing", "Data Confidence": "Surveyed", "Operating Area": "", "Locality": "", "Extent": "986.75 m²" }, "geometry": { "type": "Point", "coordinates": [ 371308.114, 127790.715 ] } },
{ "type": "Feature", "properties": { "Owner Type": "SSEN", "Owner Name": "SHEPD", "Type": "Primary", "Class": "Distribution", "Number": "074", "Status": "Existing", "Data Confidence": "Surveyed", "Operating Area": "Tayside and Central", "Locality": "MONTROSE", "Extent": "1271.9 m²" }, "geometry": { "type": "Point", "coordinates": [ 371224.357000000018161, 759072.665000000037253 ] } },
{ "type": "Feature", "properties": { "Owner Type": "SSEN", "Owner Name": "SHEPD", "Type": "Secondary (Pad Mounted)", "Class": "Distribution", "Number": "9502918", "Status": "Existing", "Data Confidence": "Surveyed", "Operating Area": "Tayside and Central", "Locality": "MONTROSE", "Extent": "9.9 m²" }, "geometry": { "type": "Point", "coordinates": [ 370996.206, 761677.170999999972992 ] } },
{ "type": "Feature", "properties": { "Owner Type": "SSEN", "Owner Name": "SHEPD", "Type": "Primary", "Class": "Distribution", "Number": "", "Status": "Existing", "Data Confidence": "Surveyed", "Operating Area": "", "Locality": "", "Extent": "1212.7 m²" }, "geometry": { "type": "Point", "coordinates": [ 370918.299999999988358, 771032.207999999984168 ] } },
{ "type": "Feature", "properties": { "Owner Type": "SSEN", "Owner Name": "SHEPD", "Type": "Primary", "Class": "Distribution", "Number": "", "Status": "Existing", "Data Confidence": "Surveyed", "Operating Area": "", "Locality": "", "Extent": "144.86 m²" }, "geometry": { "type": "Point", "coordinates": [ 370362.979999999981374, 863911.290999999968335 ] } },
{ "type": "Feature", "properties": { "Owner Type": "SSEN", "Owner Name": "SHET", "Type": "Grid/Bulk Supply pt", "Class": "Transmission", "Number": "", "Status": "Existing", "Data Confidence": "Surveyed", "Operating Area": "", "Locality": "", "Extent": "98.35 m²" }, "geometry": { "type": "Point", "coordinates": [ 370362.398999999975786, 863910.731000000028871 ] } },
{ "type": "Feature", "properties": { "Owner Type": "SSEN", "Owner Name": "SEPD", "Type": "Primary", "Class": "Distribution", "Number": "PIDD", "Status": "Existing", "Data Confidence": "Surveyed", "Operating Area": "", "Locality": "", "Extent": "1330.28 m²" }, "geometry": { "type": "Point", "coordinates": [ 370196.63, 99803.054999999993015 ] } },
{ "type": "Feature", "properties": { "Owner Type": "SSEN", "Owner Name": "SEPD", "Type": "Primary", "Class": "Distribution", "Number": "BSPV", "Status": "Existing", "Data Confidence": "Surveyed", "Operating Area": "", "Locality": "", "Extent": "14.47 m²" }, "geometry": { "type": "Point", "coordinates": [ 369965.837, 120146.481 ] } },
{ "type": "Feature", "properties": { "Owner Type": "SSEN", "Owner Name": "SEPD", "Type": "Secondary", "Class": "Distribution", "Number": "4210371", "Status": "Existing", "Data Confidence": "Surveyed", "Operating Area": "Poole", "Locality": "WSSX", "Extent": "20.3 m²" }, "geometry": { "type": "Point", "coordinates": [ 369628.961000000010245, 71530.649999999994179 ] } },
{ "type": "Feature", "properties": { "Owner Type": "SSEN", "Owner Name": "SHEPD", "Type": "Primary", "Class": "Distribution", "Number": "", "Status": "Existing", "Data Confidence": "Surveyed", "Operating Area": "", "Locality": "", "Extent": "942.28 m²" }, "geometry": { "type": "Point", "coordinates": [ 369260.033, 796298.157 ] } },
{ "type": "Feature", "properties": { "Owner Type": "SSEN", "Owner Name": "SHEPD", "Type": "Secondary", "Class": "Distribution", "Number": "9303393", "Status": "Existing", "Data Confidence": "Surveyed", "Operating Area": "North East District", "Locality": "North East District", "Extent": "9.9 m²" }, "geometry": { "type": "Point", "coordinates": [ 369239.128000000026077, 835608.86199999996461 ] } },
{ "type": "Feature", "properties": { "Owner Type": "SSEN", "Owner Name": "SEPD", "Type": "Secondary", "Class": "11kV/LV", "Number": "DORT", "Status": "Existing", "Data Confidence": "Surveyed", "Operating Area": "Poole", "Locality": "DORCHESTER, DORSET", "Extent": "6.87 m²" }, "geometry": { "type": "Point", "coordinates": [ 369159.990999999979977, 90410.244999999995343 ] } },
{ "type": "Feature", "properties": { "Owner Type": "SSEN", "Owner Name": "SEPD", "Type": "Secondary", "Class": "11kV/LV", "Number": "DORT", "Status": "Existing", "Data Confidence": "Surveyed", "Operating Area": "Poole", "Locality": "DORCHESTER, DORSET", "Extent": "2.4 m²" }, "geometry": { "type": "Point", "coordinates": [ 369156.093, 90410.284 ] } },
{ "type": "Feature", "properties": { "Owner Type": "SSEN", "Owner Name": "SEPD", "Type": "Primary", "Class": "33kV/11kV", "Number": "DORT", "Status": "Existing", "Data Confidence": "Surveyed", "Operating Area": "Poole", "Locality": "DORCHESTER, DORSET", "Extent": "752.82 m²" }, "geometry": { "type": "Point", "coordinates": [ 369126.99900000001071, 90409.577000000004773 ] } },
{ "type": "Feature", "properties": { "Owner Type": "SSEN", "Owner Name": "SEPD", "Type": "Primary", "Class": "Distribution", "Number": "BRUT", "Status": "Existing", "Data Confidence": "Surveyed", "Operating Area": "", "Locality": "", "Extent": "1327.4 m²" }, "geometry": { "type": "Point", "coordinates": [ 369115.87, 135135.82 ] } },
{ "type": "Feature", "properties": { "Owner Type": "SSEN", "Owner Name": "SHEPD", "Type": "Secondary", "Class": "Distribution", "Number": "9502866", "Status": "Existing", "Data Confidence": "Surveyed", "Operating Area": "Tayside and Central", "Locality": "Tayside and Central District", "Extent": "9 m²" }, "geometry": { "type": "Point", "coordinates": [ 369046.261, 747100.180000000051223 ] } },
{ "type": "Feature", "properties": { "Owner Type": "SSEN", "Owner Name": "SHEPD", "Type": "Primary", "Class": "Distribution", "Number": "", "Status": "Existing", "Data Confidence": "Surveyed", "Operating Area": "North East District", "Locality": "BANFF", "Extent": "324.9 m²" }, "geometry": { "type": "Point", "coordinates": [ 368960.75, 863761.643999999971129 ] } },
{ "type": "Feature", "properties": { "Owner Type": "SSEN", "Owner Name": "SEPD", "Type": "Primary", "Class": "Distribution", "Number": "HVPV", "Status": "Existing", "Data Confidence": "Surveyed", "Operating Area": "", "Locality": "", "Extent": "19.2 m²" }, "geometry": { "type": "Point", "coordinates": [ 368600.10999999998603, 128470.466 ] } },
{ "type": "Feature", "properties": { "Owner Type": "SSEN", "Owner Name": "SEPD", "Type": "Primary", "Class": "Distribution", "Number": "PORT", "Status": "Existing", "Data Confidence": "Surveyed", "Operating Area": "", "Locality": "", "Extent": "365.71 m²" }, "geometry": { "type": "Point", "coordinates": [ 368296.12, 73934.994999999995343 ] } },
{ "type": "Feature", "properties": { "Owner Type": "SSEN", "Owner Name": "SHEPD", "Type": "Primary", "Class": "Distribution", "Number": "", "Status": "Existing", "Data Confidence": "Surveyed", "Operating Area": "", "Locality": "", "Extent": "1160.87 m²" }, "geometry": { "type": "Point", "coordinates": [ 368251.092, 806878.878999999957159 ] } },
{ "type": "Feature", "properties": { "Owner Type": "SSEN", "Owner Name": "SEPD", "Type": "Secondary (Pad Mounted)", "Class": "11kV/LV", "Number": "15000064", "Status": "Existing", "Data Confidence": "Surveyed", "Operating Area": "Yeovil", "Locality": "BRUTON", "Extent": "4 m²" }, "geometry": { "type": "Point", "coordinates": [ 367976.01500000001397, 136616.299 ] } },
{ "type": "Feature", "properties": { "Owner Type": "SSEN", "Owner Name": "SEPD", "Type": "Primary", "Class": "Distribution", "Number": "MILP", "Status": "Existing", "Data Confidence": "Surveyed", "Operating Area": "Yeovil", "Locality": "MILBORNE PORT", "Extent": "1608.1 m²" }, "geometry": { "type": "Point", "coordinates": [ 367951.607000000018161, 119742.88 ] } },
{ "type": "Feature", "properties": { "Owner Type": "SSEN", "Owner Name": "SHEPD", "Type": "Primary", "Class": "Distribution", "Number": "", "Status": "Existing", "Data Confidence": "Surveyed", "Operating Area": "", "Locality": "", "Extent": "795.01 m²" }, "geometry": { "type": "Point", "coordinates": [ 367774.397, 764426.082999999984168 ] } },
{ "type": "Feature", "properties": { "Owner Type": "SSEN", "Owner Name": "SHEPD", "Type": "Secondary (Pad Mounted)", "Class": "11kV/LV", "Number": "9502923", "Status": "Existing", "Data Confidence": "Surveyed", "Operating Area": "North East District", "Locality": "ARBROATH", "Extent": "19.06 m²" }, "geometry": { "type": "Point", "coordinates": [ 367773.930999999982305, 744230.07999999995809 ] } },
{ "type": "Feature", "properties": { "Owner Type": "SSEN", "Owner Name": "SEPD", "Type": "Secondary", "Class": "Distribution", "Number": "8240971", "Status": "Existing", "Data Confidence": "Surveyed", "Operating Area": "", "Locality": "", "Extent": "16.66 m²" }, "geometry": { "type": "Point", "coordinates": [ 367636.590000000025611, 79180.67500000000291 ] } },
{ "type": "Feature", "properties": { "Owner Type": "SSEN", "Owner Name": "SEPD", "Type": "Primary", "Class": "Distribution", "Number": "WEYM", "Status": "Existing", "Data Confidence": "Surveyed", "Operating Area": "", "Locality": "", "Extent": "80.64 m²" }, "geometry": { "type": "Point", "coordinates": [ 367587.218, 79012.376000000003842 ] } },
{ "type": "Feature", "properties": { "Owner Type": "SSEN", "Owner Name": "SEPD", "Type": "Primary", "Class": "33kV/11kV", "Number": "WEYM", "Status": "Existing", "Data Confidence": "Surveyed", "Operating Area": "", "Locality": "", "Extent": "626.75 m²" }, "geometry": { "type": "Point", "coordinates": [ 367576.281000000017229, 78978.656000000002678 ] } },
{ "type": "Feature", "properties": { "Owner Type": "SSEN", "Owner Name": "SEPD", "Type": "Primary", "Class": "Distribution", "Number": "CHMI", "Status": "Existing", "Data Confidence": "Surveyed", "Operating Area": "", "Locality": "", "Extent": "648.85 m²" }, "geometry": { "type": "Point", "coordinates": [ 367310.330000000016298, 93167.915999999997439 ] } },
{ "type": "Feature", "properties": { "Owner Type": "SSEN", "Owner Name": "DOAN", "Type": "Primary", "Class": "Distribution", "Number": "EMGB", "Status": "Existing", "Data Confidence": "Surveyed", "Operating Area": "NATIONAL NETWORKS", "Locality": "NATIONAL NETWORKS", "Extent": "23.6 m²" }, "geometry": { "type": "Point", "coordinates": [ 367247.337, 177824.087 ] } },
{ "type": "Feature", "properties": { "Owner Type": "SSEN", "Owner Name": "SEPD", "Type": "Primary", "Class": "Distribution", "Number": "REDL", "Status": "Existing", "Data Confidence": "Surveyed", "Operating Area": "", "Locality": "", "Extent": "1889.97 m²" }, "geometry": { "type": "Point", "coordinates": [ 367152.327, 82296.039999999993597 ] } },
{ "type": "Feature", "properties": { "Owner Type": "SSEN", "Owner Name": "SEPD", "Type": "Secondary", "Class": "Distribution", "Number": "822474", "Status": "Existing", "Data Confidence": "Surveyed", "Operating Area": "Poole", "Locality": "Poole", "Extent": "4 m²" }, "geometry": { "type": "Point", "coordinates": [ 366943.481000000028871, 85300.049 ] } },
{ "type": "Feature", "properties": { "Owner Type": "SSEN", "Owner Name": "SEPD", "Type": "Secondary (Pad Mounted)", "Class": "Distribution", "Number": "8583131", "Status": "Existing", "Data Confidence": "Surveyed", "Operating Area": "Yeovil", "Locality": "Yeovil", "Extent": "9.04 m²" }, "geometry": { "type": "Point", "coordinates": [ 366788.12400000001071, 130137.997 ] } },
{ "type": "Feature", "properties": { "Owner Type": "SSEN", "Owner Name": "SHEPD", "Type": "Secondary", "Class": "Distribution", "Number": "9201792", "Status": "Existing", "Data Confidence": "Surveyed", "Operating Area": "Highland District", "Locality": "SANDAY, ORKNEY", "Extent": "12.25 m²" }, "geometry": { "type": "Point", "coordinates": [ 366518.542000000015832, 1040697.709 ] } },
{ "type": "Feature", "properties": { "Owner Type": "SSEN", "Owner Name": "DOAN", "Type": "Primary", "Class": "33kV/11kV", "Number": "SAUW", "Status": "Existing", "Data Confidence": "Surveyed", "Operating Area": "NATIONAL NETWORKS", "Locality": "TAUNTON, SOMERSET", "Extent": "498.43 m²" }, "geometry": { "type": "Point", "coordinates": [ 366398.843999999982771, 368744.434 ] } },
{ "type": "Feature", "properties": { "Owner Type": "SSEN", "Owner Name": "SEPD", "Type": "Secondary", "Class": "Distribution", "Number": "8283713", "Status": "Existing", "Data Confidence": "Surveyed", "Operating Area": "Poole", "Locality": "WEYMOUTH", "Extent": "16 m²" }, "geometry": { "type": "Point", "coordinates": [ 366396.865, 78558.251999999993131 ] } },
{ "type": "Feature", "properties": { "Owner Type": "SSEN", "Owner Name": "SEPD", "Type": "Secondary (Pad Mounted)", "Class": "Distribution", "Number": "8582765", "Status": "Existing", "Data Confidence": "Surveyed", "Operating Area": "Yeovil", "Locality": "Yeovil", "Extent": "2.64 m²" }, "geometry": { "type": "Point", "coordinates": [ 366176.21999999997206, 132713.062 ] } },
{ "type": "Feature", "properties": { "Owner Type": "SSEN", "Owner Name": "SEPD", "Type": "Primary", "Class": "Distribution", "Number": "CERA", "Status": "Existing", "Data Confidence": "Surveyed", "Operating Area": "Poole", "Locality": "CERNE ABBAS (POOL)", "Extent": "231.59 m²" }, "geometry": { "type": "Point", "coordinates": [ 366150.69, 101034.664 ] } },
{ "type": "Feature", "properties": { "Owner Type": "SSEN", "Owner Name": "SHEPD", "Type": "Primary", "Class": "Distribution", "Number": "", "Status": "Existing", "Data Confidence": "Surveyed", "Operating Area": "", "Locality": "", "Extent": "2155.73 m²" }, "geometry": { "type": "Point", "coordinates": [ 366017.738000000012107, 758886.729999999981374 ] } },
{ "type": "Feature", "properties": { "Owner Type": "SSEN", "Owner Name": "SEPD", "Type": "Secondary (Pad Mounted)", "Class": "11kV/LV", "Number": "8583846", "Status": "Existing", "Data Confidence": "Surveyed", "Operating Area": "Yeovil", "Locality": "CASTLE CARY", "Extent": "9 m²" }, "geometry": { "type": "Point", "coordinates": [ 365614.007999999972526, 130940.904 ] } },
{ "type": "Feature", "properties": { "Owner Type": "SSEN", "Owner Name": "SEPD", "Type": "Primary", "Class": "Distribution", "Number": "CHIC", "Status": "Existing", "Data Confidence": "Surveyed", "Operating Area": "Poole", "Locality": "WEYMOUTH", "Extent": "3522.62 m²" }, "geometry": { "type": "Point", "coordinates": [ 365525.723, 80489.129 ] } },
{ "type": "Feature", "properties": { "Owner Type": "SSEN", "Owner Name": "SEPD", "Type": "Primary", "Class": "Distribution", "Number": "CHIC2", "Status": "Existing", "Data Confidence": "Surveyed", "Operating Area": "", "Locality": "", "Extent": "17911.5 m²" }, "geometry": { "type": "Point", "coordinates": [ 365488.218, 80610.471000000005006 ] } },
{ "type": "Feature", "properties": { "Owner Type": "SSEN", "Owner Name": "SEPD", "Type": "Primary", "Class": "Distribution", "Number": "CHIC", "Status": "Existing", "Data Confidence": "Surveyed", "Operating Area": "", "Locality": "", "Extent": "6178.43 m²" }, "geometry": { "type": "Point", "coordinates": [ 365477.286000000021886, 80524.577999999994063 ] } },
{ "type": "Feature", "properties": { "Owner Type": "SSEN", "Owner Name": "SHEPD", "Type": "Secondary (Pad Mounted)", "Class": "Distribution", "Number": "9303303", "Status": "Existing", "Data Confidence": "Surveyed", "Operating Area": "", "Locality": "", "Extent": "50.8 m²" }, "geometry": { "type": "Point", "coordinates": [ 365103.157, 799173.064999999944121 ] } },
{ "type": "Feature", "properties": { "Owner Type": "SSEN", "Owner Name": "SEPD", "Type": "Secondary (Pad Mounted)", "Class": "Distribution", "Number": "15008641", "Status": "Existing", "Data Confidence": "Surveyed", "Operating Area": "Poole", "Locality": "DORCHESTER", "Extent": "9 m²" }, "geometry": { "type": "Point", "coordinates": [ 364880.658999999985099, 94681.323000000003958 ] } },
{ "type": "Feature", "properties": { "Owner Type": "SSEN", "Owner Name": "SHEPD", "Type": "Secondary", "Class": "Distribution", "Number": "9502870", "Status": "Existing", "Data Confidence": "Surveyed", "Operating Area": "Tayside and Central", "Locality": "Tayside and Central District", "Extent": "6.25 m²" }, "geometry": { "type": "Point", "coordinates": [ 364816.88900000002468, 741491.511999999987893 ] } },
{ "type": "Feature", "properties": { "Owner Type": "SSEN", "Owner Name": "SEPD", "Type": "Primary", "Class": "Distribution", "Number": "NLPV", "Status": "Existing", "Data Confidence": "Surveyed", "Operating Area": "", "Locality": "", "Extent": "14.64 m²" }, "geometry": { "type": "Point", "coordinates": [ 364588.141, 82770.804000000003725 ] } },
{ "type": "Feature", "properties": { "Owner Type": "SSEN", "Owner Name": "SHEPD", "Type": "Primary", "Class": "Distribution", "Number": "", "Status": "Existing", "Data Confidence": "Surveyed", "Operating Area": "", "Locality": "", "Extent": "1075.32 m²" }, "geometry": { "type": "Point", "coordinates": [ 364561.174, 1027022.145 ] } },
{ "type": "Feature", "properties": { "Owner Type": "SSEN", "Owner Name": "SEPD", "Type": "Primary", "Class": "Distribution", "Number": "CASC", "Status": "Existing", "Data Confidence": "Surveyed", "Operating Area": "", "Locality": "", "Extent": "583.01 m²" }, "geometry": { "type": "Point", "coordinates": [ 364544.617000000027474, 131053.149 ] } },
{ "type": "Feature", "properties": { "Owner Type": "SSEN", "Owner Name": "SHEPD", "Type": "Primary", "Class": "33kV", "Number": "9303453", "Status": "Existing", "Data Confidence": "Surveyed", "Operating Area": "North East District", "Locality": "ABERCHIRDER", "Extent": "38.25 m²" }, "geometry": { "type": "Point", "coordinates": [ 364142.349999999976717, 854476.73699999996461 ] } },
{ "type": "Feature", "properties": { "Owner Type": "SSEN", "Owner Name": "SHEPD", "Type": "Primary", "Class": "Distribution", "Number": "", "Status": "Existing", "Data Confidence": "Surveyed", "Operating Area": "", "Locality": "", "Extent": "28 m²" }, "geometry": { "type": "Point", "coordinates": [ 364133.936999999976251, 854484.645999999949709 ] } },
{ "type": "Feature", "properties": { "Owner Type": "SSEN", "Owner Name": "SHEPD", "Type": "Primary", "Class": "Distribution", "Number": "", "Status": "Existing", "Data Confidence": "Surveyed", "Operating Area": "", "Locality": "", "Extent": "611.19 m²" }, "geometry": { "type": "Point", "coordinates": [ 364067.895000000018626, 741181.849999999976717 ] } },
{ "type": "Feature", "properties": { "Owner Type": "SSEN", "Owner Name": "SEPD", "Type": "Primary", "Class": "33kV/11kV", "Number": "SHER", "Status": "Existing", "Data Confidence": "Surveyed", "Operating Area": "Yeovil", "Locality": "SHERBORNE, DORSET", "Extent": "1142.79 m²" }, "geometry": { "type": "Point", "coordinates": [ 363994.305, 118154.98 ] } },
{ "type": "Feature", "properties": { "Owner Type": "SSEN", "Owner Name": "SEPD", "Type": "Secondary", "Class": "Distribution", "Number": "8582308", "Status": "Existing", "Data Confidence": "Surveyed", "Operating Area": "Yeovil", "Locality": "Yeovil", "Extent": "16.03 m²" }, "geometry": { "type": "Point", "coordinates": [ 363576.863000000012107, 132845.502 ] } },
{ "type": "Feature", "properties": { "Owner Type": "SSEN", "Owner Name": "SEPD", "Type": "Secondary (Pad Mounted)", "Class": "Distribution", "Number": "8582345", "Status": "Existing", "Data Confidence": "Surveyed", "Operating Area": "Yeovil", "Locality": "Yeovil", "Extent": "16.03 m²" }, "geometry": { "type": "Point", "coordinates": [ 363569.981000000028871, 132970.964 ] } },
{ "type": "Feature", "properties": { "Owner Type": "SSEN", "Owner Name": "SHEPD", "Type": "Primary", "Class": "Distribution", "Number": "", "Status": "Existing", "Data Confidence": "Surveyed", "Operating Area": "", "Locality": "", "Extent": "77.01 m²" }, "geometry": { "type": "Point", "coordinates": [ 363501.701, 770517.979000000050291 ] } },
{ "type": "Feature", "properties": { "Owner Type": "SSEN", "Owner Name": "SHEPD", "Type": "Primary", "Class": "Distribution", "Number": "", "Status": "Existing", "Data Confidence": "Surveyed", "Operating Area": "", "Locality": "", "Extent": "78.54 m²" }, "geometry": { "type": "Point", "coordinates": [ 363099.615, 828653.567000000039116 ] } },
{ "type": "Feature", "properties": { "Owner Type": "SSEN", "Owner Name": "SHEPD", "Type": "Primary", "Class": "Distribution", "Number": "", "Status": "Existing", "Data Confidence": "Surveyed", "Operating Area": "", "Locality": "", "Extent": "1415.52 m²" }, "geometry": { "type": "Point", "coordinates": [ 362952.920999999972992, 741097.875 ] } },
{ "type": "Feature", "properties": { "Owner Type": "SSEN", "Owner Name": "SEPD", "Type": "Secondary", "Class": "Distribution", "Number": "8583354", "Status": "Existing", "Data Confidence": "Surveyed", "Operating Area": "Yeovil", "Locality": "SHERBORNE", "Extent": "15.2 m²" }, "geometry": { "type": "Point", "coordinates": [ 362814.827999999979511, 116901.151 ] } },
{ "type": "Feature", "properties": { "Owner Type": "SSEN", "Owner Name": "SEPD", "Type": "Primary", "Class": "Distribution", "Number": "WINA", "Status": "Existing", "Data Confidence": "Surveyed", "Operating Area": "", "Locality": "", "Extent": "1555.86 m²" }, "geometry": { "type": "Point", "coordinates": [ 362642.115, 90533.720000000001164 ] } },
{ "type": "Feature", "properties": { "Owner Type": "SSEN", "Owner Name": "SHEPD", "Type": "Secondary", "Class": "Distribution", "Number": "9502881", "Status": "Existing", "Data Confidence": "Surveyed", "Operating Area": "Tayside and Central", "Locality": "Tayside and Central District", "Extent": "6.25 m²" }, "geometry": { "type": "Point", "coordinates": [ 362268.011, 739721.476999999955297 ] } },
{ "type": "Feature", "properties": { "Owner Type": "SSEN", "Owner Name": "SHEPD", "Type": "Primary", "Class": "Distribution", "Number": "", "Status": "Existing", "Data Confidence": "Surveyed", "Operating Area": "", "Locality": "", "Extent": "686.89 m²" }, "geometry": { "type": "Point", "coordinates": [ 362250.582999999984168, 740384.783999999985099 ] } },
{ "type": "Feature", "properties": { "Owner Type": "SSEN", "Owner Name": "SHEPD", "Type": "Primary", "Class": "Distribution", "Number": "", "Status": "Existing", "Data Confidence": "Surveyed", "Operating Area": "", "Locality": "", "Extent": "86.27 m²" }, "geometry": { "type": "Point", "coordinates": [ 362129.916000000026543, 863640.273999999975786 ] } },
{ "type": "Feature", "properties": { "Owner Type": "SSEN", "Owner Name": "SHEPD", "Type": "Primary", "Class": "33kV", "Number": "ARBR", "Status": "Existing", "Data Confidence": "Surveyed", "Operating Area": "Tayside and Central", "Locality": "ARBROATH", "Extent": "5034.12 m²" }, "geometry": { "type": "Point", "coordinates": [ 362026.193000000028405, 741490.82999999995809 ] } },
{ "type": "Feature", "properties": { "Owner Type": "SSEN", "Owner Name": "SHEPD", "Type": "Primary", "Class": "33kV", "Number": "9502946", "Status": "Existing", "Data Confidence": "Surveyed", "Operating Area": "Tayside and Central", "Locality": "ARBROATH", "Extent": "30 m²" }, "geometry": { "type": "Point", "coordinates": [ 362007.0, 741586.5 ] } },
{ "type": "Feature", "properties": { "Owner Type": "SSEN", "Owner Name": "SHEPD", "Type": "Primary", "Class": "Distribution", "Number": "", "Status": "Existing", "Data Confidence": "Surveyed", "Operating Area": "", "Locality": "", "Extent": "93.06 m²" }, "geometry": { "type": "Point", "coordinates": [ 361953.159999999974389, 853007.204000000027008 ] } },
{ "type": "Feature", "properties": { "Owner Type": "SSEN", "Owner Name": "SHEPD", "Type": "Secondary (Pad Mounted)", "Class": "Distribution", "Number": "9303317", "Status": "Existing", "Data Confidence": "Surveyed", "Operating Area": "", "Locality": "", "Extent": "19.85 m²" }, "geometry": { "type": "Point", "coordinates": [ 361890.867000000027474, 846128.444000000017695 ] } },
{ "type": "Feature", "properties": { "Owner Type": "SSEN", "Owner Name": "SHEPD", "Type": "Primary", "Class": "Distribution", "Number": "", "Status": "Existing", "Data Confidence": "Surveyed", "Operating Area": "", "Locality": "", "Extent": "822.89 m²" }, "geometry": { "type": "Point", "coordinates": [ 361656.407, 815060.682000000029802 ] } },
{ "type": "Feature", "properties": { "Owner Type": "SSEN", "Owner Name": "SHEPD", "Type": "Primary", "Class": "Distribution", "Number": "", "Status": "Existing", "Data Confidence": "Surveyed", "Operating Area": "", "Locality": "", "Extent": "630.49 m²" }, "geometry": { "type": "Point", "coordinates": [ 361191.993000000016764, 1035777.724 ] } },
{ "type": "Feature", "properties": { "Owner Type": "SSEN", "Owner Name": "SHEPD", "Type": "Primary", "Class": "Distribution", "Number": "", "Status": "Existing", "Data Confidence": "Surveyed", "Operating Area": "", "Locality": "", "Extent": "922.45 m²" }, "geometry": { "type": "Point", "coordinates": [ 361003.423, 759683.941 ] } },
{ "type": "Feature", "properties": { "Owner Type": "SSEN", "Owner Name": "SEPD", "Type": "Primary", "Class": "Distribution", "Number": "SCPV", "Status": "Existing", "Data Confidence": "Surveyed", "Operating Area": "", "Locality": "", "Extent": "28.45 m²" }, "geometry": { "type": "Point", "coordinates": [ 360986.261999999987893, 102650.605 ] } },
{ "type": "Feature", "properties": { "Owner Type": "SSEN", "Owner Name": "SHEPD", "Type": "Primary", "Class": "Distribution", "Number": "", "Status": "Existing", "Data Confidence": "Surveyed", "Operating Area": "", "Locality": "", "Extent": "57.49 m²" }, "geometry": { "type": "Point", "coordinates": [ 360866.017, 835607.386000000056811 ] } },
{ "type": "Feature", "properties": { "Owner Type": "SSEN", "Owner Name": "SHEPD", "Type": "Primary", "Class": "Distribution", "Number": "", "Status": "Existing", "Data Confidence": "Surveyed", "Operating Area": "", "Locality": "", "Extent": "57.32 m²" }, "geometry": { "type": "Point", "coordinates": [ 360858.137999999977183, 835602.212999999988824 ] } },
{ "type": "Feature", "properties": { "Owner Type": "SSEN", "Owner Name": "SEPD", "Type": "Primary", "Class": "Distribution", "Number": "SPAR", "Status": "Existing", "Data Confidence": "Surveyed", "Operating Area": "", "Locality": "", "Extent": "906.11 m²" }, "geometry": { "type": "Point", "coordinates": [ 360773.650000000023283, 125479.634 ] } },
{ "type": "Feature", "properties": { "Owner Type": "SSEN", "Owner Name": "SHEPD", "Type": "Primary", "Class": "Distribution", "Number": "", "Status": "Existing", "Data Confidence": "Surveyed", "Operating Area": "", "Locality": "", "Extent": "535.62 m²" }, "geometry": { "type": "Point", "coordinates": [ 360684.076, 765381.01500000001397 ] } },
{ "type": "Feature", "properties": { "Owner Type": "SSEN", "Owner Name": "SEPD", "Type": "Primary", "Class": "Distribution", "Number": "SUPV", "Status": "Existing", "Data Confidence": "Surveyed", "Operating Area": "", "Locality": "", "Extent": "24.25 m²" }, "geometry": { "type": "Point", "coordinates": [ 360608.406000000017229, 124049.268 ] } },
{ "type": "Feature", "properties": { "Owner Type": "SSEN", "Owner Name": "SEPD", "Type": "Primary", "Class": "Distribution", "Number": "YETM", "Status": "Existing", "Data Confidence": "Surveyed", "Operating Area": "", "Locality": "", "Extent": "2012.7 m²" }, "geometry": { "type": "Point", "coordinates": [ 360275.65500000002794, 110194.141 ] } },
{ "type": "Feature", "properties": { "Owner Type": "SSEN", "Owner Name": "SEPD", "Type": "Primary", "Class": "Distribution", "Number": "THOR", "Status": "Existing", "Data Confidence": "Surveyed", "Operating Area": "", "Locality": "", "Extent": "1716.41 m²" }, "geometry": { "type": "Point", "coordinates": [ 359933.338999999978114, 112804.665 ] } },
{ "type": "Feature", "properties": { "Owner Type": "SSEN", "Owner Name": "DOAN", "Type": "Primary", "Class": "Distribution", "Number": "BROB", "Status": "Existing", "Data Confidence": "Surveyed", "Operating Area": "", "Locality": "", "Extent": "62.66 m²" }, "geometry": { "type": "Point", "coordinates": [ 359449.492000000027474, 173337.88 ] } },
{ "type": "Feature", "properties": { "Owner Type": "SSEN", "Owner Name": "SEPD", "Type": "Secondary (Pad Mounted)", "Class": "11kV/LV", "Number": "8282717", "Status": "Existing", "Data Confidence": "Surveyed", "Operating Area": "Poole", "Locality": "Portesham", "Extent": "9 m²" }, "geometry": { "type": "Point", "coordinates": [ 359372.24900000001071, 88224.623999999996158 ] } },
{ "type": "Feature", "properties": { "Owner Type": "SSEN", "Owner Name": "SEPD", "Type": "Primary", "Class": "Distribution", "Number": "MAIN", "Status": "Existing", "Data Confidence": "Surveyed", "Operating Area": "", "Locality": "", "Extent": "895.43 m²" }, "geometry": { "type": "Point", "coordinates": [ 359177.791000000026543, 97765.721999999994296 ] } },
{ "type": "Feature", "properties": { "Owner Type": "SSEN", "Owner Name": "SHEPD", "Type": "Primary", "Class": "Distribution", "Number": "", "Status": "Existing", "Data Confidence": "Surveyed", "Operating Area": "Tayside and Central", "Locality": "FRIOCKHEIM, ARBROATH", "Extent": "748.64 m²" }, "geometry": { "type": "Point", "coordinates": [ 358835.483, 749319.665000000037253 ] } },
{ "type": "Feature", "properties": { "Owner Type": "SSEN", "Owner Name": "SHEPD", "Type": "Primary", "Class": "Distribution", "Number": "", "Status": "Existing", "Data Confidence": "Surveyed", "Operating Area": "", "Locality": "", "Extent": "885.8 m²" }, "geometry": { "type": "Point", "coordinates": [ 358489.859, 865041.25199999997858 ] } },
{ "type": "Feature", "properties": { "Owner Type": "SSEN", "Owner Name": "SEPD", "Type": "Primary", "Class": "Distribution", "Number": "CHTC", "Status": "Existing", "Data Confidence": "Surveyed", "Operating Area": "", "Locality": "", "Extent": "779.06 m²" }, "geometry": { "type": "Point", "coordinates": [ 357927.321, 121610.221 ] } },
{ "type": "Feature", "properties": { "Owner Type": "SSEN", "Owner Name": "SEPD", "Type": "Primary", "Class": "Distribution", "Number": "SOPV", "Status": "Existing", "Data Confidence": "Surveyed", "Operating Area": "", "Locality": "", "Extent": "18 m²" }, "geometry": { "type": "Point", "coordinates": [ 357711.836000000010245, 123253.921 ] } },
{ "type": "Feature", "properties": { "Owner Type": "SSEN", "Owner Name": "SEPD", "Type": "Primary", "Class": "Distribution", "Number": "CWPV", "Status": "Existing", "Data Confidence": "Surveyed", "Operating Area": "", "Locality": "", "Extent": "42.48 m²" }, "geometry": { "type": "Point", "coordinates": [ 357690.694000000017695, 109233.127 ] } },
{ "type": "Feature", "properties": { "Owner Type": "SSEN", "Owner Name": "SEPD", "Type": "Primary", "Class": "11kV/LV", "Number": "YEGG", "Status": "Existing", "Data Confidence": "Surveyed", "Operating Area": "Yeovil", "Locality": "Yeovil", "Extent": "22.04 m²" }, "geometry": { "type": "Point", "coordinates": [ 357630.761, 116966.187 ] } },
{ "type": "Feature", "properties": { "Owner Type": "SSEN", "Owner Name": "SEPD", "Type": "Primary", "Class": "Distribution", "Number": "YEOV", "Status": "Existing", "Data Confidence": "Surveyed", "Operating Area": "", "Locality": "", "Extent": "17573.05 m²" }, "geometry": { "type": "Point", "coordinates": [ 357586.528999999980442, 116894.534 ] } },
{ "type": "Feature", "properties": { "Owner Type": "SSEN", "Owner Name": "SEPD", "Type": "Secondary", "Class": "Distribution", "Number": "8582727", "Status": "Existing", "Data Confidence": "Surveyed", "Operating Area": "Yeovil", "Locality": "Yeovil", "Extent": "9.25 m²" }, "geometry": { "type": "Point", "coordinates": [ 356341.065, 116225.002 ] } },
{ "type": "Feature", "properties": { "Owner Type": "SSEN", "Owner Name": "SHEPD", "Type": "Primary", "Class": "Distribution", "Number": "", "Status": "Existing", "Data Confidence": "Surveyed", "Operating Area": "", "Locality": "", "Extent": "258.49 m²" }, "geometry": { "type": "Point", "coordinates": [ 356340.782, 1033420.158 ] } },
{ "type": "Feature", "properties": { "Owner Type": "SSEN", "Owner Name": "SHEPD", "Type": "Primary", "Class": "Distribution", "Number": "", "Status": "Existing", "Data Confidence": "Surveyed", "Operating Area": "", "Locality": "", "Extent": "864.05 m²" }, "geometry": { "type": "Point", "coordinates": [ 355877.207, 744049.738000000012107 ] } },
{ "type": "Feature", "properties": { "Owner Type": "SSEN", "Owner Name": "SEPD", "Type": "Secondary (Pad Mounted)", "Class": "Distribution", "Number": "8583001", "Status": "Existing", "Data Confidence": "Surveyed", "Operating Area": "Yeovil", "Locality": "Yeovil", "Extent": "1.4 m²" }, "geometry": { "type": "Point", "coordinates": [ 355682.340000000025611, 121457.321 ] } },
{ "type": "Feature", "properties": { "Owner Type": "SSEN", "Owner Name": "SHEPD", "Type": "Primary", "Class": "Distribution", "Number": "064", "Status": "Existing", "Data Confidence": "Surveyed", "Operating Area": "Tayside and Central", "Locality": "CARNOUSTIE", "Extent": "1040.94 m²" }, "geometry": { "type": "Point", "coordinates": [ 355627.738000000012107, 735402.202999999979511 ] } },
{ "type": "Feature", "properties": { "Owner Type": "SSEN", "Owner Name": "SEPD", "Type": "Primary", "Class": "Distribution", "Number": "WHEN", "Status": "Existing", "Data Confidence": "Surveyed", "Operating Area": "", "Locality": "", "Extent": "445.42 m²" }, "geometry": { "type": "Point", "coordinates": [ 355014.974999999976717, 115442.24 ] } },
{ "type": "Feature", "properties": { "Owner Type": "SSEN", "Owner Name": "SEPD", "Type": "Primary", "Class": "Distribution", "Number": "BBCR", "Status": "Existing", "Data Confidence": "Surveyed", "Operating Area": "", "Locality": "", "Extent": "15391.12 m²" }, "geometry": { "type": "Point", "coordinates": [ 354801.093999999982771, 101214.43 ] } },
{ "type": "Feature", "properties": { "Owner Type": "SSEN", "Owner Name": "DOAN", "Type": "Primary", "Class": "Distribution", "Number": "CARL", "Status": "Existing", "Data Confidence": "Surveyed", "Operating Area": "", "Locality": "", "Extent": "786.77 m²" }, "geometry": { "type": "Point", "coordinates": [ 354343.37400000001071, 423286.277 ] } },
{ "type": "Feature", "properties": { "Owner Type": "SSEN", "Owner Name": "SHEPD", "Type": "Primary", "Class": "Distribution", "Number": "", "Status": "Existing", "Data Confidence": "Surveyed", "Operating Area": "", "Locality": "", "Extent": "136.14 m²" }, "geometry": { "type": "Point", "coordinates": [ 354226.166000000026543, 1031322.58 ] } },
{ "type": "Feature", "properties": { "Owner Type": "SSEN", "Owner Name": "DOAN", "Type": "Secondary", "Class": "Distribution", "Number": "UNKNOWN", "Status": "Existing", "Data Confidence": "Surveyed", "Operating Area": "", "Locality": "", "Extent": "16 m²" }, "geometry": { "type": "Point", "coordinates": [ 354197.159999999974389, 424279.36099999997532 ] } },
{ "type": "Feature", "properties": { "Owner Type": "SSEN", "Owner Name": "DOAN", "Type": "Secondary", "Class": "Distribution", "Number": "UNKNOWN", "Status": "Existing", "Data Confidence": "Surveyed", "Operating Area": "", "Locality": "", "Extent": "16 m²" }, "geometry": { "type": "Point", "coordinates": [ 354116.674999999988358, 424440.525000000023283 ] } },
{ "type": "Feature", "properties": { "Owner Type": "SSEN", "Owner Name": "DOAN", "Type": "Primary", "Class": "Distribution", "Number": "LEYG", "Status": "Existing", "Data Confidence": "Surveyed", "Operating Area": "", "Locality": "", "Extent": "3374.9 m²" }, "geometry": { "type": "Point", "coordinates": [ 354111.773999999975786, 423375.25 ] } },
{ "type": "Feature", "properties": { "Owner Type": "SSEN", "Owner Name": "DOAN", "Type": "Primary", "Class": "Distribution", "Number": "WAFL", "Status": "Existing", "Data Confidence": "Surveyed", "Operating Area": "", "Locality": "", "Extent": "15.55 m²" }, "geometry": { "type": "Point", "coordinates": [ 353918.091000000014901, 423627.842 ] } },
{ "type": "Feature", "properties": { "Owner Type": "SSEN", "Owner Name": "SEPD", "Type": "Primary", "Class": "Distribution", "Number": "LARK", "Status": "Existing", "Data Confidence": "Surveyed", "Operating Area": "", "Locality": "", "Extent": "985.86 m²" }, "geometry": { "type": "Point", "coordinates": [ 353689.75, 116926.65 ] } },
{ "type": "Feature", "properties": { "Owner Type": "SSEN", "Owner Name": "SHEPD", "Type": "Primary", "Class": "Distribution", "Number": "", "Status": "Existing", "Data Confidence": "Surveyed", "Operating Area": "", "Locality": "", "Extent": "1033.87 m²" }, "geometry": { "type": "Point", "coordinates": [ 352764.664999999979045, 839223.246000000042841 ] } },
{ "type": "Feature", "properties": { "Owner Type": "SSEN", "Owner Name": "SHEPD", "Type": "Primary", "Class": "132kV/33kV", "Number": "", "Status": "Existing", "Data Confidence": "Surveyed", "Operating Area": "North East District", "Locality": "TARLAND, ABOYNE", "Extent": "2557.14 m²" }, "geometry": { "type": "Point", "coordinates": [ 352439.509000000020023, 807029.202000000048429 ] } },
{ "type": "Feature", "properties": { "Owner Type": "SSEN", "Owner Name": "SHEPD", "Type": "Primary", "Class": "Distribution", "Number": "", "Status": "Existing", "Data Confidence": "Surveyed", "Operating Area": "", "Locality": "", "Extent": "1705.27 m²" }, "geometry": { "type": "Point", "coordinates": [ 352085.878000000026077, 850706.412000000011176 ] } },
{ "type": "Feature", "properties": { "Owner Type": "SSEN", "Owner Name": "SHEPD", "Type": "Primary", "Class": "Distribution", "Number": "", "Status": "Existing", "Data Confidence": "Surveyed", "Operating Area": "", "Locality": "", "Extent": "57.28 m²" }, "geometry": { "type": "Point", "coordinates": [ 352055.647999999986496, 798738.38 ] } },
{ "type": "Feature", "properties": { "Owner Type": "SSEN", "Owner Name": "SHEPD", "Type": "Primary", "Class": "Distribution", "Number": "", "Status": "Existing", "Data Confidence": "Surveyed", "Operating Area": "", "Locality": "", "Extent": "12 m²" }, "geometry": { "type": "Point", "coordinates": [ 351826.253000000026077, 739926.476000000024214 ] } },
{ "type": "Feature", "properties": { "Owner Type": "SSEN", "Owner Name": "SHEPD", "Type": "Primary", "Class": "33kV/11kV", "Number": "", "Status": "Existing", "Data Confidence": "Assumed", "Operating Area": "North East District", "Locality": "CULLEN, BUCKIE", "Extent": "5605.08 m²" }, "geometry": { "type": "Point", "coordinates": [ 351590.01, 865037.0 ] } },
{ "type": "Feature", "properties": { "Owner Type": "SSEN", "Owner Name": "SHEPD", "Type": "Primary", "Class": "33kV/11kV", "Number": "674", "Status": "Existing", "Data Confidence": "Surveyed", "Operating Area": "Orkney", "Locality": "WESTRAY, ORKNEY", "Extent": "823.1 m²" }, "geometry": { "type": "Point", "coordinates": [ 350261.479, 1039378.699 ] } },
{ "type": "Feature", "properties": { "Owner Type": "SSEN", "Owner Name": "SEPD", "Type": "Secondary (Pad Mounted)", "Class": "Distribution", "Number": "8582743", "Status": "Existing", "Data Confidence": "Surveyed", "Operating Area": "Yeovil", "Locality": "HALSTOCK LEIGHT DORSET", "Extent": "9 m²" }, "geometry": { "type": "Point", "coordinates": [ 350163.066999999980908, 108414.002 ] } },
{ "type": "Feature", "properties": { "Owner Type": "SSEN", "Owner Name": "SEPD", "Type": "Secondary (Pad Mounted)", "Class": "Distribution", "Number": "8576476", "Status": "Existing", "Data Confidence": "Surveyed", "Operating Area": "", "Locality": "", "Extent": "12.25 m²" }, "geometry": { "type": "Point", "coordinates": [ 350090.330000000016298, 107012.699 ] } },
{ "type": "Feature", "properties": { "Owner Type": "SSEN", "Owner Name": "SHEPD", "Type": "Primary", "Class": "Distribution", "Number": "", "Status": "Existing", "Data Confidence": "Surveyed", "Operating Area": "", "Locality": "", "Extent": "810.4 m²" }, "geometry": { "type": "Point", "coordinates": [ 349218.814000000013039, 733584.484000000054948 ] } },
{ "type": "Feature", "properties": { "Owner Type": "SSEN", "Owner Name": "SHEPD", "Type": "Primary", "Class": "Distribution", "Number": "", "Status": "Existing", "Data Confidence": "Surveyed", "Operating Area": "", "Locality": "", "Extent": "6469.86 m²" }, "geometry": { "type": "Point", "coordinates": [ 349109.528999999980442, 840500.908999999985099 ] } },
{ "type": "Feature", "properties": { "Owner Type": "SSEN", "Owner Name": "SHEPD", "Type": "Primary", "Class": "Distribution", "Number": "", "Status": "Existing", "Data Confidence": "Surveyed", "Operating Area": "Orkney", "Locality": "HIGH", "Extent": "633.48 m²" }, "geometry": { "type": "Point", "coordinates": [ 348313.901000000012573, 1017146.933 ] } },
{ "type": "Feature", "properties": { "Owner Type": "SSEN", "Owner Name": "SHEPD", "Type": "Primary", "Class": "Distribution", "Number": "", "Status": "Existing", "Data Confidence": "Surveyed", "Operating Area": "", "Locality": "", "Extent": "276.25 m²" }, "geometry": { "type": "Point", "coordinates": [ 347469.38, 819902.113999999943189 ] } },
{ "type": "Feature", "properties": { "Owner Type": "SSEN", "Owner Name": "SHEPD", "Type": "Primary", "Class": "Distribution", "Number": "", "Status": "Existing", "Data Confidence": "Surveyed", "Operating Area": "", "Locality": "", "Extent": "480.93 m²" }, "geometry": { "type": "Point", "coordinates": [ 347101.695, 732072.712000000057742 ] } },
{ "type": "Feature", "properties": { "Owner Type": "SSEN", "Owner Name": "SHET", "Type": "Grid/Bulk Supply pt", "Class": "Transmission", "Number": "", "Status": "Existing", "Data Confidence": "Surveyed", "Operating Area": "", "Locality": "", "Extent": "3927.05 m²" }, "geometry": { "type": "Point", "coordinates": [ 347044.206, 751740.086000000010245 ] } },
{ "type": "Feature", "properties": { "Owner Type": "SSEN", "Owner Name": "SHEPD", "Type": "Primary", "Class": "Distribution", "Number": "", "Status": "Existing", "Data Confidence": "Surveyed", "Operating Area": "", "Locality": "", "Extent": "5375.22 m²" }, "geometry": { "type": "Point", "coordinates": [ 347043.816, 751696.827999999979511 ] } },
{ "type": "Feature", "properties": { "Owner Type": "SSEN", "Owner Name": "SHEPD", "Type": "Primary", "Class": "33kV/11kV", "Number": "679", "Status": "Existing", "Data Confidence": "Surveyed", "Operating Area": "Orkney", "Locality": "BURRAY, ORKNEY", "Extent": "23.48 m²" }, "geometry": { "type": "Point", "coordinates": [ 346961.233, 1001397.349 ] } },
{ "type": "Feature", "properties": { "Owner Type": "SSEN", "Owner Name": "SHEPD", "Type": "Primary", "Class": "Distribution", "Number": "", "Status": "Existing", "Data Confidence": "Surveyed", "Operating Area": "", "Locality": "", "Extent": "974.41 m²" }, "geometry": { "type": "Point", "coordinates": [ 346663.737000000022817, 730758.10999999998603 ] } },
{ "type": "Feature", "properties": { "Owner Type": "SSEN", "Owner Name": "SHEPD", "Type": "Secondary", "Class": "Distribution", "Number": "9500738", "Status": "Existing", "Data Confidence": "Surveyed", "Operating Area": "", "Locality": "", "Extent": "164.58 m²" }, "geometry": { "type": "Point", "coordinates": [ 346124.240999999979977, 731991.814999999944121 ] } },
{ "type": "Feature", "properties": { "Owner Type": "SSEN", "Owner Name": "SHEPD", "Type": "Secondary", "Class": "Distribution", "Number": "9502299", "Status": "Existing", "Data Confidence": "Surveyed", "Operating Area": "Tayside and Central", "Locality": "Tayside and Central District", "Extent": "22.09 m²" }, "geometry": { "type": "Point", "coordinates": [ 345829.01, 732475.37699999997858 ] } },
{ "type": "Feature", "properties": { "Owner Type": "SSEN", "Owner Name": "SHEPD", "Type": "Primary", "Class": "Distribution", "Number": "", "Status": "Existing", "Data Confidence": "Surveyed", "Operating Area": "", "Locality": "", "Extent": "1847.98 m²" }, "geometry": { "type": "Point", "coordinates": [ 345262.517, 732154.886000000056811 ] } },
{ "type": "Feature", "properties": { "Owner Type": "SSEN", "Owner Name": "SHEPD", "Type": "Primary", "Class": "Distribution", "Number": "", "Status": "Existing", "Data Confidence": "Surveyed", "Operating Area": "", "Locality": "", "Extent": "495.57 m²" }, "geometry": { "type": "Point", "coordinates": [ 345152.462999999988824, 750550.351999999955297 ] } },
{ "type": "Feature", "properties": { "Owner Type": "SSEN", "Owner Name": "SHEPD", "Type": "Primary", "Class": "Distribution", "Number": "", "Status": "Existing", "Data Confidence": "Surveyed", "Operating Area": "", "Locality": "", "Extent": "2444.33 m²" }, "geometry": { "type": "Point", "coordinates": [ 344665.474999999976717, 1010986.507 ] } },
{ "type": "Feature", "properties": { "Owner Type": "SSEN", "Owner Name": "SHEPD", "Type": "Primary", "Class": "Distribution", "Number": "", "Status": "Existing", "Data Confidence": "Assumed", "Operating Area": "", "Locality": "", "Extent": "137.99 m²" }, "geometry": { "type": "Point", "coordinates": [ 344547.865, 744203.047000000020489 ] } },
{ "type": "Feature", "properties": { "Owner Type": "SSEN", "Owner Name": "SHEPD", "Type": "Secondary", "Class": "Distribution", "Number": "", "Status": "Existing", "Data Confidence": "Surveyed", "Operating Area": "Orkney", "Locality": "Orkney", "Extent": "9 m²" }, "geometry": { "type": "Point", "coordinates": [ 344495.776000000012573, 1010068.42 ] } },
{ "type": "Feature", "properties": { "Owner Type": "SSEN", "Owner Name": "SHEPD", "Type": "Secondary (Pad Mounted)", "Class": "Distribution", "Number": "9201801", "Status": "Existing", "Data Confidence": "Surveyed", "Operating Area": "Orkney", "Locality": "KIRKWALL, ORKNEY", "Extent": "1.81 m²" }, "geometry": { "type": "Point", "coordinates": [ 344340.428000000014435, 1008640.382 ] } },
{ "type": "Feature", "properties": { "Owner Type": "SSEN", "Owner Name": "SHEPD", "Type": "Primary", "Class": "Distribution", "Number": "", "Status": "Existing", "Data Confidence": "Surveyed", "Operating Area": "", "Locality": "", "Extent": "136.05 m²" }, "geometry": { "type": "Point", "coordinates": [ 343925.954000000027008, 850412.062000000034459 ] } },
{ "type": "Feature", "properties": { "Owner Type": "SSEN", "Owner Name": "SHEPD", "Type": "Primary", "Class": "Distribution", "Number": "", "Status": "Existing", "Data Confidence": "Surveyed", "Operating Area": "", "Locality": "", "Extent": "1291.2 m²" }, "geometry": { "type": "Point", "coordinates": [ 343878.446, 1030568.701 ] } },
{ "type": "Feature", "properties": { "Owner Type": "SSEN", "Owner Name": "SHEPD", "Type": "Primary", "Class": "Distribution", "Number": "", "Status": "Existing", "Data Confidence": "Surveyed", "Operating Area": "", "Locality": "", "Extent": "19446.06 m²" }, "geometry": { "type": "Point", "coordinates": [ 343877.156000000017229, 850441.946 ] } },
{ "type": "Feature", "properties": { "Owner Type": "SSEN", "Owner Name": "SHEPD", "Type": "Secondary (Pad Mounted)", "Class": "11kV/LV", "Number": "9201842", "Status": "Existing", "Data Confidence": "Surveyed", "Operating Area": "Orkney", "Locality": "KIRKWALL, ORKNEY", "Extent": "14.93 m²" }, "geometry": { "type": "Point", "coordinates": [ 343635.479, 1010432.747 ] } },
{ "type": "Feature", "properties": { "Owner Type": "SSEN", "Owner Name": "SHEPD", "Type": "Primary", "Class": "Distribution", "Number": "", "Status": "Existing", "Data Confidence": "Surveyed", "Operating Area": "", "Locality": "", "Extent": "1285.94 m²" }, "geometry": { "type": "Point", "coordinates": [ 343288.879000000015367, 864802.501000000047497 ] } },
{ "type": "Feature", "properties": { "Owner Type": "SSEN", "Owner Name": "SHET", "Type": "Grid/Bulk Supply pt", "Class": "Transmission", "Number": "", "Status": "Existing", "Data Confidence": "Surveyed", "Operating Area": "", "Locality": "", "Extent": "13557.05 m²" }, "geometry": { "type": "Point", "coordinates": [ 343133.13, 731869.275000000023283 ] } },
{ "type": "Feature", "properties": { "Owner Type": "SSEN", "Owner Name": "SHEPD", "Type": "Primary", "Class": "33kV/11kV", "Number": "", "Status": "Existing", "Data Confidence": "Surveyed", "Operating Area": "Tayside and Central", "Locality": "DUNDEE", "Extent": "14057.84 m²" }, "geometry": { "type": "Point", "coordinates": [ 343132.041000000026543, 731858.386999999987893 ] } },
{ "type": "Feature", "properties": { "Owner Type": "SSEN", "Owner Name": "SHEPD", "Type": "Secondary", "Class": "Distribution", "Number": "9580553", "Status": "Existing", "Data Confidence": "Surveyed", "Operating Area": "Tayside and Central", "Locality": "DUNDEE", "Extent": "8.14 m²" }, "geometry": { "type": "Point", "coordinates": [ 343072.849999999976717, 733467.540999999968335 ] } },
{ "type": "Feature", "properties": { "Owner Type": "SSEN", "Owner Name": "SHEPD", "Type": "Secondary", "Class": "Distribution", "Number": "9502072", "Status": "Existing", "Data Confidence": "Surveyed", "Operating Area": "Tayside and Central", "Locality": "DUNDEE", "Extent": "4 m²" }, "geometry": { "type": "Point", "coordinates": [ 342788.98499999998603, 733797.917000000015832 ] } },
{ "type": "Feature", "properties": { "Owner Type": "SSEN", "Owner Name": "SHEPD", "Type": "Primary", "Class": "Distribution", "Number": "", "Status": "Existing", "Data Confidence": "Surveyed", "Operating Area": "", "Locality": "", "Extent": "153.97 m²" }, "geometry": { "type": "Point", "coordinates": [ 342768.821999999985565, 733790.692999999970198 ] } },
{ "type": "Feature", "properties": { "Owner Type": "SSEN", "Owner Name": "SHEPD", "Type": "Primary", "Class": "Distribution", "Number": "", "Status": "Existing", "Data Confidence": "Surveyed", "Operating Area": "", "Locality": "", "Extent": "913.34 m²" }, "geometry": { "type": "Point", "coordinates": [ 342157.545999999972992, 732133.71999999997206 ] } },
{ "type": "Feature", "properties": { "Owner Type": "SSEN", "Owner Name": "SHEPD", "Type": "Secondary", "Class": "Distribution", "Number": "9502867", "Status": "Existing", "Data Confidence": "Surveyed", "Operating Area": "Tayside and Central", "Locality": "Tayside and Central District", "Extent": "25 m²" }, "geometry": { "type": "Point", "coordinates": [ 341160.222, 732625.180000000051223 ] } },
{ "type": "Feature", "properties": { "Owner Type": "SSEN", "Owner Name": "SHEPD", "Type": "Primary", "Class": "Distribution", "Number": "", "Status": "Existing", "Data Confidence": "Surveyed", "Operating Area": "", "Locality": "", "Extent": "606.11 m²" }, "geometry": { "type": "Point", "coordinates": [ 340903.362000000022817, 730824.133999999961816 ] } },
{ "type": "Feature", "properties": { "Owner Type": "SSEN", "Owner Name": "SHEPD", "Type": "Secondary", "Class": "Distribution", "Number": "9502885", "Status": "Existing", "Data Confidence": "Surveyed", "Operating Area": "Tayside and Central", "Locality": "Tayside and Central District", "Extent": "12.14 m²" }, "geometry": { "type": "Point", "coordinates": [ 340410.038, 729964.163999999989755 ] } },
{ "type": "Feature", "properties": { "Owner Type": "SSEN", "Owner Name": "SHEPD", "Type": "Secondary", "Class": "Distribution", "Number": "9502873", "Status": "Existing", "Data Confidence": "Surveyed", "Operating Area": "Tayside and Central", "Locality": "DUNDEE", "Extent": "16.19 m²" }, "geometry": { "type": "Point", "coordinates": [ 340059.403999999980442, 729780.51500000001397 ] } },
{ "type": "Feature", "properties": { "Owner Type": "SSEN", "Owner Name": "SHEPD", "Type": "Primary", "Class": "Distribution", "Number": "", "Status": "Existing", "Data Confidence": "Surveyed", "Operating Area": "", "Locality": "", "Extent": "335.76 m²" }, "geometry": { "type": "Point", "coordinates": [ 340025.391, 730150.832999999984168 ] } },
{ "type": "Feature", "properties": { "Owner Type": "SSEN", "Owner Name": "SHEPD", "Type": "Primary", "Class": "Distribution", "Number": "", "Status": "Existing", "Data Confidence": "Surveyed", "Operating Area": "", "Locality": "", "Extent": "817.77 m²" }, "geometry": { "type": "Point", "coordinates": [ 339942.462, 731152.261999999987893 ] } },
{ "type": "Feature", "properties": { "Owner Type": "SSEN", "Owner Name": "SHEPD", "Type": "Primary", "Class": "Distribution", "Number": "", "Status": "Existing", "Data Confidence": "Surveyed", "Operating Area": "", "Locality": "", "Extent": "921.12 m²" }, "geometry": { "type": "Point", "coordinates": [ 339814.494, 730550.035999999963678 ] } },
{ "type": "Feature", "properties": { "Owner Type": "SSEN", "Owner Name": "SHEPD", "Type": "Secondary", "Class": "Distribution", "Number": "", "Status": "Existing", "Data Confidence": "Surveyed", "Operating Area": "Tayside and Central", "Locality": "DUNDEE", "Extent": "12.29 m²" }, "geometry": { "type": "Point", "coordinates": [ 339802.025000000023283, 731625.71999999997206 ] } },
{ "type": "Feature", "properties": { "Owner Type": "SSEN", "Owner Name": "SHEPD", "Type": "Primary", "Class": "Distribution", "Number": "", "Status": "Existing", "Data Confidence": "Surveyed", "Operating Area": "", "Locality": "", "Extent": "635.8 m²" }, "geometry": { "type": "Point", "coordinates": [ 339206.430999999982305, 753079.527 ] } },
{ "type": "Feature", "properties": { "Owner Type": "SSEN", "Owner Name": "SHEPD", "Type": "Primary", "Class": "Distribution", "Number": "015", "Status": "Existing", "Data Confidence": "Surveyed", "Operating Area": "Tayside and Central", "Locality": "DUNDEE", "Extent": "1068.87 m²" }, "geometry": { "type": "Point", "coordinates": [ 339193.050999999977648, 733797.62699999997858 ] } },
{ "type": "Feature", "properties": { "Owner Type": "SSEN", "Owner Name": "SHEPD", "Type": "Primary", "Class": "Distribution", "Number": "", "Status": "Existing", "Data Confidence": "Surveyed", "Operating Area": "Tayside and Central", "Locality": "DUNDEE", "Extent": "718.96 m²" }, "geometry": { "type": "Point", "coordinates": [ 338990.50099999998929, 730336.270000000018626 ] } },
{ "type": "Feature", "properties": { "Owner Type": "SSEN", "Owner Name": "SHEPD", "Type": "Primary", "Class": "Distribution", "Number": "", "Status": "Existing", "Data Confidence": "Surveyed", "Operating Area": "", "Locality": "", "Extent": "2516.89 m²" }, "geometry": { "type": "Point", "coordinates": [ 338652.150000000023283, 730399.699999999953434 ] } },
{ "type": "Feature", "properties": { "Owner Type": "SSEN", "Owner Name": "SHEPD", "Type": "Primary", "Class": "Distribution", "Number": "", "Status": "Existing", "Data Confidence": "Surveyed", "Operating Area": "", "Locality": "", "Extent": "581.99 m²" }, "geometry": { "type": "Point", "coordinates": [ 338064.449000000022352, 731418.267 ] } },
{ "type": "Feature", "properties": { "Owner Type": "SSEN", "Owner Name": "SHEPD", "Type": "Primary", "Class": "Distribution", "Number": "", "Status": "Existing", "Data Confidence": "Surveyed", "Operating Area": "Tayside and Central", "Locality": "DUNDEE", "Extent": "1171.84 m²" }, "geometry": { "type": "Point", "coordinates": [ 338041.93, 733688.59499999997206 ] } },
{ "type": "Feature", "properties": { "Owner Type": "SSEN", "Owner Name": "SHEPD", "Type": "Secondary", "Class": "Distribution", "Number": "9582274", "Status": "Existing", "Data Confidence": "Surveyed", "Operating Area": "Tayside and Central", "Locality": "LOCHEE", "Extent": "6.94 m²" }, "geometry": { "type": "Point", "coordinates": [ 337806.161000000021886, 731523.314000000013039 ] } },
{ "type": "Feature", "properties": { "Owner Type": "SSEN", "Owner Name": "SHEPD", "Type": "Secondary (Pad Mounted)", "Class": "Distribution", "Number": "9201097", "Status": "Existing", "Data Confidence": "Surveyed", "Operating Area": "Orkney", "Locality": "BURGARHILL, ORKNEY", "Extent": "5.5 m²" }, "geometry": { "type": "Point", "coordinates": [ 337776.93, 1024681.942 ] } },
{ "type": "Feature", "properties": { "Owner Type": "SSEN", "Owner Name": "SHEPD", "Type": "Primary", "Class": "Distribution", "Number": "", "Status": "Existing", "Data Confidence": "Surveyed", "Operating Area": "", "Locality": "", "Extent": "1594.78 m²" }, "geometry": { "type": "Point", "coordinates": [ 337535.718999999982771, 797128.866999999969266 ] } },
{ "type": "Feature", "properties": { "Owner Type": "SSEN", "Owner Name": "SHEPD", "Type": "Secondary", "Class": "Distribution", "Number": "9502877", "Status": "Existing", "Data Confidence": "Surveyed", "Operating Area": "Tayside and Central", "Locality": "DUNDEE", "Extent": "9 m²" }, "geometry": { "type": "Point", "coordinates": [ 337505.511, 732556.5 ] } },
{ "type": "Feature", "properties": { "Owner Type": "SSEN", "Owner Name": "SHEPD", "Type": "Primary", "Class": "Distribution", "Number": "463E", "Status": "Existing", "Data Confidence": "Surveyed", "Operating Area": "", "Locality": "", "Extent": "263.99 m²" }, "geometry": { "type": "Point", "coordinates": [ 337490.818000000028405, 846526.003999999957159 ] } },
{ "type": "Feature", "properties": { "Owner Type": "SSEN", "Owner Name": "SHEPD", "Type": "Primary", "Class": "Distribution", "Number": "", "Status": "Existing", "Data Confidence": "Surveyed", "Operating Area": "", "Locality": "", "Extent": "4964.97 m²" }, "geometry": { "type": "Point", "coordinates": [ 337407.74, 732560.866000000038184 ] } },
{ "type": "Feature", "properties": { "Owner Type": "SSEN", "Owner Name": "SHEPD", "Type": "Primary", "Class": "Distribution", "Number": "", "Status": "Existing", "Data Confidence": "Surveyed", "Operating Area": "", "Locality": "", "Extent": "257.15 m²" }, "geometry": { "type": "Point", "coordinates": [ 337343.038999999989755, 811906.804 ] } },
{ "type": "Feature", "properties": { "Owner Type": "SSEN", "Owner Name": "DOAN", "Type": "Primary", "Class": "132kV/11kV", "Number": "GLAL", "Status": "Existing", "Data Confidence": "Surveyed", "Operating Area": "NATIONAL NETWORKS", "Locality": "NEWPORT, SOUTH WALES", "Extent": "3140.84 m²" }, "geometry": { "type": "Point", "coordinates": [ 336744.517, 187225.51500000001397 ] } },
{ "type": "Feature", "properties": { "Owner Type": "SSEN", "Owner Name": "DOAN", "Type": "Primary", "Class": "Distribution", "Number": "STPL", "Status": "Existing", "Data Confidence": "Surveyed", "Operating Area": "", "Locality": "", "Extent": "695.61 m²" }, "geometry": { "type": "Point", "coordinates": [ 336613.853, 393440.924999999988358 ] } },
{ "type": "Feature", "properties": { "Owner Type": "SSEN", "Owner Name": "DOAN", "Type": "Primary", "Class": "Distribution", "Number": "ANRL", "Status": "Existing", "Data Confidence": "Surveyed", "Operating Area": "", "Locality": "", "Extent": "67.02 m²" }, "geometry": { "type": "Point", "coordinates": [ 336281.286000000021886, 393252.766 ] } },
{ "type": "Feature", "properties": { "Owner Type": "SSEN", "Owner Name": "SHEPD", "Type": "Secondary", "Class": "Distribution", "Number": "", "Status": "Existing", "Data Confidence": "Surveyed", "Operating Area": "North East District", "Locality": "North East District", "Extent": "9 m²" }, "geometry": { "type": "Point", "coordinates": [ 336270.239, 794864.564000000013039 ] } },
{ "type": "Feature", "properties": { "Owner Type": "SSEN", "Owner Name": "SHEPD", "Type": "Secondary (Pad Mounted)", "Class": "Distribution", "Number": "806002030", "Status": "Existing", "Data Confidence": "Surveyed", "Operating Area": "North East District", "Locality": "North East District", "Extent": "9.19 m²" }, "geometry": { "type": "Point", "coordinates": [ 336263.903999999980442, 796048.337999999988824 ] } },
{ "type": "Feature", "properties": { "Owner Type": "SSEN", "Owner Name": "SHEPD", "Type": "Primary", "Class": "Distribution", "Number": "", "Status": "Existing", "Data Confidence": "Surveyed", "Operating Area": "", "Locality": "", "Extent": "566.8 m²" }, "geometry": { "type": "Point", "coordinates": [ 335945.358, 736285.758999999961816 ] } },
{ "type": "Feature", "properties": { "Owner Type": "SSEN", "Owner Name": "SHEPD", "Type": "Primary", "Class": "Distribution", "Number": "", "Status": "Existing", "Data Confidence": "Surveyed", "Operating Area": "", "Locality": "", "Extent": "128.66 m²" }, "geometry": { "type": "Point", "coordinates": [ 335917.831, 731021.787000000011176 ] } },
{ "type": "Feature", "properties": { "Owner Type": "SSEN", "Owner Name": "SHEPD", "Type": "Primary", "Class": "Distribution", "Number": "", "Status": "Existing", "Data Confidence": "Surveyed", "Operating Area": "", "Locality": "", "Extent": "8327.91 m²" }, "geometry": { "type": "Point", "coordinates": [ 335738.409999999974389, 731808.234000000054948 ] } },
{ "type": "Feature", "properties": { "Owner Type": "SSEN", "Owner Name": "SHEPD", "Type": "Primary", "Class": "Distribution", "Number": "", "Status": "Existing", "Data Confidence": "Surveyed", "Operating Area": "", "Locality": "", "Extent": "1760.05 m²" }, "geometry": { "type": "Point", "coordinates": [ 335735.082999999984168, 731805.290999999968335 ] } },
{ "type": "Feature", "properties": { "Owner Type": "SSEN", "Owner Name": "SHEPD", "Type": "Secondary", "Class": "Distribution", "Number": "9500064", "Status": "Existing", "Data Confidence": "Surveyed", "Operating Area": "", "Locality": "", "Extent": "16941.01 m²" }, "geometry": { "type": "Point", "coordinates": [ 335728.353, 731815.59699999995064 ] } },
{ "type": "Feature", "properties": { "Owner Type": "SSEN", "Owner Name": "SHEPD", "Type": "Primary", "Class": "Distribution", "Number": "", "Status": "Existing", "Data Confidence": "Surveyed", "Operating Area": "Highland District", "Locality": "WICK, CAITHNESS", "Extent": "1118.1 m²" }, "geometry": { "type": "Point", "coordinates": [ 335585.799, 950950.679 ] } },
{ "type": "Feature", "properties": { "Owner Type": "SSEN", "Owner Name": "SHEPD", "Type": "Secondary", "Class": "Distribution", "Number": "", "Status": "Existing", "Data Confidence": "Surveyed", "Operating Area": "Tayside and Central", "Locality": "DUNDEE", "Extent": "25 m²" }, "geometry": { "type": "Point", "coordinates": [ 335564.257999999972526, 731877.517 ] } },
{ "type": "Feature", "properties": { "Owner Type": "SSEN", "Owner Name": "SHEPD", "Type": "Primary", "Class": "Distribution", "Number": "", "Status": "Existing", "Data Confidence": "Surveyed", "Operating Area": "Tayside and Central", "Locality": "DUNDEE", "Extent": "83.9 m²" }, "geometry": { "type": "Point", "coordinates": [ 335148.017999999981839, 730643.066 ] } },
{ "type": "Feature", "properties": { "Owner Type": "SSEN", "Owner Name": "SHEPD", "Type": "Primary", "Class": "Distribution", "Number": "", "Status": "Existing", "Data Confidence": "Assumed", "Operating Area": "", "Locality": "", "Extent": "53.8 m²" }, "geometry": { "type": "Point", "coordinates": [ 335054.868000000016764, 995016.724000000045635 ] } },
{ "type": "Feature", "properties": { "Owner Type": "SSEN", "Owner Name": "SHEPD", "Type": "Primary", "Class": "Distribution", "Number": "", "Status": "Existing", "Data Confidence": "Assumed", "Operating Area": "", "Locality": "", "Extent": "470.24 m²" }, "geometry": { "type": "Point", "coordinates": [ 335020.759000000020023, 994531.464999999967404 ] } },
{ "type": "Feature", "properties": { "Owner Type": "SSEN", "Owner Name": "SHEPD", "Type": "Primary", "Class": "Distribution", "Number": "", "Status": "Existing", "Data Confidence": "Surveyed", "Operating Area": "", "Locality": "", "Extent": "860.84 m²" }, "geometry": { "type": "Point", "coordinates": [ 334574.096000000019558, 732209.15500000002794 ] } },
{ "type": "Feature", "properties": { "Owner Type": "SSEN", "Owner Name": "SHEPD", "Type": "Primary", "Class": "Distribution", "Number": "", "Status": "Existing", "Data Confidence": "Surveyed", "Operating Area": "", "Locality": "", "Extent": "1331.4 m²" }, "geometry": { "type": "Point", "coordinates": [ 334444.995, 1026078.319 ] } },
{ "type": "Feature", "properties": { "Owner Type": "SSEN", "Owner Name": "SHEPD", "Type": "Primary", "Class": "Distribution", "Number": "", "Status": "Existing", "Data Confidence": "Surveyed", "Operating Area": "", "Locality": "", "Extent": "79.11 m²" }, "geometry": { "type": "Point", "coordinates": [ 333839.445, 859619.810000000055879 ] } },
{ "type": "Feature", "properties": { "Owner Type": "SSEN", "Owner Name": "SHEPD", "Type": "Secondary", "Class": "Distribution", "Number": "", "Status": "Existing", "Data Confidence": "Surveyed", "Operating Area": "North East District", "Locality": "FOCHABERS", "Extent": "25 m²" }, "geometry": { "type": "Point", "coordinates": [ 333426.522, 860218.952000000048429 ] } },
{ "type": "Feature", "properties": { "Owner Type": "SSEN", "Owner Name": "SHEPD", "Type": "Primary", "Class": "33kV", "Number": "592B", "Status": "Existing", "Data Confidence": "Surveyed", "Operating Area": "", "Locality": "", "Extent": "114.06 m²" }, "geometry": { "type": "Point", "coordinates": [ 333312.85999999998603, 966242.552000000025146 ] } },
{ "type": "Feature", "properties": { "Owner Type": "SSEN", "Owner Name": "SHEPD", "Type": "Primary", "Class": "Distribution", "Number": "", "Status": "Existing", "Data Confidence": "Surveyed", "Operating Area": "", "Locality": "", "Extent": "703.89 m²" }, "geometry": { "type": "Point", "coordinates": [ 332056.38, 839724.631999999983236 ] } },
{ "type": "Feature", "properties": { "Owner Type": "SSEN", "Owner Name": "SHEPD", "Type": "Primary", "Class": "Distribution", "Number": "", "Status": "Existing", "Data Confidence": "Surveyed", "Operating Area": "", "Locality": "", "Extent": "2144.17 m²" }, "geometry": { "type": "Point", "coordinates": [ 331494.983, 1005735.908 ] } },
{ "type": "Feature", "properties": { "Owner Type": "SSEN", "Owner Name": "SHEPD", "Type": "Secondary (Pad Mounted)", "Class": "Distribution", "Number": "0678002497", "Status": "Existing", "Data Confidence": "Surveyed", "Operating Area": "Highland District", "Locality": "STROMNESS", "Extent": "6 m²" }, "geometry": { "type": "Point", "coordinates": [ 331077.023999999975786, 1019645.937 ] } },
{ "type": "Feature", "properties": { "Owner Type": "SSEN", "Owner Name": "SHEPD", "Type": "Primary", "Class": "Distribution", "Number": "", "Status": "Existing", "Data Confidence": "Surveyed", "Operating Area": "", "Locality": "", "Extent": "39.13 m²" }, "geometry": { "type": "Point", "coordinates": [ 330349.10999999998603, 994622.446 ] } },
{ "type": "Feature", "properties": { "Owner Type": "SSEN", "Owner Name": "SHEPD", "Type": "Primary", "Class": "Distribution", "Number": "9282113", "Status": "Existing", "Data Confidence": "Surveyed", "Operating Area": "", "Locality": "", "Extent": "26.06 m²" }, "geometry": { "type": "Point", "coordinates": [ 328425.553000000014435, 951011.893000000040047 ] } },
{ "type": "Feature", "properties": { "Owner Type": "SSEN", "Owner Name": "SHEPD", "Type": "Primary", "Class": "Distribution", "Number": "", "Status": "Existing", "Data Confidence": "Surveyed", "Operating Area": "", "Locality": "", "Extent": "1232.47 m²" }, "geometry": { "type": "Point", "coordinates": [ 327939.137999999977183, 861642.094000000040978 ] } },
{ "type": "Feature", "properties": { "Owner Type": "SSEN", "Owner Name": "SHEPD", "Type": "Primary", "Class": "Distribution", "Number": "", "Status": "Existing", "Data Confidence": "Surveyed", "Operating Area": "", "Locality": "", "Extent": "479.45 m²" }, "geometry": { "type": "Point", "coordinates": [ 327900.569000000017695, 849696.736000000033528 ] } },
{ "type": "Feature", "properties": { "Owner Type": "SSEN", "Owner Name": "SHEPD", "Type": "Primary", "Class": "Distribution", "Number": "", "Status": "Existing", "Data Confidence": "Surveyed", "Operating Area": "", "Locality": "", "Extent": "369 m²" }, "geometry": { "type": "Point", "coordinates": [ 326576.531000000017229, 960778.788999999989755 ] } },
{ "type": "Feature", "properties": { "Owner Type": "SSEN", "Owner Name": "SHEPD", "Type": "Primary", "Class": "Distribution", "Number": "", "Status": "Existing", "Data Confidence": "Assumed", "Operating Area": "", "Locality": "", "Extent": "2217.08 m²" }, "geometry": { "type": "Point", "coordinates": [ 325977.44, 1010408.24 ] } },
{ "type": "Feature", "properties": { "Owner Type": "SSEN", "Owner Name": "SHEPD", "Type": "Primary", "Class": "Distribution", "Number": "", "Status": "Existing", "Data Confidence": "Surveyed", "Operating Area": "", "Locality": "", "Extent": "840.29 m²" }, "geometry": { "type": "Point", "coordinates": [ 324809.798, 840881.354999999981374 ] } },
{ "type": "Feature", "properties": { "Owner Type": "SSEN", "Owner Name": "SHEPD", "Type": "Primary", "Class": "33kV/11kV", "Number": "", "Status": "Existing", "Data Confidence": "Surveyed", "Operating Area": "Tayside and Central", "Locality": "ALYTH, BLAIRGOWRIE", "Extent": "1958.47 m²" }, "geometry": { "type": "Point", "coordinates": [ 323578.028999999980442, 748313.432000000029802 ] } },
{ "type": "Feature", "properties": { "Owner Type": "SSEN", "Owner Name": "SHEPD", "Type": "Primary", "Class": "Distribution", "Number": "", "Status": "Existing", "Data Confidence": "Surveyed", "Operating Area": "", "Locality": "", "Extent": "986.96 m²" }, "geometry": { "type": "Point", "coordinates": [ 323207.585000000020955, 723043.51500000001397 ] } },
{ "type": "Feature", "properties": { "Owner Type": "SSEN", "Owner Name": "SHEPD", "Type": "Primary", "Class": "Distribution", "Number": "", "Status": "Existing", "Data Confidence": "Surveyed", "Operating Area": "", "Locality": "", "Extent": "493.82 m²" }, "geometry": { "type": "Point", "coordinates": [ 323201.979999999981374, 869928.23499999998603 ] } },
{ "type": "Feature", "properties": { "Owner Type": "SSEN", "Owner Name": "SHEPD", "Type": "Primary", "Class": "Distribution", "Number": "458", "Status": "Existing", "Data Confidence": "Surveyed", "Operating Area": "North East District", "Locality": "ELGIN", "Extent": "1706.46 m²" }, "geometry": { "type": "Point", "coordinates": [ 322457.571999999985565, 862133.834999999962747 ] } },
{ "type": "Feature", "properties": { "Owner Type": "SSEN", "Owner Name": "SHET", "Type": "Grid/Bulk Supply pt", "Class": "Transmission", "Number": "", "Status": "Existing", "Data Confidence": "Surveyed", "Operating Area": "", "Locality": "", "Extent": "3675.2 m²" }, "geometry": { "type": "Point", "coordinates": [ 321787.898999999975786, 739221.256999999983236 ] } },
{ "type": "Feature", "properties": { "Owner Type": "SSEN", "Owner Name": "SHEPD", "Type": "Primary", "Class": "Distribution", "Number": "", "Status": "Existing", "Data Confidence": "Surveyed", "Operating Area": "", "Locality": "", "Extent": "6086.43 m²" }, "geometry": { "type": "Point", "coordinates": [ 321781.931999999971595, 739218.613999999943189 ] } },
{ "type": "Feature", "properties": { "Owner Type": "SSEN", "Owner Name": "SHEPD", "Type": "Primary", "Class": "Distribution", "Number": "", "Status": "Existing", "Data Confidence": "Surveyed", "Operating Area": "North East District", "Locality": "ELGIN", "Extent": "845.79 m²" }, "geometry": { "type": "Point", "coordinates": [ 321544.129000000015367, 862999.957000000053085 ] } },
{ "type": "Feature", "properties": { "Owner Type": "SSEN", "Owner Name": "SHET", "Type": "Grid/Bulk Supply pt", "Class": "Transmission", "Number": "", "Status": "Existing", "Data Confidence": "Surveyed", "Operating Area": "", "Locality": "", "Extent": "24.38 m²" }, "geometry": { "type": "Point", "coordinates": [ 321267.364, 864635.454000000027008 ] } },
{ "type": "Feature", "properties": { "Owner Type": "SSEN", "Owner Name": "SHEPD", "Type": "Primary", "Class": "Distribution", "Number": "", "Status": "Existing", "Data Confidence": "Surveyed", "Operating Area": "", "Locality": "", "Extent": "6043.34 m²" }, "geometry": { "type": "Point", "coordinates": [ 321255.090000000025611, 864672.483 ] } },
{ "type": "Feature", "properties": { "Owner Type": "SSEN", "Owner Name": "SHEPD", "Type": "Primary", "Class": "Distribution", "Number": "", "Status": "Existing", "Data Confidence": "Surveyed", "Operating Area": "", "Locality": "", "Extent": "967.73 m²" }, "geometry": { "type": "Point", "coordinates": [ 321058.684, 836945.38 ] } },
{ "type": "Feature", "properties": { "Owner Type": "SSEN", "Owner Name": "SHEPD", "Type": "Primary", "Class": "Distribution", "Number": "", "Status": "Existing", "Data Confidence": "Surveyed", "Operating Area": "", "Locality": "", "Extent": "763.81 m²" }, "geometry": { "type": "Point", "coordinates": [ 320781.620999999984633, 861558.949000000022352 ] } },
{ "type": "Feature", "properties": { "Owner Type": "SSEN", "Owner Name": "SHET", "Type": "Grid/Bulk Supply pt", "Class": "Transmission", "Number": "", "Status": "Existing", "Data Confidence": "Surveyed", "Operating Area": "", "Locality": "", "Extent": "13789.04 m²" }, "geometry": { "type": "Point", "coordinates": [ 320107.631, 717135.929 ] } },
{ "type": "Feature", "properties": { "Owner Type": "SSEN", "Owner Name": "SHEPD", "Type": "Primary", "Class": "Distribution", "Number": "", "Status": "Existing", "Data Confidence": "Surveyed", "Operating Area": "", "Locality": "", "Extent": "16009.15 m²" }, "geometry": { "type": "Point", "coordinates": [ 320101.173, 717131.692999999970198 ] } },
{ "type": "Feature", "properties": { "Owner Type": "SSEN", "Owner Name": "SHEPD", "Type": "Secondary", "Class": "Distribution", "Number": "9303389", "Status": "Existing", "Data Confidence": "Surveyed", "Operating Area": "North East District", "Locality": "North East District", "Extent": "79.46 m²" }, "geometry": { "type": "Point", "coordinates": [ 320099.632999999972526, 870235.562000000034459 ] } },
{ "type": "Feature", "properties": { "Owner Type": "SSEN", "Owner Name": "SHEPD", "Type": "Secondary (Pad Mounted)", "Class": "Distribution", "Number": "9201799", "Status": "Existing", "Data Confidence": "Surveyed", "Operating Area": "Highland District", "Locality": "BOWER TAR PLANT", "Extent": "20.25 m²" }, "geometry": { "type": "Point", "coordinates": [ 320055.598, 958637.468 ] } },
{ "type": "Feature", "properties": { "Owner Type": "SSEN", "Owner Name": "DOAN", "Type": "Primary", "Class": "Distribution", "Number": "TRPC", "Status": "Existing", "Data Confidence": "Surveyed", "Operating Area": "", "Locality": "", "Extent": "128.02 m²" }, "geometry": { "type": "Point", "coordinates": [ 319926.604, 175410.833000000013271 ] } },
{ "type": "Feature", "properties": { "Owner Type": "SSEN", "Owner Name": "SHEPD", "Type": "Primary", "Class": "Distribution", "Number": "", "Status": "Existing", "Data Confidence": "Surveyed", "Operating Area": "", "Locality": "", "Extent": "46.74 m²" }, "geometry": { "type": "Point", "coordinates": [ 319924.670999999972992, 933629.788999999989755 ] } },
{ "type": "Feature", "properties": { "Owner Type": "SSEN", "Owner Name": "SHEPD", "Type": "Primary", "Class": "Distribution", "Number": "", "Status": "Existing", "Data Confidence": "Surveyed", "Operating Area": "", "Locality": "", "Extent": "36.9 m²" }, "geometry": { "type": "Point", "coordinates": [ 319645.962, 749285.559 ] } },
{ "type": "Feature", "properties": { "Owner Type": "SSEN", "Owner Name": "SHEPD", "Type": "Primary", "Class": "33kV/11kV", "Number": "", "Status": "Existing", "Data Confidence": "Surveyed", "Operating Area": "Highland District", "Locality": "BALLINDALLOCH", "Extent": "923.16 m²" }, "geometry": { "type": "Point", "coordinates": [ 319281.25099999998929, 834652.937000000034459 ] } },
{ "type": "Feature", "properties": { "Owner Type": "SSEN", "Owner Name": "SHEPD", "Type": "Primary", "Class": "Distribution", "Number": "", "Status": "Existing", "Data Confidence": "Surveyed", "Operating Area": "", "Locality": "", "Extent": "8803.5 m²" }, "geometry": { "type": "Point", "coordinates": [ 318774.472, 731144.131999999983236 ] } },
{ "type": "Feature", "properties": { "Owner Type": "SSEN", "Owner Name": "SHEPD", "Type": "Primary", "Class": "Distribution", "Number": "", "Status": "Existing", "Data Confidence": "Surveyed", "Operating Area": "", "Locality": "", "Extent": "1057.51 m²" }, "geometry": { "type": "Point", "coordinates": [ 318740.174999999988358, 744553.59499999997206 ] } },
{ "type": "Feature", "properties": { "Owner Type": "SSEN", "Owner Name": "DOAN", "Type": "Primary", "Class": "Distribution", "Number": "STDC", "Status": "Existing", "Data Confidence": "Surveyed", "Operating Area": "", "Locality": "", "Extent": "47.92 m²" }, "geometry": { "type": "Point", "coordinates": [ 318461.675999999977648, 176204.89000000001397 ] } },
{ "type": "Feature", "properties": { "Owner Type": "SSEN", "Owner Name": "SHEPD", "Type": "Primary", "Class": "Distribution", "Number": "9502876", "Status": "Existing", "Data Confidence": "Surveyed", "Operating Area": "Tayside and Central", "Locality": "Tayside and Central District", "Extent": "72 m²" }, "geometry": { "type": "Point", "coordinates": [ 318038.5, 713538.5 ] } },
{ "type": "Feature", "properties": { "Owner Type": "SSEN", "Owner Name": "SHEPD", "Type": "Primary", "Class": "Distribution", "Number": "", "Status": "Existing", "Data Confidence": "Surveyed", "Operating Area": "Tayside and Central", "Locality": "ABERNETHY", "Extent": "27.24 m²" }, "geometry": { "type": "Point", "coordinates": [ 317626.202, 713811.49 ] } },
{ "type": "Feature", "properties": { "Owner Type": "SSEN", "Owner Name": "SHEPD", "Type": "Primary", "Class": "Distribution", "Number": "", "Status": "Existing", "Data Confidence": "Assumed", "Operating Area": "", "Locality": "", "Extent": "468.56 m²" }, "geometry": { "type": "Point", "coordinates": [ 317499.878000000026077, 729605.663999999989755 ] } },
{ "type": "Feature", "properties": { "Owner Type": "SSEN", "Owner Name": "SHEPD", "Type": "Secondary", "Class": "Distribution", "Number": "9303101", "Status": "Existing", "Data Confidence": "Surveyed", "Operating Area": "North East District", "Locality": "BRAEMAR", "Extent": "6.21 m²" }, "geometry": { "type": "Point", "coordinates": [ 317399.650000000023283, 792494.603 ] } },
{ "type": "Feature", "properties": { "Owner Type": "SSEN", "Owner Name": "SHEPD", "Type": "Primary", "Class": "Distribution", "Number": "", "Status": "Existing", "Data Confidence": "Surveyed", "Operating Area": "", "Locality": "", "Extent": "36648.92 m²" }, "geometry": { "type": "Point", "coordinates": [ 316930.768999999971129, 951769.564999999944121 ] } },
{ "type": "Feature", "properties": { "Owner Type": "SSEN", "Owner Name": "DOAN", "Type": "Primary", "Class": "Distribution", "Number": "CARI", "Status": "Existing", "Data Confidence": "Surveyed", "Operating Area": "", "Locality": "", "Extent": "558.11 m²" }, "geometry": { "type": "Point", "coordinates": [ 316631.86099999997532, 174336.196999999985565 ] } },
{ "type": "Feature", "properties": { "Owner Type": "SSEN", "Owner Name": "DOAN", "Type": "Primary", "Class": "Distribution", "Number": "UNKNOWN", "Status": "Existing", "Data Confidence": "Surveyed", "Operating Area": "", "Locality": "", "Extent": "4453.79 m²" }, "geometry": { "type": "Point", "coordinates": [ 316086.117000000027474, 175241.554 ] } },
{ "type": "Feature", "properties": { "Owner Type": "SSEN", "Owner Name": "SHEPD", "Type": "Primary", "Class": "Distribution", "Number": "", "Status": "Existing", "Data Confidence": "Surveyed", "Operating Area": "", "Locality": "", "Extent": "2557.99 m²" }, "geometry": { "type": "Point", "coordinates": [ 315951.072999999974854, 931692.819999999948777 ] } },
{ "type": "Feature", "properties": { "Owner Type": "SSEN", "Owner Name": "SHEPD", "Type": "Secondary (Pad Mounted)", "Class": "Distribution", "Number": "", "Status": "Existing", "Data Confidence": "Surveyed", "Operating Area": "Tayside and Central", "Locality": "SCONE", "Extent": "12.36 m²" }, "geometry": { "type": "Point", "coordinates": [ 315643.935999999986961, 725757.621000000042841 ] } },
{ "type": "Feature", "properties": { "Owner Type": "SSEN", "Owner Name": "SHET", "Type": "Primary", "Class": "Distribution", "Number": "", "Status": "Existing", "Data Confidence": "Surveyed", "Operating Area": "", "Locality": "", "Extent": "85216.38 m²" }, "geometry": { "type": "Point", "coordinates": [ 315440.461000000010245, 955486.246999999973923 ] } },
{ "type": "Feature", "properties": { "Owner Type": "SSEN", "Owner Name": "DOAN", "Type": "Primary", "Class": "Distribution", "Number": "WPAW", "Status": "Existing", "Data Confidence": "Surveyed", "Operating Area": "", "Locality": "", "Extent": "14.74 m²" }, "geometry": { "type": "Point", "coordinates": [ 315229.848, 120861.739 ] } },
{ "type": "Feature", "properties": { "Owner Type": "SSEN", "Owner Name": "SHET", "Type": "Grid/Bulk Supply pt", "Class": "Transmission", "Number": "", "Status": "Existing", "Data Confidence": "Assumed", "Operating Area": "", "Locality": "", "Extent": "2270.82 m²" }, "geometry": { "type": "Point", "coordinates": [ 315104.053000000014435, 852746.36199999996461 ] } },
{ "type": "Feature", "properties": { "Owner Type": "SSEN", "Owner Name": "SHEPD", "Type": "Secondary", "Class": "Distribution", "Number": "9502889", "Status": "Existing", "Data Confidence": "Surveyed", "Operating Area": "Tayside and Central", "Locality": "CAPUTH", "Extent": "21.66 m²" }, "geometry": { "type": "Point", "coordinates": [ 314696.552000000025146, 744767.903999999980442 ] } },
{ "type": "Feature", "properties": { "Owner Type": "SSEN", "Owner Name": "SHEPD", "Type": "Primary", "Class": "Distribution", "Number": "", "Status": "Existing", "Data Confidence": "Surveyed", "Operating Area": "", "Locality": "", "Extent": "891.69 m²" }, "geometry": { "type": "Point", "coordinates": [ 314390.881, 725498.785000000032596 ] } },
{ "type": "Feature", "properties": { "Owner Type": "SSEN", "Owner Name": "SHEPD", "Type": "Primary", "Class": "33kV/11kV", "Number": "259", "Status": "Existing", "Data Confidence": "Surveyed", "Operating Area": "Tayside and Central", "Locality": "DALRULZION, PERTH", "Extent": "663.56 m²" }, "geometry": { "type": "Point", "coordinates": [ 313497.455000000016298, 758156.807999999960884 ] } },
{ "type": "Feature", "properties": { "Owner Type": "SSEN", "Owner Name": "SHEPD", "Type": "Primary", "Class": "Distribution", "Number": "", "Status": "Existing", "Data Confidence": "Surveyed", "Operating Area": "", "Locality": "", "Extent": "989.22 m²" }, "geometry": { "type": "Point", "coordinates": [ 313344.528, 717765.98699999996461 ] } },
{ "type": "Feature", "properties": { "Owner Type": "SSEN", "Owner Name": "SHEPD", "Type": "Primary", "Class": "Distribution", "Number": "", "Status": "Existing", "Data Confidence": "Surveyed", "Operating Area": "", "Locality": "", "Extent": "907.34 m²" }, "geometry": { "type": "Point", "coordinates": [ 313219.37300000002142, 958223.851999999955297 ] } },
{ "type": "Feature", "properties": { "Owner Type": "SSEN", "Owner Name": "SHEPD", "Type": "Secondary", "Class": "11kV/LV", "Number": "9502904", "Status": "Existing", "Data Confidence": "Surveyed", "Operating Area": "Tayside and Central", "Locality": "SCONE", "Extent": "25 m²" }, "geometry": { "type": "Point", "coordinates": [ 312997.951, 727068.12 ] } },
{ "type": "Feature", "properties": { "Owner Type": "SSEN", "Owner Name": "SHEPD", "Type": "Primary", "Class": "Distribution", "Number": "", "Status": "Existing", "Data Confidence": "Surveyed", "Operating Area": "", "Locality": "", "Extent": "122.8 m²" }, "geometry": { "type": "Point", "coordinates": [ 312734.086000000010245, 840907.542999999946915 ] } },
{ "type": "Feature", "properties": { "Owner Type": "SSEN", "Owner Name": "SHEPD", "Type": "Primary", "Class": "Distribution", "Number": "", "Status": "Existing", "Data Confidence": "Surveyed", "Operating Area": "", "Locality": "", "Extent": "754.65 m²" }, "geometry": { "type": "Point", "coordinates": [ 312704.308000000019092, 967833.412000000011176 ] } },
{ "type": "Feature", "properties": { "Owner Type": "SSEN", "Owner Name": "SHEPD", "Type": "Primary", "Class": "Distribution", "Number": "", "Status": "Existing", "Data Confidence": "Surveyed", "Operating Area": "", "Locality": "", "Extent": "595.46 m²" }, "geometry": { "type": "Point", "coordinates": [ 312668.384000000020023, 868783.072999999974854 ] } },
{ "type": "Feature", "properties": { "Owner Type": "SSEN", "Owner Name": "SHET", "Type": "Grid/Bulk Supply pt", "Class": "Transmission", "Number": "", "Status": "Existing", "Data Confidence": "Surveyed", "Operating Area": "", "Locality": "", "Extent": "6801.24 m²" }, "geometry": { "type": "Point", "coordinates": [ 312185.163, 966095.38 ] } },
{ "type": "Feature", "properties": { "Owner Type": "SSEN", "Owner Name": "SHEPD", "Type": "Primary", "Class": "Distribution", "Number": "", "Status": "Existing", "Data Confidence": "Surveyed", "Operating Area": "", "Locality": "", "Extent": "52079.56 m²" }, "geometry": { "type": "Point", "coordinates": [ 312096.254000000015367, 965019.187999999965541 ] } },
{ "type": "Feature", "properties": { "Owner Type": "SSEN", "Owner Name": "SHEPD", "Type": "Primary", "Class": "Distribution", "Number": "", "Status": "Existing", "Data Confidence": "Surveyed", "Operating Area": "", "Locality": "", "Extent": "424.4 m²" }, "geometry": { "type": "Point", "coordinates": [ 312000.402, 722217.001000000047497 ] } },
{ "type": "Feature", "properties": { "Owner Type": "SSEN", "Owner Name": "SHEPD", "Type": "Primary", "Class": "Distribution", "Number": "", "Status": "Existing", "Data Confidence": "Surveyed", "Operating Area": "", "Locality": "", "Extent": "2160.45 m²" }, "geometry": { "type": "Point", "coordinates": [ 311899.743000000016764, 705076.741999999969266 ] } },
{ "type": "Feature", "properties": { "Owner Type": "SSEN", "Owner Name": "SHEPD", "Type": "Primary", "Class": "Distribution", "Number": "", "Status": "Existing", "Data Confidence": "Surveyed", "Operating Area": "", "Locality": "", "Extent": "787.84 m²" }, "geometry": { "type": "Point", "coordinates": [ 311355.917000000015832, 723765.140999999945052 ] } },
{ "type": "Feature", "properties": { "Owner Type": "SSEN", "Owner Name": "SHEPD", "Type": "Secondary", "Class": "11kV/LV", "Number": "0587029090", "Status": "Existing", "Data Confidence": "Surveyed", "Operating Area": "Highland District", "Locality": "THURSO, CAITHNESS", "Extent": "26.77 m²" }, "geometry": { "type": "Point", "coordinates": [ 311233.392, 967807.348 ] } },
{ "type": "Feature", "properties": { "Owner Type": "SSEN", "Owner Name": "SHEPD", "Type": "Primary", "Class": "Distribution", "Number": "", "Status": "Existing", "Data Confidence": "Surveyed", "Operating Area": "", "Locality": "", "Extent": "8.62 m²" }, "geometry": { "type": "Point", "coordinates": [ 310990.427000000025146, 709455.081 ] } },
{ "type": "Feature", "properties": { "Owner Type": "SSEN", "Owner Name": "SHEPD", "Type": "Primary", "Class": "Distribution", "Number": "", "Status": "Existing", "Data Confidence": "Surveyed", "Operating Area": "", "Locality": "", "Extent": "1629.4 m²" }, "geometry": { "type": "Point", "coordinates": [ 310755.493000000016764, 967409.420999999972992 ] } },
{ "type": "Feature", "properties": { "Owner Type": "SSEN", "Owner Name": "SHEPD", "Type": "Secondary", "Class": "Distribution", "Number": "", "Status": "Existing", "Data Confidence": "Surveyed", "Operating Area": "Tayside and Central", "Locality": "Tayside and Central District", "Extent": "7.42 m²" }, "geometry": { "type": "Point", "coordinates": [ 310219.217, 726218.155999999959022 ] } },
{ "type": "Feature", "properties": { "Owner Type": "SSEN", "Owner Name": "SHEPD", "Type": "Primary", "Class": "Distribution", "Number": "", "Status": "Existing", "Data Confidence": "Surveyed", "Operating Area": "", "Locality": "", "Extent": "2060.82 m²" }, "geometry": { "type": "Point", "coordinates": [ 310081.257999999972526, 724589.692000000039116 ] } },
{ "type": "Feature", "properties": { "Owner Type": "SSEN", "Owner Name": "SHEPD", "Type": "Secondary (Pad Mounted)", "Class": "Distribution", "Number": "", "Status": "Existing", "Data Confidence": "Surveyed", "Operating Area": "Tayside and Central", "Locality": "PERTH", "Extent": "4.5 m²" }, "geometry": { "type": "Point", "coordinates": [ 309695.478, 722468.366999999969266 ] } },
{ "type": "Feature", "properties": { "Owner Type": "SSEN", "Owner Name": "SHEPD", "Type": "Primary", "Class": "Distribution", "Number": "", "Status": "Existing", "Data Confidence": "Surveyed", "Operating Area": "", "Locality": "", "Extent": "679.86 m²" }, "geometry": { "type": "Point", "coordinates": [ 309276.419, 740265.816 ] } },
{ "type": "Feature", "properties": { "Owner Type": "SSEN", "Owner Name": "SHEPD", "Type": "Primary", "Class": "Distribution", "Number": "", "Status": "Existing", "Data Confidence": "Surveyed", "Operating Area": "Tayside and Central", "Locality": "Tayside and Central District", "Extent": "276.65 m²" }, "geometry": { "type": "Point", "coordinates": [ 308723.159999999974389, 725800.89000000001397 ] } },
{ "type": "Feature", "properties": { "Owner Type": "SSEN", "Owner Name": "SHEPD", "Type": "Primary", "Class": "Distribution", "Number": "", "Status": "Existing", "Data Confidence": "Surveyed", "Operating Area": "", "Locality": "", "Extent": "4435.66 m²" }, "geometry": { "type": "Point", "coordinates": [ 308258.065, 723708.199999999953434 ] } },
{ "type": "Feature", "properties": { "Owner Type": "SSEN", "Owner Name": "SHET", "Type": "Grid/Bulk Supply pt", "Class": "Transmission", "Number": "", "Status": "Existing", "Data Confidence": "Surveyed", "Operating Area": "", "Locality": "", "Extent": "1370.32 m²" }, "geometry": { "type": "Point", "coordinates": [ 308256.337, 723704.601999999955297 ] } },
{ "type": "Feature", "properties": { "Owner Type": "SSEN", "Owner Name": "SHEPD", "Type": "Secondary", "Class": "Distribution", "Number": "", "Status": "Existing", "Data Confidence": "Surveyed", "Operating Area": "Tayside and Central", "Locality": "Tayside and Central District", "Extent": "9 m²" }, "geometry": { "type": "Point", "coordinates": [ 308188.200000000011642, 724722.559 ] } },
{ "type": "Feature", "properties": { "Owner Type": "SSEN", "Owner Name": "SHEPD", "Type": "Primary", "Class": "Distribution", "Number": "", "Status": "Existing", "Data Confidence": "Surveyed", "Operating Area": "", "Locality": "", "Extent": "1057.45 m²" }, "geometry": { "type": "Point", "coordinates": [ 307650.156000000017229, 728862.714000000036322 ] } },
{ "type": "Feature", "properties": { "Owner Type": "SSEN", "Owner Name": "SHEPD", "Type": "Primary", "Class": "Distribution", "Number": "", "Status": "Existing", "Data Confidence": "Surveyed", "Operating Area": "", "Locality": "", "Extent": "580.14 m²" }, "geometry": { "type": "Point", "coordinates": [ 306695.25, 861746.121000000042841 ] } },
{ "type": "Feature", "properties": { "Owner Type": "SSEN", "Owner Name": "SHEPD", "Type": "Primary", "Class": "Distribution", "Number": "", "Status": "Existing", "Data Confidence": "Surveyed", "Operating Area": "", "Locality": "", "Extent": "672.01 m²" }, "geometry": { "type": "Point", "coordinates": [ 304536.799, 718080.442999999970198 ] } },
{ "type": "Feature", "properties": { "Owner Type": "SSEN", "Owner Name": "SHEPD", "Type": "Primary", "Class": "Distribution", "Number": "", "Status": "Existing", "Data Confidence": "Surveyed", "Operating Area": "", "Locality": "", "Extent": "165 m²" }, "geometry": { "type": "Point", "coordinates": [ 304300.025000000023283, 847090.885 ] } },
{ "type": "Feature", "properties": { "Owner Type": "SSEN", "Owner Name": "SHEPD", "Type": "Primary", "Class": "Distribution", "Number": "", "Status": "Existing", "Data Confidence": "Surveyed", "Operating Area": "", "Locality": "", "Extent": "717.35 m²" }, "geometry": { "type": "Point", "coordinates": [ 303670.99, 826314.194000000017695 ] } },
{ "type": "Feature", "properties": { "Owner Type": "SSEN", "Owner Name": "SHEPD", "Type": "Secondary (Pad Mounted)", "Class": "Distribution", "Number": "9302014", "Status": "Existing", "Data Confidence": "Surveyed", "Operating Area": "North East District", "Locality": "KINLOSS", "Extent": "4.84 m²" }, "geometry": { "type": "Point", "coordinates": [ 303593.37400000001071, 864683.772 ] } },
{ "type": "Feature", "properties": { "Owner Type": "SSEN", "Owner Name": "SHEPD", "Type": "Primary", "Class": "Distribution", "Number": "", "Status": "Existing", "Data Confidence": "Surveyed", "Operating Area": "", "Locality": "", "Extent": "1322.86 m²" }, "geometry": { "type": "Point", "coordinates": [ 303361.136999999987893, 859428.949999999953434 ] } },
{ "type": "Feature", "properties": { "Owner Type": "SSEN", "Owner Name": "SHEPD", "Type": "Primary", "Class": "Distribution", "Number": "", "Status": "Existing", "Data Confidence": "Surveyed", "Operating Area": "", "Locality": "", "Extent": "720.15 m²" }, "geometry": { "type": "Point", "coordinates": [ 302615.756999999983236, 969150.582000000053085 ] } },
{ "type": "Feature", "properties": { "Owner Type": "SSEN", "Owner Name": "SHEPD", "Type": "Primary", "Class": "Distribution", "Number": "", "Status": "Existing", "Data Confidence": "Surveyed", "Operating Area": "", "Locality": "", "Extent": "308.51 m²" }, "geometry": { "type": "Point", "coordinates": [ 302370.808000000019092, 915378.853 ] } },
{ "type": "Feature", "properties": { "Owner Type": "SSEN", "Owner Name": "SHEPD", "Type": "Primary", "Class": "Distribution", "Number": "", "Status": "Existing", "Data Confidence": "Surveyed", "Operating Area": "", "Locality": "", "Extent": "337.05 m²" }, "geometry": { "type": "Point", "coordinates": [ 300101.191, 702762.069999999948777 ] } },
{ "type": "Feature", "properties": { "Owner Type": "SSEN", "Owner Name": "SHEPD", "Type": "Secondary (Pad Mounted)", "Class": "Distribution", "Number": "9502902", "Status": "Existing", "Data Confidence": "Surveyed", "Operating Area": "Tayside and Central", "Locality": "Pitlochry", "Extent": "13.44 m²" }, "geometry": { "type": "Point", "coordinates": [ 299837.003000000026077, 744505.927000000025146 ] } },
{ "type": "Feature", "properties": { "Owner Type": "SSEN", "Owner Name": "SHEPD", "Type": "Primary", "Class": "33kV/11kV", "Number": "", "Status": "Existing", "Data Confidence": "Surveyed", "Operating Area": "Highland District", "Locality": "REAY, CAITHNESS", "Extent": "27708 m²" }, "geometry": { "type": "Point", "coordinates": [ 298065.818000000028405, 966703.444000000017695 ] } },
{ "type": "Feature", "properties": { "Owner Type": "SSEN", "Owner Name": "DOAN", "Type": "Primary", "Class": "Distribution", "Number": "MSOW", "Status": "Existing", "Data Confidence": "Surveyed", "Operating Area": "", "Locality": "", "Extent": "41.17 m²" }, "geometry": { "type": "Point", "coordinates": [ 298037.509000000020023, 145949.223 ] } },
{ "type": "Feature", "properties": { "Owner Type": "SSEN", "Owner Name": "DOAN", "Type": "Primary", "Class": "Distribution", "Number": "VALL", "Status": "Existing", "Data Confidence": "Surveyed", "Operating Area": "", "Locality": "", "Extent": "59.93 m²" }, "geometry": { "type": "Point", "coordinates": [ 297918.659999999974389, 182050.51 ] } },
{ "type": "Feature", "properties": { "Owner Type": "SSEN", "Owner Name": "DOAN", "Type": "Primary", "Class": "Distribution", "Number": "MOEB", "Status": "Existing", "Data Confidence": "Surveyed", "Operating Area": "", "Locality": "", "Extent": "29.25 m²" }, "geometry": { "type": "Point", "coordinates": [ 296973.517, 93667.107000000003609 ] } },
{ "type": "Feature", "properties": { "Owner Type": "SSEN", "Owner Name": "DOAN", "Type": "Primary", "Class": "Distribution", "Number": "MOEA", "Status": "Existing", "Data Confidence": "Surveyed", "Operating Area": "", "Locality": "", "Extent": "29.25 m²" }, "geometry": { "type": "Point", "coordinates": [ 296968.840000000025611, 93584.251000000003842 ] } },
{ "type": "Feature", "properties": { "Owner Type": "SSEN", "Owner Name": "SHEPD", "Type": "Primary", "Class": "33kV/11kV", "Number": "", "Status": "Existing", "Data Confidence": "Surveyed", "Operating Area": "Tayside and Central", "Locality": "PITLOCHRY", "Extent": "1011.2 m²" }, "geometry": { "type": "Point", "coordinates": [ 295758.679, 758994.283000000054017 ] } },
{ "type": "Feature", "properties": { "Owner Type": "SSEN", "Owner Name": "SHEPD", "Type": "Primary", "Class": "Distribution", "Number": "", "Status": "Existing", "Data Confidence": "Surveyed", "Operating Area": "", "Locality": "", "Extent": "5373.63 m²" }, "geometry": { "type": "Point", "coordinates": [ 295605.023999999975786, 819423.376000000047497 ] } },
{ "type": "Feature", "properties": { "Owner Type": "SSEN", "Owner Name": "SHET", "Type": "Grid/Bulk Supply pt", "Class": "Transmission", "Number": "", "Status": "Existing", "Data Confidence": "Surveyed", "Operating Area": "", "Locality": "", "Extent": "4843.99 m²" }, "geometry": { "type": "Point", "coordinates": [ 295589.039999999979045, 819413.214000000036322 ] } },
{ "type": "Feature", "properties": { "Owner Type": "SSEN", "Owner Name": "SHEPD", "Type": "Primary", "Class": "Distribution", "Number": "", "Status": "Existing", "Data Confidence": "Surveyed", "Operating Area": "Highland District", "Locality": "LETHEN, NAIRN", "Extent": "406.02 m²" }, "geometry": { "type": "Point", "coordinates": [ 292306.461000000010245, 850801.984000000054948 ] } },
{ "type": "Feature", "properties": { "Owner Type": "SSEN", "Owner Name": "SHEPD", "Type": "Primary", "Class": "Distribution", "Number": "", "Status": "Existing", "Data Confidence": "Surveyed", "Operating Area": "", "Locality": "", "Extent": "907.8 m²" }, "geometry": { "type": "Point", "coordinates": [ 291540.118000000016764, 711585.912999999942258 ] } },
{ "type": "Feature", "properties": { "Owner Type": "SSEN", "Owner Name": "SHEPD", "Type": "Primary", "Class": "Distribution", "Number": "", "Status": "Existing", "Data Confidence": "Surveyed", "Operating Area": "", "Locality": "", "Extent": "253.32 m²" }, "geometry": { "type": "Point", "coordinates": [ 291045.052000000025146, 742702.101000000024214 ] } },
{ "type": "Feature", "properties": { "Owner Type": "SSEN", "Owner Name": "SHET", "Type": "Grid/Bulk Supply pt", "Class": "Transmission", "Number": "", "Status": "Existing", "Data Confidence": "Surveyed", "Operating Area": "", "Locality": "", "Extent": "399.73 m²" }, "geometry": { "type": "Point", "coordinates": [ 290978.563000000023749, 742711.033999999985099 ] } },
{ "type": "Feature", "properties": { "Owner Type": "SSEN", "Owner Name": "SHEPD", "Type": "Primary", "Class": "Distribution", "Number": "", "Status": "Existing", "Data Confidence": "Surveyed", "Operating Area": "", "Locality": "", "Extent": "321.42 m²" }, "geometry": { "type": "Point", "coordinates": [ 290922.178000000014435, 760659.841999999945983 ] } },
{ "type": "Feature", "properties": { "Owner Type": "SSEN", "Owner Name": "SHET", "Type": "Primary", "Class": "Distribution", "Number": "", "Status": "Existing", "Data Confidence": "Surveyed", "Operating Area": "", "Locality": "", "Extent": "30515.23 m²" }, "geometry": { "type": "Point", "coordinates": [ 290621.681999999971595, 959750.23699999996461 ] } },
{ "type": "Feature", "properties": { "Owner Type": "SSEN", "Owner Name": "SHEPD", "Type": "Primary", "Class": "Distribution", "Number": "", "Status": "Existing", "Data Confidence": "Surveyed", "Operating Area": "", "Locality": "", "Extent": "517.76 m²" }, "geometry": { "type": "Point", "coordinates": [ 290475.106000000028871, 904240.089999999967404 ] } },
{ "type": "Feature", "properties": { "Owner Type": "SSEN", "Owner Name": "SHEPD", "Type": "Primary", "Class": "Distribution", "Number": "", "Status": "Existing", "Data Confidence": "Surveyed", "Operating Area": "", "Locality": "", "Extent": "1203.62 m²" }, "geometry": { "type": "Point", "coordinates": [ 289856.984, 811396.743000000016764 ] } },
{ "type": "Feature", "properties": { "Owner Type": "SSEN", "Owner Name": "SHEPD", "Type": "Primary", "Class": "Distribution", "Number": "", "Status": "Existing", "Data Confidence": "Surveyed", "Operating Area": "", "Locality": "", "Extent": "4199.97 m²" }, "geometry": { "type": "Point", "coordinates": [ 289566.407, 855579.535000000032596 ] } },
{ "type": "Feature", "properties": { "Owner Type": "SSEN", "Owner Name": "SHEPD", "Type": "Secondary", "Class": "Distribution", "Number": "9201797", "Status": "Existing", "Data Confidence": "Surveyed", "Operating Area": "Highland District", "Locality": "Highland District", "Extent": "26 m²" }, "geometry": { "type": "Point", "coordinates": [ 289494.256999999983236, 856095.640999999945052 ] } },
{ "type": "Feature", "properties": { "Owner Type": "SSEN", "Owner Name": "SHEPD", "Type": "Primary", "Class": "Distribution", "Number": "", "Status": "Existing", "Data Confidence": "Surveyed", "Operating Area": "", "Locality": "", "Extent": "3661.65 m²" }, "geometry": { "type": "Point", "coordinates": [ 289321.628000000026077, 904955.741000000038184 ] } },
{ "type": "Feature", "properties": { "Owner Type": "SSEN", "Owner Name": "SHEPD", "Type": "Primary", "Class": "33kV/11kV", "Number": "590", "Status": "Existing", "Data Confidence": "Surveyed", "Operating Area": "Highland District", "Locality": "MELVICH", "Extent": "692.4 m²" }, "geometry": { "type": "Point", "coordinates": [ 288542.409999999974389, 964274.491000000038184 ] } },
{ "type": "Feature", "properties": { "Owner Type": "SSEN", "Owner Name": "SHEPD", "Type": "Primary", "Class": "Distribution", "Number": "", "Status": "Existing", "Data Confidence": "Surveyed", "Operating Area": "", "Locality": "", "Extent": "409.16 m²" }, "geometry": { "type": "Point", "coordinates": [ 288494.706, 856301.996000000042841 ] } },
{ "type": "Feature", "properties": { "Owner Type": "SSEN", "Owner Name": "SHEPD", "Type": "Secondary (Pad Mounted)", "Class": "Distribution", "Number": "9201811", "Status": "Existing", "Data Confidence": "Surveyed", "Operating Area": "Highland District", "Locality": "LETHEN NAIRN", "Extent": "9 m²" }, "geometry": { "type": "Point", "coordinates": [ 287136.974999999976717, 840145.12 ] } },
{ "type": "Feature", "properties": { "Owner Type": "SSEN", "Owner Name": "SHEPD", "Type": "Primary", "Class": "Distribution", "Number": "", "Status": "Existing", "Data Confidence": "Surveyed", "Operating Area": "", "Locality": "", "Extent": "590.85 m²" }, "geometry": { "type": "Point", "coordinates": [ 287013.586000000010245, 879729.175999999977648 ] } },
{ "type": "Feature", "properties": { "Owner Type": "SSEN", "Owner Name": "SHEPD", "Type": "Primary", "Class": "Distribution", "Number": "592B", "Status": "Existing", "Data Confidence": "Surveyed", "Operating Area": "", "Locality": "", "Extent": "799.99 m²" }, "geometry": { "type": "Point", "coordinates": [ 285965.908, 834169.008999999961816 ] } },
{ "type": "Feature", "properties": { "Owner Type": "SSEN", "Owner Name": "SHEPD", "Type": "Primary", "Class": "Distribution", "Number": "", "Status": "Existing", "Data Confidence": "Surveyed", "Operating Area": "", "Locality": "", "Extent": "583.42 m²" }, "geometry": { "type": "Point", "coordinates": [ 285626.951, 722123.564999999944121 ] } },
{ "type": "Feature", "properties": { "Owner Type": "SSEN", "Owner Name": "SHEPD", "Type": "Primary", "Class": "Distribution", "Number": "", "Status": "Existing", "Data Confidence": "Surveyed", "Operating Area": "Tayside and Central", "Locality": "ABERFELDY", "Extent": "923.05 m²" }, "geometry": { "type": "Point", "coordinates": [ 284892.542000000015832, 748877.351999999955297 ] } },
{ "type": "Feature", "properties": { "Owner Type": "SSEN", "Owner Name": "SHEPD", "Type": "Primary", "Class": "Distribution", "Number": "", "Status": "Existing", "Data Confidence": "Surveyed", "Operating Area": "", "Locality": "", "Extent": "720.83 m²" }, "geometry": { "type": "Point", "coordinates": [ 283004.591000000014901, 900233.483 ] } },
{ "type": "Feature", "properties": { "Owner Type": "SSEN", "Owner Name": "SHET", "Type": "Primary", "Class": "Distribution", "Number": "", "Status": "Existing", "Data Confidence": "Surveyed", "Operating Area": "", "Locality": "", "Extent": "5827.57 m²" }, "geometry": { "type": "Point", "coordinates": [ 282303.232000000018161, 959825.302999999956228 ] } },
{ "type": "Feature", "properties": { "Owner Type": "SSEN", "Owner Name": "SHEPD", "Type": "Secondary (Pad Mounted)", "Class": "11kV/LV", "Number": "9201827", "Status": "Existing", "Data Confidence": "Surveyed", "Operating Area": "Highland District", "Locality": "DORNOCH", "Extent": "8.99 m²" }, "geometry": { "type": "Point", "coordinates": [ 280843.784999999974389, 891636.871000000042841 ] } },
{ "type": "Feature", "properties": { "Owner Type": "SSEN", "Owner Name": "SHEPD", "Type": "Primary", "Class": "Distribution", "Number": "", "Status": "Existing", "Data Confidence": "Surveyed", "Operating Area": "", "Locality": "", "Extent": "1492.79 m²" }, "geometry": { "type": "Point", "coordinates": [ 280476.268999999971129, 855907.0 ] } },
{ "type": "Feature", "properties": { "Owner Type": "SSEN", "Owner Name": "SHEPD", "Type": "Primary", "Class": "Distribution", "Number": "", "Status": "Existing", "Data Confidence": "Surveyed", "Operating Area": "", "Locality": "", "Extent": "314.23 m²" }, "geometry": { "type": "Point", "coordinates": [ 280181.231000000028871, 765271.290999999968335 ] } },
{ "type": "Feature", "properties": { "Owner Type": "SSEN", "Owner Name": "SHEPD", "Type": "Primary", "Class": "Distribution", "Number": "", "Status": "Existing", "Data Confidence": "Surveyed", "Operating Area": "", "Locality": "", "Extent": "468.61 m²" }, "geometry": { "type": "Point", "coordinates": [ 279722.837999999988824, 889954.074999999953434 ] } },
{ "type": "Feature", "properties": { "Owner Type": "SSEN", "Owner Name": "SHEPD", "Type": "Primary", "Class": "Distribution", "Number": "", "Status": "Existing", "Data Confidence": "Surveyed", "Operating Area": "", "Locality": "", "Extent": "403.18 m²" }, "geometry": { "type": "Point", "coordinates": [ 279499.245, 709453.454000000027008 ] } },
{ "type": "Feature", "properties": { "Owner Type": "SSEN", "Owner Name": "SHEPD", "Type": "Primary", "Class": "Distribution", "Number": "", "Status": "Existing", "Data Confidence": "Surveyed", "Operating Area": "", "Locality": "", "Extent": "4562.59 m²" }, "geometry": { "type": "Point", "coordinates": [ 279487.51400000002468, 869779.376000000047497 ] } },
{ "type": "Feature", "properties": { "Owner Type": "SSEN", "Owner Name": "SHEPD", "Type": "Primary", "Class": "Distribution", "Number": "", "Status": "Existing", "Data Confidence": "Surveyed", "Operating Area": "", "Locality": "", "Extent": "530.19 m²" }, "geometry": { "type": "Point", "coordinates": [ 279106.278999999980442, 829738.084000000031665 ] } },
{ "type": "Feature", "properties": { "Owner Type": "SSEN", "Owner Name": "SHEPD", "Type": "Secondary (Pad Mounted)", "Class": "Distribution", "Number": "9502891", "Status": "Existing", "Data Confidence": "Surveyed", "Operating Area": "Tayside and Central", "Locality": "Tayside and Central District", "Extent": "9 m²" }, "geometry": { "type": "Point", "coordinates": [ 278565.757999999972526, 699319.263999999966472 ] } },
{ "type": "Feature", "properties": { "Owner Type": "SSEN", "Owner Name": "SHEPD", "Type": "Primary", "Class": "Distribution", "Number": "", "Status": "Existing", "Data Confidence": "Surveyed", "Operating Area": "", "Locality": "", "Extent": "44.09 m²" }, "geometry": { "type": "Point", "coordinates": [ 278508.773999999975786, 876511.633000000030734 ] } },
{ "type": "Feature", "properties": { "Owner Type": "SSEN", "Owner Name": "SHEPD", "Type": "Primary", "Class": "Distribution", "Number": "", "Status": "Existing", "Data Confidence": "Surveyed", "Operating Area": "", "Locality": "", "Extent": "1003.36 m²" }, "geometry": { "type": "Point", "coordinates": [ 277907.868000000016764, 701545.231999999959953 ] } },
{ "type": "Feature", "properties": { "Owner Type": "SSEN", "Owner Name": "SHEPD", "Type": "Primary", "Class": "Distribution", "Number": "", "Status": "Existing", "Data Confidence": "Surveyed", "Operating Area": "", "Locality": "", "Extent": "705.39 m²" }, "geometry": { "type": "Point", "coordinates": [ 277577.096000000019558, 881493.697999999974854 ] } },
{ "type": "Feature", "properties": { "Owner Type": "SSEN", "Owner Name": "SHEPD", "Type": "Primary", "Class": "33kV/11kV", "Number": "725C", "Status": "Existing", "Data Confidence": "Assumed", "Operating Area": "Highland District", "Locality": "TOMATIN", "Extent": "185.27 m²" }, "geometry": { "type": "Point", "coordinates": [ 277268.670999999972992, 836827.087999999988824 ] } },
{ "type": "Feature", "properties": { "Owner Type": "SSEN", "Owner Name": "SHEPD", "Type": "Primary", "Class": "Distribution", "Number": "", "Status": "Existing", "Data Confidence": "Surveyed", "Operating Area": "", "Locality": "", "Extent": "173.32 m²" }, "geometry": { "type": "Point", "coordinates": [ 277191.739, 748685.104999999981374 ] } },
{ "type": "Feature", "properties": { "Owner Type": "SSEN", "Owner Name": "SHEPD", "Type": "Secondary", "Class": "Distribution", "Number": "9201789", "Status": "Existing", "Data Confidence": "Surveyed", "Operating Area": "Highland District", "Locality": "DALCROSS", "Extent": "48.01 m²" }, "geometry": { "type": "Point", "coordinates": [ 276379.737000000022817, 851654.577000000048429 ] } },
{ "type": "Feature", "properties": { "Owner Type": "SSEN", "Owner Name": "SHEPD", "Type": "Primary", "Class": "Distribution", "Number": "", "Status": "Existing", "Data Confidence": "Surveyed", "Operating Area": "", "Locality": "", "Extent": "942.93 m²" }, "geometry": { "type": "Point", "coordinates": [ 276333.12400000001071, 851850.824000000022352 ] } },
{ "type": "Feature", "properties": { "Owner Type": "SSEN", "Owner Name": "SHEPD", "Type": "Primary", "Class": "33kV/11kV", "Number": "260", "Status": "Existing", "Data Confidence": "Assumed", "Operating Area": "Tayside and Central", "Locality": "TUMMEL BRIDGE", "Extent": "1204.97 m²" }, "geometry": { "type": "Point", "coordinates": [ 276303.016, 759011.133999999961816 ] } },
{ "type": "Feature", "properties": { "Owner Type": "SSEN", "Owner Name": "SHEPD", "Type": "Primary", "Class": "33kV/11kV", "Number": "260", "Status": "Existing", "Data Confidence": "Assumed", "Operating Area": "Tayside and Central", "Locality": "TUMMEL BRIDGE", "Extent": "237.85 m²" }, "geometry": { "type": "Point", "coordinates": [ 275868.26, 759118.5 ] } },
{ "type": "Feature", "properties": { "Owner Type": "SSEN", "Owner Name": "SHEPD", "Type": "Secondary", "Class": "Distribution", "Number": "9201798", "Status": "Existing", "Data Confidence": "Surveyed", "Operating Area": "Highland District", "Locality": "Highland District", "Extent": "9 m²" }, "geometry": { "type": "Point", "coordinates": [ 275659.929, 825299.54500000004191 ] } },
{ "type": "Feature", "properties": { "Owner Type": "SSEN", "Owner Name": "SHET", "Type": "Primary", "Class": "Distribution", "Number": "", "Status": "Existing", "Data Confidence": "Surveyed", "Operating Area": "", "Locality": "", "Extent": "17778.99 m²" }, "geometry": { "type": "Point", "coordinates": [ 275579.5, 825274.5 ] } },
{ "type": "Feature", "properties": { "Owner Type": "SSEN", "Owner Name": "SHEPD", "Type": "Primary", "Class": "Distribution", "Number": "", "Status": "Existing", "Data Confidence": "Surveyed", "Operating Area": "Highland District", "Locality": "KINGUSSIE", "Extent": "837.74 m²" }, "geometry": { "type": "Point", "coordinates": [ 275429.918, 800431.067000000039116 ] } },
{ "type": "Feature", "properties": { "Owner Type": "SSEN", "Owner Name": "SHEPD", "Type": "Primary", "Class": "Distribution", "Number": "", "Status": "Existing", "Data Confidence": "Surveyed", "Operating Area": "", "Locality": "", "Extent": "599.58 m²" }, "geometry": { "type": "Point", "coordinates": [ 274190.746999999973923, 863649.163999999989755 ] } },
{ "type": "Feature", "properties": { "Owner Type": "SSEN", "Owner Name": "SHEPD", "Type": "Primary", "Class": "Distribution", "Number": "", "Status": "Existing", "Data Confidence": "Surveyed", "Operating Area": "", "Locality": "", "Extent": "1745.48 m²" }, "geometry": { "type": "Point", "coordinates": [ 274080.474999999976717, 721926.238000000012107 ] } },
{ "type": "Feature", "properties": { "Owner Type": "SSEN", "Owner Name": "SHEPD", "Type": "Primary", "Class": "Distribution", "Number": "", "Status": "Existing", "Data Confidence": "Surveyed", "Operating Area": "", "Locality": "", "Extent": "135 m²" }, "geometry": { "type": "Point", "coordinates": [ 273387.212999999988824, 961905.483 ] } },
{ "type": "Feature", "properties": { "Owner Type": "SSEN", "Owner Name": "SHEPD", "Type": "Primary", "Class": "Distribution", "Number": "", "Status": "Existing", "Data Confidence": "Surveyed", "Operating Area": "", "Locality": "", "Extent": "964.38 m²" }, "geometry": { "type": "Point", "coordinates": [ 271240.358, 845508.810999999986961 ] } },
{ "type": "Feature", "properties": { "Owner Type": "SSEN", "Owner Name": "SHEPD", "Type": "Primary", "Class": "Distribution", "Number": "", "Status": "Existing", "Data Confidence": "Surveyed", "Operating Area": "", "Locality": "", "Extent": "691.1 m²" }, "geometry": { "type": "Point", "coordinates": [ 271027.895000000018626, 859150.052999999956228 ] } },
{ "type": "Feature", "properties": { "Owner Type": "SSEN", "Owner Name": "SHEPD", "Type": "Secondary", "Class": "Distribution", "Number": "9201798", "Status": "Existing", "Data Confidence": "Surveyed", "Operating Area": "Highland District", "Locality": "Highland District", "Extent": "30.25 m²" }, "geometry": { "type": "Point", "coordinates": [ 270817.984, 845664.854999999981374 ] } },
{ "type": "Feature", "properties": { "Owner Type": "SSEN", "Owner Name": "SHEPD", "Type": "Primary", "Class": "Distribution", "Number": "591", "Status": "Existing", "Data Confidence": "Surveyed", "Operating Area": "Highland District", "Locality": "BETTYHILL, SUTHERLAN", "Extent": "38.74 m²" }, "geometry": { "type": "Point", "coordinates": [ 270762.946, 961644.817000000039116 ] } },
{ "type": "Feature", "properties": { "Owner Type": "SSEN", "Owner Name": "SHEPD", "Type": "Primary", "Class": "Distribution", "Number": "", "Status": "Existing", "Data Confidence": "Surveyed", "Operating Area": "", "Locality": "", "Extent": "350.06 m²" }, "geometry": { "type": "Point", "coordinates": [ 270755.31, 869179.809 ] } },
{ "type": "Feature", "properties": { "Owner Type": "SSEN", "Owner Name": "DOAN", "Type": "Primary", "Class": "Distribution", "Number": "SWBC", "Status": "Existing", "Data Confidence": "Surveyed", "Operating Area": "", "Locality": "", "Extent": "43.71 m²" }, "geometry": { "type": "Point", "coordinates": [ 270274.337999999988824, 192975.61799999998766 ] } },
{ "type": "Feature", "properties": { "Owner Type": "SSEN", "Owner Name": "DOAN", "Type": "Primary", "Class": "33kV/11kV", "Number": "GART", "Status": "Existing", "Data Confidence": "Surveyed", "Operating Area": "", "Locality": "", "Extent": "550.9 m²" }, "geometry": { "type": "Point", "coordinates": [ 270273.84499999997206, 667741.304 ] } },
{ "type": "Feature", "properties": { "Owner Type": "SSEN", "Owner Name": "SHEPD", "Type": "Primary", "Class": "Distribution", "Number": " ", "Status": "Existing", "Data Confidence": "Surveyed", "Operating Area": "Tayside and Central", "Locality": "\"ST FILLANS, CRIEFF\"", "Extent": "438.52 m²" }, "geometry": { "type": "Point", "coordinates": [ 269020.583999999973457, 724598.672999999951571 ] } },
{ "type": "Feature", "properties": { "Owner Type": "SSEN", "Owner Name": "SHEPD", "Type": "Primary", "Class": "Distribution", "Number": "", "Status": "Existing", "Data Confidence": "Surveyed", "Operating Area": "", "Locality": "", "Extent": "45.5 m²" }, "geometry": { "type": "Point", "coordinates": [ 268830.386999999987893, 834975.474999999976717 ] } },
{ "type": "Feature", "properties": { "Owner Type": "SSEN", "Owner Name": "SHEPD", "Type": "Primary", "Class": "Distribution", "Number": "", "Status": "Existing", "Data Confidence": "Surveyed", "Operating Area": "", "Locality": "", "Extent": "853.37 m²" }, "geometry": { "type": "Point", "coordinates": [ 268426.047000000020489, 844697.299 ] } },
{ "type": "Feature", "properties": { "Owner Type": "SSEN", "Owner Name": "SHEPD", "Type": "Primary", "Class": "Distribution", "Number": "", "Status": "Existing", "Data Confidence": "Surveyed", "Operating Area": "", "Locality": "", "Extent": "646.38 m²" }, "geometry": { "type": "Point", "coordinates": [ 267326.919999999983702, 843266.131000000052154 ] } },
{ "type": "Feature", "properties": { "Owner Type": "SSEN", "Owner Name": "SHEPD", "Type": "Secondary", "Class": "Distribution", "Number": "9200887", "Status": "Existing", "Data Confidence": "Surveyed", "Operating Area": "Highland District", "Locality": "ALNESS", "Extent": "9 m²" }, "geometry": { "type": "Point", "coordinates": [ 266698.990999999979977, 868758.180999999982305 ] } },
{ "type": "Feature", "properties": { "Owner Type": "SSEN", "Owner Name": "SHEPD", "Type": "Primary", "Class": "Distribution", "Number": "", "Status": "Existing", "Data Confidence": "Surveyed", "Operating Area": "", "Locality": "", "Extent": "896.39 m²" }, "geometry": { "type": "Point", "coordinates": [ 266377.245999999984633, 695637.702000000048429 ] } },
{ "type": "Feature", "properties": { "Owner Type": "SSEN", "Owner Name": "SHEPD", "Type": "Primary", "Class": "33kV/LV", "Number": "741", "Status": "Existing", "Data Confidence": "Surveyed", "Operating Area": "Highland District", "Locality": "INVERNESS", "Extent": "542.19 m²" }, "geometry": { "type": "Point", "coordinates": [ 266301.585000000020955, 845804.839000000036322 ] } },
{ "type": "Feature", "properties": { "Owner Type": "SSEN", "Owner Name": "SHEPD", "Type": "Secondary", "Class": "Distribution", "Number": "92", "Status": "Existing", "Data Confidence": "Surveyed", "Operating Area": "Highland District", "Locality": "MUIR OF ORD", "Extent": "8.38 m²" }, "geometry": { "type": "Point", "coordinates": [ 266001.96999999997206, 869221.111000000033528 ] } },
{ "type": "Feature", "properties": { "Owner Type": "SSEN", "Owner Name": "SHEPD", "Type": "Primary", "Class": "Distribution", "Number": "", "Status": "Existing", "Data Confidence": "Surveyed", "Operating Area": "", "Locality": "", "Extent": "78.33 m²" }, "geometry": { "type": "Point", "coordinates": [ 265924.87699999997858, 758504.011000000056811 ] } },
{ "type": "Feature", "properties": { "Owner Type": "SSEN", "Owner Name": "SHEPD", "Type": "Secondary", "Class": "Distribution", "Number": "9303394", "Status": "Existing", "Data Confidence": "Surveyed", "Operating Area": "Highland District", "Locality": "DALNEIGH, INVERNESS", "Extent": "25 m²" }, "geometry": { "type": "Point", "coordinates": [ 265882.995, 845861.596000000019558 ] } },
{ "type": "Feature", "properties": { "Owner Type": "SSEN", "Owner Name": "SHEPD", "Type": "Primary", "Class": "Distribution", "Number": "", "Status": "Existing", "Data Confidence": "Surveyed", "Operating Area": "", "Locality": "", "Extent": "507.09 m²" }, "geometry": { "type": "Point", "coordinates": [ 265564.325000000011642, 844961.601000000024214 ] } },
{ "type": "Feature", "properties": { "Owner Type": "SSEN", "Owner Name": "SHEPD", "Type": "Primary", "Class": "33kV/11kV", "Number": "", "Status": "Existing", "Data Confidence": "Surveyed", "Operating Area": "Highland District", "Locality": "ALNESS", "Extent": "1144.97 m²" }, "geometry": { "type": "Point", "coordinates": [ 265470.955000000016298, 870159.773000000044703 ] } },
{ "type": "Feature", "properties": { "Owner Type": "SSEN", "Owner Name": "SHEPD", "Type": "Primary", "Class": "33kV/11kV", "Number": "0726", "Status": "Existing", "Data Confidence": "Surveyed", "Operating Area": "Highland District", "Locality": "INVERNESS", "Extent": "4530.13 m²" }, "geometry": { "type": "Point", "coordinates": [ 265302.650000000023283, 842629.025000000023283 ] } },
{ "type": "Feature", "properties": { "Owner Type": "SSEN", "Owner Name": "SHET", "Type": "Grid/Bulk Supply pt", "Class": "Transmission", "Number": "", "Status": "Existing", "Data Confidence": "Surveyed", "Operating Area": "", "Locality": "", "Extent": "6215.49 m²" }, "geometry": { "type": "Point", "coordinates": [ 265302.446999999985565, 842630.243000000016764 ] } },
{ "type": "Feature", "properties": { "Owner Type": "SSEN", "Owner Name": "SHEPD", "Type": "Primary", "Class": "Distribution", "Number": "", "Status": "Existing", "Data Confidence": "Surveyed", "Operating Area": "", "Locality": "", "Extent": "296.94 m²" }, "geometry": { "type": "Point", "coordinates": [ 265006.458999999973457, 848464.136000000056811 ] } },
{ "type": "Feature", "properties": { "Owner Type": "SSEN", "Owner Name": "SHEPD", "Type": "Primary", "Class": "Distribution", "Number": "", "Status": "Existing", "Data Confidence": "Surveyed", "Operating Area": "", "Locality": "", "Extent": "3890.5 m²" }, "geometry": { "type": "Point", "coordinates": [ 264595.636, 870995.044 ] } },
{ "type": "Feature", "properties": { "Owner Type": "SSEN", "Owner Name": "SHEPD", "Type": "Primary", "Class": "Distribution", "Number": "", "Status": "Existing", "Data Confidence": "Surveyed", "Operating Area": "", "Locality": "", "Extent": "455.17 m²" }, "geometry": { "type": "Point", "coordinates": [ 264508.672000000020489, 854335.944999999948777 ] } },
{ "type": "Feature", "properties": { "Owner Type": "SSEN", "Owner Name": "SHEPD", "Type": "Primary", "Class": "Distribution", "Number": "", "Status": "Existing", "Data Confidence": "Surveyed", "Operating Area": "", "Locality": "", "Extent": "661.94 m²" }, "geometry": { "type": "Point", "coordinates": [ 263709.574000000022352, 784676.187999999965541 ] } },
{ "type": "Feature", "properties": { "Owner Type": "SSEN", "Owner Name": "SHEPD", "Type": "Secondary", "Class": "Distribution", "Number": "9201414", "Status": "Existing", "Data Confidence": "Surveyed", "Operating Area": "", "Locality": "", "Extent": "8.53 m²" }, "geometry": { "type": "Point", "coordinates": [ 263652.359, 843904.126000000047497 ] } },
{ "type": "Feature", "properties": { "Owner Type": "SSEN", "Owner Name": "SHEPD", "Type": "Primary", "Class": "Distribution", "Number": "", "Status": "Existing", "Data Confidence": "Surveyed", "Operating Area": "", "Locality": "", "Extent": "1369.23 m²" }, "geometry": { "type": "Point", "coordinates": [ 262998.702999999979511, 707086.503999999957159 ] } },
{ "type": "Feature", "properties": { "Owner Type": "SSEN", "Owner Name": "SHEPD", "Type": "Primary", "Class": "Distribution", "Number": "", "Status": "Existing", "Data Confidence": "Surveyed", "Operating Area": "", "Locality": "", "Extent": "38.92 m²" }, "geometry": { "type": "Point", "coordinates": [ 262184.912000000011176, 959590.341000000014901 ] } },
{ "type": "Feature", "properties": { "Owner Type": "SSEN", "Owner Name": "SHEPD", "Type": "Secondary (Pad Mounted)", "Class": "11kV/LV", "Number": "9201833", "Status": "Existing", "Data Confidence": "Surveyed", "Operating Area": "Highland District", "Locality": "INVERNESS", "Extent": "16 m²" }, "geometry": { "type": "Point", "coordinates": [ 261054.655, 835999.797000000020489 ] } },
{ "type": "Feature", "properties": { "Owner Type": "SSEN", "Owner Name": "SHEPD", "Type": "Primary", "Class": "Distribution", "Number": "", "Status": "Existing", "Data Confidence": "Surveyed", "Operating Area": "", "Locality": "", "Extent": "3458.59 m²" }, "geometry": { "type": "Point", "coordinates": [ 260973.228, 822368.511999999987893 ] } },
{ "type": "Feature", "properties": { "Owner Type": "SSEN", "Owner Name": "SHEPD", "Type": "Primary", "Class": "Distribution", "Number": "", "Status": "Existing", "Data Confidence": "Surveyed", "Operating Area": "", "Locality": "", "Extent": "25 m²" }, "geometry": { "type": "Point", "coordinates": [ 259907.718, 866737.527 ] } },
{ "type": "Feature", "properties": { "Owner Type": "SSEN", "Owner Name": "SHEPD", "Type": "Primary", "Class": "Distribution", "Number": "", "Status": "Existing", "Data Confidence": "Surveyed", "Operating Area": "Highland District", "Locality": "ARDGAY", "Extent": "236.24 m²" }, "geometry": { "type": "Point", "coordinates": [ 258875.450000000011642, 890841.707999999984168 ] } },
{ "type": "Feature", "properties": { "Owner Type": "SSEN", "Owner Name": "SHEPD", "Type": "Primary", "Class": "Distribution", "Number": "", "Status": "Existing", "Data Confidence": "Surveyed", "Operating Area": "", "Locality": "", "Extent": "271.65 m²" }, "geometry": { "type": "Point", "coordinates": [ 258799.182999999989988, 907119.180999999982305 ] } },
{ "type": "Feature", "properties": { "Owner Type": "SSEN", "Owner Name": "SHEPD", "Type": "Primary", "Class": "Distribution", "Number": "", "Status": "Existing", "Data Confidence": "Surveyed", "Operating Area": "", "Locality": "", "Extent": "369.31 m²" }, "geometry": { "type": "Point", "coordinates": [ 258767.227000000013504, 724179.037000000011176 ] } },
{ "type": "Feature", "properties": { "Owner Type": "SSEN", "Owner Name": "SHEPD", "Type": "Primary", "Class": "Distribution", "Number": "", "Status": "Existing", "Data Confidence": "Surveyed", "Operating Area": "", "Locality": "", "Extent": "94.3 m²" }, "geometry": { "type": "Point", "coordinates": [ 257676.316, 872809.018999999971129 ] } },
{ "type": "Feature", "properties": { "Owner Type": "SSEN", "Owner Name": "SHEPD", "Type": "Primary", "Class": "Distribution", "Number": "", "Status": "Existing", "Data Confidence": "Surveyed", "Operating Area": "", "Locality": "", "Extent": "6073.51 m²" }, "geometry": { "type": "Point", "coordinates": [ 257251.793, 897468.287000000011176 ] } },
{ "type": "Feature", "properties": { "Owner Type": "SSEN", "Owner Name": "SHET", "Type": "Grid/Bulk Supply pt", "Class": "Transmission", "Number": "", "Status": "Existing", "Data Confidence": "Surveyed", "Operating Area": "", "Locality": "", "Extent": "4128.49 m²" }, "geometry": { "type": "Point", "coordinates": [ 257248.01, 897471.196 ] } },
{ "type": "Feature", "properties": { "Owner Type": "SSEN", "Owner Name": "SHET", "Type": "Primary", "Class": "Distribution", "Number": "", "Status": "Existing", "Data Confidence": "Surveyed", "Operating Area": "", "Locality": "", "Extent": "14083.98 m²" }, "geometry": { "type": "Point", "coordinates": [ 257083.756, 827716.832000000053085 ] } },
{ "type": "Feature", "properties": { "Owner Type": "SSEN", "Owner Name": "SHEPD", "Type": "Primary", "Class": "Distribution", "Number": "", "Status": "Existing", "Data Confidence": "Surveyed", "Operating Area": "", "Locality": "", "Extent": "128.89 m²" }, "geometry": { "type": "Point", "coordinates": [ 256931.365, 732664.444999999948777 ] } },
{ "type": "Feature", "properties": { "Owner Type": "SSEN", "Owner Name": "SHEPD", "Type": "Secondary (Pad Mounted)", "Class": "11kV/LV", "Number": "9201838", "Status": "Existing", "Data Confidence": "Surveyed", "Operating Area": "Highland District", "Locality": "ERROGIE", "Extent": "8.99 m²" }, "geometry": { "type": "Point", "coordinates": [ 256721.60999999998603, 822038.03000000002794 ] } },
{ "type": "Feature", "properties": { "Owner Type": "SSEN", "Owner Name": "SHEPD", "Type": "Primary", "Class": "33kV/11kV", "Number": "0761", "Status": "Existing", "Data Confidence": "Surveyed", "Operating Area": "Highland District", "Locality": "ERROGIE", "Extent": "56.46 m²" }, "geometry": { "type": "Point", "coordinates": [ 256677.027, 822865.555000000051223 ] } },
{ "type": "Feature", "properties": { "Owner Type": "SSEN", "Owner Name": "DOAN", "Type": "Primary", "Class": "Distribution", "Number": "UNKNOWN", "Status": "Existing", "Data Confidence": "Surveyed", "Operating Area": "", "Locality": "", "Extent": "293.96 m²" }, "geometry": { "type": "Point", "coordinates": [ 255762.335, 666341.125 ] } },
{ "type": "Feature", "properties": { "Owner Type": "SSEN", "Owner Name": "SHEPD", "Type": "Secondary (Pad Mounted)", "Class": "11kV/LV", "Number": "9201779", "Status": "Existing", "Data Confidence": "Surveyed", "Operating Area": "", "Locality": "", "Extent": "48 m²" }, "geometry": { "type": "Point", "coordinates": [ 255506.223, 952470.432000000029802 ] } },
{ "type": "Feature", "properties": { "Owner Type": "SSEN", "Owner Name": "DOAN", "Type": "Primary", "Class": "Distribution", "Number": "UNKNOWN", "Status": "Existing", "Data Confidence": "Surveyed", "Operating Area": "", "Locality": "", "Extent": "748.51 m²" }, "geometry": { "type": "Point", "coordinates": [ 255170.48499999998603, 666514.26 ] } },
{ "type": "Feature", "properties": { "Owner Type": "SSEN", "Owner Name": "SHEPD", "Type": "Primary", "Class": "Distribution", "Number": "", "Status": "Existing", "Data Confidence": "Surveyed", "Operating Area": "", "Locality": "", "Extent": "874.44 m²" }, "geometry": { "type": "Point", "coordinates": [ 254998.5, 855503.189000000013039 ] } },
{ "type": "Feature", "properties": { "Owner Type": "SSEN", "Owner Name": "SHET", "Type": "Primary", "Class": "Distribution", "Number": "", "Status": "Existing", "Data Confidence": "Surveyed", "Operating Area": "", "Locality": "", "Extent": "10390.39 m²" }, "geometry": { "type": "Point", "coordinates": [ 254996.74900000001071, 813790.51 ] } },
{ "type": "Feature", "properties": { "Owner Type": "SSEN", "Owner Name": "SHEPD", "Type": "Primary", "Class": "33kV", "Number": "9502896", "Status": "Existing", "Data Confidence": "Surveyed", "Operating Area": "Tayside and Central", "Locality": "KILLIN", "Extent": "287.19 m²" }, "geometry": { "type": "Point", "coordinates": [ 254519.057999999989988, 735019.191 ] } },
{ "type": "Feature", "properties": { "Owner Type": "SSEN", "Owner Name": "SHEPD", "Type": "Primary", "Class": "Distribution", "Number": "", "Status": "Existing", "Data Confidence": "Surveyed", "Operating Area": "", "Locality": "", "Extent": "221.31 m²" }, "geometry": { "type": "Point", "coordinates": [ 253963.068999999988591, 859693.849999999976717 ] } },
{ "type": "Feature", "properties": { "Owner Type": "SSEN", "Owner Name": "SHEPD", "Type": "Primary", "Class": "Distribution", "Number": "", "Status": "Existing", "Data Confidence": "Surveyed", "Operating Area": "", "Locality": "", "Extent": "1096.45 m²" }, "geometry": { "type": "Point", "coordinates": [ 253864.212, 691600.795999999972992 ] } },
{ "type": "Feature", "properties": { "Owner Type": "SSEN", "Owner Name": "SHEPD", "Type": "Primary", "Class": "33kV/11kV", "Number": "547", "Status": "Existing", "Data Confidence": "Surveyed", "Operating Area": "Highland District", "Locality": "MUIR OF ORD", "Extent": "633.3 m²" }, "geometry": { "type": "Point", "coordinates": [ 253420.986, 848537.047999999951571 ] } },
{ "type": "Feature", "properties": { "Owner Type": "SSEN", "Owner Name": "SHEPD", "Type": "Primary", "Class": "Distribution", "Number": "", "Status": "Existing", "Data Confidence": "Assumed", "Operating Area": "", "Locality": "", "Extent": "727.86 m²" }, "geometry": { "type": "Point", "coordinates": [ 253213.347, 699726.589000000036322 ] } },
{ "type": "Feature", "properties": { "Owner Type": "SSEN", "Owner Name": "SHEPD", "Type": "Primary", "Class": "Distribution", "Number": "", "Status": "Existing", "Data Confidence": "Assumed", "Operating Area": "", "Locality": "", "Extent": "6260.77 m²" }, "geometry": { "type": "Point", "coordinates": [ 253077.022, 758298.540999999968335 ] } },
{ "type": "Feature", "properties": { "Owner Type": "SSEN", "Owner Name": "SHEPD", "Type": "Primary", "Class": "Distribution", "Number": "", "Status": "Existing", "Data Confidence": "Surveyed", "Operating Area": "", "Locality": "", "Extent": "789.74 m²" }, "geometry": { "type": "Point", "coordinates": [ 251312.62, 686758.635 ] } },
{ "type": "Feature", "properties": { "Owner Type": "SSEN", "Owner Name": "SHEPD", "Type": "Primary", "Class": "Distribution", "Number": "", "Status": "Existing", "Data Confidence": "Surveyed", "Operating Area": "", "Locality": "", "Extent": "1516.25 m²" }, "geometry": { "type": "Point", "coordinates": [ 250711.794, 742138.461000000010245 ] } },
{ "type": "Feature", "properties": { "Owner Type": "SSEN", "Owner Name": "SHEPD", "Type": "Primary", "Class": "Distribution", "Number": "", "Status": "Existing", "Data Confidence": "Surveyed", "Operating Area": "", "Locality": "", "Extent": "106841.66 m²" }, "geometry": { "type": "Point", "coordinates": [ 250685.237, 844826.334000000031665 ] } },
{ "type": "Feature", "properties": { "Owner Type": "SSEN", "Owner Name": "SHEPD", "Type": "Primary", "Class": "Distribution", "Number": "", "Status": "Existing", "Data Confidence": "Assumed", "Operating Area": "", "Locality": "", "Extent": "112.69 m²" }, "geometry": { "type": "Point", "coordinates": [ 250673.541999999986729, 757764.214999999967404 ] } },
{ "type": "Feature", "properties": { "Owner Type": "SSEN", "Owner Name": "SHEPD", "Type": "Primary", "Class": "Distribution", "Number": "", "Status": "Existing", "Data Confidence": "Surveyed", "Operating Area": "", "Locality": "", "Extent": "365.21 m²" }, "geometry": { "type": "Point", "coordinates": [ 250303.946999999985565, 829829.908999999985099 ] } },
{ "type": "Feature", "properties": { "Owner Type": "SSEN", "Owner Name": "SHEPD", "Type": "Primary", "Class": "Distribution", "Number": "", "Status": "Existing", "Data Confidence": "Surveyed", "Operating Area": "", "Locality": "", "Extent": "133.03 m²" }, "geometry": { "type": "Point", "coordinates": [ 250273.261, 841267.160999999963678 ] } },
{ "type": "Feature", "properties": { "Owner Type": "SSEN", "Owner Name": "SHEPD", "Type": "Primary", "Class": "Distribution", "Number": "", "Status": "Existing", "Data Confidence": "Surveyed", "Operating Area": "", "Locality": "", "Extent": "26.4 m²" }, "geometry": { "type": "Point", "coordinates": [ 249738.336000000010245, 821047.949000000022352 ] } },
{ "type": "Feature", "properties": { "Owner Type": "SSEN", "Owner Name": "SHEPD", "Type": "Primary", "Class": "Distribution", "Number": "", "Status": "Existing", "Data Confidence": "Surveyed", "Operating Area": "", "Locality": "", "Extent": "690.65 m²" }, "geometry": { "type": "Point", "coordinates": [ 248496.589, 688026.893999999971129 ] } },
{ "type": "Feature", "properties": { "Owner Type": "SSEN", "Owner Name": "SHEPD", "Type": "Primary", "Class": "33kV/11kV", "Number": "P1", "Status": "Existing", "Data Confidence": "Surveyed", "Operating Area": "Highland District", "Locality": "WHITEBRIDGE", "Extent": "" }, "geometry": { "type": "Point", "coordinates": [ 247728.266, 812590.49 ] } },
{ "type": "Feature", "properties": { "Owner Type": "SSEN", "Owner Name": "SHEPD", "Type": "Primary", "Class": "Distribution", "Number": "", "Status": "Existing", "Data Confidence": "Surveyed", "Operating Area": "", "Locality": "", "Extent": "90.84 m²" }, "geometry": { "type": "Point", "coordinates": [ 246750.283, 853952.385 ] } },
{ "type": "Feature", "properties": { "Owner Type": "SSEN", "Owner Name": "SHEPD", "Type": "Primary", "Class": "Distribution", "Number": "", "Status": "Existing", "Data Confidence": "Surveyed", "Operating Area": "Tayside and Central", "Locality": "BRIDGE OF GAUR", "Extent": "321.76 m²" }, "geometry": { "type": "Point", "coordinates": [ 246412.003, 756863.174 ] } },
{ "type": "Feature", "properties": { "Owner Type": "SSEN", "Owner Name": "SHEPD", "Type": "Primary", "Class": "Distribution", "Number": "", "Status": "Existing", "Data Confidence": "Assumed", "Operating Area": "", "Locality": "", "Extent": "146.44 m²" }, "geometry": { "type": "Point", "coordinates": [ 245409.63, 727554.378999999957159 ] } },
{ "type": "Feature", "properties": { "Owner Type": "SSEN", "Owner Name": "SHEPD", "Type": "Primary", "Class": "Distribution", "Number": "", "Status": "Existing", "Data Confidence": "Surveyed", "Operating Area": "", "Locality": "", "Extent": "71.69 m²" }, "geometry": { "type": "Point", "coordinates": [ 245362.276000000012573, 840532.567000000039116 ] } },
{ "type": "Feature", "properties": { "Owner Type": "SSEN", "Owner Name": "SHEPD", "Type": "Secondary (Pad Mounted)", "Class": "11kV/LV", "Number": "9201836", "Status": "Existing", "Data Confidence": "Surveyed", "Operating Area": "Highland District", "Locality": "RHICONICH", "Extent": "9 m²" }, "geometry": { "type": "Point", "coordinates": [ 243844.122, 957356.0 ] } },
{ "type": "Feature", "properties": { "Owner Type": "SSEN", "Owner Name": "SHEPD", "Type": "Secondary (Pad Mounted)", "Class": "33kV/LV", "Number": "9001065", "Status": "Existing", "Data Confidence": "Surveyed", "Operating Area": "Argyll & West Highl.", "Locality": "GLENMORISTON", "Extent": "8.9 m²" }, "geometry": { "type": "Point", "coordinates": [ 242371.700000000011642, 815103.175000000046566 ] } },
{ "type": "Feature", "properties": { "Owner Type": "SSEN", "Owner Name": "SHEPD", "Type": "Secondary", "Class": "Distribution", "Number": "", "Status": "Existing", "Data Confidence": "Surveyed", "Operating Area": "Tayside and Central", "Locality": "Tayside and Central District", "Extent": "9.9 m²" }, "geometry": { "type": "Point", "coordinates": [ 241967.631, 726218.814999999944121 ] } },
{ "type": "Feature", "properties": { "Owner Type": "SSEN", "Owner Name": "SHEPD", "Type": "Primary", "Class": "Distribution", "Number": "", "Status": "Existing", "Data Confidence": "Assumed", "Operating Area": "", "Locality": "", "Extent": "86.42 m²" }, "geometry": { "type": "Point", "coordinates": [ 241891.443999999988591, 681264.104000000050291 ] } },
{ "type": "Feature", "properties": { "Owner Type": "SSEN", "Owner Name": "SHEPD", "Type": "Primary", "Class": "33kV/11kV", "Number": "P11", "Status": "Existing", "Data Confidence": "Surveyed", "Operating Area": "Highland District", "Locality": "Highland District", "Extent": "" }, "geometry": { "type": "Point", "coordinates": [ 241207.875, 856015.084000000031665 ] } },
{ "type": "Feature", "properties": { "Owner Type": "SSEN", "Owner Name": "SHEPD", "Type": "Primary", "Class": "Distribution", "Number": "", "Status": "Existing", "Data Confidence": "Surveyed", "Operating Area": "", "Locality": "", "Extent": "682.92 m²" }, "geometry": { "type": "Point", "coordinates": [ 240765.803000000014435, 687297.047999999951571 ] } },
{ "type": "Feature", "properties": { "Owner Type": "SSEN", "Owner Name": "SHEPD", "Type": "Primary", "Class": "Distribution", "Number": "", "Status": "Existing", "Data Confidence": "Surveyed", "Operating Area": "", "Locality": "", "Extent": "450.43 m²" }, "geometry": { "type": "Point", "coordinates": [ 240710.685999999986961, 685121.344000000040978 ] } },
{ "type": "Feature", "properties": { "Owner Type": "SSEN", "Owner Name": "SHEPD", "Type": "Secondary (Pad Mounted)", "Class": "11kV/LV", "Number": "9502933", "Status": "Existing", "Data Confidence": "Surveyed", "Operating Area": "Tayside and Central", "Locality": "INVERSNAID", "Extent": "16 m²" }, "geometry": { "type": "Point", "coordinates": [ 240418.587, 709809.87300000002142 ] } },
{ "type": "Feature", "properties": { "Owner Type": "SSEN", "Owner Name": "SHEPD", "Type": "Primary", "Class": "Distribution", "Number": "", "Status": "Existing", "Data Confidence": "Surveyed", "Operating Area": "", "Locality": "", "Extent": "4051.97 m²" }, "geometry": { "type": "Point", "coordinates": [ 240180.424, 677176.270999999949709 ] } },
{ "type": "Feature", "properties": { "Owner Type": "SSEN", "Owner Name": "SHEPD", "Type": "Primary", "Class": "Distribution", "Number": "9000826", "Status": "Existing", "Data Confidence": "Surveyed", "Operating Area": "", "Locality": "", "Extent": "122.38 m²" }, "geometry": { "type": "Point", "coordinates": [ 240058.378999999986263, 808896.136000000056811 ] } },
{ "type": "Feature", "properties": { "Owner Type": "SSEN", "Owner Name": "SHEPD", "Type": "Primary", "Class": "Distribution", "Number": "", "Status": "Existing", "Data Confidence": "Surveyed", "Operating Area": "", "Locality": "", "Extent": "1012.09 m²" }, "geometry": { "type": "Point", "coordinates": [ 239644.450000000011642, 925337.843 ] } },
{ "type": "Feature", "properties": { "Owner Type": "SSEN", "Owner Name": "SHEPD", "Type": "Primary", "Class": "Distribution", "Number": "", "Status": "Existing", "Data Confidence": "Surveyed", "Operating Area": "", "Locality": "", "Extent": "174.13 m²" }, "geometry": { "type": "Point", "coordinates": [ 238728.815, 857603.941 ] } },
{ "type": "Feature", "properties": { "Owner Type": "SSEN", "Owner Name": "SHEPD", "Type": "Primary", "Class": "Distribution", "Number": "", "Status": "Existing", "Data Confidence": "Surveyed", "Operating Area": "", "Locality": "", "Extent": "57.75 m²" }, "geometry": { "type": "Point", "coordinates": [ 237662.033, 809674.729999999981374 ] } },
{ "type": "Feature", "properties": { "Owner Type": "SSEN", "Owner Name": "SHET", "Type": "Grid/Bulk Supply pt", "Class": "33kV", "Number": "9000883", "Status": "Existing", "Data Confidence": "Surveyed", "Operating Area": "", "Locality": "", "Extent": "9285.87 m²" }, "geometry": { "type": "Point", "coordinates": [ 235742.144999999989523, 815618.675000000046566 ] } },
{ "type": "Feature", "properties": { "Owner Type": "SSEN", "Owner Name": "SHEPD", "Type": "Primary", "Class": "33kV/11kV", "Number": "", "Status": "Existing", "Data Confidence": "Surveyed", "Operating Area": "Argyll & West Highl.", "Locality": "FORT AUGUSTUS", "Extent": "91421.95 m²" }, "geometry": { "type": "Point", "coordinates": [ 235581.84, 808429.577000000048429 ] } },
{ "type": "Feature", "properties": { "Owner Type": "SSEN", "Owner Name": "SHEPD", "Type": "Primary", "Class": "11kV", "Number": "p ss", "Status": "Existing", "Data Confidence": "Surveyed", "Operating Area": "Argyll & West Highl.", "Locality": "LUSS", "Extent": "11.99 m²" }, "geometry": { "type": "Point", "coordinates": [ 233583.321, 684481.851000000024214 ] } },
{ "type": "Feature", "properties": { "Owner Type": "SSEN", "Owner Name": "SHEPD", "Type": "Primary", "Class": "Distribution", "Number": "", "Status": "Existing", "Data Confidence": "Surveyed", "Operating Area": "", "Locality": "", "Extent": "219.43 m²" }, "geometry": { "type": "Point", "coordinates": [ 232895.01500000001397, 730862.341000000014901 ] } },
{ "type": "Feature", "properties": { "Owner Type": "SSEN", "Owner Name": "SHEPD", "Type": "Primary", "Class": "Distribution", "Number": "SLOY", "Status": "Existing", "Data Confidence": "Surveyed", "Operating Area": "Argyll & West Highl.", "Locality": "SLOY", "Extent": "2204.15 m²" }, "geometry": { "type": "Point", "coordinates": [ 232077.214, 709804.890999999945052 ] } },
{ "type": "Feature", "properties": { "Owner Type": "SSEN", "Owner Name": "SHEPD", "Type": "Primary", "Class": "Distribution", "Number": "", "Status": "Existing", "Data Confidence": "Surveyed", "Operating Area": "", "Locality": "", "Extent": "7345.88 m²" }, "geometry": { "type": "Point", "coordinates": [ 231961.984, 829993.645000000018626 ] } },
{ "type": "Feature", "properties": { "Owner Type": "SSEN", "Owner Name": "SHET", "Type": "Grid/Bulk Supply pt", "Class": "11kV/LV", "Number": "", "Status": "Existing", "Data Confidence": "Surveyed", "Operating Area": "", "Locality": "", "Extent": "12763.3 m²" }, "geometry": { "type": "Point", "coordinates": [ 231629.699, 718106.050999999977648 ] } },
{ "type": "Feature", "properties": { "Owner Type": "SSEN", "Owner Name": "SHEPD", "Type": "Primary", "Class": "Distribution", "Number": "", "Status": "Existing", "Data Confidence": "Surveyed", "Operating Area": "", "Locality": "", "Extent": "299.98 m²" }, "geometry": { "type": "Point", "coordinates": [ 231620.628999999986263, 871999.532 ] } },
{ "type": "Feature", "properties": { "Owner Type": "SSEN", "Owner Name": "SHEPD", "Type": "Primary", "Class": "33kV/11kV", "Number": "0526", "Status": "Existing", "Data Confidence": "Surveyed", "Operating Area": "Highland District", "Locality": "GRUDIE BRIDGE", "Extent": "6581.78 m²" }, "geometry": { "type": "Point", "coordinates": [ 230998.449, 862367.61199999996461 ] } },
{ "type": "Feature", "properties": { "Owner Type": "SSEN", "Owner Name": "SHEPD", "Type": "Primary", "Class": "Distribution", "Number": "", "Status": "Existing", "Data Confidence": "Surveyed", "Operating Area": "", "Locality": "", "Extent": "46.76 m²" }, "geometry": { "type": "Point", "coordinates": [ 229945.055, 703898.927999999956228 ] } },
{ "type": "Feature", "properties": { "Owner Type": "SSEN", "Owner Name": "ETRAN", "Type": "Grid/Bulk Supply pt", "Class": "Transmission", "Number": "", "Status": "Existing", "Data Confidence": "Surveyed", "Operating Area": "", "Locality": "", "Extent": "900.98 m²" }, "geometry": { "type": "Point", "coordinates": [ 229882.038999999989755, 608614.841000000014901 ] } },
{ "type": "Feature", "properties": { "Owner Type": "SSEN", "Owner Name": "SHEPD", "Type": "Primary", "Class": "Distribution", "Number": "", "Status": "Existing", "Data Confidence": "Surveyed", "Operating Area": "", "Locality": "", "Extent": "168.23 m²" }, "geometry": { "type": "Point", "coordinates": [ 229862.005, 801004.51 ] } },
{ "type": "Feature", "properties": { "Owner Type": "SSEN", "Owner Name": "SHEPD", "Type": "Secondary (Pad Mounted)", "Class": "Distribution", "Number": "9001043", "Status": "Existing", "Data Confidence": "Surveyed", "Operating Area": "Argyll & West Highl.", "Locality": "Argyll and West Highlands District", "Extent": "2.04 m²" }, "geometry": { "type": "Point", "coordinates": [ 229682.206, 705391.189999999944121 ] } },
{ "type": "Feature", "properties": { "Owner Type": "SSEN", "Owner Name": "ETRAN", "Type": "Grid/Bulk Supply pt", "Class": "Transmission", "Number": "", "Status": "Existing", "Data Confidence": "Surveyed", "Operating Area": "", "Locality": "", "Extent": "2855.39 m²" }, "geometry": { "type": "Point", "coordinates": [ 228032.902, 598458.62300000002142 ] } },
{ "type": "Feature", "properties": { "Owner Type": "SSEN", "Owner Name": "SHEPD", "Type": "Secondary", "Class": "Distribution", "Number": "", "Status": "Existing", "Data Confidence": "Surveyed", "Operating Area": "Argyll & West Highl.", "Locality": "INVERGARRY", "Extent": "41.17 m²" }, "geometry": { "type": "Point", "coordinates": [ 227819.188, 802116.39000000001397 ] } },
{ "type": "Feature", "properties": { "Owner Type": "SSEN", "Owner Name": "SHEPD", "Type": "Primary", "Class": "Distribution", "Number": "", "Status": "Existing", "Data Confidence": "Surveyed", "Operating Area": "", "Locality": "", "Extent": "724.62 m²" }, "geometry": { "type": "Point", "coordinates": [ 225554.627, 952921.40500000002794 ] } },
{ "type": "Feature", "properties": { "Owner Type": "SSEN", "Owner Name": "DOAN", "Type": "Primary", "Class": "Distribution", "Number": "", "Status": "Existing", "Data Confidence": "Surveyed", "Operating Area": "", "Locality": "", "Extent": "75.84 m²" }, "geometry": { "type": "Point", "coordinates": [ 223601.437, 565971.261000000056811 ] } },
{ "type": "Feature", "properties": { "Owner Type": "SSEN", "Owner Name": "SHEPD", "Type": "Primary", "Class": "Distribution", "Number": "", "Status": "Existing", "Data Confidence": "Surveyed", "Operating Area": "", "Locality": "", "Extent": "533.36 m²" }, "geometry": { "type": "Point", "coordinates": [ 222443.832, 810851.209000000031665 ] } },
{ "type": "Feature", "properties": { "Owner Type": "SSEN", "Owner Name": "SHEPD", "Type": "Secondary", "Class": "Distribution", "Number": "", "Status": "Existing", "Data Confidence": "Surveyed", "Operating Area": "", "Locality": "", "Extent": "119.09 m²" }, "geometry": { "type": "Point", "coordinates": [ 222330.896, 830982.103 ] } },
{ "type": "Feature", "properties": { "Owner Type": "SSEN", "Owner Name": "SHEPD", "Type": "Primary", "Class": "Distribution", "Number": "", "Status": "Existing", "Data Confidence": "Surveyed", "Operating Area": "", "Locality": "", "Extent": "2460.43 m²" }, "geometry": { "type": "Point", "coordinates": [ 220155.707, 701860.71999999997206 ] } },
{ "type": "Feature", "properties": { "Owner Type": "SSEN", "Owner Name": "SHEPD", "Type": "Primary", "Class": "Distribution", "Number": "", "Status": "Existing", "Data Confidence": "Surveyed", "Operating Area": "", "Locality": "", "Extent": "1816.25 m²" }, "geometry": { "type": "Point", "coordinates": [ 219396.467, 699619.376000000047497 ] } },
{ "type": "Feature", "properties": { "Owner Type": "SSEN", "Owner Name": "SHEPD", "Type": "Primary", "Class": "Distribution", "Number": "", "Status": "Existing", "Data Confidence": "Surveyed", "Operating Area": "", "Locality": "", "Extent": "632.53 m²" }, "geometry": { "type": "Point", "coordinates": [ 219285.516, 762003.810999999986961 ] } },
{ "type": "Feature", "properties": { "Owner Type": "SSEN", "Owner Name": "SHEPD", "Type": "Primary", "Class": "Distribution", "Number": "CLAC", "Status": "Existing", "Data Confidence": "Surveyed", "Operating Area": "Argyll & West Highl.", "Locality": "CAIRNDOW", "Extent": "1573.27 m²" }, "geometry": { "type": "Point", "coordinates": [ 219222.589, 713290.82999999995809 ] } },
{ "type": "Feature", "properties": { "Owner Type": "SSEN", "Owner Name": "SHET", "Type": "Grid/Bulk Supply pt", "Class": "Transmission", "Number": "", "Status": "Existing", "Data Confidence": "Surveyed", "Operating Area": "", "Locality": "", "Extent": "1573.27 m²" }, "geometry": { "type": "Point", "coordinates": [ 219218.452, 713286.736000000033528 ] } },
{ "type": "Feature", "properties": { "Owner Type": "SSEN", "Owner Name": "SHEPD", "Type": "Secondary", "Class": "Distribution", "Number": "9001047", "Status": "Existing", "Data Confidence": "Surveyed", "Operating Area": "Argyll & West Highl.", "Locality": "Argyll and West Highlands District", "Extent": "80 m²" }, "geometry": { "type": "Point", "coordinates": [ 219215.113000000012107, 773965.831 ] } },
{ "type": "Feature", "properties": { "Owner Type": "SSEN", "Owner Name": "SHEPD", "Type": "Secondary", "Class": "Distribution", "Number": "0724020012", "Status": "Existing", "Data Confidence": "Surveyed", "Operating Area": "Argyll & West Highl.", "Locality": "Argyll and West Highlands District", "Extent": "25.01 m²" }, "geometry": { "type": "Point", "coordinates": [ 218878.503, 775495.265999999945052 ] } },
{ "type": "Feature", "properties": { "Owner Type": "SSEN", "Owner Name": "SHEPD", "Type": "Primary", "Class": "33kV", "Number": "9201839", "Status": "Existing", "Data Confidence": "Surveyed", "Operating Area": "Highland District", "Locality": "BRAEMORE", "Extent": "16.01 m²" }, "geometry": { "type": "Point", "coordinates": [ 217830.862, 876762.26300000003539 ] } },
{ "type": "Feature", "properties": { "Owner Type": "SSEN", "Owner Name": "SHEPD", "Type": "Secondary", "Class": "Distribution", "Number": "9201748", "Status": "Existing", "Data Confidence": "Surveyed", "Operating Area": "Highland District", "Locality": "INVERNESS", "Extent": "7.11 m²" }, "geometry": { "type": "Point", "coordinates": [ 217207.423, 858889.631000000052154 ] } },
{ "type": "Feature", "properties": { "Owner Type": "SSEN", "Owner Name": "SHET", "Type": "Primary", "Class": "Distribution", "Number": "", "Status": "Existing", "Data Confidence": "Assumed", "Operating Area": "", "Locality": "", "Extent": "100.42 m²" }, "geometry": { "type": "Point", "coordinates": [ 217149.911, 714447.75 ] } },
{ "type": "Feature", "properties": { "Owner Type": "SSEN", "Owner Name": "SHEPD", "Type": "Primary", "Class": "Distribution", "Number": "", "Status": "Existing", "Data Confidence": "Surveyed", "Operating Area": "", "Locality": "", "Extent": "316.65 m²" }, "geometry": { "type": "Point", "coordinates": [ 217134.848, 677528.24800000002142 ] } },
{ "type": "Feature", "properties": { "Owner Type": "SSEN", "Owner Name": "SHEPD", "Type": "Primary", "Class": "Distribution", "Number": "", "Status": "Existing", "Data Confidence": "Surveyed", "Operating Area": "", "Locality": "", "Extent": "3767.74 m²" }, "geometry": { "type": "Point", "coordinates": [ 216154.299999999988358, 679779.300000000046566 ] } },
{ "type": "Feature", "properties": { "Owner Type": "SSEN", "Owner Name": "SHEPD", "Type": "Primary", "Class": "Distribution", "Number": "", "Status": "Existing", "Data Confidence": "Surveyed", "Operating Area": "", "Locality": "", "Extent": "242.19 m²" }, "geometry": { "type": "Point", "coordinates": [ 216124.068999999988591, 720096.106000000028871 ] } },
{ "type": "Feature", "properties": { "Owner Type": "SSEN", "Owner Name": "SHEPD", "Type": "Primary", "Class": "Distribution", "Number": "", "Status": "Existing", "Data Confidence": "Surveyed", "Operating Area": "", "Locality": "", "Extent": "3909.93 m²" }, "geometry": { "type": "Point", "coordinates": [ 215791.635, 858607.788999999989755 ] } },
{ "type": "Feature", "properties": { "Owner Type": "SSEN", "Owner Name": "SHEPD", "Type": "Primary", "Class": "Distribution", "Number": "", "Status": "Existing", "Data Confidence": "Surveyed", "Operating Area": "", "Locality": "", "Extent": "681.21 m²" }, "geometry": { "type": "Point", "coordinates": [ 215274.753999999986263, 681390.167999999946915 ] } },
{ "type": "Feature", "properties": { "Owner Type": "SSEN", "Owner Name": "SHEPD", "Type": "Primary", "Class": "Distribution", "Number": "379", "Status": "Existing", "Data Confidence": "Surveyed", "Operating Area": "Argyll & West Highl.", "Locality": "INNELLAN", "Extent": "650.41 m²" }, "geometry": { "type": "Point", "coordinates": [ 215129.528, 670875.897 ] } },
{ "type": "Feature", "properties": { "Owner Type": "SSEN", "Owner Name": "SHEPD", "Type": "Primary", "Class": "Distribution", "Number": "", "Status": "Existing", "Data Confidence": "Surveyed", "Operating Area": "", "Locality": "", "Extent": "683.61 m²" }, "geometry": { "type": "Point", "coordinates": [ 213015.532, 894590.400999999954365 ] } },
{ "type": "Feature", "properties": { "Owner Type": "SSEN", "Owner Name": "SHEPD", "Type": "Secondary", "Class": "Distribution", "Number": "9200312", "Status": "Existing", "Data Confidence": "Surveyed", "Operating Area": "Highland District", "Locality": "Highland District", "Extent": "25 m²" }, "geometry": { "type": "Point", "coordinates": [ 212920.894999999989523, 894722.067000000039116 ] } },
{ "type": "Feature", "properties": { "Owner Type": "SSEN", "Owner Name": "SHEPD", "Type": "Primary", "Class": "Distribution", "Number": "", "Status": "Existing", "Data Confidence": "Surveyed", "Operating Area": "", "Locality": "", "Extent": "5343.06 m²" }, "geometry": { "type": "Point", "coordinates": [ 212232.378999999986263, 774163.87699999997858 ] } },
{ "type": "Feature", "properties": { "Owner Type": "SSEN", "Owner Name": "SHEPD", "Type": "Primary", "Class": "33kV/11kV", "Number": "", "Status": "Existing", "Data Confidence": "Surveyed", "Operating Area": "", "Locality": "", "Extent": "752.37 m²" }, "geometry": { "type": "Point", "coordinates": [ 211654.489, 774986.412999999942258 ] } },
{ "type": "Feature", "properties": { "Owner Type": "SSEN", "Owner Name": "SHEPD", "Type": "Primary", "Class": "Distribution", "Number": "365", "Status": "Existing", "Data Confidence": "Surveyed", "Operating Area": "Argyll & West Highl.", "Locality": "OBAN", "Extent": "607.43 m²" }, "geometry": { "type": "Point", "coordinates": [ 211351.441, 657191.554 ] } },
{ "type": "Feature", "properties": { "Owner Type": "SSEN", "Owner Name": "SHEPD", "Type": "Secondary (Pad Mounted)", "Class": "Distribution", "Number": "9000078", "Status": "Existing", "Data Confidence": "Surveyed", "Operating Area": "", "Locality": "", "Extent": "7.19 m²" }, "geometry": { "type": "Point", "coordinates": [ 210776.843, 659468.736000000033528 ] } },
{ "type": "Feature", "properties": { "Owner Type": "SSEN", "Owner Name": "SHEPD", "Type": "Primary", "Class": "Distribution", "Number": "", "Status": "Existing", "Data Confidence": "Surveyed", "Operating Area": "Argyll & West Highl.", "Locality": "QUOICH", "Extent": "1271.6 m²" }, "geometry": { "type": "Point", "coordinates": [ 210706.644, 801179.091999999945983 ] } },
{ "type": "Feature", "properties": { "Owner Type": "SSEN", "Owner Name": "SHEPD", "Type": "Primary", "Class": "Distribution", "Number": "", "Status": "Existing", "Data Confidence": "Surveyed", "Operating Area": "", "Locality": "", "Extent": "283.36 m²" }, "geometry": { "type": "Point", "coordinates": [ 210659.041999999986729, 758800.564999999944121 ] } },
{ "type": "Feature", "properties": { "Owner Type": "SSEN", "Owner Name": "SHEPD", "Type": "Primary", "Class": "Distribution", "Number": "734", "Status": "Existing", "Data Confidence": "Surveyed", "Operating Area": "Argyll & West Highl.", "Locality": "FORT WILLIAM", "Extent": "1300.41 m²" }, "geometry": { "type": "Point", "coordinates": [ 210498.459, 773562.025000000023283 ] } },
{ "type": "Feature", "properties": { "Owner Type": "SSEN", "Owner Name": "SHEPD", "Type": "Primary", "Class": "Distribution", "Number": "", "Status": "Existing", "Data Confidence": "Assumed", "Operating Area": "", "Locality": "", "Extent": "66.15 m²" }, "geometry": { "type": "Point", "coordinates": [ 209523.5, 922243.800000000046566 ] } },
{ "type": "Feature", "properties": { "Owner Type": "SSEN", "Owner Name": "SHEPD", "Type": "Primary", "Class": "Distribution", "Number": "", "Status": "Existing", "Data Confidence": "Surveyed", "Operating Area": "", "Locality": "", "Extent": "340.74 m²" }, "geometry": { "type": "Point", "coordinates": [ 209172.32, 709745.898000000044703 ] } },
{ "type": "Feature", "properties": { "Owner Type": "SSEN", "Owner Name": "SHEPD", "Type": "Primary", "Class": "Distribution", "Number": "", "Status": "Existing", "Data Confidence": "Surveyed", "Operating Area": "", "Locality": "", "Extent": "1283.16 m²" }, "geometry": { "type": "Point", "coordinates": [ 208672.663999999989755, 701180.361000000033528 ] } },
{ "type": "Feature", "properties": { "Owner Type": "SSEN", "Owner Name": "SHEPD", "Type": "Primary", "Class": "Distribution", "Number": "362", "Status": "Existing", "Data Confidence": "Surveyed", "Operating Area": "Argyll & West Highl.", "Locality": "ROTHESAY", "Extent": "270.95 m²" }, "geometry": { "type": "Point", "coordinates": [ 208637.89000000001397, 664646.177999999956228 ] } },
{ "type": "Feature", "properties": { "Owner Type": "SSEN", "Owner Name": "SHEPD", "Type": "Primary", "Class": "Distribution", "Number": "", "Status": "Existing", "Data Confidence": "Surveyed", "Operating Area": "", "Locality": "", "Extent": "787.8 m²" }, "geometry": { "type": "Point", "coordinates": [ 208455.506, 776753.439000000013039 ] } },
{ "type": "Feature", "properties": { "Owner Type": "SSEN", "Owner Name": "SHEPD", "Type": "Primary", "Class": "Distribution", "Number": "", "Status": "Existing", "Data Confidence": "Surveyed", "Operating Area": "", "Locality": "", "Extent": "506.61 m²" }, "geometry": { "type": "Point", "coordinates": [ 208383.011, 707749.128999999957159 ] } },
{ "type": "Feature", "properties": { "Owner Type": "SSEN", "Owner Name": "SHEPD", "Type": "Primary", "Class": "33kV/11kV", "Number": "P1", "Status": "Existing", "Data Confidence": "Surveyed", "Operating Area": "Argyll & West Highl.", "Locality": "OBAN", "Extent": "" }, "geometry": { "type": "Point", "coordinates": [ 207932.0, 737310.0 ] } },
{ "type": "Feature", "properties": { "Owner Type": "SSEN", "Owner Name": "SHEPD", "Type": "Primary", "Class": "Distribution", "Number": "", "Status": "Existing", "Data Confidence": "Surveyed", "Operating Area": "", "Locality": "", "Extent": "1426.87 m²" }, "geometry": { "type": "Point", "coordinates": [ 207589.458000000013271, 665319.714999999967404 ] } },
{ "type": "Feature", "properties": { "Owner Type": "SSEN", "Owner Name": "SHEPD", "Type": "Secondary (Pad Mounted)", "Class": "Distribution", "Number": "9000395", "Status": "Existing", "Data Confidence": "Surveyed", "Operating Area": "Argyll & West Highl.", "Locality": "INVERARAY", "Extent": "2.13 m²" }, "geometry": { "type": "Point", "coordinates": [ 207318.295000000012806, 705443.028999999980442 ] } },
{ "type": "Feature", "properties": { "Owner Type": "SSEN", "Owner Name": "SHEPD", "Type": "Secondary (Pad Mounted)", "Class": "Distribution", "Number": "9000066", "Status": "Existing", "Data Confidence": "Surveyed", "Operating Area": "Argyll & West Highl.", "Locality": "CORPATCH FTW", "Extent": "539.42 m²" }, "geometry": { "type": "Point", "coordinates": [ 207235.698, 777172.442999999970198 ] } },
{ "type": "Feature", "properties": { "Owner Type": "SSEN", "Owner Name": "SHEPD", "Type": "Primary", "Class": "33kV", "Number": "380A", "Status": "Existing", "Data Confidence": "Surveyed", "Operating Area": "Argyll & West Highl.", "Locality": "100001824", "Extent": "1096.82 m²" }, "geometry": { "type": "Point", "coordinates": [ 205610.465, 684067.834999999962747 ] } },
{ "type": "Feature", "properties": { "Owner Type": "SSEN", "Owner Name": "SHEPD", "Type": "Primary", "Class": "Distribution", "Number": "", "Status": "Existing", "Data Confidence": "Surveyed", "Operating Area": "", "Locality": "", "Extent": "390.02 m²" }, "geometry": { "type": "Point", "coordinates": [ 205355.825000000011642, 704879.723 ] } },
{ "type": "Feature", "properties": { "Owner Type": "SSEN", "Owner Name": "SHEPD", "Type": "Primary", "Class": "33kV", "Number": "9001078", "Status": "Existing", "Data Confidence": "Surveyed", "Operating Area": "Argyll & West Highl.", "Locality": "OBAN", "Extent": "12 m²" }, "geometry": { "type": "Point", "coordinates": [ 205010.316, 734155.341999999945983 ] } },
{ "type": "Feature", "properties": { "Owner Type": "SSEN", "Owner Name": "SHET", "Type": "Primary", "Class": "Distribution", "Number": "", "Status": "Existing", "Data Confidence": "Surveyed", "Operating Area": "", "Locality": "", "Extent": "2575.65 m²" }, "geometry": { "type": "Point", "coordinates": [ 204980.98499999998603, 705038.726000000024214 ] } },
{ "type": "Feature", "properties": { "Owner Type": "SSEN", "Owner Name": "SHEPD", "Type": "Primary", "Class": "33kV/11kV", "Number": "0384", "Status": "Existing", "Data Confidence": "Surveyed", "Operating Area": "Argyll & West Highl.", "Locality": "DUNOON", "Extent": "97.63 m²" }, "geometry": { "type": "Point", "coordinates": [ 204937.687, 698629.947000000043772 ] } },
{ "type": "Feature", "properties": { "Owner Type": "SSEN", "Owner Name": "SHEPD", "Type": "Primary", "Class": "33kV/11kV", "Number": "P2", "Status": "Existing", "Data Confidence": "Surveyed", "Operating Area": "Argyll & West Highl.", "Locality": "GLENDARUEL", "Extent": "" }, "geometry": { "type": "Point", "coordinates": [ 204281.057, 690471.598 ] } },
{ "type": "Feature", "properties": { "Owner Type": "SSEN", "Owner Name": "SHEPD", "Type": "Primary", "Class": "Distribution", "Number": "", "Status": "Existing", "Data Confidence": "Surveyed", "Operating Area": "", "Locality": "", "Extent": "118.57 m²" }, "geometry": { "type": "Point", "coordinates": [ 204171.68, 626278.912000000011176 ] } },
{ "type": "Feature", "properties": { "Owner Type": "SSEN", "Owner Name": "SHEPD", "Type": "Primary", "Class": "Distribution", "Number": "", "Status": "Existing", "Data Confidence": "Surveyed", "Operating Area": "", "Locality": "", "Extent": "34 m²" }, "geometry": { "type": "Point", "coordinates": [ 203723.953, 862324.145999999949709 ] } },
{ "type": "Feature", "properties": { "Owner Type": "SSEN", "Owner Name": "SHEPD", "Type": "Primary", "Class": "Distribution", "Number": "", "Status": "Existing", "Data Confidence": "Surveyed", "Operating Area": "Argyll & West Highl.", "Locality": "KILCHRENAN", "Extent": "391.15 m²" }, "geometry": { "type": "Point", "coordinates": [ 203489.23499999998603, 723841.415000000037253 ] } },
{ "type": "Feature", "properties": { "Owner Type": "SSEN", "Owner Name": "SHEPD", "Type": "Primary", "Class": "Distribution", "Number": "", "Status": "Existing", "Data Confidence": "Surveyed", "Operating Area": "", "Locality": "", "Extent": "85.97 m²" }, "geometry": { "type": "Point", "coordinates": [ 202782.812, 700000.304 ] } },
{ "type": "Feature", "properties": { "Owner Type": "SSEN", "Owner Name": "SHEPD", "Type": "Primary", "Class": "Distribution", "Number": "", "Status": "Existing", "Data Confidence": "Surveyed", "Operating Area": "", "Locality": "", "Extent": "843.95 m²" }, "geometry": { "type": "Point", "coordinates": [ 202548.604, 763132.177999999956228 ] } },
{ "type": "Feature", "properties": { "Owner Type": "SSEN", "Owner Name": "SHEPD", "Type": "Primary", "Class": "Distribution", "Number": "9201765", "Status": "Existing", "Data Confidence": "Surveyed", "Operating Area": "Highland District", "Locality": "INVERNESS", "Extent": "14.54 m²" }, "geometry": { "type": "Point", "coordinates": [ 202428.282, 853170.211000000010245 ] } },
{ "type": "Feature", "properties": { "Owner Type": "SSEN", "Owner Name": "SHEPD", "Type": "Primary", "Class": "Distribution", "Number": "", "Status": "Existing", "Data Confidence": "Surveyed", "Operating Area": "", "Locality": "", "Extent": "175.9 m²" }, "geometry": { "type": "Point", "coordinates": [ 201974.237, 635456.82999999995809 ] } },
{ "type": "Feature", "properties": { "Owner Type": "SSEN", "Owner Name": "SHEPD", "Type": "Primary", "Class": "Distribution", "Number": "", "Status": "Existing", "Data Confidence": "Surveyed", "Operating Area": "", "Locality": "", "Extent": "3476.03 m²" }, "geometry": { "type": "Point", "coordinates": [ 201912.19, 731061.145999999949709 ] } },
{ "type": "Feature", "properties": { "Owner Type": "SSEN", "Owner Name": "SHEPD", "Type": "Primary", "Class": "Distribution", "Number": "347", "Status": "Existing", "Data Confidence": "Surveyed", "Operating Area": "Argyll & West Highl.", "Locality": "TAYNUILT", "Extent": "1160.75 m²" }, "geometry": { "type": "Point", "coordinates": [ 201857.317000000010012, 731078.223 ] } },
{ "type": "Feature", "properties": { "Owner Type": "SSEN", "Owner Name": "SHEPD", "Type": "Primary", "Class": "Distribution", "Number": "", "Status": "Existing", "Data Confidence": "Surveyed", "Operating Area": "", "Locality": "", "Extent": "736.83 m²" }, "geometry": { "type": "Point", "coordinates": [ 201700.049, 732137.013999999966472 ] } },
{ "type": "Feature", "properties": { "Owner Type": "SSEN", "Owner Name": "SHEPD", "Type": "Primary", "Class": "Distribution", "Number": "", "Status": "Existing", "Data Confidence": "Surveyed", "Operating Area": "", "Locality": "", "Extent": "101.79 m²" }, "geometry": { "type": "Point", "coordinates": [ 201618.185, 909565.770000000018626 ] } },
{ "type": "Feature", "properties": { "Owner Type": "SSEN", "Owner Name": "SHEPD", "Type": "Primary", "Class": "Distribution", "Number": "", "Status": "Existing", "Data Confidence": "Surveyed", "Operating Area": "", "Locality": "", "Extent": "94.05 m²" }, "geometry": { "type": "Point", "coordinates": [ 200915.589, 715495.714999999967404 ] } },
{ "type": "Feature", "properties": { "Owner Type": "SSEN", "Owner Name": "SHEPD", "Type": "Primary", "Class": "Distribution", "Number": "", "Status": "Existing", "Data Confidence": "Surveyed", "Operating Area": "", "Locality": "", "Extent": "127.53 m²" }, "geometry": { "type": "Point", "coordinates": [ 200326.046, 734044.263999999966472 ] } },
{ "type": "Feature", "properties": { "Owner Type": "SSEN", "Owner Name": "SHEPD", "Type": "Primary", "Class": "Distribution", "Number": "", "Status": "Existing", "Data Confidence": "Surveyed", "Operating Area": "", "Locality": "", "Extent": "1049.33 m²" }, "geometry": { "type": "Point", "coordinates": [ 196358.968, 742185.211000000010245 ] } },
{ "type": "Feature", "properties": { "Owner Type": "SSEN", "Owner Name": "SHEPD", "Type": "Primary", "Class": "Distribution", "Number": "", "Status": "Existing", "Data Confidence": "Surveyed", "Operating Area": "", "Locality": "", "Extent": "2423.63 m²" }, "geometry": { "type": "Point", "coordinates": [ 196297.195, 671236.096000000019558 ] } },
{ "type": "Feature", "properties": { "Owner Type": "SSEN", "Owner Name": "SHEPD", "Type": "Primary", "Class": "Distribution", "Number": "", "Status": "Existing", "Data Confidence": "Surveyed", "Operating Area": "", "Locality": "", "Extent": "401.57 m²" }, "geometry": { "type": "Point", "coordinates": [ 193372.174, 684756.929 ] } },
{ "type": "Feature", "properties": { "Owner Type": "SSEN", "Owner Name": "SHEPD", "Type": "Primary", "Class": "Distribution", "Number": "630", "Status": "Existing", "Data Confidence": "Surveyed", "Operating Area": "Argyll & West Highl.", "Locality": "PORTREE", "Extent": "1134.43 m²" }, "geometry": { "type": "Point", "coordinates": [ 191926.75700000001234, 841840.138999999966472 ] } },
{ "type": "Feature", "properties": { "Owner Type": "SSEN", "Owner Name": "SHEPD", "Type": "Primary", "Class": "Distribution", "Number": "", "Status": "Existing", "Data Confidence": "Surveyed", "Operating Area": "", "Locality": "", "Extent": "658.77 m²" }, "geometry": { "type": "Point", "coordinates": [ 191213.912000000011176, 733969.908000000054017 ] } },
{ "type": "Feature", "properties": { "Owner Type": "SSEN", "Owner Name": "SHEPD", "Type": "Primary", "Class": "Distribution", "Number": "", "Status": "Existing", "Data Confidence": "Surveyed", "Operating Area": "", "Locality": "", "Extent": "6702.51 m²" }, "geometry": { "type": "Point", "coordinates": [ 190944.352000000013504, 686799.743999999947846 ] } },
{ "type": "Feature", "properties": { "Owner Type": "SSEN", "Owner Name": "SHEPD", "Type": "Primary", "Class": "Distribution", "Number": "", "Status": "Existing", "Data Confidence": "Surveyed", "Operating Area": "", "Locality": "", "Extent": "305.11 m²" }, "geometry": { "type": "Point", "coordinates": [ 190092.298, 633864.402 ] } },
{ "type": "Feature", "properties": { "Owner Type": "SSEN", "Owner Name": "SHEPD", "Type": "Primary", "Class": "Distribution", "Number": "", "Status": "Existing", "Data Confidence": "Surveyed", "Operating Area": "", "Locality": "", "Extent": "399.99 m²" }, "geometry": { "type": "Point", "coordinates": [ 188305.230000000010477, 840594.62300000002142 ] } },
{ "type": "Feature", "properties": { "Owner Type": "SSEN", "Owner Name": "SHEPD", "Type": "Primary", "Class": "33kV/11kV", "Number": "", "Status": "Existing", "Data Confidence": "Surveyed", "Operating Area": "Highland District", "Locality": "AULTBEA", "Extent": "310.27 m²" }, "geometry": { "type": "Point", "coordinates": [ 187454.738000000012107, 888880.378999999957159 ] } },
{ "type": "Feature", "properties": { "Owner Type": "SSEN", "Owner Name": "SHEPD", "Type": "Primary", "Class": "Distribution", "Number": "", "Status": "Existing", "Data Confidence": "Surveyed", "Operating Area": "", "Locality": "", "Extent": "757.56 m²" }, "geometry": { "type": "Point", "coordinates": [ 187172.312, 638836.555999999982305 ] } },
{ "type": "Feature", "properties": { "Owner Type": "SSEN", "Owner Name": "SHEPD", "Type": "Primary", "Class": "Distribution", "Number": "", "Status": "Existing", "Data Confidence": "Surveyed", "Operating Area": "Argyll & West Highl.", "Locality": "Argyll and West Highlands District", "Extent": "" }, "geometry": { "type": "Point", "coordinates": [ 186915.885, 656467.478 ] } },
{ "type": "Feature", "properties": { "Owner Type": "SSEN", "Owner Name": "SHEPD", "Type": "Secondary (Pad Mounted)", "Class": "Distribution", "Number": "9200936", "Status": "Existing", "Data Confidence": "Surveyed", "Operating Area": "Highland District", "Locality": "AULTBEA", "Extent": "18.72 m²" }, "geometry": { "type": "Point", "coordinates": [ 186630.49900000001071, 889102.883999999961816 ] } },
{ "type": "Feature", "properties": { "Owner Type": "SSEN", "Owner Name": "SHEPD", "Type": "Primary", "Class": "Distribution", "Number": "", "Status": "Existing", "Data Confidence": "Surveyed", "Operating Area": "", "Locality": "", "Extent": "2585.03 m²" }, "geometry": { "type": "Point", "coordinates": [ 186096.636999999987893, 688368.160999999963678 ] } },
{ "type": "Feature", "properties": { "Owner Type": "SSEN", "Owner Name": "SHEPD", "Type": "Primary", "Class": "Distribution", "Number": "", "Status": "Existing", "Data Confidence": "Surveyed", "Operating Area": "", "Locality": "", "Extent": "660.04 m²" }, "geometry": { "type": "Point", "coordinates": [ 186002.824, 668480.194000000017695 ] } },
{ "type": "Feature", "properties": { "Owner Type": "SSEN", "Owner Name": "SHEPD", "Type": "Primary", "Class": "Distribution", "Number": "", "Status": "Existing", "Data Confidence": "Surveyed", "Operating Area": "", "Locality": "", "Extent": "133.9 m²" }, "geometry": { "type": "Point", "coordinates": [ 185908.394999999989523, 727854.834999999962747 ] } },
{ "type": "Feature", "properties": { "Owner Type": "SSEN", "Owner Name": "SHEPD", "Type": "Primary", "Class": "Distribution", "Number": "", "Status": "Existing", "Data Confidence": "Surveyed", "Operating Area": "", "Locality": "", "Extent": "194.86 m²" }, "geometry": { "type": "Point", "coordinates": [ 185644.608, 729343.613000000012107 ] } },
{ "type": "Feature", "properties": { "Owner Type": "SSEN", "Owner Name": "SHEPD", "Type": "Primary", "Class": "Distribution", "Number": "", "Status": "Existing", "Data Confidence": "Surveyed", "Operating Area": "", "Locality": "", "Extent": "63.66 m²" }, "geometry": { "type": "Point", "coordinates": [ 185190.797, 827288.564000000013039 ] } },
{ "type": "Feature", "properties": { "Owner Type": "SSEN", "Owner Name": "SHEPD", "Type": "Secondary", "Class": "Distribution", "Number": "", "Status": "Existing", "Data Confidence": "Surveyed", "Operating Area": "Argyll & West Highl.", "Locality": "INVERNEIL", "Extent": "25 m²" }, "geometry": { "type": "Point", "coordinates": [ 184874.87, 681174.207000000053085 ] } },
{ "type": "Feature", "properties": { "Owner Type": "SSEN", "Owner Name": "SHEPD", "Type": "Primary", "Class": "33kV/LV", "Number": "309", "Status": "Existing", "Data Confidence": "Surveyed", "Operating Area": "Argyll & West Highl.", "Locality": "INVERNEIL", "Extent": "861.78 m²" }, "geometry": { "type": "Point", "coordinates": [ 184790.272999999986496, 680582.106999999959953 ] } },
{ "type": "Feature", "properties": { "Owner Type": "SSEN", "Owner Name": "SHEPD", "Type": "Primary", "Class": "Distribution", "Number": "", "Status": "Existing", "Data Confidence": "Surveyed", "Operating Area": "", "Locality": "", "Extent": "168.95 m²" }, "geometry": { "type": "Point", "coordinates": [ 184053.506, 714443.123999999952503 ] } },
{ "type": "Feature", "properties": { "Owner Type": "3rd Party", "Owner Name": "SHEPD", "Type": "Primary", "Class": "33kV/11kV", "Number": "KING", "Status": "Existing", "Data Confidence": "Surveyed", "Operating Area": "Argyll & West Highl.", "Locality": "KINGAIRLOCH, ARDGOUR", "Extent": "174.68 m²" }, "geometry": { "type": "Point", "coordinates": [ 183624.336000000010245, 753264.408999999985099 ] } },
{ "type": "Feature", "properties": { "Owner Type": "SSEN", "Owner Name": "SHEPD", "Type": "Primary", "Class": "Distribution", "Number": "", "Status": "Existing", "Data Confidence": "Surveyed", "Operating Area": "", "Locality": "", "Extent": "423.53 m²" }, "geometry": { "type": "Point", "coordinates": [ 183050.14000000001397, 722252.091000000014901 ] } },
{ "type": "Feature", "properties": { "Owner Type": "SSEN", "Owner Name": "SHEPD", "Type": "Primary", "Class": "Distribution", "Number": "", "Status": "Existing", "Data Confidence": "Surveyed", "Operating Area": "", "Locality": "", "Extent": "325.52 m²" }, "geometry": { "type": "Point", "coordinates": [ 182899.109, 872001.113999999943189 ] } },
{ "type": "Feature", "properties": { "Owner Type": "SSEN", "Owner Name": "SHEPD", "Type": "Primary", "Class": "Distribution", "Number": "", "Status": "Existing", "Data Confidence": "Surveyed", "Operating Area": "", "Locality": "", "Extent": "107.26 m²" }, "geometry": { "type": "Point", "coordinates": [ 182847.302, 650289.925999999977648 ] } },
{ "type": "Feature", "properties": { "Owner Type": "SSEN", "Owner Name": "SHET", "Type": "Grid/Bulk Supply pt", "Class": "Transmission", "Number": "", "Status": "Existing", "Data Confidence": "Surveyed", "Operating Area": "", "Locality": "", "Extent": "14676.18 m²" }, "geometry": { "type": "Point", "coordinates": [ 182772.888, 650246.261999999987893 ] } },
{ "type": "Feature", "properties": { "Owner Type": "SSEN", "Owner Name": "SHEPD", "Type": "Primary", "Class": "Distribution", "Number": "", "Status": "Existing", "Data Confidence": "Surveyed", "Operating Area": "", "Locality": "", "Extent": "5000.08 m²" }, "geometry": { "type": "Point", "coordinates": [ 182674.427, 747703.790000000037253 ] } },
{ "type": "Feature", "properties": { "Owner Type": "SSEN", "Owner Name": "SHEPD", "Type": "Primary", "Class": "Distribution", "Number": "", "Status": "Existing", "Data Confidence": "Surveyed", "Operating Area": "", "Locality": "", "Extent": "45.56 m²" }, "geometry": { "type": "Point", "coordinates": [ 181612.018000000010943, 852263.88800000003539 ] } },
{ "type": "Feature", "properties": { "Owner Type": "SSEN", "Owner Name": "SHEPD", "Type": "Primary", "Class": "Distribution", "Number": "", "Status": "Existing", "Data Confidence": "Surveyed", "Operating Area": "", "Locality": "", "Extent": "248.73 m²" }, "geometry": { "type": "Point", "coordinates": [ 181521.209, 761958.459999999962747 ] } },
{ "type": "Feature", "properties": { "Owner Type": "SSEN", "Owner Name": "SHEPD", "Type": "Primary", "Class": "Distribution", "Number": "", "Status": "Existing", "Data Confidence": "Surveyed", "Operating Area": "", "Locality": "", "Extent": "56.04 m²" }, "geometry": { "type": "Point", "coordinates": [ 180028.049999999988358, 637593.219000000040978 ] } },
{ "type": "Feature", "properties": { "Owner Type": "SSEN", "Owner Name": "SHEPD", "Type": "Primary", "Class": "Distribution", "Number": "", "Status": "Existing", "Data Confidence": "Surveyed", "Operating Area": "", "Locality": "", "Extent": "94.97 m²" }, "geometry": { "type": "Point", "coordinates": [ 179622.363000000012107, 692347.258000000030734 ] } },
{ "type": "Feature", "properties": { "Owner Type": "SSEN", "Owner Name": "SHEPD", "Type": "Primary", "Class": "Distribution", "Number": "", "Status": "Existing", "Data Confidence": "Surveyed", "Operating Area": "", "Locality": "", "Extent": "5038.81 m²" }, "geometry": { "type": "Point", "coordinates": [ 179403.568, 638571.442000000039116 ] } },
{ "type": "Feature", "properties": { "Owner Type": "SSEN", "Owner Name": "SHEPD", "Type": "Primary", "Class": "Distribution", "Number": "9201768", "Status": "Existing", "Data Confidence": "Surveyed", "Operating Area": "", "Locality": "", "Extent": "139.11 m²" }, "geometry": { "type": "Point", "coordinates": [ 179033.450000000011642, 871375.718 ] } },
{ "type": "Feature", "properties": { "Owner Type": "SSEN", "Owner Name": "SHEPD", "Type": "Secondary (Pad Mounted)", "Class": "Distribution", "Number": "9201537", "Status": "Existing", "Data Confidence": "Surveyed", "Operating Area": "Highland District", "Locality": "KERRY FALLS,GAIRLOCH", "Extent": "24.9 m²" }, "geometry": { "type": "Point", "coordinates": [ 178674.931000000011409, 877375.581 ] } },
{ "type": "Feature", "properties": { "Owner Type": "SSEN", "Owner Name": "SHEPD", "Type": "Primary", "Class": "Distribution", "Number": "", "Status": "Existing", "Data Confidence": "Surveyed", "Operating Area": "Argyll & West Highl.", "Locality": "LOCHAILORT", "Extent": "1168.58 m²" }, "geometry": { "type": "Point", "coordinates": [ 177175.079, 782812.356999999959953 ] } },
{ "type": "Feature", "properties": { "Owner Type": "SSEN", "Owner Name": "SHEPD", "Type": "Primary", "Class": "Distribution", "Number": "", "Status": "Existing", "Data Confidence": "Surveyed", "Operating Area": "", "Locality": "", "Extent": "691.88 m²" }, "geometry": { "type": "Point", "coordinates": [ 176499.298, 827253.194000000017695 ] } },
{ "type": "Feature", "properties": { "Owner Type": "SSEN", "Owner Name": "SHEPD", "Type": "Secondary (Pad Mounted)", "Class": "Distribution", "Number": "9000804", "Status": "Existing", "Data Confidence": "Surveyed", "Operating Area": "", "Locality": "", "Extent": "2.83 m²" }, "geometry": { "type": "Point", "coordinates": [ 176213.231, 827250.86199999996461 ] } },
{ "type": "Feature", "properties": { "Owner Type": "SSEN", "Owner Name": "SHEPD", "Type": "Primary", "Class": "Distribution", "Number": "9201777", "Status": "Existing", "Data Confidence": "Surveyed", "Operating Area": "Argyll & West Highl.", "Locality": "\"KYLEAKIN, SKYE\"", "Extent": "117.67 m²" }, "geometry": { "type": "Point", "coordinates": [ 173573.994, 826373.221000000019558 ] } },
{ "type": "Feature", "properties": { "Owner Type": "SSEN", "Owner Name": "SHEPD", "Type": "Primary", "Class": "Distribution", "Number": "317", "Status": "Existing", "Data Confidence": "Surveyed", "Operating Area": "Argyll & West Highl.", "Locality": "CRAIGNURE", "Extent": "1516.19 m²" }, "geometry": { "type": "Point", "coordinates": [ 172897.481, 734127.057000000029802 ] } },
{ "type": "Feature", "properties": { "Owner Type": "SSEN", "Owner Name": "SHEPD", "Type": "Primary", "Class": "Distribution", "Number": "", "Status": "Existing", "Data Confidence": "Surveyed", "Operating Area": "", "Locality": "", "Extent": "2802.28 m²" }, "geometry": { "type": "Point", "coordinates": [ 171510.24900000001071, 620745.849000000045635 ] } },
{ "type": "Feature", "properties": { "Owner Type": "SSEN", "Owner Name": "SHEPD", "Type": "Primary", "Class": "Distribution", "Number": "754", "Status": "Existing", "Data Confidence": "Surveyed", "Operating Area": "Argyll & West Highl.", "Locality": "KINLOCHMOIDART", "Extent": "454.15 m²" }, "geometry": { "type": "Point", "coordinates": [ 171447.01, 772091.351999999955297 ] } },
{ "type": "Feature", "properties": { "Owner Type": "SSEN", "Owner Name": "SHEPD", "Type": "Primary", "Class": "Distribution", "Number": "", "Status": "Existing", "Data Confidence": "Surveyed", "Operating Area": "", "Locality": "", "Extent": "780.63 m²" }, "geometry": { "type": "Point", "coordinates": [ 171433.598999999987427, 649937.839999999967404 ] } },
{ "type": "Feature", "properties": { "Owner Type": "SSEN", "Owner Name": "SHEPD", "Type": "Primary", "Class": "Distribution", "Number": "", "Status": "Existing", "Data Confidence": "Surveyed", "Operating Area": "", "Locality": "", "Extent": "58.05 m²" }, "geometry": { "type": "Point", "coordinates": [ 169689.329999999987194, 636049.841000000014901 ] } },
{ "type": "Feature", "properties": { "Owner Type": "SSEN", "Owner Name": "SHEPD", "Type": "Primary", "Class": "33kV/11kV", "Number": "732", "Status": "Existing", "Data Confidence": "Surveyed", "Operating Area": "", "Locality": "", "Extent": "34.39 m²" }, "geometry": { "type": "Point", "coordinates": [ 169616.919, 749235.427000000025146 ] } },
{ "type": "Feature", "properties": { "Owner Type": "SSEN", "Owner Name": "SHEPD", "Type": "Primary", "Class": "Distribution", "Number": "", "Status": "Existing", "Data Confidence": "Surveyed", "Operating Area": "", "Locality": "", "Extent": "558.72 m²" }, "geometry": { "type": "Point", "coordinates": [ 169001.672, 765522.059 ] } },
{ "type": "Feature", "properties": { "Owner Type": "SSEN", "Owner Name": "SHEPD", "Type": "Primary", "Class": "Distribution", "Number": "", "Status": "Existing", "Data Confidence": "Surveyed", "Operating Area": "", "Locality": "", "Extent": "3302.41 m²" }, "geometry": { "type": "Point", "coordinates": [ 167939.691, 745447.098 ] } },
{ "type": "Feature", "properties": { "Owner Type": "SSEN", "Owner Name": "SHEPD", "Type": "Primary", "Class": "Distribution", "Number": "", "Status": "Existing", "Data Confidence": "Surveyed", "Operating Area": "Argyll & West Highl.", "Locality": "MALLAIG", "Extent": "397.76 m²" }, "geometry": { "type": "Point", "coordinates": [ 167612.939000000013039, 794811.20499999995809 ] } },
{ "type": "Feature", "properties": { "Owner Type": "SSEN", "Owner Name": "SHEPD", "Type": "Primary", "Class": "Distribution", "Number": "", "Status": "Existing", "Data Confidence": "Surveyed", "Operating Area": "", "Locality": "", "Extent": "102.76 m²" }, "geometry": { "type": "Point", "coordinates": [ 166566.484, 786622.346000000019558 ] } },
{ "type": "Feature", "properties": { "Owner Type": "SSEN", "Owner Name": "SHEPD", "Type": "Secondary (Pad Mounted)", "Class": "Distribution", "Number": "9000667", "Status": "Existing", "Data Confidence": "Surveyed", "Operating Area": "", "Locality": "", "Extent": "15.81 m²" }, "geometry": { "type": "Point", "coordinates": [ 166315.929, 619713.261000000056811 ] } },
{ "type": "Feature", "properties": { "Owner Type": "SSEN", "Owner Name": "SHEPD", "Type": "Primary", "Class": "Distribution", "Number": "", "Status": "Existing", "Data Confidence": "Surveyed", "Operating Area": "", "Locality": "", "Extent": "490.07 m²" }, "geometry": { "type": "Point", "coordinates": [ 166115.305, 620950.831 ] } },
{ "type": "Feature", "properties": { "Owner Type": "SSEN", "Owner Name": "SHEPD", "Type": "Primary", "Class": "Distribution", "Number": "", "Status": "Existing", "Data Confidence": "Surveyed", "Operating Area": "", "Locality": "", "Extent": "127.58 m²" }, "geometry": { "type": "Point", "coordinates": [ 165887.533, 822439.24800000002142 ] } },
{ "type": "Feature", "properties": { "Owner Type": "SSEN", "Owner Name": "SHEPD", "Type": "Primary", "Class": "Distribution", "Number": "637", "Status": "Existing", "Data Confidence": "Assumed", "Operating Area": "Argyll & West Highl.", "Locality": "BROADFORD, SKYE", "Extent": "1197.26 m²" }, "geometry": { "type": "Point", "coordinates": [ 162675.583000000013271, 824357.598 ] } },
{ "type": "Feature", "properties": { "Owner Type": "SSEN", "Owner Name": "SHET", "Type": "Primary", "Class": "Distribution", "Number": "BROA", "Status": "Existing", "Data Confidence": "Surveyed", "Operating Area": "Argyll & West Highl.", "Locality": "BROADFORD, SKYE", "Extent": "3577.47 m²" }, "geometry": { "type": "Point", "coordinates": [ 162654.279, 824339.628999999957159 ] } },
{ "type": "Feature", "properties": { "Owner Type": "SSEN", "Owner Name": "SHEPD", "Type": "Primary", "Class": "Distribution", "Number": "", "Status": "Existing", "Data Confidence": "Surveyed", "Operating Area": "", "Locality": "", "Extent": "1034.63 m²" }, "geometry": { "type": "Point", "coordinates": [ 157252.328, 742851.422000000020489 ] } },
{ "type": "Feature", "properties": { "Owner Type": "SSEN", "Owner Name": "SHEPD", "Type": "Primary", "Class": "Distribution", "Number": "", "Status": "Existing", "Data Confidence": "Surveyed", "Operating Area": "", "Locality": "", "Extent": "805.52 m²" }, "geometry": { "type": "Point", "coordinates": [ 152470.396, 727220.785999999963678 ] } },
{ "type": "Feature", "properties": { "Owner Type": "SSEN", "Owner Name": "SHEPD", "Type": "Primary", "Class": "Distribution", "Number": "9000758", "Status": "Existing", "Data Confidence": "Surveyed", "Operating Area": "", "Locality": "", "Extent": "2600.4 m²" }, "geometry": { "type": "Point", "coordinates": [ 151720.826, 852752.871999999973923 ] } },
{ "type": "Feature", "properties": { "Owner Type": "SSEN", "Owner Name": "SHEPD", "Type": "Primary", "Class": "Distribution", "Number": "", "Status": "Existing", "Data Confidence": "Surveyed", "Operating Area": "", "Locality": "", "Extent": "297.47 m²" }, "geometry": { "type": "Point", "coordinates": [ 151243.814000000013039, 837004.037000000011176 ] } },
{ "type": "Feature", "properties": { "Owner Type": "SSEN", "Owner Name": "SHEPD", "Type": "Secondary", "Class": "11kV/LV", "Number": "9001048", "Status": "Existing", "Data Confidence": "Surveyed", "Operating Area": "Argyll & West Highl.", "Locality": "Argyll and West Highlands District", "Extent": "23.49 m²" }, "geometry": { "type": "Point", "coordinates": [ 148708.63, 755757.552000000025146 ] } },
{ "type": "Feature", "properties": { "Owner Type": "SSEN", "Owner Name": "SHEPD", "Type": "Primary", "Class": "Distribution", "Number": "", "Status": "Existing", "Data Confidence": "Surveyed", "Operating Area": "", "Locality": "", "Extent": "1651.58 m²" }, "geometry": { "type": "Point", "coordinates": [ 148102.76, 844612.883999999961816 ] } },
{ "type": "Feature", "properties": { "Owner Type": "SSEN", "Owner Name": "SHEPD", "Type": "Primary", "Class": "Distribution", "Number": "", "Status": "Existing", "Data Confidence": "Surveyed", "Operating Area": "", "Locality": "", "Extent": "176.93 m²" }, "geometry": { "type": "Point", "coordinates": [ 147514.138, 940177.645999999949709 ] } },
{ "type": "Feature", "properties": { "Owner Type": "SSEN", "Owner Name": "SHEPD", "Type": "Primary", "Class": "33kV/11kV", "Number": "652", "Status": "Existing", "Data Confidence": "Surveyed", "Operating Area": "Western Isles", "Locality": "LEWIS", "Extent": "2294.91 m²" }, "geometry": { "type": "Point", "coordinates": [ 143149.095, 932168.537999999942258 ] } },
{ "type": "Feature", "properties": { "Owner Type": "SSEN", "Owner Name": "SHEPD", "Type": "Primary", "Class": "Distribution", "Number": "", "Status": "Existing", "Data Confidence": "Surveyed", "Operating Area": "", "Locality": "", "Extent": "381.25 m²" }, "geometry": { "type": "Point", "coordinates": [ 142443.139, 751234.92000000004191 ] } },
{ "type": "Feature", "properties": { "Owner Type": "SSEN", "Owner Name": "SHEPD", "Type": "Primary", "Class": "33kV/11kV", "Number": "669", "Status": "Existing", "Data Confidence": "Assumed", "Operating Area": "Western Isles", "Locality": "LEWIS", "Extent": "434.48 m²" }, "geometry": { "type": "Point", "coordinates": [ 142233.62, 930497.131999999983236 ] } },
{ "type": "Feature", "properties": { "Owner Type": "SSEN", "Owner Name": "SHEPD", "Type": "Primary", "Class": "Distribution", "Number": "", "Status": "Existing", "Data Confidence": "Surveyed", "Operating Area": "", "Locality": "", "Extent": "270.33 m²" }, "geometry": { "type": "Point", "coordinates": [ 142085.089, 668818.782 ] } },
{ "type": "Feature", "properties": { "Owner Type": "SSEN", "Owner Name": "SHEPD", "Type": "Secondary (Pad Mounted)", "Class": "11kV/LV", "Number": "9001070", "Status": "Existing", "Data Confidence": "Surveyed", "Operating Area": "Argyll & West Highl.", "Locality": "PORT ASKAIG", "Extent": "1.44 m²" }, "geometry": { "type": "Point", "coordinates": [ 141525.646, 665716.0 ] } },
{ "type": "Feature", "properties": { "Owner Type": "SSEN", "Owner Name": "SHEPD", "Type": "Secondary", "Class": "Distribution", "Number": "9502869", "Status": "Existing", "Data Confidence": "Surveyed", "Operating Area": "Argyll & West Highl.", "Locality": "Argyll and West Highlands District", "Extent": "9 m²" }, "geometry": { "type": "Point", "coordinates": [ 141488.679, 646189.62699999997858 ] } },
{ "type": "Feature", "properties": { "Owner Type": "SSEN", "Owner Name": "SHEPD", "Type": "Primary", "Class": "Distribution", "Number": "", "Status": "Existing", "Data Confidence": "Surveyed", "Operating Area": "Argyll & West Highl.", "Locality": "DRYNOCH  ISLE OF SKY", "Extent": "921.94 m²" }, "geometry": { "type": "Point", "coordinates": [ 141076.225, 831292.437000000034459 ] } },
{ "type": "Feature", "properties": { "Owner Type": "SSEN", "Owner Name": "SHET", "Type": "Grid/Bulk Supply pt", "Class": "Transmission", "Number": "", "Status": "Existing", "Data Confidence": "Surveyed", "Operating Area": "Highland District", "Locality": "STORNOWAY", "Extent": "6437.73 m²" }, "geometry": { "type": "Point", "coordinates": [ 140250.258, 932350.885 ] } },
{ "type": "Feature", "properties": { "Owner Type": "SSEN", "Owner Name": "SHEPD", "Type": "Primary", "Class": "Distribution", "Number": "", "Status": "Existing", "Data Confidence": "Surveyed", "Operating Area": "", "Locality": "", "Extent": "6437.73 m²" }, "geometry": { "type": "Point", "coordinates": [ 140236.498, 932343.663999999989755 ] } },
{ "type": "Feature", "properties": { "Owner Type": "SSEN", "Owner Name": "SHEPD", "Type": "Secondary", "Class": "11kV/LV", "Number": "P5", "Status": "Existing", "Data Confidence": "Surveyed", "Operating Area": "Argyll & West Highl.", "Locality": "ISLE OF MULL", "Extent": "" }, "geometry": { "type": "Point", "coordinates": [ 139839.362, 723310.550999999977648 ] } },
{ "type": "Feature", "properties": { "Owner Type": "SSEN", "Owner Name": "SHEPD", "Type": "Secondary", "Class": "11kV/LV", "Number": "P6", "Status": "Existing", "Data Confidence": "Surveyed", "Operating Area": "Argyll & West Highl.", "Locality": "ISLE OF MULL", "Extent": "" }, "geometry": { "type": "Point", "coordinates": [ 139250.037000000011176, 723912.017 ] } },
{ "type": "Feature", "properties": { "Owner Type": "SSEN", "Owner Name": "SHEPD", "Type": "Secondary", "Class": "11kV/LV", "Number": "P8", "Status": "Existing", "Data Confidence": "Surveyed", "Operating Area": "Argyll & West Highl.", "Locality": "ISLE OF MULL", "Extent": "" }, "geometry": { "type": "Point", "coordinates": [ 139214.968, 724041.468 ] } },
{ "type": "Feature", "properties": { "Owner Type": "SSEN", "Owner Name": "SHEPD", "Type": "Primary", "Class": "Distribution", "Number": "", "Status": "Existing", "Data Confidence": "Surveyed", "Operating Area": "", "Locality": "", "Extent": "209.29 m²" }, "geometry": { "type": "Point", "coordinates": [ 139166.68, 864432.929 ] } },
{ "type": "Feature", "properties": { "Owner Type": "SSEN", "Owner Name": "SHEPD", "Type": "Primary", "Class": "11kV/LV", "Number": "0331", "Status": "Existing", "Data Confidence": "Surveyed", "Operating Area": "Argyll & West Highl.", "Locality": "PORT ELLEN", "Extent": "559.52 m²" }, "geometry": { "type": "Point", "coordinates": [ 136461.424, 645514.282 ] } },
{ "type": "Feature", "properties": { "Owner Type": "SSEN", "Owner Name": "SHEPD", "Type": "Primary", "Class": "Distribution", "Number": "", "Status": "Existing", "Data Confidence": "Surveyed", "Operating Area": "", "Locality": "", "Extent": "591.78 m²" }, "geometry": { "type": "Point", "coordinates": [ 135615.62599999998929, 948890.763999999966472 ] } },
{ "type": "Feature", "properties": { "Owner Type": "SSEN", "Owner Name": "SHEPD", "Type": "Secondary", "Class": "11kV/LV", "Number": "P103", "Status": "Existing", "Data Confidence": "Surveyed", "Operating Area": "Argyll & West Highl.", "Locality": "Argyll and West Highlands District", "Extent": "" }, "geometry": { "type": "Point", "coordinates": [ 133618.668, 834146.834999999962747 ] } },
{ "type": "Feature", "properties": { "Owner Type": "SSEN", "Owner Name": "SHEPD", "Type": "Primary", "Class": "Distribution", "Number": "", "Status": "Existing", "Data Confidence": "Surveyed", "Operating Area": "", "Locality": "", "Extent": "113.41 m²" }, "geometry": { "type": "Point", "coordinates": [ 133430.307999999989988, 921941.135 ] } },
{ "type": "Feature", "properties": { "Owner Type": "SSEN", "Owner Name": "SHEPD", "Type": "Primary", "Class": "33kV/11kV", "Number": "313", "Status": "Existing", "Data Confidence": "Surveyed", "Operating Area": "Argyll & West Highl.", "Locality": "BOWMORE", "Extent": "1559.54 m²" }, "geometry": { "type": "Point", "coordinates": [ 132018.679, 660212.040999999968335 ] } },
{ "type": "Feature", "properties": { "Owner Type": "SSEN", "Owner Name": "SHEPD", "Type": "Secondary (Pad Mounted)", "Class": "11kV/LV", "Number": "9000988", "Status": "Existing", "Data Confidence": "Surveyed", "Operating Area": "", "Locality": "", "Extent": "7.92 m²" }, "geometry": { "type": "Point", "coordinates": [ 130859.02, 659456.36199999996461 ] } },
{ "type": "Feature", "properties": { "Owner Type": "SSEN", "Owner Name": "SHEPD", "Type": "Secondary (Pad Mounted)", "Class": "33kV/LV", "Number": "9201196", "Status": "Existing", "Data Confidence": "Surveyed", "Operating Area": "Western Isles", "Locality": "LEWIS", "Extent": "62.28 m²" }, "geometry": { "type": "Point", "coordinates": [ 130511.725, 930279.723 ] } },
{ "type": "Feature", "properties": { "Owner Type": "SSEN", "Owner Name": "SHEPD", "Type": "Primary", "Class": "Distribution", "Number": "", "Status": "Existing", "Data Confidence": "Surveyed", "Operating Area": "", "Locality": "", "Extent": "2362.76 m²" }, "geometry": { "type": "Point", "coordinates": [ 127645.258, 847147.885 ] } },
{ "type": "Feature", "properties": { "Owner Type": "SSEN", "Owner Name": "SHEPD", "Type": "Secondary (Pad Mounted)", "Class": "Distribution", "Number": "9000507", "Status": "Existing", "Data Confidence": "Surveyed", "Operating Area": "Argyll & West Highl.", "Locality": "ARDMORE, SKYE", "Extent": "47.35 m²" }, "geometry": { "type": "Point", "coordinates": [ 122249.525, 861118.96999999997206 ] } },
{ "type": "Feature", "properties": { "Owner Type": "SSEN", "Owner Name": "SHEPD", "Type": "Primary", "Class": "Distribution", "Number": "", "Status": "Existing", "Data Confidence": "Surveyed", "Operating Area": "", "Locality": "", "Extent": "1970.55 m²" }, "geometry": { "type": "Point", "coordinates": [ 122238.799, 861112.5 ] } },
{ "type": "Feature", "properties": { "Owner Type": "SSEN", "Owner Name": "SHEPD", "Type": "Primary", "Class": "Distribution", "Number": "", "Status": "Existing", "Data Confidence": "Surveyed", "Operating Area": "", "Locality": "", "Extent": "626.87 m²" }, "geometry": { "type": "Point", "coordinates": [ 122042.32, 933555.533999999985099 ] } },
{ "type": "Feature", "properties": { "Owner Type": "SSEN", "Owner Name": "SHEPD", "Type": "Primary", "Class": "Distribution", "Number": "9000973", "Status": "Existing", "Data Confidence": "Surveyed", "Operating Area": "", "Locality": "", "Extent": "9 m²" }, "geometry": { "type": "Point", "coordinates": [ 121382.413, 760786.398000000044703 ] } },
{ "type": "Feature", "properties": { "Owner Type": "SSEN", "Owner Name": "SHEPD", "Type": "Primary", "Class": "Distribution", "Number": "", "Status": "Existing", "Data Confidence": "Surveyed", "Operating Area": "", "Locality": "", "Extent": "215.79 m²" }, "geometry": { "type": "Point", "coordinates": [ 115290.023, 900159.658000000054017 ] } },
{ "type": "Feature", "properties": { "Owner Type": "SSEN", "Owner Name": "SHEPD", "Type": "Primary", "Class": "Distribution", "Number": "", "Status": "Existing", "Data Confidence": "Surveyed", "Operating Area": "", "Locality": "", "Extent": "1857.76 m²" }, "geometry": { "type": "Point", "coordinates": [ 113495.296, 894254.495 ] } },
{ "type": "Feature", "properties": { "Owner Type": "SSEN", "Owner Name": "SHEPD", "Type": "Primary", "Class": "Distribution", "Number": "658", "Status": "Existing", "Data Confidence": "Surveyed", "Operating Area": "Western Isles", "Locality": "LEWIS", "Extent": "94.73 m²" }, "geometry": { "type": "Point", "coordinates": [ 113450.943, 894224.128999999957159 ] } },
{ "type": "Feature", "properties": { "Owner Type": "SSEN", "Owner Name": "SHEPD", "Type": "Primary", "Class": "Distribution", "Number": "", "Status": "Existing", "Data Confidence": "Surveyed", "Operating Area": "", "Locality": "", "Extent": "140.79 m²" }, "geometry": { "type": "Point", "coordinates": [ 112848.385, 925825.95499999995809 ] } },
{ "type": "Feature", "properties": { "Owner Type": "SSEN", "Owner Name": "SHEPD", "Type": "Secondary (Pad Mounted)", "Class": "Distribution", "Number": "9000716", "Status": "Existing", "Data Confidence": "Surveyed", "Operating Area": "Argyll & West Highl.", "Locality": "ISLE OF TIREE", "Extent": "9 m²" }, "geometry": { "type": "Point", "coordinates": [ 99623.282999999995809, 744390.76 ] } },
{ "type": "Feature", "properties": { "Owner Type": "SSEN", "Owner Name": "SHEPD", "Type": "Primary", "Class": "Distribution", "Number": "", "Status": "Existing", "Data Confidence": "Surveyed", "Operating Area": "", "Locality": "", "Extent": "12369.23 m²" }, "geometry": { "type": "Point", "coordinates": [ 83205.501999999993131, 842750.667999999946915 ] } },
{ "type": "Feature", "properties": { "Owner Type": "SSEN", "Owner Name": "SHEPD", "Type": "Primary", "Class": "Distribution", "Number": "", "Status": "Existing", "Data Confidence": "Assumed", "Operating Area": "", "Locality": "", "Extent": "1068.36 m²" }, "geometry": { "type": "Point", "coordinates": [ 81823.725999999995111, 864373.033000000054017 ] } },
{ "type": "Feature", "properties": { "Owner Type": "SSEN", "Owner Name": "SHEPD", "Type": "Primary", "Class": "Distribution", "Number": "", "Status": "Existing", "Data Confidence": "Surveyed", "Operating Area": "", "Locality": "", "Extent": "372.62 m²" }, "geometry": { "type": "Point", "coordinates": [ 79162.968999999997322, 853848.243000000016764 ] } },
{ "type": "Feature", "properties": { "Owner Type": "SSEN", "Owner Name": "SHEPD", "Type": "Primary", "Class": "33kV/LV", "Number": "644", "Status": "Existing", "Data Confidence": "Surveyed", "Operating Area": "", "Locality": "", "Extent": "121.97 m²" }, "geometry": { "type": "Point", "coordinates": [ 77381.964999999996508, 840058.941 ] } },
{ "type": "Feature", "properties": { "Owner Type": "SSEN", "Owner Name": "SHEPD", "Type": "Primary", "Class": "Distribution", "Number": "", "Status": "Existing", "Data Confidence": "Surveyed", "Operating Area": "", "Locality": "", "Extent": "471.35 m²" }, "geometry": { "type": "Point", "coordinates": [ 75073.98399999999674, 814516.660000000032596 ] } },
{ "type": "Feature", "properties": { "Owner Type": "SSEN", "Owner Name": "SHEPD", "Type": "Secondary", "Class": "Distribution", "Number": "9201724", "Status": "Existing", "Data Confidence": "Surveyed", "Operating Area": "Western Isles", "Locality": "SOUTH UIST", "Extent": "7.39 m²" }, "geometry": { "type": "Point", "coordinates": [ 74099.815000000002328, 829529.224999999976717 ] } }
]
}
