{"type":"FeatureCollection","name":"SSSI_2km","crs":{"type":"name","properties":{"name":"urn:ogc:def:crs:OGC:1.3:CRS84"}},"xy_coordinate_resolution":1e-15,"features":[{"type":"Feature","properties":{"REF_CODE":"1003435","NAME":"Allen Confluence Gravels SSSI"},"geometry":{"type":"MultiPolygon","coordinates":[[[[-1.032134084923482,50.758726010837485],[-1.0322893788376,50.75881194473479],[-1.032408606005931,50.75887867085092],[-1.032440844778194,50.758896918368634],[-1.033170206338769,50.75934034334662],[-1.034348112653542,50.76010936018387],[-1.034392104367508,50.7601368512573],[-1.034665640684499,50.760310133926055],[-1.034801478244389,50.76039736644592],[-1.03483504831297,50.760419220516255],[-1.035102905751599,50.7605984539988],[-1.035630765185221,50.760961517127754],[-1.03589076717018,50.76114534680937],[-1.035927048492099,50.761171718471026],[-1.035982891613272,50.76121255600772],[-1.036094190049623,50.76129444319296],[-1.036149645364618,50.76133549284188],[-1.036257188449781,50.76141558511973],[-1.036543286327273,50.761635630085244],[-1.037104342751974,50.762081362235136],[-1.03737930125941,50.76230704947247],[-1.03766032197211,50.7625454301049],[-1.038183695301713,50.762985850076745],[-1.038243211129332,50.76303498349107],[-1.038329137915304,50.76310666875873],[-1.038349404994536,50.76312361830566],[-1.038514217134048,50.763261790811164],[-1.038689637457457,50.76341207827101],[-1.039372582194529,50.76401006759719],[-1.039748792567857,50.76435622579597],[-1.039932596189313,50.76453410538313],[-1.039938375615598,50.76453966201897],[-1.039961553530958,50.764562018732434],[-1.040007804428595,50.76460677578768],[-1.040030877410732,50.764629176129404],[-1.040332576535427,50.76492303148041],[-1.040383868845993,50.7649733557393],[-1.040485923850425,50.76507421985495],[-1.04053668654361,50.765124759712194],[-1.040650561927556,50.76523897282533],[-1.040702763339289,50.76529173248881],[-1.040806588990144,50.76539747980697],[-1.040858213228456,50.76545046746217],[-1.041122003335665,50.76572333113969],[-1.041197673320607,50.76580251530455],[-1.041347724338582,50.76596137344739],[-1.041422105368772,50.76604104742699],[-1.041743976326045,50.766389903805134],[-1.04180062971556,50.766451871283],[-1.041872169837385,50.766530844846315],[-1.041949323458753,50.76660992370593],[-1.042102585512397,50.766768842955564],[-1.042178567956405,50.766848554217844],[-1.042335298525307,50.767014915497704],[-1.042463155242489,50.76714699295904],[-1.042736832423051,50.76737227201153],[-1.043700998216835,50.76827407160141],[-1.043777319864761,50.76835569985677],[-1.044312549769548,50.768986946905365],[-1.044427650296021,50.76911260603422],[-1.044965971290599,50.76972849476231],[-1.045041285857289,50.769806261343064],[-1.045385516354489,50.77018173841137],[-1.045427099717594,50.770229727094176],[-1.0455009191106,50.770316030093625],[-1.045647068254447,50.770489141959],[-1.045719398001471,50.770575950826625],[-1.045769260098523,50.77063659347362],[-1.046065244111575,50.771018331839244],[-1.046621655925993,50.771780981433636],[-1.047276116545807,50.77184655246363],[-1.047704224408652,50.77189371669609],[-1.047909605793912,50.771918404028945],[-1.048011501406764,50.771930274356194],[-1.048192536902425,50.771952135893656],[-1.048417450012116,50.771980257141514],[-1.048550258752932,50.77199634232496],[-1.048661568693767,50.7720101163111],[-1.048884011465132,50.772038228000156],[-1.04899514429812,50.77205256570347],[-1.049169841293202,50.77207556553227],[-1.04922392389493,50.7720827554762],[-1.049332044546447,50.77209726886904],[-1.049386082596517,50.772104592318],[-1.049557264192445,50.77212801258568],[-1.049781407234824,50.77215988528405],[-1.0502288505294,50.77222592747075],[-1.050452150801419,50.77226009696282],[-1.05052989411615,50.7722724165342],[-1.050618207224953,50.77228660224572],[-1.050794688038912,50.77231533293862],[-1.050882855745276,50.77232987792026],[-1.050981796919008,50.772346415458074],[-1.052842723692705,50.77274674665857],[-1.056459528140334,50.77370662034796],[-1.059832512601156,50.77497422478588],[-1.062896964962138,50.7765252424472],[-1.065594062790843,50.77832991307144],[-1.067871998983155,50.78035360800943],[-1.068900203441175,50.78141559404835],[-1.068963927302201,50.7814929704945],[-1.069014385142173,50.78155482104886],[-1.069114544231903,50.781678767947575],[-1.069164245480157,50.781740864292566],[-1.069171776337525,50.781750364244765],[-1.069189421520685,50.781772700373224],[-1.06922461399239,50.7818174036122],[-1.069242161280864,50.781839770722755],[-1.06924569718057,50.781844293592215],[-1.069386774599993,50.782030072029855],[-1.069662176808554,50.78240363019429],[-1.069796501554859,50.78259140993671],[-1.069806848765216,50.78260632714285],[-1.070027106269311,50.7829487166143],[-1.070415517207965,50.78346894770071],[-1.070847694473335,50.784111139353904],[-1.070853130152795,50.78412017284838],[-1.071357079023244,50.785133911763296],[-1.072172822551487,50.7871919977371],[-1.072433661641686,50.78806569732421],[-1.030575810307873,50.78769032460698],[-1.032134084923482,50.758726010837485]]],[[[-1.036504101648775,50.677250258070714],[-1.037896292376279,50.675374836962845],[-1.038343303552846,50.67493460430543],[-1.038753680167111,50.674411406442765],[-1.040081623957763,50.67304113115522],[-1.040189853557141,50.67294905946119],[-1.040218649853105,50.6729245674418],[-1.04067163879201,50.672214972954464],[-1.041337974160793,50.67131695374316],[-1.041401808229638,50.67124195975931],[-1.042236803873422,50.670380586469015],[-1.044053685180139,50.66872287110196],[-1.045035568367401,50.667926526649346],[-1.045044515455948,50.66792005573744],[-1.045113534916389,50.66787014069614],[-1.045782609436551,50.66746867000214],[-1.046618311658476,50.66682938754717],[-1.048226645310094,50.66588015765929],[-1.048658946670622,50.66555182828493],[-1.048673339637784,50.66554385486433],[-1.049257729320486,50.66527158435197],[-1.049288835940346,50.665253223993176],[-1.050704223282693,50.6645199889263],[-1.050827025461838,50.66446434965207],[-1.052142418412407,50.66404779971647],[-1.054651168817774,50.66307395953134],[-1.059064212637877,50.661954874468925],[-1.059318572750908,50.66192025515889],[-1.059813779797227,50.66170196015586],[-1.061073461520595,50.66124062913192],[-1.061085469392969,50.66123610730271],[-1.06108912220844,50.66123432799134],[-1.061100544060473,50.66122902593832],[-1.061163697070459,50.66119987953631],[-1.061290254886778,50.6611418084848],[-1.061353659693385,50.66111288383506],[-1.061375084895338,50.661103166650506],[-1.062109743194072,50.66079149423621],[-1.063608201881708,50.660197878819325],[-1.064372002821596,50.65991593547805],[-1.064384805274046,50.65991154341278],[-1.064461426398845,50.65988545026893],[-1.064614919203785,50.659833563534264],[-1.06469179088459,50.65980776994313],[-1.065116186877778,50.65966642420932],[-1.065340110280525,50.6595934510903],[-1.065789961771237,50.659450046437016],[-1.066015889876394,50.659379614896125],[-1.066021640550014,50.659377862307714],[-1.066430943027142,50.659258178142636],[-1.067139370109244,50.659059647251894],[-1.067176240892156,50.65904880881988],[-1.067320298093057,50.659007082294075],[-1.068446816036681,50.65868560838764],[-1.068649176588054,50.65861905016173],[-1.068778772801426,50.65857783219648],[-1.069406858893014,50.65839714567727],[-1.069962568520294,50.65777276566727],[-1.069977565427931,50.65775751238418],[-1.070461845267293,50.65734037444057],[-1.071032413262246,50.65674760602945],[-1.074262762347422,50.65441854037819],[-1.075387502227943,50.65384658637957],[-1.075390468630071,50.65384894344393],[-1.076645625068142,50.65297815989293],[-1.076663438535963,50.65296787190458],[-1.078170120620094,50.65220977357014],[-1.078762353799852,50.65195133193493],[-1.079061760909988,50.65178085329532],[-1.079443553627603,50.65157114262081],[-1.079561542986009,50.65150863438544],[-1.080271186285391,50.65115638661022],[-1.080294019375273,50.65114577865555],[-1.080489116866612,50.65106501330593],[-1.080614593593763,50.650999976520204],[-1.080850335072617,50.65088495880078],[-1.081366284488511,50.65070188060529],[-1.081571004591167,50.65061712806654],[-1.081845122396173,50.65051657805278],[-1.08185568826706,50.650528218725235],[-1.081908672404966,50.65050941755631],[-1.083282480831892,50.64985079080384],[-1.083295413566461,50.64984549849255],[-1.08498074367511,50.64925479739825],[-1.085027623778056,50.64924091972839],[-1.085820379730505,50.648933945033676],[-1.085834693208629,50.6489295625968],[-1.086738180118345,50.64867722377998],[-1.087150531688627,50.64857280511766],[-1.08718646966232,50.64855773394038],[-1.087231974932068,50.64854460436957],[-1.087672696807016,50.64844057587316],[-1.087807941247028,50.648406327058716],[-1.087809210436025,50.64840835260269],[-1.087960831333738,50.64837256310453],[-1.088461809369555,50.648224241127174],[-1.090257559904737,50.64778437460197],[-1.09030157691943,50.64777572763685],[-1.090898929733508,50.647667454271726],[-1.092100529726866,50.64746767705528],[-1.092704777313142,50.647376173138206],[-1.092735881267062,50.64737191941814],[-1.09306601022723,50.647329379439086],[-1.093727766443298,50.647249306861035],[-1.09405939376834,50.64721177425437],[-1.094075398199442,50.647210087641454],[-1.094078473262013,50.64720969028096],[-1.094866299827761,50.647122550084454],[-1.094893287438632,50.64712006240108],[-1.095697684016891,50.647060803280915],[-1.097310489474667,50.64697163337424],[-1.098118899369338,50.646941722544476],[-1.098152848744091,50.646941085502824],[-1.098875667007033,50.64693926774161],[-1.099121664357589,50.6469426454326],[-1.099392079595249,50.646936122494836],[-1.099393317570125,50.64695685359526],[-1.099464621384186,50.64695128900121],[-1.099473257250049,50.64695064924299],[-1.099656922945135,50.64692988387288],[-1.099772615203928,50.64692847193809],[-1.099809640136065,50.646925728968704],[-1.0999822728277,50.64691362197454],[-1.100043110536701,50.646909595484324],[-1.100158580910483,50.646902257394096],[-1.100389612391409,50.64688818344517],[-1.100505173501533,50.64688144758634],[-1.100533543692438,50.646879868507945],[-1.100658217429848,50.64687328221853],[-1.10090765158802,50.64686081059221],[-1.101032412012536,50.64685492525515],[-1.101118785321894,50.64685109479855],[-1.1012641112291,50.64684512759591],[-1.101342536819715,50.646842164981],[-1.101357903762101,50.64684141342112],[-1.10145225768239,50.64683689966653],[-1.101499440482484,50.646834693039565],[-1.101534807165979,50.64683307681657],[-1.101595306722667,50.646830394898544],[-1.101716323357813,50.64682519592022],[-1.10177684043665,50.646822678859984],[-1.101851886628501,50.64681966016856],[-1.10213125463837,50.64681018496314],[-1.102690230697769,50.646794747467005],[-1.102969838784775,50.64678878517852],[-1.103009385521128,50.64678819071488],[-1.103180708018479,50.64678627533046],[-1.10352337697038,50.64678376350367],[-1.103694723433565,50.646783167061976],[-1.103817759000724,50.64678321246896],[-1.104034886076306,50.646784351949705],[-1.104469087265706,50.64678874876379],[-1.104686161397084,50.64679200609895],[-1.104833284355211,50.6467949320882],[-1.104899410535168,50.646796345586594],[-1.105031651790317,50.646799369123634],[-1.105097766866004,50.646800979162364],[-1.105246155582491,50.64680481360624],[-1.10526301712154,50.646805449093705],[-1.105400525310468,50.64680508664873],[-1.105560606577988,50.64680524046812],[-1.10577370464317,50.646806211622454],[-1.105842756200571,50.64680663340759],[-1.105902108081314,50.64680708803989],[-1.106273551826324,50.646813035759685],[-1.107016065993337,50.64683112900732],[-1.107387136503077,50.646843274545425],[-1.107440858298721,50.646845482987715],[-1.107808055893903,50.64686363256504],[-1.107860170443116,50.64686664283408],[-1.108460287789419,50.64684103877205],[-1.108470198875003,50.64684111447074],[-1.10906688961232,50.64685368191571],[-1.110258907116217,50.64689480626988],[-1.110854234245519,50.64692336322567],[-1.110899370364424,50.64692613842412],[-1.111168610125591,50.64693930009105],[-1.111816703999335,50.64698054240438],[-1.1118293970274,50.64698153826568],[-1.112071523928855,50.64700477147687],[-1.112197000810692,50.6469827712118],[-1.112460954846575,50.64693736244568],[-1.112593104316385,50.64691506339378],[-1.112920901266242,50.64686082671095],[-1.113124460149278,50.64682816930238],[-1.113532317223071,50.64676477791788],[-1.113664851348532,50.64674483994962],[-1.11370813312547,50.646737298166165],[-1.113785284423087,50.64672386791319],[-1.113798940339915,50.646721495453214],[-1.11390822155098,50.64670254718175],[-1.114089779690425,50.64667188866262],[-1.114453519826122,50.64661210653798],[-1.114585204999368,50.64659105538624],[-1.114657807367581,50.64657840938323],[-1.11474774407146,50.64656294626742],[-1.114967764123258,50.64652561113078],[-1.115034554313262,50.64651438844874],[-1.115179266446937,50.6464903127129],[-1.115201637083903,50.6464866033121],[-1.115246387855731,50.64647920775057],[-1.115268767990612,50.64647552158981],[-1.115436285498517,50.64644802302212],[-1.115466272264745,50.64644312281518],[-1.115526262581358,50.64643336412386],[-1.115556266131787,50.64642850563951],[-1.115753370090321,50.64639673432887],[-1.115834137659066,50.64638387598627],[-1.115875933445199,50.646377305056625],[-1.115945570893239,50.64636553321456],[-1.11651480797715,50.646271767380455],[-1.116800192342881,50.64622676443612],[-1.116839956857772,50.64622077207024],[-1.117081347184076,50.64618581092897],[-1.117096600277067,50.64618369087566],[-1.118667812047546,50.645662206691966],[-1.119577269172835,50.645386099529745],[-1.119890698526216,50.64529952008113],[-1.120215785002566,50.64520808430967],[-1.120311764295012,50.64518135820531],[-1.120504031362697,50.64512835858696],[-1.120600319139385,50.64510208507251],[-1.120775192494246,50.645054855020554],[-1.120891914050834,50.645023721769306],[-1.121125790294863,50.64496212032899],[-1.121242944984951,50.644931652139164],[-1.12141298736723,50.644887992991116],[-1.121768216795349,50.644781878210274],[-1.122038755407419,50.64470066139569],[-1.122204994029382,50.64464934352234],[-1.122264549790944,50.644631067841836],[-1.122383794933028,50.64459469364069],[-1.122443484313894,50.64457659511991],[-1.122760709751807,50.64448098602948],[-1.124558700025627,50.644031894119045],[-1.128367526760447,50.64326678488175],[-1.132402351672687,50.64285004744837],[-1.136575597487683,50.6428074362098],[-1.140713073444177,50.64315672396452],[-1.144724296996035,50.64389026052165],[-1.146124984562241,50.64429668153127],[-1.147583179342845,50.64219625326889],[-1.150354697039417,50.63957631662243],[-1.153806207391822,50.63730638520905],[-1.157830493984287,50.63545693021805],[-1.159971180449352,50.63464535194176],[-1.159979998693298,50.63464264742163],[-1.160158410443187,50.63458793474119],[-1.160387705986817,50.634517285775466],[-1.160413365790879,50.63450932098169],[-1.160435435849273,50.63450248551682],[-1.160442545300832,50.63450028845347],[-1.160492271641095,50.63448499757734],[-1.160591817774626,50.63445453940923],[-1.160641637568081,50.634439372117185],[-1.160770013355045,50.63440048467298],[-1.160790831009089,50.634394178108444],[-1.160824784158045,50.634383893471586],[-1.162973027308184,50.63386470709315],[-1.167244751521691,50.633078062185156],[-1.167239095352961,50.63278646679629],[-1.167704613118688,50.630685989505245],[-1.166488915786367,50.629393066827866],[-1.164954314595911,50.626838350241165],[-1.164356123325956,50.62634045775433],[-1.162569906423678,50.62427829952579],[-1.162231177302289,50.62419308391622],[-1.158021646101449,50.62254228806402],[-1.155361977041114,50.62103328579588],[-1.154479894652978,50.62061607275346],[-1.154458925022396,50.62060243547208],[-1.154321944862971,50.62051209948192],[-1.154049981769816,50.62033021949457],[-1.153914998835134,50.62023867550206],[-1.15388989732843,50.62022141196944],[-1.153670661742418,50.62006708913098],[-1.153296232354954,50.61979731156478],[-1.153261961004761,50.61977323105175],[-1.152631307111282,50.61929805881755],[-1.152564556494167,50.61924408285404],[-1.152355070963465,50.6190703765916],[-1.152213914377274,50.61895032958774],[-1.152056346681417,50.61882234033012],[-1.15175199569894,50.6185658033172],[-1.151715733800714,50.61853407418982],[-1.151702509678885,50.618522483685204],[-1.151535637484393,50.61837597973638],[-1.151135122364957,50.618005159396496],[-1.151072850093499,50.61794429509847],[-1.151067457321605,50.61793929971265],[-1.150856962139119,50.61773859687312],[-1.150840355938484,50.61772229351648],[-1.150823601251554,50.61770580495027],[-1.150242466993953,50.61713251203852],[-1.149863212552652,50.61673626512343],[-1.149835447193003,50.616705495664945],[-1.149534597581439,50.61635422006198],[-1.148957765819257,50.61564350131086],[-1.148681783390153,50.61528405828578],[-1.148668023652719,50.61526507802315],[-1.148653151585362,50.615244495258004],[-1.148623489036023,50.61520330595007],[-1.148608698553983,50.615182699407335],[-1.148588009916758,50.61515377899298],[-1.148532714128188,50.615075492661504],[-1.148423300037674,50.61491858769623],[-1.148369181732551,50.61483996906352],[-1.148352606851521,50.61481557422629],[-1.148301607494533,50.61473955610808],[-1.148200709631745,50.61458722476885],[-1.148150811122991,50.61451091154882],[-1.148142649214575,50.614498265382956],[-1.148008266474583,50.614282142581246],[-1.147748328495849,50.61384775898163],[-1.147622773186957,50.61362949820355],[-1.147567929910672,50.613530202637726],[-1.147370354536223,50.613144938605934],[-1.146989714905146,50.61234174627691],[-1.146813430381793,50.61193555488492],[-1.146793150684929,50.61188416191126],[-1.146704082000978,50.611644605014305],[-1.146536286414797,50.61116402945172],[-1.146457559411826,50.610923010801194],[-1.146448210574256,50.61089228446122],[-1.146423951457983,50.6108105280047],[-1.146376623333956,50.610646875752536],[-1.146353554322192,50.6105649799574],[-1.146346885331941,50.610540657330695],[-1.146255683022641,50.61016008063298],[-1.146098966066845,50.60939679183379],[-1.146033451010112,50.60901407976796],[-1.146032216152962,50.60900508045922],[-1.14602692851462,50.60896553880236],[-1.146016627656499,50.60888644092465],[-1.146011614451773,50.60884688468898],[-1.146010394494732,50.60883698616424],[-1.14600281302723,50.60877249709353],[-1.145988379185818,50.608643485920766],[-1.145981526809921,50.60857896381877],[-1.145970763982156,50.608471898999106],[-1.14595066005651,50.608213700733735],[-1.145908660587327,50.60745325747799],[-1.145900879274801,50.607033827990335],[-1.145901969662271,50.60697360094057],[-1.145929736703697,50.60650432208088],[-1.146023729468331,50.6055673263772],[-1.146089954430632,50.60509960949357],[-1.146094737501946,50.60507348211917],[-1.14611087245529,50.60498883852003],[-1.14614440261284,50.604819652464315],[-1.146161797812602,50.60473511000732],[-1.146184969357617,50.604626495995],[-1.146278676640579,50.60424794631828],[-1.146491345247612,50.603493730918736],[-1.146610306181645,50.60311806514559],[-1.146643102677629,50.603024804162175],[-1.146653784247421,50.602994469290834],[-1.146786232238935,50.60265027447581],[-1.147072221539807,50.60196572768429],[-1.147225807997709,50.601625246637624],[-1.147233190987426,50.60161001704587],[-1.147357398263781,50.60136619250787],[-1.147616677591079,50.60088089485326],[-1.147751749543683,50.60063942171146],[-1.147791060728309,50.60057219148609],[-1.1479588730592,50.60029891928979],[-1.148308410163348,50.59975600366088],[-1.148490134803639,50.59948636018652],[-1.148513450234394,50.59945326545176],[-1.148602221123428,50.599329767052815],[-1.148782681818898,50.59908363734136],[-1.148808360337488,50.59904880888459],[-1.14889593839551,50.59893068174501],[-1.148922139544451,50.598895538109794],[-1.14893085393545,50.598883914451996],[-1.148969647798567,50.598833112166574],[-1.149207090591143,50.59849916603229],[-1.149508194782229,50.59810191337891],[-1.149524043675622,50.598082250742],[-1.149998676410989,50.59754029336189],[-1.15037039616692,50.597148281161466],[-1.150421889550199,50.597059557550224],[-1.150442193014907,50.59702562169276],[-1.150606490160332,50.596682502224674],[-1.151122198708164,50.59578101215803],[-1.151129381388341,50.59577027557984],[-1.15127891102375,50.59555464409228],[-1.151586793906691,50.595125948990315],[-1.151745147119767,50.59491288534935],[-1.15177270089023,50.59487703477939],[-1.15187783509691,50.59474307980986],[-1.152091591411992,50.594476302388316],[-1.152200213505945,50.594343479929826],[-1.15226807380875,50.594262160679676],[-1.152410915079588,50.59409526942869],[-1.152570294622472,50.59391364893398],[-1.152574743147258,50.593905459218654],[-1.152870553932655,50.5934088618023],[-1.152882174866192,50.59339096567607],[-1.153150589134343,50.593003687196955],[-1.153715738274733,50.592237597133526],[-1.154012473843739,50.5918587849794],[-1.154041403531317,50.59182393212341],[-1.154277411198672,50.591551144061],[-1.154764115317463,50.59101093175196],[-1.155014811657506,50.59074350744379],[-1.155043527538246,50.59071404678807],[-1.155276711935829,50.5904827772166],[-1.155754066186162,50.59002488015843],[-1.155998235980348,50.58979825262672],[-1.156011140776438,50.58978665875738],[-1.156550593093257,50.58933609771033],[-1.156854695199529,50.589049796467904],[-1.157424176500355,50.58855134755083],[-1.157428550211429,50.5885477828631],[-1.15769357764114,50.58833831190816],[-1.158233347621354,50.58792450744634],[-1.15850809014653,50.58772017389462],[-1.158535228798363,50.58770059059252],[-1.158888460183549,50.58745501464651],[-1.159608951226036,50.58697235274819],[-1.159976210871622,50.5867352667097],[-1.160009069187917,50.586714825880826],[-1.16112557843142,50.58608988044276],[-1.163455501574881,50.58491812287621],[-1.164668916975,50.58437130883274],[-1.164717245229653,50.584351875938296],[-1.165188488984155,50.58417046948015],[-1.166141714582091,50.58381948330035],[-1.166623696557277,50.58364990347089],[-1.166707582546999,50.58362173365105],[-1.166884362875338,50.58356337895641],[-1.167239196824471,50.58344826123308],[-1.167417250454228,50.5833914982006],[-1.167652992959314,50.583317662106346],[-1.169204468729187,50.58290283037937],[-1.172738392276663,50.582111911496646],[-1.176700180684298,50.581614642091516],[-1.180969157952974,50.58147519516577],[-1.185222138956221,50.58174850224189],[-1.187696048540029,50.58215480451697],[-1.187767735323666,50.58213578872161],[-1.18803953579846,50.5820657886848],[-1.188083653823248,50.58205476420189],[-1.188372837668621,50.58198481765393],[-1.188953539374337,50.58184897144024],[-1.189245057277851,50.5817830717636],[-1.189543786227228,50.58171787747689],[-1.190197033860072,50.58165275086465],[-1.192084944632167,50.58129534705227],[-1.19213518693255,50.58128953680098],[-1.192293834929466,50.581257171544145],[-1.193233611650054,50.58111548254726],[-1.193455186193098,50.58105203699197],[-1.197385377080161,50.58033929517016],[-1.199391132063289,50.58007385348598],[-1.199471614984399,50.58006703099023],[-1.199665247964225,50.58005163403275],[-1.201770096080732,50.5778590863609],[-1.204436250195754,50.575828423511865],[-1.207542454638479,50.57406962776894],[-1.211021083608896,50.572620967822715],[-1.211833823863647,50.57238267075485],[-1.211850583579485,50.57237506976179],[-1.212340492814953,50.57216260541844],[-1.212391729676219,50.572141373168456],[-1.212671568507067,50.572029369322614],[-1.212870695734777,50.57193960850035],[-1.212889225068731,50.57193164237815],[-1.21338364964946,50.571728496512016],[-1.214385345847104,50.57133549125879],[-1.214892617640799,50.57114563176306],[-1.214912412082862,50.571138572247705],[-1.215271369170867,50.571014857732685],[-1.215994742149812,50.570774083598685],[-1.216359158115347,50.57065702394648],[-1.216390407184443,50.57064734407365],[-1.216828717444513,50.57051743044804],[-1.217712057052044,50.57026722958495],[-1.218157086620645,50.57014694253944],[-1.218191113044748,50.57013818026686],[-1.219302562459225,50.56988582680115],[-1.220862094680696,50.56957783985064],[-1.221723121814905,50.569343852692384],[-1.222206112144193,50.56921925267044],[-1.222274147340892,50.569202624955736],[-1.223261425142691,50.5689876265989],[-1.223447644703541,50.568951908897915],[-1.223454534957312,50.568948419536405],[-1.223574179360985,50.568888496588634],[-1.223629701794625,50.56886099567536],[-1.223699259475151,50.568826763618645],[-1.223768522446784,50.56879289528088],[-1.22397725304569,50.56867988167033],[-1.224546729363039,50.56837963357118],[-1.224834550748231,50.56823188247785],[-1.224862958910211,50.56821768592011],[-1.225046420910168,50.56812754225694],[-1.225415640729227,50.567949183524334],[-1.225601398554939,50.56786096844771],[-1.225652669085749,50.567837034692104],[-1.225941204541875,50.56770585580996],[-1.226523350552464,50.567448150509655],[-1.226816961137323,50.567321624066366],[-1.226821181070454,50.56731985432277],[-1.227765948991948,50.566956523794154],[-1.229697112434533,50.566277943786496],[-1.230683509301009,50.565962693684725],[-1.230704798120559,50.56595654075337],[-1.231740106126115,50.56568825034267],[-1.233840764913255,50.56520463983204],[-1.234906116586654,50.564989319350886],[-1.234916039734166,50.56498758585176],[-1.236561773111819,50.564777062216514],[-1.237353494881146,50.5645371043299],[-1.23789447465166,50.56438193087567],[-1.237917159340869,50.56437578577832],[-1.238394514203248,50.56425296956243],[-1.23935592934137,50.56401849757527],[-1.239839989809554,50.5639068417495],[-1.239864055815256,50.56390160459788],[-1.239890790369633,50.56389580573245],[-1.239944277616834,50.563884242057036],[-1.239971030309691,50.56387847724701],[-1.239971844173466,50.56387830244888],[-1.239982666628062,50.56387528830333],[-1.240098353015285,50.563841233493825],[-1.240749314405609,50.563661840386665],[-1.241236795468515,50.56353432188578],[-1.241250937118647,50.563530817577394],[-1.241660660230623,50.563433910434235],[-1.241795714742179,50.5634034737036],[-1.242747487884948,50.56315819963692],[-1.243672960657914,50.56294330495169],[-1.243677166572982,50.5629424329268],[-1.243993923875446,50.56287937088543],[-1.244629675574257,50.56275800385916],[-1.244937516687846,50.562701737458724],[-1.24530847021394,50.5626028551196],[-1.246200504916658,50.562441937292846],[-1.246781190094991,50.56227726898044],[-1.248786812506084,50.561820517231766],[-1.248796734506281,50.56181878254632],[-1.2497631314926,50.56167289482321],[-1.251709610086578,50.56142473398936],[-1.252689667616226,50.56132246509238],[-1.252730579463462,50.56131913218951],[-1.253479721415588,50.561270994773174],[-1.253543276729681,50.56126799874848],[-1.253719965264544,50.561248695106556],[-1.253768125281757,50.56124205757418],[-1.254833074453705,50.56112227302837],[-1.255129963694723,50.56109630190317],[-1.256227818699796,50.56111070748885],[-1.256577622021234,50.5610697402891],[-1.25927187346162,50.56092191701272],[-1.259283162460256,50.56092198882489],[-1.260988567467506,50.560998772585705],[-1.262494490071682,50.56112528893439],[-1.264003124898544,50.56100752567355],[-1.264530191275957,50.561015624189],[-1.265001216843781,50.56082763436421],[-1.265026743769002,50.56081790572635],[-1.265389589088352,50.56068423868762],[-1.266121343269323,50.56042382182826],[-1.266490252205533,50.56029707197022],[-1.266511546922658,50.560290013391324],[-1.266674986837699,50.56023669518927],[-1.267002940443384,50.560131416798036],[-1.267167454141132,50.56007945660588],[-1.267190144763195,50.560072406687915],[-1.267864036614869,50.55987679417985],[-1.26922697669602,50.55950833839634],[-1.269916026837811,50.559335494750144],[-1.269938690238785,50.55933024276604],[-1.270184794394911,50.55927484632386],[-1.27067856676508,50.55916695993954],[-1.270926235006214,50.55911446999096],[-1.270960214503641,50.55910749003603],[-1.271478995160827,50.55900788234039],[-1.272522168487026,50.55882141550737],[-1.273046561453154,50.55873455632861],[-1.273069195145722,50.558731101280394],[-1.273396433409691,50.55868376032654],[-1.27405258205917,50.5585940440937],[-1.274381492510384,50.55855166880552],[-1.274416827130758,50.55854739423297],[-1.27498526156705,50.558486738703984],[-1.276083944027609,50.55833874065716],[-1.276083466771981,50.558337334100095],[-1.276538306323356,50.55827470260157],[-1.276882700018062,50.55823012927509],[-1.27689681081384,50.55822841918106],[-1.277482204226021,50.558165568009755],[-1.278656617445982,50.558055591563225],[-1.279245637635334,50.55800846625256],[-1.279295156694275,50.55800517642331],[-1.279476017968083,50.558000311803504],[-1.279611547168428,50.557988292404914],[-1.279612012157811,50.55799042021616],[-1.279897267381276,50.55796008977335],[-1.280305220030236,50.55792770977971],[-1.280780347659642,50.55789518852298],[-1.280794443118776,50.55789437717711],[-1.281871793790126,50.55786000339362],[-1.282781587804337,50.55782341695528],[-1.282813942275334,50.55782361625391],[-1.282985521670061,50.5578266899578],[-1.283401474921589,50.55773276755541],[-1.283450985351001,50.55772228319258],[-1.284487968887775,50.55753041171771],[-1.28658190725206,50.557197698232955],[-1.287638862152703,50.55705685606367],[-1.28769400595954,50.55705090001756],[-1.288163499150162,50.55700535104531],[-1.28910462249155,50.55692433405226],[-1.289576252838969,50.55688886601598],[-1.289601766684101,50.5568872239521],[-1.29037782239532,50.55685100699279],[-1.291931884964227,50.556805855027726],[-1.292705492934536,50.556796970547325],[-1.292839420914116,50.55678913288683],[-1.293081478095358,50.55677571495122],[-1.293114506751188,50.55677379767336],[-1.293226160799844,50.556767600824564],[-1.293738046312013,50.55674049351455],[-1.293994182422782,50.55672842239498],[-1.294242834452406,50.55671815147815],[-1.294672376298275,50.55670458978243],[-1.295531908593433,50.55668580397],[-1.295961899193641,50.55668057985122],[-1.296067703148327,50.55668032112947],[-1.296363298356086,50.55668156956573],[-1.296566103166168,50.55668377866482],[-1.296891323402762,50.55667589760327],[-1.298654645189554,50.556668276243855],[-1.299536493520235,50.556682013553015],[-1.299688888673641,50.556687425904485],[-1.299776776252316,50.556690722336256],[-1.299952517466474,50.556697664135164],[-1.300040371103243,50.556701309502365],[-1.300136332204354,50.556705482689026],[-1.300224945049054,50.556709514746544],[-1.300402129198327,50.556717933853925],[-1.300490700504216,50.55672232090388],[-1.300569670970563,50.556726391659566],[-1.300729238200698,50.556736391841234],[-1.301037904084029,50.556750581877196],[-1.301114081206191,50.55675463549566],[-1.301372475678408,50.55676990996362],[-1.301888787265022,50.55680347954112],[-1.302146701543318,50.55682177514189],[-1.302273543217622,50.55683152541492],[-1.302489903694281,50.55684923815018],[-1.302922169664743,50.5568867901717],[-1.303138075177709,50.55690662945963],[-1.303376344430535,50.55692972181531],[-1.303474537343829,50.55693946363758],[-1.303630851578008,50.55695533077132],[-1.303816622887732,50.55697349265148],[-1.303918686155484,50.55698340988732],[-1.304208807051467,50.557013572074936],[-1.304788001189128,50.55707773625905],[-1.305077074476592,50.55711173826083],[-1.305236361145597,50.55713156861518],[-1.305293166143232,50.557138717565245],[-1.305406729681152,50.55715316375635],[-1.30546348822178,50.55716046099741],[-1.30551425618551,50.55716705708624],[-1.306347080771689,50.5572921194158],[-1.307026782037926,50.55740814099036],[-1.307335229536193,50.55745119852529],[-1.307360661840999,50.55745521590209],[-1.307377187097257,50.557457833027435],[-1.307410232647575,50.55746307996797],[-1.307426752941642,50.557465709783145],[-1.307471809484779,50.55747290057879],[-1.308141447731665,50.55759099916864],[-1.309470801545935,50.55784803253871],[-1.310130517646182,50.557986967432505],[-1.310195251175805,50.558001735309034],[-1.310453142183208,50.55806237955609],[-1.310658866265173,50.55811221120223],[-1.310752062979896,50.55813183759687],[-1.311267935663519,50.55824636349036],[-1.311266956411011,50.55824815347759],[-1.311670465580024,50.558334879143494],[-1.311719947594577,50.55834670969149],[-1.31202033688576,50.55841339460877],[-1.312009104700623,50.558433926641605],[-1.312336487975812,50.55847656693048],[-1.31247579821609,50.55850984456479],[-1.312735008184067,50.55857362320473],[-1.312967436263278,50.55863249261924],[-1.313210754695681,50.55869579697879],[-1.313249539703021,50.55870615704453],[-1.313762470566772,50.558837768345334],[-1.314325891381362,50.55899146864977],[-1.314586000888699,50.55906672238232],[-1.314607832332116,50.559073046439984],[-1.314716300516029,50.55910452056747],[-1.315102909165595,50.559221245101675],[-1.315870402141982,50.55946209967728],[-1.316251286559247,50.55958622975657],[-1.316289163955881,50.55959903885894],[-1.316498159116964,50.559671158119855],[-1.316914215592624,50.55981762678574],[-1.317121276920722,50.55989197619765],[-1.317221088195973,50.55992852388248],[-1.317367296789745,50.559982805783946],[-1.317658683,50.560092481583254],[-1.317803860620891,50.56014787548364],[-1.317900631966681,50.56018530319473],[-1.318049326932525,50.56024394419814],[-1.318838346884093,50.56053566002136],[-1.318944142557268,50.56057755371695],[-1.319371065450506,50.56069321455347],[-1.319803335267367,50.56081581088147],[-1.319911595849923,50.56084790977741],[-1.32007762193729,50.560897975324814],[-1.320408638468066,50.56099947750307],[-1.320573628918804,50.561050914136864],[-1.320622760984704,50.561066484437625],[-1.32110611598283,50.56122715149252],[-1.322062736460146,50.56156024808554],[-1.322536002104904,50.5617326777062],[-1.322576755516504,50.56174819846035],[-1.323866568042729,50.56230307620545],[-1.326342557648374,50.56349985684263],[-1.327528736623009,50.56414176192466],[-1.32769251713994,50.564240794024364],[-1.327874175679254,50.56435262064058],[-1.328234324793997,50.56457832547201],[-1.328412815369747,50.564692203696964],[-1.328451919216944,50.56471760259167],[-1.328992128644557,50.5650888223315],[-1.330038925649941,50.5658500255405],[-1.330545513095932,50.56624000930928],[-1.330583262366725,50.566270793758484],[-1.330703287345309,50.56637009207652],[-1.330941154612024,50.5665697439782],[-1.331058996896157,50.56667009756626],[-1.331088325134605,50.566695439437595],[-1.331594783206029,50.567163317043814],[-1.332560315388378,50.568118507056944],[-1.333019389431901,50.56860581957828],[-1.333087447148255,50.568683527376905],[-1.33310010853042,50.56869801539713],[-1.33312538935223,50.56872700627711],[-1.333138008791856,50.56874150913687],[-1.333174095755078,50.56878307226611],[-1.333285903577915,50.56891441088281],[-1.333506079667745,50.56917825266482],[-1.333614447920884,50.56931075583653],[-1.333647741466163,50.56935230283783],[-1.333758152518329,50.56949311414037],[-1.333975090070279,50.5697759455577],[-1.334081616552289,50.5699179656796],[-1.334110745544726,50.56995769012137],[-1.334409281336783,50.57039465090006],[-1.334969604208719,50.57127802846861],[-1.335231390719701,50.571724445454976],[-1.335271332986759,50.571798486020086],[-1.335534190868974,50.57234087383683],[-1.336005666321423,50.573435128770264],[-1.336066267739971,50.57359544322898],[-1.336253955792654,50.57373063219503],[-1.336620701403674,50.57400572155187],[-1.33667517960433,50.57404828665374],[-1.336852672425313,50.574189853367905],[-1.337203147170656,50.57447523410631],[-1.337376129084178,50.57461904814393],[-1.337424650912135,50.57466024106349],[-1.337568350850213,50.5747794445894],[-1.33775964650595,50.57494189360808],[-1.337825217847853,50.57499890656806],[-1.337872788572807,50.57504051752994],[-1.337967555496464,50.575123912096885],[-1.338014751694846,50.575165695702296],[-1.338130561528023,50.57526884518595],[-1.338347628813783,50.575467791531935],[-1.338773274555975,50.57586933436599],[-1.338981852975164,50.57607193084048],[-1.339049988075564,50.576140096484984],[-1.339214920830196,50.57629160530598],[-1.339435153001363,50.576501764399296],[-1.3395862816338,50.576560897418844],[-1.339619975329594,50.57657457351406],[-1.339931279960081,50.5767046359687],[-1.34054840159647,50.57696993909037],[-1.34085421863871,50.57710517978626],[-1.340934290625012,50.57714159516364],[-1.341392314546142,50.57735893384296],[-1.342294197976341,50.57780522236424],[-1.342738057571363,50.578034172315206],[-1.342778626843998,50.57805597825249],[-1.343275166113371,50.578335837126055],[-1.344247084028511,50.578910081722164],[-1.344722462712729,50.57920446761999],[-1.344758933339099,50.57922813836045],[-1.345106713053022,50.57946252010305],[-1.345382749393793,50.57963375088879],[-1.345856187413572,50.579944227646976],[-1.346054659922809,50.58005786100793],[-1.346074280107984,50.58007055783162],[-1.34652294072292,50.58037470005794],[-1.346935260353796,50.580667529502556],[-1.347101713393418,50.58076951397667],[-1.347210937777489,50.58083755511278],[-1.347745499237671,50.581192989307205],[-1.347939842728827,50.58130024564176],[-1.348893698342231,50.581854581482965],[-1.349307390911791,50.58208441844211],[-1.349355244836796,50.58211112575198],[-1.349416956833924,50.582145724025224],[-1.349661277004263,50.58228594852116],[-1.350144726663696,50.58256998055052],[-1.350383856157864,50.58271378810531],[-1.350439863576443,50.582748264100125],[-1.350551822083594,50.58281794971677],[-1.350763557919968,50.58295120751621],[-1.350981033906738,50.5830500589547],[-1.35099514206787,50.583057330186676],[-1.352678019314991,50.58408184920789],[-1.353367265241802,50.58457687484726],[-1.353706765130964,50.584739128515494],[-1.353807533111799,50.58480531779797],[-1.353938712184842,50.58489264864585],[-1.354199216775677,50.58506842423802],[-1.354328542292641,50.585156868986374],[-1.354348154569422,50.585170463643735],[-1.354388285931102,50.58519839929939],[-1.354468363718961,50.5852543778826],[-1.3545083101451,50.585282420810266],[-1.354553633374463,50.58531437316909],[-1.35483385920653,50.58548255455539],[-1.35550401909357,50.58591280712624],[-1.355527904801729,50.58592921216383],[-1.355546962325432,50.58594232723319],[-1.355585036438711,50.585968581442394],[-1.355604053028284,50.58598172058225],[-1.355706160471092,50.58605241032822],[-1.355942569681822,50.586220251719055],[-1.356666467482232,50.5867473259867],[-1.35708946546595,50.587070239174416],[-1.357107554308688,50.58708472335989],[-1.357118148844779,50.58709330197737],[-1.357143386890747,50.587104400758086],[-1.357284893587669,50.58717211590277],[-1.357341752377273,50.58719560367833],[-1.357421763009986,50.587230208585886],[-1.35792830602321,50.58745982202287],[-1.358925042542509,50.58793301265658],[-1.359415236176518,50.58817658999232],[-1.359507877225976,50.58822474885953],[-1.359864907053172,50.58841670020777],[-1.360568806371065,50.588808012979136],[-1.360592964898403,50.58882147386874],[-1.360719784157067,50.588892298271524],[-1.361018006277924,50.58906368252471],[-1.361067114184461,50.5890927214328],[-1.361257530150187,50.5892074329704],[-1.361364886136629,50.58927331942043],[-1.361457375350282,50.58931414001432],[-1.361520269487165,50.58933981071006],[-1.362406607589437,50.58972791617597],[-1.362536554071182,50.58977567899734],[-1.36266338044829,50.58982285616996],[-1.36283060590563,50.589885805471546],[-1.36299880219016,50.589950127607025],[-1.363333776484671,50.59008025214465],[-1.363500554501159,50.59014605455085],[-1.363618904536287,50.5901934767791],[-1.363793032177124,50.59026554893845],[-1.36476331767038,50.590332702782554],[-1.366153958324154,50.59047388019765],[-1.366160934371369,50.59047481744019],[-1.36798425489783,50.590802422248075],[-1.371545726135337,50.591609919449624],[-1.373283885290106,50.592089814065325],[-1.373286668982464,50.592090728339265],[-1.375550438460547,50.5930253643945],[-1.375608829997436,50.59304509421235],[-1.379109838953816,50.594716395113835],[-1.380758157281729,50.59563882123057],[-1.380762315003539,50.595641540315576],[-1.381639565411232,50.59627175324021],[-1.381715561110336,50.59633178978452],[-1.382139163272982,50.596578540736544],[-1.382147596288472,50.59658398032932],[-1.38310475947241,50.59726776450715],[-1.38339745709411,50.597499624804385],[-1.383409367325244,50.59750559882998],[-1.384792106425201,50.59829847761717],[-1.384793492010622,50.59829938422869],[-1.385669535174064,50.59892898223905],[-1.387325450209962,50.600237495071646],[-1.388105329199994,50.60091640808342],[-1.388110967646348,50.600921831621605],[-1.388404078166646,50.60121599339629],[-1.388972190527325,50.60181131823866],[-1.389247192221812,50.602112481393675],[-1.38927084316992,50.602139576795864],[-1.389352070349388,50.60223395926217],[-1.389512745222161,50.602423335840456],[-1.389571244107741,50.6024932819059],[-1.390021765957584,50.60278646153411],[-1.390341062195996,50.60300119219939],[-1.390359308353545,50.603013874084496],[-1.390464901247009,50.603088090907896],[-1.390674783158372,50.603237267808375],[-1.390779072175413,50.6033122278878],[-1.390787542959375,50.603318385161046],[-1.391789436349031,50.60367972052414],[-1.39388195200374,50.604513286013265],[-1.394899580908294,50.60495919080909],[-1.394905255101765,50.604961917232224],[-1.397057523027168,50.60624063027048],[-1.40089928198518,50.60905402691184],[-1.401658519193048,50.609743721736514],[-1.401681442479249,50.60975993766852],[-1.401836590507554,50.60987062896723],[-1.401860187424551,50.609883221054616],[-1.401886912912438,50.609897518454105],[-1.401940308344485,50.60992615520488],[-1.401966978288657,50.60994049455623],[-1.402068016627442,50.609994954915585],[-1.40237467765605,50.61016513065168],[-1.402556267930575,50.61026886576682],[-1.402654964914961,50.61032246622224],[-1.402838830930598,50.610424075024156],[-1.403017573893778,50.610524584030436],[-1.403120270963716,50.610580827162444],[-1.403189127804547,50.610618783717264],[-1.403326455874515,50.61069497834244],[-1.403354294859057,50.61071052516288],[-1.403699521986544,50.61089268086619],[-1.403897287143695,50.610998988635394],[-1.404037575166828,50.611075811387266],[-1.404118520889782,50.61111545183893],[-1.404315162806967,50.61121265376299],[-1.404455772283177,50.61128228653651],[-1.404537478327334,50.61132413069472],[-1.404624378214173,50.611345132138624],[-1.404691989969644,50.61136166015302],[-1.404702728617239,50.61136445003463],[-1.405212366271009,50.61144629741767],[-1.40590017884318,50.61156859672552],[-1.405914360753246,50.611571365971876],[-1.406132242011093,50.611615139797486],[-1.406566865210524,50.61170492171843],[-1.406783607170485,50.61175092981803],[-1.40680894121094,50.61175645267427],[-1.407449017215201,50.61190706984008],[-1.408717009703466,50.61222777834767],[-1.409344926626769,50.61239786982155],[-1.409370238870219,50.612405190582095],[-1.409654372130999,50.61248979992575],[-1.410219620486054,50.61266300830963],[-1.410500735616872,50.61275160736441],[-1.410540197180107,50.612764393349956],[-1.411058668314018,50.61294112068006],[-1.412083617326285,50.61330814127222],[-1.412590095404666,50.613498434639304],[-1.412629408797025,50.61351391612623],[-1.412803680921493,50.613583665690534],[-1.413150611448379,50.613724771810354],[-1.413323269857721,50.61379612837064],[-1.413351440579999,50.613807957281935],[-1.413697895692634,50.61395817320119],[-1.414383657923798,50.614265073910495],[-1.414722965089248,50.61442175874236],[-1.414776374303473,50.61444719972579],[-1.415290263769338,50.614703988410845],[-1.416298857024485,50.615232396420154],[-1.416793560913395,50.61550401590937],[-1.416818787346058,50.61551852710083],[-1.416965426195489,50.61560408004003],[-1.417128196344165,50.61570039430831],[-1.417260355314778,50.615763660421386],[-1.417458192798333,50.615860116788525],[-1.417607970708999,50.61593448375972],[-1.417728919198355,50.61599436917774],[-1.41784012690226,50.616050002120446],[-1.418161877993178,50.616212624801285],[-1.418309191825417,50.61629198066976],[-1.418655549553403,50.61641882780633],[-1.418973383824686,50.61653877346155],[-1.419008527586286,50.616552434315366],[-1.419116726463175,50.61659491891985],[-1.419332519772247,50.61668050532956],[-1.419440114206141,50.61672360713593],[-1.419473860391352,50.61673726088861],[-1.419787598288149,50.6168679494324],[-1.420409519778633,50.61713457322038],[-1.420717703062509,50.61727050872377],[-1.420731727547512,50.6172768716853],[-1.420801575840116,50.61730876639509],[-1.420940966484957,50.61737282540475],[-1.421010508837565,50.61740498970492],[-1.421019692157245,50.61740926433125],[-1.421400046992692,50.617480317792804],[-1.421592668841398,50.617517249921654],[-1.421606736122426,50.61752001670754],[-1.421827986983765,50.61756480243101],[-1.422147008378428,50.617631218617916],[-1.422343287040122,50.61765621849102],[-1.423006361536279,50.61775127468327],[-1.423052888606636,50.61775869663605],[-1.423381355404396,50.61781376984929],[-1.424036116475264,50.61792891925783],[-1.424362410811511,50.617988995465744],[-1.424602167333488,50.61803513134698],[-1.425467304921461,50.61822121213117],[-1.425952592009341,50.61833683042327],[-1.425975698222585,50.61834169110323],[-1.426109932552185,50.61837142643117],[-1.427324693515551,50.61850205530786],[-1.427362726734182,50.61850853541803],[-1.428018074463871,50.618631061412835],[-1.42931871183044,50.618896101469346],[-1.429964001953951,50.61903861564626],[-1.430064178005668,50.61906247996527],[-1.4306549980149,50.61922396663942],[-1.432531031551325,50.61948593131356],[-1.432540915641919,50.61948777712173],[-1.433025292150989,50.61958427308921],[-1.433988293643524,50.619788260284174],[-1.434466918823342,50.61989575156036],[-1.434482376155906,50.61989942283409],[-1.435100101693065,50.620056771865926],[-1.43632324194181,50.62038977998909],[-1.436928657047774,50.62056543921825],[-1.436958269050775,50.620574572511764],[-1.438692791836657,50.62120969573195],[-1.438735869692159,50.62122816818422],[-1.438763101507484,50.62123533094457],[-1.438768658713545,50.621236875595564],[-1.438937982577763,50.621274184240875],[-1.439972782342986,50.62153158194748],[-1.439982656480738,50.62153432727293],[-1.441135308163022,50.62189532653115],[-1.443384385956084,50.622682376798956],[-1.444480814207358,50.623108428902206],[-1.44448928033809,50.62311206463398],[-1.444538850132481,50.62313578174287],[-1.445178484074211,50.62323323621401],[-1.446504660724327,50.623463598782834],[-1.446594519014754,50.62347601427037],[-1.447753091596241,50.6236524260224],[-1.448329458908779,50.623748394648366],[-1.448370284873524,50.62375578042767],[-1.448580560351428,50.62379494380165],[-1.449000132989371,50.623875337846854],[-1.449209430166032,50.623916568521686],[-1.449250363258835,50.62392485379551],[-1.449317162368104,50.623938490781676],[-1.449450653498639,50.6239659753475],[-1.449517345520434,50.623979822927296],[-1.449556879248445,50.62398810058584],[-1.449986090110832,50.62408285781486],[-1.450839509026596,50.62428109228788],[-1.451263717215772,50.62438456956932],[-1.451303114777358,50.624394644587994],[-1.451539186220621,50.624456595454355],[-1.452009533414237,50.62458319836852],[-1.452243809153657,50.624647850377286],[-1.452298762518198,50.624663392161075],[-1.452559868968848,50.62473926611698],[-1.453079608782699,50.62489436916893],[-1.453338242174487,50.62497359827624],[-1.45338760104506,50.624989113310505],[-1.45370396399367,50.6250917198991],[-1.45433254288305,50.62530195286831],[-1.454455098972021,50.62534420028828],[-1.454568696696294,50.625377405796065],[-1.454928415870359,50.625486485366835],[-1.4549777758017,50.62550199973747],[-1.455128129164969,50.625549967243536],[-1.45542792667128,50.62564703783731],[-1.455541801008976,50.62568445324957],[-1.455754535909426,50.6257292334798],[-1.456422061338981,50.62587565110379],[-1.456754388345535,50.62595150998211],[-1.456769849281902,50.62595517842068],[-1.456906326822749,50.625987633746746],[-1.457284907043451,50.62608163663735],[-1.458036783911698,50.62627629326123],[-1.458410527827159,50.626377053378974],[-1.458524627130527,50.62640905067488],[-1.458730437033281,50.62646801907077],[-1.45914055206228,50.62658803752394],[-1.459344857202747,50.62664908758647],[-1.459362514234132,50.626654473671984],[-1.459384350543546,50.62666114194504],[-1.459580611276634,50.62672227810691],[-1.459966250285333,50.626844764702746],[-1.460158336624076,50.62690694249628],[-1.460230220189425,50.626930651403114],[-1.460518648241712,50.62702848883532],[-1.461091874847919,50.62722837724407],[-1.461376673437478,50.62733042823837],[-1.46144841007614,50.62735683276408],[-1.461718523814661,50.62745881899808],[-1.462255126031869,50.627666581772225],[-1.462521614537519,50.62777235832898],[-1.462597615917115,50.62780327659897],[-1.46285880157643,50.627912133109206],[-1.463377333218222,50.62813348712342],[-1.463634679222503,50.62824598464437],[-1.463703686851625,50.62827687000131],[-1.463919578624112,50.62837543751879],[-1.463923259657484,50.6283771516953],[-1.464142111424317,50.628470186940305],[-1.464269496013356,50.62852497837879],[-1.464334223185385,50.62855314662957],[-1.464498806748933,50.62862586506951],[-1.464732626816228,50.62873074409335],[-1.464785474111805,50.62875396744663],[-1.465291071164706,50.628981388542655],[-1.465541913766179,50.6290968592551],[-1.46555733418577,50.629104122705726],[-1.465856825626928,50.62924915675401],[-1.466249228552392,50.6294444850789],[-1.466231284451883,50.6294590698956],[-1.466416086204732,50.629550773514076],[-1.466433812780248,50.62953636545446],[-1.466449637749336,50.62954424260908],[-1.466742958454901,50.6296942944472],[-1.466758487828136,50.629702457552916],[-1.467000162410863,50.62983241724046],[-1.467478881859541,50.63009574326778],[-1.467715926733958,50.63022910962645],[-1.467845067956507,50.63030342174004],[-1.468217025229331,50.63052534537966],[-1.468440856889026,50.63066380104636],[-1.469098429966805,50.631044001171595],[-1.469148384025138,50.63106853520179],[-1.469301267013788,50.63114469227778],[-1.469605375560332,50.6312983342087],[-1.46975660112133,50.631375819067955],[-1.469814203563717,50.6314057504549],[-1.470106383138453,50.63156179966907],[-1.470684021805643,50.631878853495444],[-1.470788186308924,50.631937604566694],[-1.471045682006689,50.63206555608966],[-1.471244433823101,50.63216615807637],[-1.471293694520313,50.63219155520227],[-1.472521204595558,50.63291824039495],[-1.472665352934279,50.632998489424544],[-1.47280019144616,50.633075519702444],[-1.473304002476477,50.63337783637279],[-1.474407814841981,50.634073450770046],[-1.47495439474845,50.63443773929289],[-1.475046936018143,50.63450297930725],[-1.475095198446515,50.634537178681626],[-1.475191448101981,50.63460573378169],[-1.475239435328989,50.63464008950761],[-1.475336240788047,50.634709753371524],[-1.475686967567273,50.63497209964805],[-1.475692603226999,50.63497648248203],[-1.475735141995419,50.63500272847267],[-1.47581785469809,50.635054969357874],[-1.476467849438827,50.63523298007202],[-1.477939732292013,50.635731818216975],[-1.47925511351429,50.63614592676565],[-1.479990666532515,50.63642685504803],[-1.480592451072506,50.63663078183339],[-1.482563414027537,50.63743876138992],[-1.482568981076266,50.63744148407032],[-1.48329868112033,50.63782370573792],[-1.484716328513759,50.63861828925343],[-1.485404275371773,50.63903065138451],[-1.485411337580575,50.639035177372826],[-1.485642186495412,50.63919914364659],[-1.485869050130171,50.63932671378627],[-1.486622568795552,50.63978291340877],[-1.486628125126328,50.6397865342675],[-1.487281188576461,50.6402865457791],[-1.487901671724045,50.64062763656998],[-1.487907228252094,50.64063125736746],[-1.489353508821243,50.64173862294948],[-1.49194988866283,50.644085869764034],[-1.493099980119549,50.645325758340014],[-1.493102740188381,50.645329365823386],[-1.4934623063713,50.645980093238485],[-1.493487926895301,50.646002896740946],[-1.493859045818657,50.646341349171045],[-1.494041554176171,50.64651192848877],[-1.494047209910209,50.64651734715648],[-1.494394252185667,50.64686703075592],[-1.494487042622142,50.646965470387826],[-1.494529248603453,50.64700782710967],[-1.494728470146305,50.64721073099967],[-1.494753454325199,50.6472365575769],[-1.494765204794374,50.647246072746576],[-1.494825427666944,50.64729587186676],[-1.495016470803352,50.64745757819099],[-1.495392793324475,50.64778368078637],[-1.495578072690485,50.64794807707588],[-1.495656608898012,50.64801944244777],[-1.495743830763157,50.64809962185362],[-1.495916903203449,50.648260576971936],[-1.49597117972642,50.64831164510325],[-1.495971422185937,50.64831181697532],[-1.496187512303934,50.6484686150282],[-1.496215512906203,50.648489414092495],[-1.496401685974834,50.64863060683303],[-1.496548019593698,50.64874392261079],[-1.496667189024438,50.64882922812419],[-1.496967776457212,50.64905538827675],[-1.497069260321499,50.64912180204694],[-1.497269704577357,50.64921540339448],[-1.497320289360246,50.649239895958544],[-1.497873106958626,50.64952174638739],[-1.498791026413843,50.65001424812625],[-1.498857440522687,50.65002473660246],[-1.498863145158223,50.650025660444456],[-1.499099461702383,50.65006724179956],[-1.499102599704264,50.6500670844691],[-1.49959500629862,50.650045379739986],[-1.499927904341103,50.65002941916439],[-1.50038177650301,50.65001231633131],[-1.500410125219874,50.65001153850027],[-1.500425345641394,50.65001112610099],[-1.500455787173253,50.65001031171935],[-1.500471008283599,50.650009909736994],[-1.50050063845485,50.650009137374795],[-1.500571498714506,50.65000740336115],[-1.500713231996099,50.65000416109575],[-1.500784105018715,50.65000265284396],[-1.500859110563495,50.650001176266684],[-1.501125580937742,50.649997527459846],[-1.501658582460524,50.64999342115628],[-1.501925113652449,50.649992963668694],[-1.501976076341347,50.64999318141659],[-1.502014755712177,50.64999385855865],[-1.502320831043282,50.649979144117445],[-1.505875367662788,50.65009371224377],[-1.507090347380614,50.65023170074443],[-1.508770497715362,50.65035598990414],[-1.509600580547507,50.65045865489317],[-1.509990897060857,50.650465721139625],[-1.510003599149981,50.65046667385413],[-1.510487160162883,50.65050833097827],[-1.511223800432778,50.6505800337115],[-1.511221870691172,50.65058804730799],[-1.511322321840328,50.65058816562227],[-1.511340728967559,50.65059004140767],[-1.51140631685384,50.650596825647135],[-1.511615432835323,50.650618776486404],[-1.511932753799348,50.65065445016307],[-1.512088139555194,50.650673081456034],[-1.512885315342375,50.6507873186944],[-1.516334348319051,50.65022621197344],[-1.517502072099348,50.65014529624592],[-1.517675919200621,50.65010845819656],[-1.517806192482779,50.650094697977565],[-1.51820876546952,50.65005595176341],[-1.518601285818522,50.65002183813864],[-1.518602670609362,50.650028279915965],[-1.518682452257385,50.65001337864305],[-1.519096944054533,50.649978912092664],[-1.519419654668538,50.64995447046494],[-1.519628152323008,50.649940221184416],[-1.519655722761109,50.64993835429651],[-1.51971086933275,50.64993465486583],[-1.519738445466329,50.64993282232309],[-1.519840379069695,50.649926112583024],[-1.519924388620723,50.649920190365094],[-1.519949682304165,50.64991673514092],[-1.520137299605892,50.649891949749794],[-1.520171432859821,50.64988759364145],[-1.520188236962096,50.64988570348671],[-1.520375592227038,50.64984962989352],[-1.521133510284334,50.6497181890887],[-1.521248546164227,50.649700405354345],[-1.521647028550176,50.649651423374635],[-1.521717191223181,50.64963935415893],[-1.521945347414177,50.64960140341427],[-1.522067048699647,50.64958184756345],[-1.522415733610968,50.64952879741394],[-1.523115103816868,50.64942833000627],[-1.523465789190756,50.64938091273653],[-1.52354410934151,50.64937098059873],[-1.52370107753898,50.649351660414155],[-1.524015346977422,50.649314148738995],[-1.524172648225649,50.64929595724761],[-1.524276105474193,50.64928437623465],[-1.524292938033124,50.64928249234272],[-1.524541208636826,50.64925615161584],[-1.5250384338495,50.64920628297248],[-1.52528739498345,50.64918275432619],[-1.525456007131593,50.64916779260602],[-1.525674042690502,50.64914954248708],[-1.525692447563451,50.6491480943906],[-1.525732750825496,50.64914199308213],[-1.525779639779112,50.649134989260496],[-1.525792598916878,50.649133098991925],[-1.525796566527479,50.649132374957375],[-1.526372110728672,50.64903563142418],[-1.526400585249201,50.64903125050085],[-1.526555404962738,50.64900801586264],[-1.526865445101311,50.64896265448047],[-1.527020665533248,50.64894052773545],[-1.527071656721374,50.64893345010417],[-1.527237132916652,50.64891113992693],[-1.527504884487796,50.648876102441214],[-1.527732858017949,50.64884487965283],[-1.527755013769091,50.648841767519066],[-1.527920626619228,50.64881883500496],[-1.528003487007835,50.64880752638952],[-1.528128125985012,50.64879076398862],[-1.528260669786154,50.64877335913459],[-1.528526012943054,50.64873935614104],[-1.528658812303166,50.64872275800095],[-1.528817422971277,50.648703434242805],[-1.529028238374291,50.64867779086543],[-1.52948942404485,50.64864745038855],[-1.529600200216159,50.64862875196763],[-1.529630665626534,50.64862205429098],[-1.529658518458062,50.64861890811418],[-1.529765718788979,50.64860081309977],[-1.530214048716298,50.648530097336284],[-1.530225380789118,50.64852843429133],[-1.530708699533286,50.648465194712884],[-1.53092944191973,50.64842589832955],[-1.531581860711879,50.64832104317584],[-1.532752142699991,50.648012933542624],[-1.532824628486582,50.64799399849636],[-1.533128928714663,50.647915132982675],[-1.533133173731248,50.647921754926415],[-1.533562756660061,50.64780760269344],[-1.535750784755809,50.647292513967834],[-1.536861514705947,50.64706368958204],[-1.536871432760603,50.647061930340435],[-1.537550021463895,50.6469529923255],[-1.53829770998673,50.64684539458877],[-1.538315984540572,50.6468415876192],[-1.538366472689614,50.64683405267975],[-1.538763082996143,50.646742028846376],[-1.538982696732948,50.64669489686745],[-1.539160067467129,50.64664352539607],[-1.540139262046643,50.64638760122706],[-1.540150602951366,50.6463849480001],[-1.541236332909836,50.646162109052895],[-1.543432478088496,50.64577276783053],[-1.544542895742286,50.64560626508964],[-1.544549975909302,50.645605393429975],[-1.544774195112911,50.64557897953855],[-1.545223273334354,50.64552845252344],[-1.545448132373513,50.64550433939727],[-1.545456626795918,50.64550347319676],[-1.546616074098684,50.64541626860219],[-1.548942319078514,50.645302929909555],[-1.549433441265943,50.645291931077786],[-1.550820636073615,50.64520999193033],[-1.552165560284408,50.64517293975109],[-1.552297957712931,50.645165642392655],[-1.552398422888433,50.64516063216764],[-1.55250737719382,50.6451554676513],[-1.552725345212619,50.64514567365661],[-1.552834358928523,50.64514104417815],[-1.552875390102052,50.64513940288183],[-1.553067530565478,50.645132550995726],[-1.553451940127087,50.64512050928171],[-1.553644209238964,50.64511531945328],[-1.55374606282526,50.64511301133809],[-1.553928223353606,50.64510963019626],[-1.554027204094643,50.64510819862985],[-1.554697556897282,50.645083088554415],[-1.555614269253488,50.64506768111531],[-1.555629826291987,50.64506774040199],[-1.555630103631622,50.6450677452298],[-1.555652892160636,50.64506224669156],[-1.555947314991056,50.64495514672137],[-1.55595015203434,50.64495425820722],[-1.556865282209126,50.64469286937096],[-1.558653696471098,50.64422975616649],[-1.560008478284076,50.64386833460614],[-1.560542822723499,50.643733830714],[-1.560625033402912,50.64371435554731],[-1.560650047496348,50.64370844694119],[-1.560700093150872,50.64369665973433],[-1.560725124711987,50.64369078113357],[-1.560736463809393,50.64368812589932],[-1.562925393509923,50.64329927299947],[-1.567372852597126,50.6427494192849],[-1.569631403599733,50.64258841646211],[-1.569669595345212,50.642587658128214],[-1.570775552033853,50.64259320666933],[-1.571453081189987,50.642613466485365],[-1.57145447995038,50.642613376664514],[-1.571591646944055,50.64260027642676],[-1.571934482667784,50.64257025565539],[-1.573193642712196,50.64246995350674],[-1.573824990842369,50.64242878272022],[-1.573924033751377,50.64242374885756],[-1.574211436281997,50.64241176586835],[-1.574376923184366,50.64239397621421],[-1.574410896526171,50.64239050298616],[-1.5749851553749,50.64233944866628],[-1.576136477908959,50.64225234353931],[-1.576713542124047,50.64221629253581],[-1.57673052055518,50.64221545486351],[-1.577317434551122,50.64219428922377],[-1.578492137245852,50.642167477847664],[-1.579079926331929,50.64216183210421],[-1.579119523735941,50.642161975069236],[-1.579893707379525,50.642178257636196],[-1.579937427184745,50.64217994019108],[-1.580333266511006,50.64218741421491],[-1.580672657385505,50.64219641666454],[-1.580819693484795,50.642201442049945],[-1.580955747299115,50.64220651011507],[-1.581227771878546,50.64221747928354],[-1.581363742648456,50.64222338038709],[-1.581489557969907,50.64222922803962],[-1.581654126376649,50.64223749097336],[-1.581983100531,50.64225523704305],[-1.582147506277774,50.64226472018958],[-1.58216305445075,50.64226567522915],[-1.582789268733898,50.64231312148557],[-1.584037752347465,50.64242570963699],[-1.584660022142221,50.64249085156751],[-1.584675562502042,50.64249270555257],[-1.585446728972221,50.64259894584994],[-1.58697855458001,50.6428385956297],[-1.587739214634978,50.64297200523717],[-1.587753333163843,50.64297475308891],[-1.589705707104153,50.643457909907546],[-1.591876038715236,50.64411648968638],[-1.592044318111357,50.644114427601984],[-1.592048515615366,50.644114442287474],[-1.592634347565956,50.64412421108935],[-1.593804873051171,50.64415916397712],[-1.594389566975964,50.64418434806902],[-1.59440658403599,50.64418530656865],[-1.59499691167915,50.644226515248874],[-1.59617432919295,50.64432464616598],[-1.59634900343732,50.644341582309366],[-1.597045231013132,50.680178000815104],[-1.596406548213627,50.680275660129254],[-1.596352144986524,50.680384236177154],[-1.595490215962963,50.681721602504474],[-1.595483061868788,50.681730570571524],[-1.594566196738529,50.68271819004899],[-1.592541995980316,50.684611251815966],[-1.591434656753459,50.68551669142455],[-1.591424685877488,50.68552385081622],[-1.591106671801075,50.685744676481335],[-1.590459243484238,50.68617947959706],[-1.590129829233492,50.68639345698488],[-1.590128405885053,50.686394351273584],[-1.589088208802346,50.68698633988769],[-1.587809501052545,50.68764478327461],[-1.587636005423126,50.687764395829646],[-1.587628896104581,50.68776796786197],[-1.58716322782969,50.68797755564301],[-1.586920976440909,50.68810229111191],[-1.585793942247268,50.68862625211859],[-1.585781154471598,50.688631602464035],[-1.585258572281948,50.68884001727261],[-1.584199594124411,50.68924217578238],[-1.583663198348524,50.68943591934503],[-1.583528301405691,50.689482201181406],[-1.583336375088915,50.6895468454464],[-1.582861702175044,50.68970376973094],[-1.582586064997918,50.689792477650066],[-1.582580386553297,50.68979425592366],[-1.580839618558883,50.690250666971586],[-1.579707463452643,50.69049288211798],[-1.579633252032704,50.69051111614479],[-1.579158326979884,50.690693628912975],[-1.578471361660259,50.69094126308042],[-1.578434441819221,50.69095371980361],[-1.578198276939567,50.69103160247611],[-1.577723682123261,50.69118453299535],[-1.577485252207908,50.691259580833],[-1.577454713376617,50.691268967104385],[-1.577276150124371,50.69133286104445],[-1.577209403691939,50.691356000834006],[-1.577041419842901,50.69141330829805],[-1.576704251067782,50.69152648012992],[-1.576535066149181,50.69158234449427],[-1.5764583930586,50.6916072464267],[-1.576130277369639,50.69171043358042],[-1.575753628626972,50.69182505408336],[-1.576015515058428,50.69190883275624],[-1.576041704375413,50.691917217477744],[-1.576400200608162,50.692032242670656],[-1.576708924251396,50.69213129997564],[-1.576732755702454,50.692138964435415],[-1.576780395819205,50.69215432188877],[-1.576804204484923,50.69216201488238],[-1.577833415966853,50.69249534151324],[-1.577877365644147,50.692509575051595],[-1.577937336281443,50.692528156022746],[-1.578063955271223,50.692567386596856],[-1.578222266922196,50.69261721542908],[-1.578537899950116,50.69271812350517],[-1.578695221333313,50.692769202751656],[-1.578840007002084,50.69281693773491],[-1.5791840248515,50.69293421004186],[-1.579866844020607,50.69317473266049],[-1.580205645400215,50.693297983002374],[-1.580321640444488,50.693341539738014],[-1.580416494681848,50.69337747572028],[-1.58060575936514,50.69344981637353],[-1.58070016981227,50.69348622104523],[-1.580767122905621,50.693512265632386],[-1.580879464675897,50.69355596674483],[-1.580965377937711,50.6935896551538],[-1.581136824371642,50.69365742007448],[-1.581222357568494,50.69369149659603],[-1.581352645343141,50.69374381527634],[-1.581452728169021,50.69378370962494],[-1.581860805564416,50.69394634671848],[-1.581901605851303,50.69396266888716],[-1.581983118756721,50.69399540134887],[-1.582023831375349,50.69401181164193],[-1.582364084616213,50.694149475452214],[-1.582578029377029,50.69423492318567],[-1.582657618874461,50.69426694557766],[-1.58281646095286,50.694331325892705],[-1.5828957135345,50.69436368381624],[-1.583001556875297,50.6944072150779],[-1.583250162219369,50.69451183747231],[-1.583743851800685,50.69472438341259],[-1.583988936056565,50.69483230697324],[-1.58411632601212,50.69488967422336],[-1.584181063262693,50.69491880543699],[-1.584246834238098,50.694948581072154],[-1.584378107944945,50.69500837006138],[-1.584443610676732,50.69503838341573],[-1.584560274646961,50.695092160680325],[-1.584676051802613,50.69514550689233],[-1.584871479235677,50.69523718848935],[-1.585599940702394,50.69558510316216],[-1.586001798705813,50.69578432004303],[-1.58648525827603,50.696033009679795],[-1.586534435756044,50.69605830256234],[-1.586561510557952,50.69607226270997],[-1.586615605991893,50.696100225299844],[-1.586642626623957,50.696114227742086],[-1.587096475614482,50.69635000789063],[-1.58712691919371,50.6963658684824],[-1.587187736850406,50.69639764335414],[-1.587218110927899,50.696413557634166],[-1.587559147620137,50.69659274680067],[-1.58761059562179,50.69661911662329],[-1.587836683660322,50.696735016441345],[-1.588283827683069,50.69696367593299],[-1.588464478504161,50.69705762539176],[-1.588823318575508,50.69724740271074],[-1.589001507830063,50.697343230578475],[-1.589386877426372,50.69755396449994],[-1.589544156378809,50.6976412605814],[-1.589856671369365,50.69781731618342],[-1.590011907409494,50.69790607570942],[-1.590094025762303,50.69795372956425],[-1.59037468590722,50.698094304975854],[-1.591073063852207,50.698467912506416],[-1.591246409551157,50.698566885991994],[-1.591323380622296,50.69861115840271],[-1.591476809893982,50.69870006040574],[-1.591553268094716,50.69874468999871],[-1.591737350518605,50.698852934154075],[-1.591808622767082,50.69889513364064],[-1.591950708715096,50.698979842985636],[-1.592021522414737,50.69902235284461],[-1.592084353706114,50.69906033154296],[-1.59223476296039,50.69915260069833],[-1.592533421284501,50.69933853911975],[-1.592681670354624,50.69943220839129],[-1.592742259367069,50.69947106020421],[-1.593216621276842,50.69979742954567],[-1.593325842537597,50.69987096574836],[-1.5933754141204,50.69989876255425],[-1.593553454200741,50.70000030956647],[-1.593583077032924,50.70001749458236],[-1.593658937187809,50.70006182583102],[-1.593810147730201,50.70015083775955],[-1.593885498117859,50.70019551844013],[-1.594005202923731,50.70026701953776],[-1.594347031427805,50.70047819699111],[-1.594360292091049,50.70048666985007],[-1.594470349951204,50.70055322660202],[-1.594654321126479,50.70066651504175],[-1.595019143610364,50.70089527206038],[-1.595199942762785,50.70101070980574],[-1.595318202252374,50.7010875961067],[-1.59552547331103,50.70122523847721],[-1.595935382794964,50.70150327894734],[-1.596137407018988,50.70164325151784],[-1.596148921158542,50.701650944485266],[-1.596180159339714,50.70167243332149],[-1.596189824830523,50.70167851826957],[-1.596647221109862,50.70198020242592],[-1.596665524254233,50.7019928511907],[-1.59684173645452,50.70211691963728],[-1.597128283666469,50.70232247916613],[-1.597204179447687,50.70236833688242],[-1.597217191450246,50.702376304495935],[-1.597414099770877,50.702499251718066],[-1.597480336619287,50.70254142346323],[-1.599213549396417,50.79150478835423],[-1.305483925517716,50.7898804652191],[-1.305674057039681,50.78972866526966],[-1.305824235663175,50.789488984139865],[-1.305843011511195,50.789461225785196],[-1.306196434011891,50.78897865821618],[-1.306947662036876,50.78802761275624],[-1.307345466941671,50.787559134553945],[-1.307377211857766,50.78752426242738],[-1.307688485356449,50.78719846238756],[-1.308332506174422,50.78655550772755],[-1.308665253333236,50.7862383529825],[-1.308686830522882,50.786218702378626],[-1.308810005568178,50.786108304647556],[-1.30905895882009,50.78588869535939],[-1.309184737021358,50.78577948379653],[-1.309219208603369,50.785750020211125],[-1.309599969416675,50.785442062055395],[-1.309841313095331,50.78522967592642],[-1.31032370712527,50.78482930071016],[-1.310351039959627,50.784807886171166],[-1.310603622720423,50.78461553040582],[-1.31111712904849,50.784235347694555],[-1.311378052599795,50.78404752071145],[-1.311400977759873,50.78403147371033],[-1.312100593655646,50.78357528204324],[-1.312414564999295,50.78338454014665],[-1.312440129228533,50.78334037841452],[-1.31249396229884,50.783240857381166],[-1.312507052212688,50.783217559350945],[-1.312617351554051,50.78302800670909],[-1.312844636904247,50.782650519749666],[-1.312861270620995,50.78262302854508],[-1.312911599229852,50.78254025375689],[-1.312969742504668,50.7824439131426],[-1.312976533458466,50.7824178119176],[-1.313016296133896,50.78234126398493],[-1.313235318261416,50.78195022421811],[-1.313327115023051,50.78179759237814],[-1.313348727453715,50.7817614566316],[-1.313526828868151,50.78147824855591],[-1.313898065971705,50.780915821642886],[-1.314091201516128,50.78063660274788],[-1.31412295249399,50.78059273677836],[-1.314182423152102,50.780511640333714],[-1.314302633004395,50.78034982629809],[-1.314363372195267,50.7802691087056],[-1.314409756881582,50.780208247499445],[-1.314480155974296,50.78011719092263],[-1.314622568414939,50.779935586691245],[-1.314694581758298,50.77984503903434],[-1.314701562828077,50.77983638295253],[-1.314762741246109,50.779756500675106],[-1.314800034185671,50.779708174591484],[-1.314821606614889,50.77968043043228],[-1.314928933726365,50.77954527641526],[-1.315147157781265,50.77927613207023],[-1.315258054710064,50.77914214173457],[-1.315369205477347,50.779010546718965],[-1.315748936558447,50.77856197702469],[-1.316040631865262,50.77823406539176],[-1.316072352843357,50.77820008804467],[-1.316303040479101,50.77796153622026],[-1.316588976637622,50.777675917816445],[-1.316641576200289,50.77761785544368],[-1.316749662627545,50.77750341184028],[-1.316886118737487,50.777361906203026],[-1.317163121388703,50.77708051402803],[-1.317303667915504,50.77694062747959],[-1.317356811344639,50.7768887944571],[-1.317444516749412,50.77680561810731],[-1.317511075219885,50.77673919101889],[-1.317548445206384,50.77670254918156],[-1.317737638921337,50.77652185733306],[-1.318122839301084,50.77616341782259],[-1.318318843790846,50.775985669286634],[-1.318336020069221,50.775970485956776],[-1.318559296115612,50.775778541660024],[-1.319013785439808,50.77539847456782],[-1.319040704684268,50.77537657222989],[-1.319559096455102,50.77489731950406],[-1.320589647134973,50.77406092956599],[-1.321404753621761,50.773000891374025],[-1.322461924298999,50.77185080135361],[-1.322467730888184,50.77184544017263],[-1.323791419961341,50.770799827277976],[-1.326669076987762,50.7688449879973],[-1.329972861952267,50.76718314488937],[-1.330772569300243,50.76689185542197],[-1.329616877205891,50.766497747725936],[-1.32924653591394,50.766348196316706],[-1.328911272766801,50.76621284985942],[-1.328482309558065,50.7660463104835],[-1.328080938757432,50.76588455083906],[-1.327286984294224,50.76555258210799],[-1.326894400711594,50.765382373080335],[-1.326788807892279,50.76533492447348],[-1.325181861555571,50.76449382357548],[-1.322179839866987,50.76267128509337],[-1.319631566295659,50.760589331632474],[-1.317592040046985,50.75829295195473],[-1.316105246329069,50.755831763157815],[-1.315203211660635,50.753258925466625],[-1.315155834157523,50.75284083169509],[-1.314144247152784,50.753708783578716],[-1.313357190919198,50.75453433348711],[-1.313329891433029,50.75455485139507],[-1.313011781069678,50.75478582737572],[-1.312363319085269,50.75524076028636],[-1.312032967443973,50.755464717148804],[-1.3120044074567,50.75548342872444],[-1.311872125895941,50.75556894757534],[-1.31160577693736,50.75573885920674],[-1.311471709539542,50.75582325198321],[-1.311453070826314,50.75583482934495],[-1.310965817270278,50.75612355994041],[-1.310842776546479,50.756193104654535],[-1.310757715652292,50.75624079611641],[-1.309726956141705,50.75681405698594],[-1.309145470472849,50.7571204402444],[-1.309131223127748,50.75712754852873],[-1.308308029040057,50.75750868528375],[-1.306631732251386,50.7582276485094],[-1.30382378725426,50.759625423264076],[-1.300289545977995,50.76091229979399],[-1.298449070069834,50.76147472685325],[-1.2982795019062,50.76151729211379],[-1.29816095697209,50.761547048724864],[-1.298101150252884,50.76156206094497],[-1.295023883498531,50.76208997364226],[-1.28876103896295,50.76269612416822],[-1.285575522077226,50.762774357792786],[-1.285537956736481,50.76277259190721],[-1.285513133162,50.762771417263764],[-1.285502828534366,50.76277092670742],[-1.283429013964808,50.76257323174945],[-1.280926403783809,50.76221288663354],[-1.280617879757053,50.76219605592133],[-1.280561316144899,50.76218716697517],[-1.280442546905395,50.762168156589325],[-1.280205272119876,50.76212948537386],[-1.280086766576961,50.762109824544915],[-1.280059131276695,50.76210515866373],[-1.279842125236628,50.762067347353884],[-1.279665101682405,50.76203554184012],[-1.279139708819757,50.761954517698946],[-1.277391114759605,50.761512888364514],[-1.277369175255567,50.7615522154971],[-1.277231742331734,50.761521373598],[-1.276594216361088,50.76136725676147],[-1.276587112916899,50.761365414197776],[-1.276099804554911,50.761232205118965],[-1.275133397313984,50.76095430855385],[-1.274654298623814,50.760809621142286],[-1.274628239993764,50.76080136847277],[-1.274393909495625,50.76072542519762],[-1.273927513525835,50.76057079188998],[-1.273695448074085,50.76049210186725],[-1.273654519259878,50.76047791209445],[-1.27291331178439,50.760202110533825],[-1.271458630700355,50.75962251869441],[-1.27074515761632,50.759318728779014],[-1.270731111375797,50.759312347931356],[-1.27055284342985,50.75923002716133],[-1.270198349645408,50.75906363618662],[-1.270022123812833,50.75897956598827],[-1.270002399398794,50.75897000299843],[-1.269332764953433,50.7586243500207],[-1.269189733598496,50.75854580761044],[-1.268294317686921,50.759435029147824],[-1.265383167051711,50.76152320102841],[-1.263799146662308,50.7624952792231],[-1.263394941048428,50.76270733765152],[-1.263215649258442,50.76280141601809],[-1.263083814232863,50.76286975085037],[-1.262818858660929,50.76300541110843],[-1.262685738116716,50.76307273653127],[-1.262274942798322,50.76327794629802],[-1.261937860664983,50.76344633121383],[-1.261932389387928,50.763441925591636],[-1.259989900670736,50.76426882945533],[-1.255714877253069,50.765766087519474],[-1.251096943094945,50.766773908205735],[-1.24627426109477,50.767262114612144],[-1.241391049003254,50.76721613043473],[-1.236593380953867,50.76663733028269],[-1.235443385811031,50.76636189838948],[-1.235442083275202,50.76636532712552],[-1.235191571627257,50.766327052808755],[-1.235149335312121,50.7663205998376],[-1.234822307075724,50.766270634283565],[-1.234487752546379,50.76622025930707],[-1.234317197482742,50.766194577754014],[-1.234168471436724,50.76617218327694],[-1.234150401713983,50.76616946281327],[-1.233916491112299,50.766132912472315],[-1.233449683986765,50.766057295376854],[-1.233216787486209,50.76601822862649],[-1.233103699663733,50.76599860536979],[-1.233000270582706,50.76598039085394],[-1.232793633063312,50.765943465496385],[-1.232690424626945,50.76592475465509],[-1.23262957858329,50.76591356554359],[-1.232227916264562,50.76583559345606],[-1.231428414048834,50.765672133745674],[-1.231030574265902,50.7655866461494],[-1.230985378548663,50.765576458656284],[-1.230717968998533,50.76551425631696],[-1.230185176207408,50.76538645577788],[-1.22991979299922,50.76532085758745],[-1.229909681132147,50.765318283598674],[-1.229894069183517,50.76531430940611],[-1.229577124553453,50.765230788295284],[-1.228946521133739,50.76505890325721],[-1.228632861437984,50.764970539103786],[-1.228541173602718,50.764943861329236],[-1.22822342550801,50.7648483653494],[-1.227591764849182,50.764652403112315],[-1.227277852335446,50.76455193687592],[-1.227183318135268,50.76452074272051],[-1.227020349983151,50.76446610996884],[-1.226695548510457,50.76435550471141],[-1.226533715196403,50.76429953220883],[-1.226463275628566,50.764274791392175],[-1.226152925585364,50.764162521264076],[-1.225536789001598,50.76393305468945],[-1.225231002502825,50.76381585826705],[-1.225214307350195,50.763809276064144],[-1.225158646360659,50.76378733029801],[-1.224905530545131,50.76368516164222],[-1.224402768568756,50.763477449123236],[-1.224153121955245,50.763371905088455],[-1.224096694230038,50.763347497956396],[-1.224005215921006,50.763307929501146],[-1.223821343949496,50.763227040570904],[-1.223455637748718,50.76306343144642],[-1.22327380350003,50.76298071124714],[-1.223263942366001,50.76297615001875],[-1.222953373682295,50.76282832280115],[-1.222338741544027,50.76252732728526],[-1.222034678116893,50.76237415902118],[-1.22201606244887,50.76236451495151],[-1.221995949094734,50.76235409484083],[-1.221990162598731,50.76235109651531],[-1.22159472852061,50.762138429995],[-1.220816668859245,50.761704218315934],[-1.2207480478055,50.76166448763777],[-1.220083422881684,50.76133398094483],[-1.219570437447268,50.76108639822971],[-1.219372230279976,50.760988968474024],[-1.219354027944402,50.76097985642446],[-1.218677626678709,50.760618984272824],[-1.217462486579175,50.759928511240574],[-1.217296919586929,50.759837718450456],[-1.217275239999297,50.75983262016292],[-1.216081992932093,50.75953233051524],[-1.215490736812038,50.75937361022955],[-1.215468159847986,50.75936716331852],[-1.214971416482674,50.75921790336513],[-1.214676826414153,50.75912490719358],[-1.214397748258932,50.75904416695071],[-1.213619777537991,50.75891581942361],[-1.213609872944287,50.75891395495423],[-1.21272968839202,50.758728182833174],[-1.210990380227401,50.75832050592061],[-1.210131257767494,50.758098601435044],[-1.210121484897047,50.75809583737267],[-1.209825981502787,50.75799574105036],[-1.209304644404126,50.75797476347704],[-1.208049951628137,50.75788856461992],[-1.208040030887734,50.75788759796031],[-1.207091870226972,50.75777413448946],[-1.206332775279691,50.757666201293205],[-1.204906523492196,50.757501026287535],[-1.204701261231287,50.757469548056804],[-1.204618685944608,50.757457359626315],[-1.204366905122485,50.75741865375612],[-1.204290547027859,50.75740644561047],[-1.204245933576478,50.75739926389963],[-1.204156743711832,50.75738480858584],[-1.20411216729873,50.757377534982936],[-1.204106455543964,50.75737659671222],[-1.202587586076439,50.75706830704309],[-1.199614114603621,50.75634541417405],[-1.198159517950213,50.75593081259814],[-1.198151148179623,50.75592805807678],[-1.19663052531587,50.7553482585266],[-1.194319508764792,50.754336989299865],[-1.194221802836383,50.75433827370411],[-1.194190592451787,50.75433807244684],[-1.193967009355791,50.754332413833176],[-1.193577268483788,50.7543446121969],[-1.193540453620162,50.75434435762283],[-1.192403015123049,50.75425269426116],[-1.192400582283223,50.75427482666973],[-1.19166957888688,50.75424249402141],[-1.190831564360617,50.754189514734435],[-1.190807525448546,50.75418753586776],[-1.190630179860779,50.75417008318846],[-1.187426198584143,50.75443354546869],[-1.185448492212642,50.75450757311396],[-1.185438565566003,50.75450750378054],[-1.182749687288537,50.75432506084102],[-1.179398685325673,50.75388945062002],[-1.178556972924784,50.75387521107567],[-1.178517986655218,50.75387358123361],[-1.176288197305031,50.75366646035266],[-1.175306291846095,50.75352390471589],[-1.175144651593455,50.753590826452594],[-1.174679150804421,50.753775495179255],[-1.17466985560538,50.75377902566897],[-1.174332323308047,50.75390325458789],[-1.173651990974538,50.75414576865758],[-1.173309190997953,50.754264053778186],[-1.173290730869166,50.754270216169566],[-1.173063152319029,50.754344529983506],[-1.172605915039391,50.75449053755383],[-1.172376256329114,50.75456223130219],[-1.172370497976995,50.754563988123216],[-1.171862735935401,50.754711162609794],[-1.170838461604907,50.754992708623334],[-1.170321949544491,50.755127080075255],[-1.170261489325134,50.75514193341135],[-1.169507822091351,50.755311736784954],[-1.169026896341477,50.75541048848796],[-1.168662481269385,50.755491513155114],[-1.167508999789636,50.7557305185216],[-1.166928212125562,50.75584218928693],[-1.166911182291504,50.75584521275893],[-1.16663950299407,50.755891607294956],[-1.166094745088601,50.75598096544515],[-1.165821666516766,50.75602392905335],[-1.165811465375454,50.75602546599701],[-1.165801971558557,50.75602689540447],[-1.165762519469568,50.75603279701917],[-1.165684910258534,50.75604433222701],[-1.165550760952134,50.7560638357458],[-1.165359844208623,50.75609097418749],[-1.165264311968673,50.75610433437723],[-1.165239482972906,50.75610774976357],[-1.164788329868383,50.7561649622924],[-1.163883332020643,50.756270066104676],[-1.163429487446429,50.75631795736987],[-1.163407473415331,50.756320048066755],[-1.163007833801919,50.75635432274755],[-1.162207178208321,50.75641564395385],[-1.16180616234623,50.75644269047169],[-1.161785596055629,50.75644389015147],[-1.161528174809128,50.756457406936164],[-1.161012986580703,50.75648146166539],[-1.160536805565863,50.75649859038803],[-1.16009975796112,50.75650963532478],[-1.159881166999939,50.75651408798913],[-1.159841518044346,50.75651470144288],[-1.159165933187786,50.756514938568465],[-1.157815514646745,50.75649498561347],[-1.157140681531892,50.756474795549906],[-1.157045743948778,50.75647051476263],[-1.157025764800847,50.75646960488353],[-1.156985808555057,50.756467767210296],[-1.156965831457213,50.756466839416206],[-1.15695450028819,50.75646630805736],[-1.156436925324891,50.75643597536618],[-1.156241807245186,50.75642224728065],[-1.156172256322493,50.7564502948125],[-1.155680011870924,50.75663427274186],[-1.155646669319045,50.75664781662031],[-1.154451522032149,50.757107322218],[-1.154153851263438,50.75721864268851],[-1.154037618747793,50.757260907776605],[-1.153776418586723,50.75735357653597],[-1.152622505063262,50.75775286832587],[-1.15261550210632,50.75774472584556],[-1.152514750449797,50.75779307265307],[-1.152213637248714,50.75789509110327],[-1.152210394302778,50.75789619004801],[-1.151929782954208,50.757991259827506],[-1.151687318767224,50.75807150782716],[-1.151200005643988,50.758229013537715],[-1.150955154158301,50.75830627216816],[-1.150785202179562,50.758358606198364],[-1.150689387023502,50.75838811080208],[-1.151969572914998,50.758772342685816],[-1.155652849583062,50.76010038174882],[-1.158982121090722,50.76176249374094],[-1.161882660056332,50.76372139342447],[-1.163216983875463,50.764769928843954],[-1.163223885571518,50.764776271500246],[-1.163456765525051,50.76499720083032],[-1.163912135715058,50.76544332621837],[-1.16413462589464,50.765668522315245],[-1.164140249859573,50.76567440613576],[-1.164214329992911,50.76575280505876],[-1.16436123063628,50.76591007625587],[-1.164434051143604,50.76598894853145],[-1.164440244734517,50.76599573570265],[-1.164762198190284,50.76636860337088],[-1.1653387710335,50.76707550939182],[-1.168520236281718,50.76673306735358],[-1.171052389907153,50.766606809564024],[-1.171065132079528,50.766606900128025],[-1.171849308391251,50.766626244375196],[-1.173414775356568,50.76669240130965],[-1.174196066920983,50.76673921404038],[-1.174208793314076,50.76674020254197],[-1.175575307431074,50.76688965889593],[-1.178278812584617,50.767272460669844],[-1.179615808036883,50.767505806512446],[-1.179642602207313,50.76751138982377],[-1.180225230871289,50.767641780220636],[-1.181380988451446,50.76791852444924],[-1.181954117704058,50.768064878376165],[-1.181971107861725,50.76806949219617],[-1.181991765003786,50.768075114104015],[-1.182033065222976,50.76808637866917],[-1.182053708300119,50.768092021326474],[-1.182114334404169,50.76810862921687],[-1.18229741361621,50.76815975638731],[-1.182662417668746,50.76826364269627],[-1.18284434251934,50.76831640183842],[-1.18285992911988,50.76832100659399],[-1.183547335434412,50.76853864658004],[-1.184865952218144,50.76898481703932],[-1.185024475875135,50.769007122109564],[-1.18535378927408,50.76905476402399],[-1.185518222524111,50.76907920647326],[-1.185754038836631,50.76911520014907],[-1.186033967613391,50.769155922131475],[-1.186082771769497,50.76916302488216],[-1.18610426025278,50.769166163393216],[-1.186147189500984,50.7691724557269],[-1.186168650275477,50.769175612461694],[-1.186287429017778,50.769193145604],[-1.187023550766453,50.76929376494922],[-1.187253773606908,50.76932650606886],[-1.187614426924123,50.76937979755759],[-1.187738115313945,50.76939690886133],[-1.187828271170202,50.7694095763952],[-1.188008451034817,50.769435283293944],[-1.188098475044532,50.76944832265904],[-1.188265368414327,50.769472858677666],[-1.188631866935273,50.7695300084897],[-1.189362338512231,50.76965046976797],[-1.189726311657701,50.76971378125034],[-1.189994158479104,50.76976281073736],[-1.190363048897039,50.769824198533016],[-1.190875969399857,50.769916119991194],[-1.191099256745359,50.76995902446461],[-1.191289768438151,50.7699965605675],[-1.191669941173736,50.77007332771821],[-1.19185960222886,50.770112558768886],[-1.191899096101889,50.7701209233259],[-1.191962418788235,50.770134439879335],[-1.1920889631384,50.770161661933564],[-1.192111686699689,50.770166588062956],[-1.192376319377129,50.7702164771559],[-1.192996956815065,50.770343397906224],[-1.193165159420605,50.77038052331719],[-1.193302370680345,50.770411309677534],[-1.193576288223652,50.77047377335196],[-1.193712994511738,50.77050545066726],[-1.193768077478412,50.77051841790681],[-1.193865873747326,50.770541700585476],[-1.194061193456949,50.770588721906634],[-1.194158716899279,50.77061246054961],[-1.194425584461533,50.770678135684896],[-1.194648052604405,50.77073425855559],[-1.195091464539025,50.77084887686594],[-1.195312408349415,50.77090737231143],[-1.195466012415587,50.77094900813586],[-1.195465746172076,50.77094940310433],[-1.196290845260122,50.771149481115565],[-1.197162723355805,50.7713823182795],[-1.197206818834059,50.771395208257076],[-1.197279868675994,50.77141704540678],[-1.197689200351764,50.771523478751405],[-1.198393784382606,50.77172101980835],[-1.198609879306519,50.77178610963339],[-1.198793836689454,50.77184077232116],[-1.199603246959841,50.772101637340114],[-1.201194110301971,50.772655661729274],[-1.201812354457868,50.77288759467705],[-1.201813232091666,50.77288666928738],[-1.202267847036079,50.77306002651978],[-1.202765813316337,50.77328340655325],[-1.202863904437691,50.7733177388871],[-1.204258520503564,50.77387525316675],[-1.204653180114037,50.774054155382494],[-1.204817113079567,50.774129594178746],[-1.205108340379467,50.77426563411653],[-1.205416320975297,50.77438481168924],[-1.206207706435126,50.77471452711759],[-1.206572358601812,50.774877755330714],[-1.206681594754436,50.77492714451321],[-1.206899325990812,50.77502657561178],[-1.207007821075987,50.77507661752924],[-1.207114327869004,50.77512623233091],[-1.207259070072765,50.775192191886056],[-1.208118311349656,50.77561638961846],[-1.208380389832746,50.77575634291933],[-1.208591763212903,50.77585495566555],[-1.208988062574996,50.77604673812694],[-1.20921580455187,50.77616102043062],[-1.209821159823427,50.776482564374],[-1.210161849331392,50.7766740067563],[-1.210442308685552,50.77679742554493],[-1.210535197188287,50.77684467568791],[-1.210544369454925,50.776849242930616],[-1.21091150497696,50.77703841428762],[-1.211635630001353,50.777424411970934],[-1.211992619537864,50.777621238359345],[-1.212080537281252,50.77767136841159],[-1.212949827547136,50.778224476946676],[-1.214837494474162,50.779032981706386],[-1.215971091533305,50.779572688788974],[-1.215978858295255,50.77957678685618],[-1.216501557489985,50.7798666023654],[-1.217523976275113,50.78046209853071],[-1.218023695916469,50.780767779386004],[-1.218030060373085,50.780771867909586],[-1.218432200164188,50.78104108082727],[-1.219218646814256,50.78158978356779],[-1.21960295341115,50.78186927378904],[-1.219619699987278,50.781881972085],[-1.219989388310877,50.78217446857353],[-1.220709230821093,50.78276897115992],[-1.221059384902501,50.78307097737654],[-1.221071946427765,50.78308229861447],[-1.221339928747047,50.78333266717017],[-1.221862463537761,50.78383897641016],[-1.222117016020211,50.78409491796633],[-1.222122649365892,50.78410079905881],[-1.222733217554347,50.78480780700722],[-1.223852086407077,50.7862536355961],[-1.224360384657384,50.78699245715334],[-1.224364483125095,50.786999227229884],[-1.224675767761662,50.787570025122285],[-1.224940587556661,50.78811413388575],[-1.225045329592009,50.78819323351235],[-1.225333346557153,50.78845616379327],[-1.225338284348662,50.788453649489995],[-1.226432775829615,50.78931730277126],[-1.088430724069362,50.78820522759685],[-1.088478765657367,50.78807832942467],[-1.088500101274924,50.78795542448546],[-1.089372462599447,50.78569131615414],[-1.090700228632698,50.78351795398969],[-1.09147560767737,50.78245865134288],[-1.091615480338664,50.782296117987855],[-1.091874794398191,50.78200759203211],[-1.092410040162879,50.78143680496609],[-1.092685971738731,50.781154543779],[-1.093155936577774,50.78069304371014],[-1.093909005486593,50.780022921821676],[-1.095508541419496,50.778729107811465],[-1.096355007479999,50.778105414410156],[-1.096900020693596,50.77773914691217],[-1.098428853222458,50.77685163530808],[-1.101674061940536,50.775227317673206],[-1.105257832411746,50.77392017290709],[-1.107746995360939,50.77329749957725],[-1.108288569330486,50.7707210811384],[-1.109601326715767,50.767964618527955],[-1.11159290302115,50.76537697224116],[-1.114211829327584,50.76302487129822],[-1.117390489755069,50.760968961826464],[-1.118643564896068,50.7602791407109],[-1.118351597455413,50.76024803730105],[-1.118153547196912,50.760224064018054],[-1.117970504084566,50.76020111416939],[-1.117604910452022,50.76015368772108],[-1.117422359939836,50.7601292111258],[-1.117181933443488,50.76009592419374],[-1.116555560028516,50.75999969062962],[-1.115310363986294,50.75978925766225],[-1.114691541799459,50.75967505834275],[-1.114502322857177,50.759637159275734],[-1.114387912754505,50.75961424395674],[-1.114200606055164,50.7595758187274],[-1.113826852832532,50.75949732147944],[-1.113640406320853,50.75945724946363],[-1.113449826502752,50.75941535089129],[-1.111764865709706,50.758965789113915],[-1.108500258511185,50.75793282200757],[-1.105472498086926,50.75664192705088],[-1.102731946396646,50.75511458520038],[-1.10143951713106,50.75429473947053],[-1.101376579453898,50.75424929860876],[-1.099920157114179,50.75299281706313],[-1.097371691480994,50.75033907122354],[-1.095584638237489,50.74744585503434],[-1.094612574858313,50.74440023633042],[-1.094567608875096,50.743308964677574],[-1.094335594975855,50.74315533807108],[-1.092923247946756,50.74205897962104],[-1.092888456822819,50.74202715261196],[-1.092012004463342,50.74111378783769],[-1.090436266209728,50.73922747996079],[-1.0892246634579,50.737235795863576],[-1.088394291871275,50.735166913110014],[-1.088076224379771,50.73411677486748],[-1.088069711369135,50.73408525767068],[-1.088030593195361,50.733483189631535],[-1.088021856072999,50.73347711355021],[-1.087929545928436,50.733411661144636],[-1.087643767109275,50.73320264339928],[-1.087082486709487,50.73277912401896],[-1.087038653781501,50.73274588678169],[-1.086770021089229,50.732541188786094],[-1.086482519931665,50.73231476329336],[-1.08644962801116,50.732287983632375],[-1.086294853279098,50.73215960667579],[-1.085988967351002,50.73190110721379],[-1.085837856146355,50.731770984717635],[-1.08580994488013,50.73174649217975],[-1.085529582743285,50.73149128474732],[-1.084982945460303,50.73097486544555],[-1.084716669008729,50.73071365421142],[-1.084694445539159,50.73069100394902],[-1.084370224825657,50.730343388104764],[-1.084319786557951,50.73028642861208],[-1.084197938128204,50.730192004532874],[-1.084061194671189,50.73008124941027],[-1.082460123329397,50.72845200516243],[-1.081572233912018,50.72728739360151],[-1.080337503318366,50.726055682571506],[-1.080331938887311,50.726047546911886],[-1.080310421196899,50.72601592052113],[-1.080267576950245,50.72595261563314],[-1.080246250393798,50.72592093713596],[-1.080240803553099,50.72591280329809],[-1.079724290479454,50.72501045436846],[-1.079412730331541,50.72435983449545],[-1.079382463229102,50.7243388162802],[-1.079301455894555,50.724282322201304],[-1.079261046815821,50.72425402053708],[-1.079173015805181,50.72419210152909],[-1.078861480236887,50.72396546384578],[-1.078250534062732,50.723505699138755],[-1.077951123421112,50.723272572177564],[-1.077945489030282,50.723268032120046],[-1.077927783793162,50.72325373594048],[-1.077866176455774,50.72320388704636],[-1.077648506681428,50.723032209203645],[-1.077581722006825,50.72297869854389],[-1.07741936723354,50.72295767161884],[-1.077133777675044,50.72291873264468],[-1.077122478533842,50.72291711450251],[-1.076894251585496,50.722883167997615],[-1.076438714959777,50.722812881176765],[-1.076211405304004,50.72277654086465],[-1.076199995369674,50.72277465286943],[-1.076005290466077,50.72274149403281],[-1.075616644653047,50.72267341999761],[-1.075422703756879,50.72263850480179],[-1.075411531153694,50.72263643875251],[-1.075294896741015,50.72261452525195],[-1.075061928995623,50.722570063004845],[-1.07494559566574,50.72254751425893],[-1.07494035855985,50.72254648353],[-1.07474390183502,50.72250682122633],[-1.074351919561105,50.72242568507244],[-1.074156394025354,50.72238421122551],[-1.074145228635804,50.722381785397786],[-1.073925792082237,50.7223328284733],[-1.073488216363492,50.722232632964435],[-1.073270077216545,50.72218139438516],[-1.073259265361709,50.72217879052373],[-1.073035070257208,50.72212340952742],[-1.072588195694901,50.722010237460466],[-1.072365516256084,50.72195244639587],[-1.072354709819261,50.72194957360732],[-1.072209915481586,50.72191047986574],[-1.071921020583182,50.721831273342566],[-1.07177692002747,50.72179116056274],[-1.071766117221208,50.72178810789146],[-1.071517112023805,50.721715905283745],[-1.071021348615828,50.72156845749262],[-1.070774590429884,50.721493212319096],[-1.070764258750186,50.72148998344952],[-1.070556830156349,50.72142381134852],[-1.070143711003057,50.72128931711385],[-1.069938020457274,50.72122099498649],[-1.069927694241299,50.72121749630078],[-1.069802671675508,50.72117462370995],[-1.069553311050524,50.721088084176344],[-1.069428972994224,50.72104441723508],[-1.069418882333698,50.721040831353584],[-1.069192320530369,50.72095856918135],[-1.068741625550769,50.72079140764925],[-1.06851749239079,50.72070650829891],[-1.068507523392126,50.72070265262494],[-1.068290490844608,50.72061699770573],[-1.067858897510283,50.72044321505529],[-1.067644336787533,50.720355087334],[-1.067634490845283,50.72035096277872],[-1.067510667973453,50.720298497105716],[-1.067263898535937,50.72019274216573],[-1.067140951972517,50.7201394529006],[-1.067131341615133,50.72013524025611],[-1.066950417993232,50.720054602380486],[-1.066590577083429,50.7198915432385],[-1.066411659801948,50.71980912197827],[-1.066402285426517,50.719804732201524],[-1.066257192599077,50.71973587498384],[-1.065968407309833,50.71959698769739],[-1.065824714850956,50.7195269576321],[-1.065815461743961,50.71952238802066],[-1.065641909976051,50.71943529027024],[-1.065296972422569,50.719259383907676],[-1.065125586641203,50.719170575301845],[-1.065116570939106,50.71916582857662],[-1.064996037214412,50.71910164742938],[-1.064756101080608,50.71897243888247],[-1.064636698672625,50.71890741148509],[-1.064627918581915,50.71890257578118],[-1.064448833563518,50.71880225050484],[-1.064093356063241,50.718599696431944],[-1.063916963583886,50.71849746764354],[-1.063908305146006,50.71849236397204],[-1.063792685054794,50.71842344290594],[-1.063562668774372,50.718284782892056],[-1.063448272585482,50.718215043946614],[-1.063439849760657,50.71820985130174],[-1.063248085508541,50.71808935461457],[-1.062868210275187,50.71784606325385],[-1.062680099293291,50.71772326859209],[-1.062672030049507,50.71771789977103],[-1.062630619283224,50.71769023000743],[-1.062547983273025,50.717634779097594],[-1.062506758029085,50.71760699795149],[-1.062498692036719,50.7176015392151],[-1.062280788400613,50.71745066474186],[-1.061850448706983,50.71714580430516],[-1.061638010981649,50.716991818075876],[-1.061632379988722,50.716987641439566],[-1.061627670503988,50.71698414750064],[-1.061591127088517,50.716956925810834],[-1.061518885503833,50.7169028946483],[-1.061482848619548,50.716875833867114],[-1.061475254082152,50.71687010813497],[-1.061302951318687,50.71673765640739],[-1.060962365503155,50.716470686799966],[-1.060794082443179,50.71633616893174],[-1.060786842889184,50.71633026705115],[-1.060653417289135,50.71621973964114],[-1.060389279912602,50.715997385892905],[-1.060258568130605,50.715885559560775],[-1.060251680329582,50.715879570549276],[-1.06022166846045,50.7158533759757],[-1.060161793639171,50.71580091834188],[-1.060131930686944,50.71577465528172],[-1.060125044714721,50.71576857634781],[-1.059997305165568,50.71565392942427],[-1.059744663541473,50.71542338268424],[-1.05961976145943,50.71530748287382],[-1.059613227235126,50.7153013168139],[-1.059463918778123,50.71515746406296],[-1.059169672725538,50.71486796841436],[-1.059024735114487,50.71472232552757],[-1.059018555874444,50.714715982436765],[-1.058963974397651,50.714659489264406],[-1.058855469121848,50.71454624898128],[-1.058801545321859,50.71448950187113],[-1.058795484072699,50.714483069790276],[-1.058651060995484,50.71432623571496],[-1.058367237589555,50.714010746668706],[-1.058227837238578,50.713852091709875],[-1.058222245301162,50.71384557345616],[-1.058192846981431,50.71381112677329],[-1.058134287135296,50.71374215239114],[-1.058105125608651,50.713707624692],[-1.058102615995254,50.713704637661884],[-1.058048127471388,50.71363913510275],[-1.057940002615416,50.7135078471477],[-1.057886366281622,50.71344206175253],[-1.057880669116285,50.71343500305526],[-1.057769744387608,50.71329455892259],[-1.057551778578932,50.713012461339034],[-1.057444737481651,50.71287080789532],[-1.057439392418933,50.71286357305983],[-1.057374839021901,50.712774947940744],[-1.057247252452155,50.71259725778077],[-1.057184219275001,50.712508192741495],[-1.057179111198965,50.71250086897937],[-1.057071016863244,50.71234176374545],[-1.056859678989497,50.71202226010283],[-1.056756435425018,50.711861861702765],[-1.056751796620683,50.71185445178457],[-1.056675058583133,50.71172915101233],[-1.056524542694266,50.71147783490241],[-1.056450764829777,50.71135181956854],[-1.056446476280608,50.7113443234393],[-1.056374852978999,50.71121611598057],[-1.056234670317495,50.71095902766799],[-1.056166110943265,50.71083014681777],[-1.056162176925078,50.71082256271605],[-1.056123774551033,50.710747420173305],[-1.056048011349204,50.71059692373829],[-1.056010650518512,50.71052156984666],[-1.056006948794799,50.71051398761843],[-1.055921747993194,50.71033275233873],[-1.055757370501467,50.70996918389366],[-1.055678193769853,50.70978685073657],[-1.055674963062213,50.70977909334876],[-1.055643056107704,50.70970106661951],[-1.055580345440261,50.70954483464903],[-1.055549541724002,50.70946662940838],[-1.055546544732453,50.70945887300898],[-1.055487791542503,50.70930064857104],[-1.0553748006256,50.70898355106916],[-1.055320561661716,50.708824677693976],[-1.055318030509149,50.70881692593084],[-1.055276709052685,50.70868545413341],[-1.055197158254827,50.708422133956596],[-1.055158928896961,50.708290285579274],[-1.055156750805864,50.70828244584167],[-1.055122061301328,50.708151982489],[-1.055055709657851,50.70789074579816],[-1.055024047502739,50.707759972461645],[-1.055022222425084,50.70775204654922],[-1.055002628017155,50.70766390694108],[-1.054964814399332,50.70748750887695],[-1.054946595184442,50.70739925042137],[-1.054945004186935,50.70739123557406],[-1.054923115194935,50.7072748591531],[-1.054881728104929,50.707041935036266],[-1.054862229995393,50.70692538734118],[-1.054860986961992,50.70691746613991],[-1.054836773528366,50.70674667591955],[-1.054793480448605,50.70640483334225],[-1.054774400765923,50.70623378098712],[-1.054773628285642,50.70622577276695],[-1.054766031644953,50.70614036345036],[-1.054752118333884,50.705969502793394],[-1.054745801658936,50.7058840514532],[-1.054745353641639,50.705877305778984],[-1.054737883154254,50.705739868560535],[-1.054726253033328,50.705464937655826],[-1.054725233019108,50.70543122203276],[-1.053819194723821,50.705080825713594],[-1.053810860370712,50.70507716182343],[-1.053655303980716,50.70500779169454],[-1.053473453505804,50.70492553247561],[-1.053326436742015,50.70486209986614],[-1.052920258029078,50.70468014834538],[-1.052788378113304,50.704618841718656],[-1.052751334971786,50.704601562824585],[-1.05267733728239,50.70456692874244],[-1.052640382734564,50.704549573554424],[-1.052523904252017,50.704494684983395],[-1.052263663422009,50.70436906632597],[-1.051747821424098,50.70411404619473],[-1.0514922202717,50.703984644741354],[-1.051485171962295,50.703980991138],[-1.050444219375464,50.70338448011898],[-1.048460393461202,50.702128983291274],[-1.047517520094202,50.70146999918605],[-1.047502230198131,50.701458186992106],[-1.047388248601266,50.70136897470517],[-1.047162090699791,50.7011896323199],[-1.047049914392579,50.7010995022251],[-1.046875781242674,50.700957738711544],[-1.046409486567833,50.700555568416725],[-1.046202277124902,50.700366040913444],[-1.045950161464782,50.700161886922],[-1.045934909004916,50.700148276032245],[-1.045789631583719,50.70001614329352],[-1.045502831034603,50.69975024505825],[-1.045361307894958,50.69961647957095],[-1.045326495636955,50.699582929860995],[-1.04519645539796,50.69945526928077],[-1.044939794251321,50.69919856956847],[-1.044813173332127,50.699069530443985],[-1.044796594352655,50.69905231216999],[-1.044771824134604,50.69902658210055],[-1.044683706601971,50.69893379802849],[-1.044509254495313,50.698747578294714],[-1.044422912173521,50.69865413459248],[-1.044414575022024,50.69864498589584],[-1.044290525908931,50.698506028947484],[-1.044120457384351,50.69831151388645],[-1.044090622734088,50.69828916840701],[-1.042127831946517,50.696713040860345],[-1.041452528261639,50.69608535696533],[-1.041012960476505,50.69574424645755],[-1.040988961926054,50.695723579665774],[-1.040678721847055,50.69550551530932],[-1.039591362581119,50.69463943200995],[-1.039469061457223,50.69452864946791],[-1.038647553473372,50.69369001161654],[-1.037154383276571,50.69196055439342],[-1.036482718748789,50.69106974109985],[-1.036425116981071,50.69098115766192],[-1.035837805865236,50.68969725029709],[-1.036504101648775,50.677250258070714]],[[-1.455314911539455,50.74107611699119],[-1.455797948508622,50.7410416711894],[-1.455799524876088,50.74104142924911],[-1.455812537274687,50.741039517847184],[-1.456259388512656,50.740978678178834],[-1.457155947097151,50.740866167955836],[-1.457605654612826,50.74081449738018],[-1.457618853453349,50.74081311991297],[-1.457913495271981,50.74078438604198],[-1.458277959692058,50.74075132779898],[-1.45834037674677,50.74071857661587],[-1.458355776515131,50.740710554657724],[-1.458485368867204,50.740643854466384],[-1.458745781155567,50.74051142647866],[-1.458854617718828,50.740456632983175],[-1.458966663701784,50.74040078916568],[-1.459098139550691,50.74033408237571],[-1.459151154148219,50.740306439591684],[-1.459331029271572,50.74021342904828],[-1.459421266569548,50.740167157278016],[-1.459576658030231,50.74008814045979],[-1.459692620380034,50.74002980140835],[-1.459925497951556,50.73991389452033],[-1.460042413174782,50.73985632668188],[-1.460088886261028,50.739833689437894],[-1.460150602757442,50.73980362788498],[-1.460189381020571,50.73978480657668],[-1.4602670389881,50.73974724900667],[-1.460305918901565,50.73972851264309],[-1.46041847985256,50.73967446271494],[-1.46068204835258,50.73955091527046],[-1.461213612515184,50.73930771858487],[-1.461481608199361,50.73918806932381],[-1.461597991239531,50.739137374902064],[-1.461903161272746,50.73900810315822],[-1.462518668313663,50.73875461406387],[-1.462829005360287,50.73863039668648],[-1.462837689985485,50.73862701943649],[-1.462985492537588,50.738570325524655],[-1.463282174435357,50.738458084373086],[-1.463431053785754,50.73840253713068],[-1.463468007922806,50.738388941016254],[-1.463706327648901,50.73830320071456],[-1.464185531970863,50.73813465813642],[-1.464426416587743,50.738051855849626],[-1.464464166047236,50.738039177632245],[-1.464598954756352,50.73799449431714],[-1.464767946465962,50.737939202552596],[-1.465134728883179,50.73781441434071],[-1.465409617458261,50.73772333254776],[-1.465428029643053,50.737717393586706],[-1.465686711968917,50.737636047055624],[-1.466206631793941,50.737476713281985],[-1.466467869321898,50.73739872602829],[-1.466492839020926,50.73739146797954],[-1.466729508826486,50.73732432893472],[-1.467204742305466,50.73719280805207],[-1.46744330600168,50.737128426206745],[-1.467468502085843,50.73712179847443],[-1.467565427755598,50.737096568507745],[-1.467759570068479,50.737046563741906],[-1.467856786713191,50.73702178894227],[-1.468081293685403,50.736965185588055],[-1.468373504546706,50.73689387325233],[-1.469309949340365,50.73667283710244],[-1.469826641034848,50.736558034201295],[-1.469853644770617,50.73655240337301],[-1.46992322238697,50.736538021195535],[-1.470062493601097,50.736509484913476],[-1.470132187199479,50.736495330808765],[-1.470145329300705,50.73649268548726],[-1.470186888807814,50.73648436473894],[-1.470268021730145,50.736468207839735],[-1.470667067339628,50.73628839135149],[-1.470711439620657,50.73626847741947],[-1.470800304097022,50.73622875764637],[-1.470844796292464,50.736208951805196],[-1.470980891063825,50.736148615360655],[-1.471021893660192,50.73613050531891],[-1.471103999111229,50.73609437703598],[-1.471145101965984,50.73607635879471],[-1.471285271420068,50.73601514389019],[-1.471399976470327,50.735965573072384],[-1.471630145345923,50.7358671463503],[-1.471745609173193,50.73581829044456],[-1.471887552384604,50.73575886520846],[-1.471914065450543,50.735747792369],[-1.471929107974442,50.735741525358236],[-1.472043417640985,50.73567855209455],[-1.472047532304949,50.735676323430084],[-1.47227729037616,50.735554515518174],[-1.472740806787138,50.73531400587024],[-1.472974565137311,50.73519530411842],[-1.47297899683477,50.73519310203294],[-1.473450872160977,50.73496852221134],[-1.474381959976998,50.73454430096361],[-1.474857671207351,50.734325400962405],[-1.475023439105446,50.73425026919219],[-1.47503141699946,50.73424670799652],[-1.475316751817965,50.734122614571135],[-1.475892105017797,50.73387888269146],[-1.476182123386294,50.73375924417768],[-1.476190095683648,50.73375604258608],[-1.476266504505434,50.73372557335757],[-1.476419626064592,50.73366494418791],[-1.476496338802588,50.73363478424634],[-1.476504310056147,50.733631672556044],[-1.476674660235249,50.73356621640219],[-1.477016791868552,50.733436829155785],[-1.477188573330008,50.73337289805909],[-1.477196816938793,50.733369879268075],[-1.477360975156933,50.73331068636761],[-1.477690518572598,50.73319369327427],[-1.477855903776913,50.73313589307802],[-1.477864169441433,50.733133049697116],[-1.478071096427184,50.73306326542447],[-1.47848673867957,50.73292587702126],[-1.478695453960413,50.732858272884435],[-1.478703829406932,50.73285561518523],[-1.478921313517406,50.73278807066068],[-1.479358066761764,50.732655348762314],[-1.479577335912775,50.73259017138193],[-1.479585870837109,50.73258769058876],[-1.479894175185214,50.73250087932936],[-1.480513949058718,50.732331936225194],[-1.480825418634904,50.732249804364],[-1.480834087881097,50.732247594759095],[-1.481055125544265,50.73219261695937],[-1.481498619725431,50.732085018175624],[-1.481645340391774,50.732050312191724],[-1.481972281428427,50.73188760648355],[-1.482187494601141,50.731782599527925],[-1.482233881628371,50.73176041166927],[-1.482395633344386,50.73168418057494],[-1.48272082673137,50.73153318507501],[-1.482884268407149,50.73145842066471],[-1.482931691479711,50.73143705096457],[-1.483049338421172,50.73138460468451],[-1.483285463948719,50.73128047207787],[-1.483403942536813,50.73122878574959],[-1.483451965898845,50.731208062376844],[-1.483498469944497,50.73118808001201],[-1.483591602345697,50.731148232367204],[-1.483638230701373,50.73112836708715],[-1.483651024173401,50.731122939934195],[-1.483782817486391,50.73106770335708],[-1.483872542619598,50.73103055215762],[-1.4841647564924,50.73090449681142],[-1.484294851947685,50.730850163831334],[-1.484877061905698,50.73059642038447],[-1.485173864333472,50.73047052589391],[-1.485188733888696,50.73046438921751],[-1.485479569107608,50.730347526183714],[-1.486065622512646,50.73011831655148],[-1.486360840734017,50.730005969931234],[-1.486376206661096,50.730000282229746],[-1.486685864193133,50.729888945826],[-1.48730948325431,50.729671241953184],[-1.487623444829751,50.72956487446134],[-1.487632623618065,50.7295618581427],[-1.487746022931952,50.72952500234685],[-1.487973338606188,50.729451939095156],[-1.488087254968882,50.72941573163835],[-1.488320049316642,50.72934256823329],[-1.4887912015203,50.72920339481529],[-1.488794828532952,50.72920178457196],[-1.488834681398502,50.72918946289312],[-1.488853040972815,50.729183796870736],[-1.488889772952411,50.7291724816135],[-1.488908145357704,50.72916683237861],[-1.488928071983307,50.72916071648623],[-1.488955374286487,50.72915236745305],[-1.489432753957219,50.72899153824753],[-1.489711831760547,50.72890001784538],[-1.48972132354244,50.72889698924289],[-1.489951360825901,50.72882523648585],[-1.490413440796627,50.728684382592704],[-1.490645483504052,50.72861528144875],[-1.490655192558715,50.72861245785485],[-1.490881531760844,50.728548148570276],[-1.491335947055942,50.728422052870876],[-1.491564023168727,50.72836026644939],[-1.491573764852224,50.72835769112157],[-1.491856728342673,50.72828514576472],[-1.492425048961233,50.728143938103656],[-1.49271040612924,50.728075275787916],[-1.492717560667457,50.72807360997102],[-1.492768170861797,50.72806189544172],[-1.492869460987625,50.72803858854172],[-1.492920140919342,50.72802699617099],[-1.492927522270159,50.72802531783818],[-1.492948341621544,50.72802059567036],[-1.492989991896593,50.7280111719499],[-1.493010822820273,50.72800647039727],[-1.493018303405795,50.72800478619512],[-1.493295526126758,50.72794441259952],[-1.493851877821262,50.727827316105014],[-1.494131006833363,50.72777059319719],[-1.494138592896815,50.727769106322185],[-1.494227962681276,50.727751794406466],[-1.494406879998671,50.727717544849725],[-1.494496427532902,50.72770060720841],[-1.494503943263603,50.72769920273825],[-1.49465659473308,50.72767126588647],[-1.494962381103207,50.727616479796254],[-1.495115516010382,50.72758963055655],[-1.495123182341582,50.727588315726756],[-1.495238437379432,50.727568878594],[-1.495469200860143,50.727530620428226],[-1.495584709305828,50.72751179939469],[-1.495592371832798,50.72751057264664],[-1.495836327076973,50.72747297178615],[-1.496325247830131,50.72740051805254],[-1.496570213366176,50.72736566517531],[-1.496577876733207,50.72736462001996],[-1.496756474386245,50.72734102459959],[-1.497114133036466,50.7272952944938],[-1.497380972055504,50.72726286245133],[-1.497452195652925,50.7272546542598],[-1.497689417559352,50.72709477545842],[-1.497722230990732,50.72707351670395],[-1.497878342592223,50.72697394450845],[-1.498192995281123,50.72677635945844],[-1.498351536368859,50.72667834659744],[-1.498385419176671,50.72665772444671],[-1.498474657172858,50.72660388171209],[-1.498653866377263,50.72649669031299],[-1.49870659035165,50.72646542751638],[-1.498903818350622,50.72627667162896],[-1.499209362108372,50.72599596006098],[-1.499216455924038,50.725989700084796],[-1.499418517708867,50.725815833569776],[-1.499829159178992,50.72547123099252],[-1.500037738874512,50.725300494964266],[-1.500146357491402,50.72521375510602],[-1.500359453875065,50.725069662452746],[-1.498979307617677,50.72502028705148],[-1.498279794016007,50.72498420351371],[-1.498265553314096,50.72498324297954],[-1.496121193249186,50.72473144765799],[-1.493034616364238,50.72421025525952],[-1.492127993998054,50.7247106533151],[-1.491379846533287,50.72509601166164],[-1.491361294315368,50.725104920810686],[-1.490983685902673,50.725280109307704],[-1.490219555777691,50.72562247499269],[-1.489833034175245,50.725789652300115],[-1.489820243845108,50.72579499021316],[-1.489245971534631,50.72602237206873],[-1.488080956328403,50.72645945777769],[-1.487490213719716,50.7266691614683],[-1.487471689539159,50.72667537320537],[-1.486665941757019,50.726925188687495],[-1.4850311363103,50.72739194717147],[-1.484202079628639,50.72760889012065],[-1.484183574374026,50.72761330287655],[-1.483614059626737,50.727740386851934],[-1.482467008758343,50.727979031882214],[-1.482008572660596,50.72806758698495],[-1.4809176408389,50.728633604102875],[-1.480876324653574,50.72865140126854],[-1.478647452447659,50.72943565113956],[-1.475396126456732,50.730347548418564],[-1.475158856080122,50.73047298131743],[-1.47423598585484,50.730921464825364],[-1.474216025418928,50.73093036491742],[-1.473749526898942,50.73112971148563],[-1.472804420985857,50.73151649243797],[-1.472325813734635,50.73170392672542],[-1.472304461402648,50.731711921816064],[-1.472152928674456,50.73176684135484],[-1.471740902424614,50.73194854726764],[-1.471340590544595,50.732118752548374],[-1.471336248837451,50.732120531422595],[-1.470854740495885,50.73230927396725],[-1.469880220215684,50.732674398819505],[-1.469387208446044,50.732850781032525],[-1.469371609824101,50.73285610393042],[-1.469131673033789,50.7329361119762],[-1.468914472944245,50.73300686368613],[-1.467742472923845,50.73356652846042],[-1.467115756363687,50.73384922537307],[-1.467053064570984,50.73387590913402],[-1.466489932656328,50.73410357347232],[-1.465347378525036,50.734541805458505],[-1.464767956568984,50.734752372961104],[-1.464739571411799,50.73476213204193],[-1.464289163274486,50.73491042771811],[-1.464175123584341,50.73494634486016],[-1.464007642950125,50.735074649080126],[-1.463593783187044,50.73538450561475],[-1.463384094034517,50.7355379501745],[-1.463205510506997,50.73566568793126],[-1.463003954381978,50.73580681702947],[-1.462596173564901,50.73608633341166],[-1.462389948869086,50.736224720679466],[-1.462243142838118,50.736321167445105],[-1.462113093573626,50.73640753224911],[-1.461983105737086,50.736492724047025],[-1.461721369673401,50.73666201201096],[-1.461589621446064,50.73674610817304],[-1.461431323916828,50.73684582668571],[-1.461416749304512,50.736855112858],[-1.461169422569133,50.73700889135476],[-1.46066891722576,50.737312565997975],[-1.460415738621684,50.737462462119524],[-1.460378687598133,50.73748386701936],[-1.45998394626173,50.73770356523022],[-1.459181897844424,50.73813352688665],[-1.458774590811067,50.73834379024668],[-1.458767421564528,50.73834735318092],[-1.458747495764105,50.73835723760306],[-1.458707616369392,50.73837698385426],[-1.45868766277511,50.7383868456833],[-1.458667803478469,50.73839664284409],[-1.458210833420088,50.7386128625318],[-1.457283547328025,50.73903345956564],[-1.456813231410647,50.73923783680703],[-1.456770493843635,50.73925561787629],[-1.456246094071651,50.739463556311556],[-1.455183484525169,50.73986471127576],[-1.454645274968474,50.740057927680866],[-1.454585445272592,50.74007832585891],[-1.453300669556591,50.74046495630455],[-1.450676466583782,50.74115452688292],[-1.449337042927278,50.74145746327914],[-1.449318657091495,50.74146097260099],[-1.448780590012886,50.741536346827445],[-1.448586186573836,50.74163113667696],[-1.448075339113561,50.74185117162509],[-1.448889768682911,50.74180953435662],[-1.450546784255507,50.7417557293988],[-1.451090800819366,50.74174818270515],[-1.452115816225494,50.741554780148114],[-1.454226851117169,50.74122012528263],[-1.455292495689984,50.74107852938733],[-1.455314911539455,50.74107611699119]],[[-1.431607982250926,50.74471452114979],[-1.431488039588071,50.74471052405038],[-1.431447093285504,50.74471611018372],[-1.430619309463946,50.74482088061615],[-1.430204186499039,50.744869352730625],[-1.430180081611282,50.74487193246667],[-1.430054344538705,50.74488502038534],[-1.429802689794779,50.74491047807324],[-1.429676772127183,50.744922847842034],[-1.429649862432497,50.74492541281582],[-1.429310161558266,50.744955130184145],[-1.42862972469174,50.745009338801005],[-1.428288988773994,50.74503383004364],[-1.42814572180171,50.745043015078515],[-1.427640595341944,50.74506961817084],[-1.426629164328042,50.74511134100418],[-1.426122860020097,50.7451264607355],[-1.426084520463646,50.74512716993876],[-1.425560461804736,50.74513071212731],[-1.424512495988044,50.74512549393502],[-1.423988589104478,50.74511673355601],[-1.423950389187158,50.74511564599447],[-1.423922219127213,50.74511483407937],[-1.423875914854839,50.74511347868706],[-1.42378478339137,50.74511062064557],[-1.423602551372267,50.7451045321761],[-1.423511450818073,50.745101301748164],[-1.423456200919396,50.74509922934081],[-1.422974086617494,50.7450759022834],[-1.422317870183263,50.74503699450536],[-1.420545366130348,50.74552032105855],[-1.418309793883987,50.74599449938013],[-1.418304173122428,50.745995369648355],[-1.417826365235369,50.746049764737755],[-1.417476124549905,50.74617911025797],[-1.415679925490875,50.74673147034437],[-1.416377595945994,50.74659466809788],[-1.418390452145804,50.74625088273088],[-1.419406845827982,50.746102486205],[-1.419428147081653,50.74609989559812],[-1.420811768661382,50.745976111041614],[-1.42359148760639,50.745815534626274],[-1.424987590078707,50.745778742481264],[-1.42501166269835,50.74577886148655],[-1.42661044919099,50.745844205241646],[-1.427901819252392,50.74594371210185],[-1.42832613681062,50.74593318904179],[-1.428351705575788,50.74593511236408],[-1.428738869959743,50.74596767261095],[-1.429511639839679,50.7460395449515],[-1.429897245444115,50.746078857055615],[-1.429922688634124,50.74608167959276],[-1.43009169507922,50.746105364494994],[-1.430644363869418,50.74596943424134],[-1.43170054970306,50.74573958339935],[-1.431737446468166,50.745732571265876],[-1.43276514769671,50.74556358944252],[-1.4330143809928,50.745528871147506],[-1.433027972785281,50.74552578648755],[-1.433827248659923,50.74536117411889],[-1.43384504358582,50.74535787575941],[-1.433972887669947,50.74532556415059],[-1.434266326333817,50.745255165916916],[-1.434489499398312,50.74514797687564],[-1.434616375466407,50.74509105623381],[-1.435261760831783,50.74481800197748],[-1.435734611131352,50.7446295926381],[-1.433839795174863,50.74474060381695],[-1.432428201571888,50.74477840589106],[-1.432415347035786,50.74477834316084],[-1.431607982250926,50.74471452114979]],[[-1.422775110279948,50.679663462868454],[-1.422735916749363,50.67971916801577],[-1.422691349782361,50.67978185129333],[-1.422379385866118,50.680192535957524],[-1.421707374150984,50.6810227195685],[-1.421354391123275,50.68143226500606],[-1.421337174770893,50.68145106421875],[-1.421278355340417,50.68151468935139],[-1.421159896224129,50.68164163071849],[-1.421100256536836,50.68170494695208],[-1.421022820622053,50.68178639590341],[-1.420976970164318,50.68183428445939],[-1.420922627078789,50.68189064660153],[-1.420427410055867,50.68241625477726],[-1.420104978692842,50.682742406843516],[-1.420060570838678,50.68278526084703],[-1.419123373467105,50.68358854741625],[-1.417114318749633,50.68512403339759],[-1.416042453258074,50.68585622726624],[-1.41597969290055,50.685894581391835],[-1.415545583921606,50.68614900901011],[-1.41487502291844,50.68652586541127],[-1.415979436762052,50.68655500213573],[-1.418186704266058,50.68583987209948],[-1.420329089548897,50.68528083916682],[-1.420366880967372,50.68527320561601],[-1.420575746663986,50.68523214189006],[-1.420994450533854,50.68515206772099],[-1.421204288723909,50.68511305727442],[-1.421320558983563,50.68509205955007],[-1.421402087411333,50.68507750323743],[-1.42156527975555,50.68504870058241],[-1.421646943672998,50.6850344542399],[-1.421753376997978,50.68501610410211],[-1.421836966235493,50.685001866579064],[-1.422004280030292,50.68497371629097],[-1.422088004588661,50.68495980352577],[-1.422258163614177,50.68493188026513],[-1.422692954229899,50.68486516663419],[-1.423565633243415,50.68474049532087],[-1.424003521796956,50.684682537615714],[-1.424060211942701,50.68467562600759],[-1.424864285085914,50.684592753738485],[-1.426478597936867,50.68445651496145],[-1.427288838648021,50.68440314837034],[-1.427374670158048,50.68439907657239],[-1.427885467159692,50.68440266420403],[-1.426977888345057,50.682356958171425],[-1.426544688702241,50.68001300600868],[-1.423005205494074,50.67971048959096],[-1.422775110279948,50.679663462868454]],[[-1.184385807764916,50.70680749338451],[-1.184343645528227,50.706008043385665],[-1.18434384822552,50.705996357586855],[-1.184515626658879,50.70490847465335],[-1.184510654103039,50.704490707008475],[-1.183650242087011,50.70472240950005],[-1.179443779883454,50.7053966662908],[-1.175124251782229,50.70565361972714],[-1.170793733108721,50.70548719901997],[-1.166554555986794,50.70490134348368],[-1.162506890807047,50.703909898169556],[-1.15874637590155,50.70253627881167],[-1.157679956499471,50.70207403861815],[-1.156505697670995,50.70161537926127],[-1.15591954964755,50.70134338329684],[-1.15575505709099,50.701474979510685],[-1.155105377947319,50.701975887933145],[-1.154773415631263,50.70222261771379],[-1.154736157296609,50.70224931862052],[-1.154456747325686,50.70244374557822],[-1.153889079303607,50.7028273207507],[-1.153600821244837,50.70301646892286],[-1.153549207000843,50.70304935951873],[-1.153131624855346,50.703304778560096],[-1.152280332485639,50.70380454266314],[-1.151846622293981,50.704048887607414],[-1.15174651524283,50.70410300092504],[-1.151144240424407,50.70441095382031],[-1.149914096549581,50.70500551434279],[-1.149286226800465,50.705292121655155],[-1.149267750512193,50.705300078849945],[-1.148769641941216,50.705505053113036],[-1.147760322990043,50.705901560099036],[-1.147249112797225,50.70609309270718],[-1.14722196419271,50.706102783013755],[-1.145499757295795,50.7066238759992],[-1.144166060996254,50.706959423390295],[-1.144114750839239,50.70698343948184],[-1.145818474245163,50.70865194136853],[-1.146355588339692,50.70941675114794],[-1.146923744111976,50.709537438001206],[-1.147433266419837,50.70965258165],[-1.147558863076299,50.70968269175028],[-1.147690509489336,50.70971401438957],[-1.147750585580599,50.70972803699647],[-1.147772148803575,50.7097330827612],[-1.147815262340524,50.70974319649047],[-1.147836812654517,50.70974826445501],[-1.148152039605331,50.709822580175704],[-1.148428243105023,50.70988786305878],[-1.148453829011565,50.709893928617134],[-1.14850446918181,50.709905969017505],[-1.148529780226702,50.70991200455644],[-1.149049396606153,50.710036267426474],[-1.149109813828175,50.71005081562938],[-1.149230543222007,50.71008008682455],[-1.14929085539424,50.7100948098169],[-1.14941421959727,50.71012512980192],[-1.149572340134606,50.710162465920405],[-1.149654878943813,50.71018293586617],[-1.150794300605053,50.7105186493464],[-1.151636646499667,50.71070076536691],[-1.152229066480061,50.710874990393506],[-1.15227576321345,50.71088878879448],[-1.152369077424868,50.71091649327873],[-1.152415694903082,50.71093039936209],[-1.152534051462985,50.710965872183095],[-1.152740085533535,50.7110289192231],[-1.153150525080987,50.71115711655499],[-1.153354930573335,50.71122226685195],[-1.153438637703714,50.71124948623563],[-1.153479861874177,50.711262945346135],[-1.153562240689056,50.71128994912216],[-1.153603395333594,50.71130349378771],[-1.153828722775302,50.711377949601285],[-1.153998679279051,50.71143504277396],[-1.154337357189499,50.71155068812603],[-1.154506078604471,50.71160924030867],[-1.154591438073369,50.711639342461254],[-1.154605418363099,50.711644126628904],[-1.154781645305174,50.71170546112639],[-1.155132712220767,50.711829710827146],[-1.155307552203283,50.711892626034164],[-1.155695167463168,50.71203442197999],[-1.155735307970129,50.71204916151894],[-1.155815512843673,50.71207872391893],[-1.15585557721036,50.71209354678002],[-1.155911377033147,50.71211426911066],[-1.157705616236323,50.7129653699773],[-1.157786526628172,50.71299642853039],[-1.159344919816967,50.71363989970738],[-1.160107488048146,50.71397787813476],[-1.160263236155522,50.71405185061284],[-1.160756928227173,50.714144244881226],[-1.160815095854777,50.714156800656816],[-1.160898752502421,50.714174871560736],[-1.161967274326008,50.714436740418634],[-1.163450650797225,50.714844741444765],[-1.163574840873657,50.714849011949006],[-1.163572862639528,50.71487218929807],[-1.163585028673881,50.71487422910114],[-1.163640192902895,50.71488967119207],[-1.164614729717653,50.71485583015835],[-1.165418570317549,50.7149123961783],[-1.166300696058787,50.71494271166489],[-1.167171203764542,50.71490138387312],[-1.167173187827426,50.714901487946136],[-1.16722758120441,50.71490440812017],[-1.167336349847325,50.71491038146011],[-1.167356046407469,50.71491147193529],[-1.1674812536281,50.71491845970113],[-1.167504392991294,50.71491966339191],[-1.167536875175326,50.714921376970366],[-1.16800215814862,50.714946263944185],[-1.168355008244678,50.71496454942026],[-1.168441872602192,50.7149675156317],[-1.168552184597794,50.71497097358364],[-1.168626224636683,50.71497341780574],[-1.168801531320366,50.714979497001345],[-1.168979903683006,50.71498439255258],[-1.169193259320356,50.71499127170601],[-1.169223376147273,50.7149923873523],[-1.169620436096274,50.715007155858316],[-1.169692719855788,50.71500941191762],[-1.169766836412903,50.71501184873135],[-1.169915048424188,50.715016968749644],[-1.169989143879145,50.715019651954265],[-1.170193737663062,50.715027402098094],[-1.170234315789576,50.71502895979448],[-1.170346224354566,50.71503333109662],[-1.17057094284492,50.715043256291644],[-1.171020103114163,50.715065373124574],[-1.171244544914627,50.71507756476365],[-1.171296110950564,50.71508062819276],[-1.171571126635446,50.7150986866553],[-1.172120551114192,50.71513820639919],[-1.172394959947385,50.71515966768355],[-1.172453034901995,50.71516457538021],[-1.172775366055306,50.7151942122276],[-1.173106357970263,50.71522711547419],[-1.173153854408183,50.71522856879608],[-1.173269201049138,50.71523239750973],[-1.173499841382374,50.715240651663315],[-1.173615135077581,50.71524507710339],[-1.173867098470976,50.715255402895146],[-1.175369994576255,50.715368421674064],[-1.177146901410588,50.71556361371468],[-1.177565688877557,50.71552798400238],[-1.178610196464376,50.71535527920941],[-1.179384525355047,50.7153009333131],[-1.179509718196821,50.71528845208917],[-1.17951474821348,50.71528803783163],[-1.180201736421204,50.715242241158975],[-1.180271247646076,50.715238692661096],[-1.181742765199454,50.715135388898695],[-1.182023756815409,50.71448695789427],[-1.183795245593692,50.7120047556351],[-1.183956311343739,50.710271308522664],[-1.184582657863801,50.70840501038944],[-1.184581851624789,50.7084008508678],[-1.184385807764916,50.70680749338451]],[[-1.257051299208579,50.60522920285127],[-1.256522745469166,50.605997415565966],[-1.254070584700644,50.60841403016074],[-1.251042307842807,50.610549874887376],[-1.247515880662918,50.612349913368675],[-1.24358213674168,50.61376775956033],[-1.239342430540976,50.61476687143555],[-1.237139470359129,50.615042301658086],[-1.236739974913592,50.615291803364926],[-1.237951578644865,50.617462792042566],[-1.238759427523041,50.62018949892551],[-1.238896401549186,50.62296285083279],[-1.238359105712831,50.62571644000848],[-1.237160333774124,50.628384311055285],[-1.23532865114609,50.630902569499675],[-1.232907846888081,50.63321088310577],[-1.231556528597103,50.63430527214974],[-1.231445097571518,50.63438239282171],[-1.229613700298072,50.63544548906205],[-1.228791813973489,50.635844491390884],[-1.22879170080013,50.6358625324737],[-1.228791142094382,50.635896701832394],[-1.228785016249071,50.636083891715735],[-1.22876663751703,50.636458149716816],[-1.228754384581382,50.63664521783343],[-1.228750850923606,50.636688360392306],[-1.228738146123733,50.636823796466274],[-1.228709524580537,50.637094531250234],[-1.228693607818739,50.637229829959395],[-1.228677424214382,50.63735472418452],[-1.228377132866774,50.638599076103084],[-1.22837544769019,50.63860381634415],[-1.228280012583386,50.6391592053218],[-1.228108519280892,50.63988296928721],[-1.228105529319741,50.639892841663006],[-1.227830428461934,50.64063167363378],[-1.227183164092116,50.64209194270635],[-1.2268109975918,50.64281337909171],[-1.226805178921054,50.64282323264641],[-1.226549428156155,50.64322120713046],[-1.226161281991839,50.64406794592697],[-1.224373529215434,50.6465180652149],[-1.224336820778978,50.64655329202245],[-1.22410518100144,50.64698720453805],[-1.222198137134899,50.64934402983277],[-1.221454259135935,50.65000220028496],[-1.220276418096665,50.651472265183735],[-1.21923269872241,50.652357209605114],[-1.219592894204092,50.652581871494036],[-1.22005162313441,50.65288160866725],[-1.220075495229361,50.65289795036214],[-1.220143012084777,50.652944496641105],[-1.220277529014852,50.653037890138556],[-1.220344529089331,50.65308473735759],[-1.22037946120829,50.653109335667715],[-1.220460232523397,50.653166704488065],[-1.220621000168074,50.653281879488304],[-1.220700996497213,50.65333968566926],[-1.220826729164648,50.65343132912025],[-1.220907347357115,50.65349060891966],[-1.221067768722849,50.65360961270339],[-1.221147571895539,50.65366933668882],[-1.221172800492727,50.653688385090575],[-1.222405940522657,50.65477425776799],[-1.224605020190811,50.6570503527879],[-1.226248119172634,50.659508794308735],[-1.227298712340224,50.66209507970943],[-1.227310416320917,50.662166615612],[-1.227314540402978,50.662166505730994],[-1.227403454632833,50.66216431469652],[-1.227877640001183,50.66215357772427],[-1.228042072086554,50.662150928346804],[-1.228228461793178,50.66214321432373],[-1.22877367104672,50.66212400438828],[-1.229046421379967,50.66211607048061],[-1.229210617936217,50.66211230269607],[-1.2292923706265,50.66211043121907],[-1.231379694685451,50.662160703137374],[-1.234471111266305,50.66238115519969],[-1.234623152221687,50.66237192773309],[-1.234888868006822,50.66235740592178],[-1.234921439744192,50.66235582222751],[-1.235078518687328,50.662348743307646],[-1.235392790706492,50.66233569652604],[-1.235549983789927,50.662329728664076],[-1.235593871753998,50.66232821816193],[-1.235635924891679,50.66232679295838],[-1.235672585941874,50.66232557309954],[-1.235895783788422,50.662319295912745],[-1.235978688417968,50.66231738095044],[-1.235991081572844,50.66231687508425],[-1.236013724408797,50.662316124336684],[-1.2364550949266,50.662305877095996],[-1.237338124015563,50.66229413926935],[-1.237779782751301,50.662292648682104],[-1.237793897292449,50.66229274105921],[-1.238730131326541,50.6623185923972],[-1.240597859242037,50.66240961038728],[-1.241529354675723,50.66247477712302],[-1.2415505549354,50.66247671376668],[-1.242153255754646,50.66254023880194],[-1.243178018716182,50.66266274672622],[-1.243896072924839,50.66272077917549],[-1.243941259194781,50.66272556807016],[-1.244317707283239,50.66276879625323],[-1.245068629465335,50.66286170209336],[-1.245443103657892,50.662911379763536],[-1.245489660658549,50.66291797461345],[-1.245559439850356,50.6629297062427],[-1.246414159625718,50.66297275318171],[-1.246684638870438,50.66301312653079],[-1.248383306773633,50.663203155114175],[-1.249501796748235,50.663358153559585],[-1.249524368302221,50.66336189526315],[-1.249565840789774,50.66337038586701],[-1.249680672200205,50.663386177165314],[-1.249759262157802,50.66339713333823],[-1.249832592243453,50.6634074951702],[-1.249987017887443,50.66342989326115],[-1.250295465460245,50.66347578625091],[-1.250449487395841,50.66349928115078],[-1.250569463530121,50.66351803451304],[-1.250584627143178,50.66352041035577],[-1.250614950238635,50.66352517267249],[-1.25063010972104,50.66352755914649],[-1.250772659176809,50.66355005289601],[-1.250877529960182,50.663566871705704],[-1.251087066416646,50.663601018091974],[-1.251129298353425,50.66360794433256],[-1.251370300079483,50.66364772136234],[-1.252049995618306,50.66382163139342],[-1.253843063795515,50.664158357890614],[-1.253835552906131,50.66417451594662],[-1.254516589270268,50.66424568317985],[-1.258703013714918,50.66512562162312],[-1.262622772371508,50.66640928857178],[-1.26618017374007,50.66806535419597],[-1.26928834642894,50.67005339703283],[-1.271871353423413,50.67232488728044],[-1.272241848593698,50.672789163639806],[-1.273603662932383,50.67237294719565],[-1.273620648808371,50.6723685585034],[-1.27423635399385,50.6722199882864],[-1.275477965197026,50.67194120380561],[-1.276103871641809,50.67181098943744],[-1.27632310066786,50.67176894306482],[-1.27632677206955,50.67176819053803],[-1.276591610390996,50.67171572194243],[-1.27685561249048,50.671665217194224],[-1.27688672403954,50.67165929011044],[-1.277208463736772,50.67159825031641],[-1.277412598255076,50.67156058063065],[-1.27743681836914,50.671556236259406],[-1.27967259953865,50.67127633411197],[-1.284185825348003,50.67094808494295],[-1.28872345567535,50.671084294612164],[-1.289797981287749,50.67122867721113],[-1.289837643668221,50.67122831077614],[-1.290059492894409,50.67124854353319],[-1.292054481143778,50.67152504391866],[-1.292182397512992,50.67154902999242],[-1.293167951536753,50.67168142650221],[-1.295352302952259,50.672094008860896],[-1.295552203908773,50.672143206679785],[-1.295903605415965,50.67222482969555],[-1.295515615381003,50.6716314940929],[-1.295310788286141,50.67129986447557],[-1.295303963126882,50.67128813601711],[-1.295234118223852,50.67116538176296],[-1.295097240674246,50.67091924184863],[-1.295030208014825,50.67079585619147],[-1.294973697861938,50.67068933867178],[-1.294925863968984,50.67059754767761],[-1.294831752580569,50.670413644108336],[-1.294785475079684,50.6703215315344],[-1.294755239757895,50.670260213899816],[-1.294703620546835,50.67015319953805],[-1.294602482745655,50.66993877077025],[-1.294552964146854,50.66983135636582],[-1.294533880935513,50.66978898589882],[-1.294450224967808,50.669595074747335],[-1.294289757940246,50.66920611221367],[-1.29421294682791,50.669011060839765],[-1.294161226158595,50.66887319583572],[-1.294024501537493,50.668467466067874],[-1.293752285530536,50.66755760918099],[-1.29363191258946,50.66708782721566],[-1.293608910064758,50.66698016373118],[-1.293546914544518,50.666689760188625],[-1.293535510761398,50.6666350832524],[-1.293513231787331,50.66652568905583],[-1.293502356264735,50.66647097024768],[-1.293436733386803,50.666132447979585],[-1.293430028507468,50.666097289565414],[-1.293416836697865,50.66602695622817],[-1.293410349767275,50.665991781305124],[-1.293359168461059,50.66570944493175],[-1.293274247622358,50.66437678208415],[-1.293415472439394,50.66171813382101],[-1.294173777391252,50.659102006804694],[-1.294838591797142,50.657870842612915],[-1.294174368798809,50.658009949612236],[-1.294152671628863,50.65801341525744],[-1.293949557087275,50.65804484576755],[-1.29354261870781,50.65810579441885],[-1.293338794885623,50.65813531255761],[-1.293221689437229,50.658151694208115],[-1.292446992982426,50.65826174221465],[-1.290457337002073,50.658451175296065],[-1.286455839033228,50.65864861442351],[-1.282450751016595,50.658483103884535],[-1.278523165801377,50.65795799541737],[-1.274752601378104,50.65708392151708],[-1.271215386281866,50.65587857936291],[-1.26798311009313,50.65436637120502],[-1.265121171803215,50.652577906718896],[-1.263790557807131,50.651618801369324],[-1.263775337513701,50.65160611512806],[-1.263251673979974,50.651139509140116],[-1.262252199914141,50.650186028665374],[-1.261776388918048,50.6496991545545],[-1.26143432250951,50.64932288180661],[-1.261409716189485,50.64929570534918],[-1.261360652838288,50.64924129803269],[-1.261336195806997,50.64921406717372],[-1.261226281278987,50.64909118905407],[-1.260239497448363,50.64773765548144],[-1.258631623416008,50.644945473943906],[-1.258600717985791,50.644840394873775],[-1.257352202653578,50.64310698255852],[-1.256103775301832,50.64018306445201],[-1.255647887462391,50.63716720306275],[-1.255997418324793,50.63414561002948],[-1.256373710637441,50.63264423679901],[-1.256396103674281,50.632586712493236],[-1.257052119852549,50.63131556591766],[-1.258653292960838,50.628849227199396],[-1.260811851934112,50.62656124360398],[-1.263479976129601,50.62450222729303],[-1.264934681131389,50.62353599301879],[-1.266107775949573,50.62286471882092],[-1.268389328136725,50.62180120737106],[-1.273239297221998,50.61998427722826],[-1.275807738148923,50.61923084805477],[-1.275938866761777,50.619202101512485],[-1.276045564205277,50.619186459296984],[-1.276515158204795,50.618854601954574],[-1.277506169569407,50.6182206735771],[-1.277529987004582,50.61820688217206],[-1.278074241059499,50.61790748360512],[-1.278464511833006,50.617703598448585],[-1.279214512369766,50.61730575562176],[-1.279440849012837,50.61713385012806],[-1.279456574610649,50.61712225653719],[-1.279622435439506,50.61700215160423],[-1.279957484324997,50.61676383602739],[-1.280126672378264,50.61664562537399],[-1.28015524127431,50.61662601738593],[-1.280386759634614,50.61647085962295],[-1.280855527523076,50.61616409074274],[-1.281092777049567,50.616012479602624],[-1.281119890675721,50.61599556029256],[-1.281283865540228,50.615894874318506],[-1.281614343200794,50.61569519679953],[-1.281780845998251,50.61559620524748],[-1.281803664404591,50.61558285648556],[-1.282241555073338,50.61533711260576],[-1.28265060996882,50.615116936967915],[-1.283183079677136,50.61473853784522],[-1.283202790816494,50.61472393109694],[-1.2848817750196,50.61367161893239],[-1.285048588595706,50.6135832281238],[-1.285818867787387,50.61320291418086],[-1.289237105258459,50.611632211405926],[-1.293147867036405,50.61036910487099],[-1.297363933827332,50.609498023806474],[-1.301401568874465,50.60909255845528],[-1.299902118913662,50.608402169998804],[-1.299479002625461,50.60816875067834],[-1.298449300138325,50.607389966482444],[-1.297297359735458,50.606769240785354],[-1.29720752146827,50.606708018605275],[-1.296918399499407,50.60662540759767],[-1.296735685975966,50.606572203703415],[-1.29668928514649,50.60655843757342],[-1.296297876902826,50.606437612466834],[-1.29552109613122,50.60618834847795],[-1.295135723695139,50.6060599096366],[-1.295090748121185,50.60604435379695],[-1.294786195889233,50.60593589519162],[-1.294181397266644,50.605714222446835],[-1.293881150915936,50.60560100833001],[-1.293874085266198,50.6055982684863],[-1.293787997512065,50.60556461706764],[-1.293616202626825,50.60549692320708],[-1.293530495496577,50.60546288076574],[-1.293494012377145,50.605448274231094],[-1.293183300524033,50.60532023018551],[-1.292567258642729,50.605059004221204],[-1.292261928650921,50.60492582233114],[-1.292243643015473,50.604917620198485],[-1.291901162544098,50.60475905577077],[-1.291223829188593,50.60443546340804],[-1.290888976343676,50.604270435517485],[-1.290837058619536,50.6042440468651],[-1.290503841809969,50.6040693060689],[-1.289845959877522,50.60371342432044],[-1.289521294778161,50.603532283416385],[-1.28943443364751,50.60348230634421],[-1.289244870854157,50.60337122166056],[-1.288868962365807,50.6031468699174],[-1.288682616672665,50.603033602868244],[-1.288656067055133,50.6030171678651],[-1.288400739120157,50.60285502411116],[-1.287896674600729,50.602526640146294],[-1.287647938013582,50.60236039996366],[-1.287622800098619,50.60234316399049],[-1.287522587668652,50.60227372600998],[-1.287323313064421,50.602134184949335],[-1.287224250889528,50.602064081871184],[-1.287211571590378,50.60205501396386],[-1.287059816555374,50.601944684059596],[-1.286759155310121,50.60172246357453],[-1.286610249096272,50.60161057300097],[-1.286586522848434,50.60159244705098],[-1.286365957840254,50.60141963703383],[-1.285966301050528,50.60109846283269],[-1.283145180896162,50.600900912329216],[-1.281693257306814,50.60064481799828],[-1.281359391085013,50.600715627751974],[-1.277057037831111,50.60117614659959],[-1.274877740043173,50.601300018653454],[-1.274838007718724,50.60130031080169],[-1.273777509155193,50.60128275481219],[-1.273388424570274,50.60126699294455],[-1.273127753071151,50.601267668845495],[-1.273115055691383,50.601267589583315],[-1.272873324119765,50.6012610901221],[-1.272772416143709,50.60127064809957],[-1.272652703501638,50.601291822876554],[-1.272564062729771,50.601298281909685],[-1.272314273888112,50.601313134879646],[-1.272285127800733,50.60131548701576],[-1.272256771742222,50.60131775684481],[-1.272213729999752,50.60132117407144],[-1.272003396602233,50.601336732443045],[-1.271662104639105,50.601423235181784],[-1.27163509673484,50.60142944859117],[-1.27143386883013,50.601474652063374],[-1.271030362099811,50.601563118599934],[-1.270828083289762,50.60160638166072],[-1.270740189385234,50.60162471117275],[-1.270657968060136,50.601641680572406],[-1.270493363651304,50.60167529875539],[-1.270410980568638,50.60169194753847],[-1.270354300501686,50.601703280613904],[-1.270199074300411,50.60173369490281],[-1.269888082214182,50.60179338525338],[-1.269732316336479,50.601822661313626],[-1.269689787872876,50.60183048560948],[-1.269628075372093,50.601841375580676],[-1.269070767268828,50.60197797230892],[-1.26900973544031,50.601991974422006],[-1.268824531246957,50.60203354101149],[-1.268453231998648,50.602115031055874],[-1.268267136955813,50.60215495450801],[-1.268200512440415,50.602168920154625],[-1.268003351019898,50.60220923120284],[-1.267957114454071,50.602218447136494],[-1.267892520271954,50.60223334160356],[-1.267735591144191,50.602268862450764],[-1.26766474372102,50.60228459990574],[-1.26737720861399,50.60234627391919],[-1.266800121532913,50.60246567614668],[-1.266510569603951,50.60252340435104],[-1.266362453568746,50.60255182624502],[-1.266325636987705,50.602559582439845],[-1.266237866007249,50.60257654145259],[-1.266143912980886,50.602595361237036],[-1.265955779462562,50.60263213164408],[-1.265416977994255,50.60273482981643],[-1.265118799481618,50.602789399827365],[-1.265089125883419,50.60279460659375],[-1.264960031349554,50.602816840626616],[-1.264701517029158,50.60286052965904],[-1.264572097246768,50.60288198465788],[-1.264396422549148,50.60291054315021],[-1.264374609594308,50.60291408260071],[-1.26424971644411,50.60293429700579],[-1.264151601943217,50.602949938332344],[-1.263955199327951,50.602980773367456],[-1.263856911215403,50.602995967075714],[-1.263817204176602,50.60300200939917],[-1.263044219989787,50.603105189782745],[-1.261814953349912,50.60324656317865],[-1.261022665144893,50.6036704813373],[-1.259058427101217,50.60455151062656],[-1.259019906380838,50.60456583423742],[-1.258556592526721,50.60473076190251],[-1.257620547267357,50.605049419951676],[-1.257147816028559,50.60520315026155],[-1.257142135685833,50.60520491263305],[-1.257130774916271,50.60520843740082],[-1.257051299208579,50.60522920285127]],[[-1.395931884611999,50.75169012975466],[-1.394237616847984,50.7520616685852],[-1.391930672225478,50.75303069481353],[-1.388292016310888,50.754123931994016],[-1.384445349780888,50.75487816764547],[-1.382479545717405,50.75516816388213],[-1.382386160124105,50.75517755568562],[-1.380984902210624,50.75527347314634],[-1.378174282840276,50.7553765201801],[-1.376078951770033,50.755354879790076],[-1.375618958678644,50.75532846582136],[-1.375565958280998,50.7554411431094],[-1.375028021072758,50.75649214959809],[-1.374681981896192,50.75709425304647],[-1.374679118004542,50.75709873313663],[-1.374190142987163,50.75778060626672],[-1.374115577343692,50.75787404980018],[-1.374084478347057,50.75791843602469],[-1.37377621687439,50.758329976049964],[-1.373127208911948,50.75914262038286],[-1.372786462234429,50.7595437243939],[-1.37276629176695,50.7595660912585],[-1.372542448674334,50.759805624284844],[-1.372083170112053,50.76028017798421],[-1.371847734570181,50.760515198611365],[-1.371831983470114,50.760530396761624],[-1.371773191207426,50.76058666373671],[-1.371654941977572,50.760698916075334],[-1.371595485009537,50.76075490143817],[-1.371584001705337,50.76076562712573],[-1.371490355816299,50.76085200674127],[-1.371301481699624,50.76102406742115],[-1.371206253469043,50.7611097484829],[-1.371196197602673,50.7611186850932],[-1.371011724044533,50.761278859199905],[-1.370637247597301,50.761596586629175],[-1.370447244692014,50.761754139933984],[-1.370295067639582,50.761877483141795],[-1.370291729667912,50.76187582645047],[-1.36979745265171,50.76224484787044],[-1.370046327646607,50.7621687492879],[-1.370794711542233,50.76195743947206],[-1.371451835983687,50.7617510448135],[-1.371468963092142,50.76174664185967],[-1.372820586188797,50.76145882201039],[-1.373588384187396,50.76121907057006],[-1.373648651180168,50.76118166686813],[-1.373944716197099,50.76100314054607],[-1.373993376315126,50.760974633642135],[-1.374584232546863,50.760647228670116],[-1.375793572056401,50.760013642048506],[-1.376412055513241,50.759707460116076],[-1.376446285115208,50.759691461097894],[-1.376515146567967,50.75965947740987],[-1.376653171526833,50.759595773438626],[-1.37672233503331,50.75956405315508],[-1.376759381968249,50.759547169860284],[-1.377595975085386,50.759193737297494],[-1.379306506310314,50.75852534145432],[-1.380180445196215,50.758210377711286],[-1.380201813369088,50.758203300038524],[-1.380691750144343,50.75804857882942],[-1.381680664731049,50.75775124057777],[-1.382179642742407,50.75760862345893],[-1.382202400564378,50.757602451178144],[-1.382958019786437,50.757413561755676],[-1.384179511895983,50.75713356627358],[-1.385373368974543,50.75671071908666],[-1.386673724667307,50.75630399448759],[-1.386686629212361,50.756300466325506],[-1.387906584491327,50.75600834256515],[-1.388405078502503,50.7559053205301],[-1.388491959640932,50.75585922312252],[-1.389646653603338,50.75530750878148],[-1.389740452821396,50.755267275419016],[-1.389982753870701,50.75516562370411],[-1.390470585815576,50.754965489653905],[-1.39071611673063,50.754867007305364],[-1.390755942534987,50.75485139314425],[-1.392170471371817,50.75436489775922],[-1.395077251014328,50.75349667443659],[-1.396252383025829,50.75319606933019],[-1.396498743348217,50.75310123065156],[-1.396878717253625,50.75296003024334],[-1.396925686973989,50.75294319201384],[-1.397296612781456,50.75281480634035],[-1.398044326047243,50.752565101846145],[-1.398421113587921,50.752443782988806],[-1.398469577336228,50.752428750412705],[-1.398615400282215,50.752384171268176],[-1.398907838350499,50.75229607170273],[-1.399054453477959,50.75225255127985],[-1.399151123273316,50.75222428190059],[-1.399828551568209,50.7520395733181],[-1.4005327593509,50.75186117557075],[-1.400546661088087,50.751856082598266],[-1.400556911811711,50.751851110137665],[-1.400620896250543,50.75182911504221],[-1.400977317355699,50.75170105658792],[-1.40112175484105,50.751643064052004],[-1.402168762335713,50.75126129772743],[-1.402217118882109,50.75124536378383],[-1.402443790594384,50.75117230297925],[-1.402899161240256,50.751028771026725],[-1.403127860192896,50.75095829987099],[-1.403177711225841,50.75094328776409],[-1.403697557661416,50.75079479130825],[-1.404746234046935,50.75051117338716],[-1.405275064388863,50.75037605193794],[-1.405303195295782,50.75036927797564],[-1.40549893874322,50.7502666087175],[-1.406117684002678,50.7499599669695],[-1.40617470421347,50.74993328793212],[-1.406628028353424,50.749729757864976],[-1.407546885072671,50.74933411468551],[-1.408012417774059,50.74914200147868],[-1.40808653237645,50.7491127106759],[-1.408428225365714,50.74898186926741],[-1.409117277129472,50.74872633866866],[-1.409464635963931,50.74860164944563],[-1.409513116290478,50.74858481383902],[-1.410090803444478,50.748394998367196],[-1.411259285359276,50.7480323763248],[-1.411405554583874,50.74798959319068],[-1.412554292463878,50.74757654954104],[-1.412584720253747,50.74756737298493],[-1.412086694738372,50.74766500238723],[-1.41205642821556,50.74767445212592],[-1.408118249107539,50.748477137227844],[-1.404037501495132,50.74890650949965],[-1.402748958483703,50.74892112421457],[-1.402172817746399,50.74928067283622],[-1.402108238444777,50.74931333530542],[-1.400634711030143,50.749966136313034],[-1.397569171552829,50.75114813543827],[-1.395977164207096,50.75167732986856],[-1.395931884611999,50.75169012975466]],[[-1.347849474991068,50.698619726138986],[-1.349369698682243,50.699680887925034],[-1.349458024875535,50.699644329878986],[-1.349540097859421,50.6996106156609],[-1.349655394684014,50.699563611137144],[-1.34968459340174,50.69955173932289],[-1.349743036474577,50.69952804111276],[-1.349772280829721,50.69951621471684],[-1.349788738338762,50.699509577276636],[-1.349796896230148,50.69950628725994],[-1.349891663693513,50.699468401318896],[-1.350081661296527,50.699393108607644],[-1.350176894253904,50.69935570070086],[-1.350183643634067,50.69935307288694],[-1.350195813014789,50.69934833654589],[-1.35096642076098,50.699097441912905],[-1.351604855832342,50.69883111993939],[-1.351633045179325,50.69882143082784],[-1.351643882009752,50.69881770679325],[-1.351674966129282,50.69880704271209],[-1.351902832259831,50.698729045552156],[-1.353527880474,50.69828535375652],[-1.353464388162432,50.69805134079601],[-1.353236704393585,50.69804112164259],[-1.349775660353738,50.69774841611936],[-1.348059431285096,50.697534013046585],[-1.348053840101457,50.697533083424794],[-1.347163157617886,50.697364971766625],[-1.345401095001991,50.69699198523082],[-1.34452971611505,50.696787110674954],[-1.344522621389409,50.6967852722731],[-1.343944990095562,50.6966259864471],[-1.342823525489676,50.69629770822591],[-1.344337674124896,50.69684070717125],[-1.347849474991068,50.698619726138986]],[[-1.337732141521727,50.69429982227655],[-1.337636430964184,50.69425330164757],[-1.337601188099374,50.694236020045416],[-1.337311795753487,50.69409024723691],[-1.336739102339638,50.69379395400968],[-1.336455801290951,50.69364343362116],[-1.336429158119674,50.69362889838061],[-1.336099130300375,50.69344309822741],[-1.335448354227061,50.693065056086404],[-1.335127605986896,50.69287281415038],[-1.335095322364909,50.69285285180601],[-1.335037243474001,50.69281673222418],[-1.3349214134236,50.692744281759374],[-1.334863662264118,50.69270795087671],[-1.33460543879963,50.69254456793121],[-1.334452429541109,50.69244625537264],[-1.334148810445495,50.692248147077606],[-1.333998199016574,50.69214835046738],[-1.333858061495282,50.692054052971955],[-1.333653670383796,50.69191355438351],[-1.332649689651612,50.69120849915627],[-1.330823198236613,50.68959959337353],[-1.329134611501602,50.687700781372385],[-1.327822417137071,50.68777094605865],[-1.327135203454463,50.68779701408264],[-1.326880325919904,50.68780273460438],[-1.326860762382396,50.6878031650657],[-1.326821634388287,50.687804008791936],[-1.326802069931698,50.68780442205687],[-1.32663929720042,50.68780778864536],[-1.326563302200126,50.68780964102877],[-1.326425011312029,50.68781258183241],[-1.326422676001013,50.68781262423455],[-1.32425769567126,50.68789373423248],[-1.320121394552671,50.68766100164098],[-1.31550150053845,50.686956421616],[-1.314276332877012,50.68662342391622],[-1.314445795798633,50.687106071267955],[-1.314710478293468,50.6899873256989],[-1.31447874169729,50.69141307609442],[-1.31449958689976,50.69171294149422],[-1.314098311240891,50.694270979765044],[-1.313834846415885,50.694946751903174],[-1.316774634680817,50.694575458224314],[-1.31909260640759,50.694407128920055],[-1.320376970416588,50.69438152154171],[-1.320562277616068,50.69437592342239],[-1.320620310317238,50.69437450501781],[-1.320634324210301,50.6943727166039],[-1.320939281065573,50.69433334397184],[-1.321247280918757,50.69429205541011],[-1.321330622553117,50.694281049120626],[-1.321497408385061,50.69425935484746],[-1.321580852583681,50.69424866686361],[-1.321658164522209,50.69423891781533],[-1.321752684839769,50.69422544914034],[-1.321949695530227,50.69419831010824],[-1.322362716192717,50.694143366273046],[-1.322569548471779,50.694116871283036],[-1.322800729213111,50.69408839385884],[-1.322982213294365,50.6940659280457],[-1.323329750047387,50.694025757639864],[-1.3243331404125,50.69391796992443],[-1.324957336394135,50.69385996608874],[-1.325068239571768,50.693851258186655],[-1.32731914262267,50.69378923586942],[-1.331807938552759,50.69389265257165],[-1.336214124565955,50.69444689059876],[-1.340246941813152,50.69539575300297],[-1.340185520015363,50.69537201526323],[-1.339872044633571,50.695247272088885],[-1.339707346938135,50.69517981332702],[-1.339477608544509,50.69508563962052],[-1.339297359875983,50.69501051050633],[-1.339260806447229,50.6949950204864],[-1.338957100594328,50.69486266170419],[-1.338355218181177,50.69459296847901],[-1.338057041653036,50.694455634065186],[-1.338020514450826,50.69443834529615],[-1.337924183265498,50.69439234410134],[-1.337732141521727,50.69429982227655]],[[-1.376814300653685,50.64545483346459],[-1.37659925315108,50.645274832867656],[-1.376099921251038,50.64491991835863],[-1.375364607256057,50.64420984066351],[-1.36746888664034,50.64086843593848],[-1.3665313082305,50.6404353273388],[-1.364715116698905,50.63952172719748],[-1.363836504224318,50.63904123658531],[-1.363339733284519,50.63874619857841],[-1.360421510715957,50.63816331344133],[-1.356650527057712,50.63699528505951],[-1.353193862773912,50.635484394607765],[-1.351554193410528,50.63464695229422],[-1.351523317079915,50.63462861991836],[-1.351494699442724,50.634611581310466],[-1.351437538613884,50.63457745368167],[-1.351408995382519,50.634560364737865],[-1.350925844479092,50.63427029437494],[-1.350531437723785,50.63403623563705],[-1.35050075649219,50.634017973548715],[-1.35043947957234,50.63398139143884],[-1.350408883884095,50.63396307141729],[-1.349975668710488,50.63370289927476],[-1.349589259481372,50.63347411872094],[-1.34949794804032,50.63341957341303],[-1.34931608922617,50.633309970208195],[-1.349225541853248,50.63325491231248],[-1.348774911717523,50.6329784603727],[-1.34849901647167,50.63280890240607],[-1.348498878004208,50.632808814309584],[-1.348404958423371,50.632763639532115],[-1.34801505045961,50.63253130691733],[-1.347988907199129,50.632515689279664],[-1.347936683106135,50.63248441185802],[-1.347910602273627,50.63246875207406],[-1.347530558992295,50.63223997931376],[-1.347476557964859,50.63220730024072],[-1.347368827763138,50.632141761409784],[-1.347315098588876,50.632108901652124],[-1.347102091823738,50.631977940948175],[-1.347099832302177,50.63197655812153],[-1.347078973256288,50.63196377929399],[-1.347068548882031,50.63195738648185],[-1.346918386111681,50.63186520351197],[-1.346852587643024,50.631824547444616],[-1.346721407178893,50.63174296453089],[-1.346656025183441,50.63170203768498],[-1.346396107734929,50.63153827821153],[-1.346220539686751,50.63142993951008],[-1.34615515073173,50.631389537239684],[-1.346102684208956,50.63135694836089],[-1.345998944511957,50.63129217646479],[-1.345947205658259,50.63125970568117],[-1.3456163330109,50.63105098138886],[-1.345490896105969,50.63097085002712],[-1.345241617675081,50.630809590060394],[-1.345174998189846,50.63076594767689],[-1.345174037325623,50.630765352407956],[-1.345028171941507,50.63067484005077],[-1.34502053748527,50.630670050880404],[-1.344290171102878,50.630266173671245],[-1.344146643710804,50.630177578621975],[-1.344127245402525,50.63016558165685],[-1.343918295458783,50.63003610746698],[-1.343814345945993,50.62997102745837],[-1.343751250319862,50.62993111517216],[-1.343591337031769,50.6298259478197],[-1.343578559807623,50.629818474214495],[-1.343531877909516,50.629786844212354],[-1.343369151568303,50.62967982588567],[-1.343180277319968,50.62955067861765],[-1.34318190704017,50.62954971439777],[-1.342158449369183,50.628856230398625],[-1.339555123391392,50.626809853226064],[-1.338257670968485,50.62541219232126],[-1.336568747382844,50.62478783864128],[-1.331517299907725,50.62252836793957],[-1.331780138341075,50.623056318741966],[-1.332439591644184,50.62571395142585],[-1.332466641362728,50.62840443264406],[-1.331860576861427,50.631067211061065],[-1.330634936471064,50.6336423485016],[-1.329869777555072,50.63490059032368],[-1.329822210721594,50.634964167064595],[-1.329461639439187,50.63541319603596],[-1.329337906855552,50.63555716817151],[-1.329318790814997,50.635581104651834],[-1.329202504340941,50.63572510535239],[-1.329158216410719,50.6357794914956],[-1.329055905543079,50.63590408911677],[-1.328984414712307,50.63599001742077],[-1.328793059121214,50.63621703822118],[-1.328713184555658,50.63631046824301],[-1.328635705058141,50.63639983305222],[-1.328515473272144,50.63653570834679],[-1.328314332337361,50.6367584771824],[-1.328309476512718,50.6367567039763],[-1.328132221426916,50.63704477003833],[-1.325708521908513,50.639613859316114],[-1.324327143927857,50.640833740155756],[-1.324008227662362,50.641070745186134],[-1.323964926053341,50.64110292477347],[-1.323927262312466,50.64126410032762],[-1.322647092116592,50.64388763408252],[-1.321366437451569,50.645555387708875],[-1.324070920928181,50.64545748102138],[-1.328483789781963,50.64574050336336],[-1.330097790494885,50.646011240014055],[-1.332429856515478,50.64594542477302],[-1.336670433771088,50.64623491106359],[-1.340793999547027,50.64692748688137],[-1.34470635074585,50.64800733542369],[-1.348318105174357,50.64944979459648],[-1.35003805665311,50.65025804544092],[-1.350256823229117,50.650378121108076],[-1.350350082704885,50.65042976280058],[-1.350502923534156,50.6505151467458],[-1.350682357016394,50.65061413786305],[-1.350849322131544,50.650705830145206],[-1.350906280856697,50.65073727906278],[-1.351115499073802,50.65085341890258],[-1.351279280162743,50.65094443762875],[-1.351365096079654,50.65099108166619],[-1.351524172042198,50.65107737582377],[-1.353266011055414,50.652204760950255],[-1.355784134340074,50.65415034795087],[-1.359096204282057,50.65414600986231],[-1.359835435570729,50.6542204292878],[-1.361979107195056,50.65415070412396],[-1.366286698646487,50.654432389870976],[-1.370475821094484,50.655129752531735],[-1.370921334694291,50.65525276215717],[-1.371577632751868,50.654908965513194],[-1.375112103903081,50.653553451469875],[-1.37891968432472,50.65254016189934],[-1.379685178201567,50.65237712524546],[-1.379819025271573,50.65213192695513],[-1.379875444527997,50.652036900764145],[-1.380553728391576,50.65107070594638],[-1.382084017237029,50.64919562471816],[-1.382391617226874,50.648867491338144],[-1.382328603059427,50.64884283864669],[-1.382204930452953,50.648784642666946],[-1.380896897945176,50.648087665611705],[-1.380826612156363,50.6480453697333],[-1.380635622974062,50.647947632608705],[-1.380463587565957,50.64785816912005],[-1.380372325931845,50.64780994431913],[-1.378871819866914,50.6468900302555],[-1.378678558705765,50.64675267843102],[-1.378422502653643,50.64659857737514],[-1.377256140334385,50.64580646917863],[-1.377187567976912,50.64575386747277],[-1.376814300653685,50.64545483346459]]],[[[-2.237166126694335,56.97124760156365],[-2.23659765258308,56.973147128329394],[-2.234989996578376,56.97580848345404],[-2.232641582048478,56.97830028123963],[-2.231288210696411,56.9794958455358],[-2.230861771537348,56.97981389472953],[-2.230829277179288,56.97983150885898],[-2.230559051579303,56.98003513898243],[-2.23020446587556,56.98029249637681],[-2.230017715547734,56.980423097063266],[-2.229819362120905,56.98055907767382],[-2.229365940230844,56.98086381701951],[-2.229123972124199,56.98102266998009],[-2.229084640877262,56.98104789512706],[-2.228806727522567,56.98122156713443],[-2.228242819375323,56.9815649567094],[-2.227956824567883,56.98173467424085],[-2.227799432836209,56.981825700846784],[-2.227024939452353,56.98224487147022],[-2.225795384872967,56.98286757434707],[-2.225768931921748,56.982852003595745],[-2.225516194096896,56.98301926972778],[-2.225316508495347,56.983115652171676],[-2.224913234899025,56.983316496209554],[-2.224585218175598,56.98348037598329],[-2.223800454049936,56.984259946470075],[-2.220401646473339,56.986603421578494],[-2.216335965120651,56.98860522874073],[-2.216277114070711,56.98890936453493],[-2.215878456546078,56.99014085523655],[-2.215808577296545,56.99029369955922],[-2.215731301473235,56.990456238927415],[-2.215571195415242,56.99078050063727],[-2.215488365135492,56.99094222297181],[-2.215460689514351,56.99099437333146],[-2.215266899095344,56.99132895751517],[-2.214917839011443,56.992085965751734],[-2.214858141317782,56.99217913453893],[-2.21468382044071,56.992438336865995],[-2.214651835380327,56.992483727074266],[-2.214626673172967,56.9925238391823],[-2.21445716602681,56.992787353964125],[-2.21437053528433,56.99291875168046],[-2.214262339999049,56.99307893728464],[-2.214237714844618,56.99311460043775],[-2.213488481158969,56.99546490863014],[-2.212027580827471,56.997905955857945],[-2.211755209342555,56.99820663212249],[-2.21171467689137,56.9982691402092],[-2.210702482804061,56.99951866508037],[-2.208341891721709,57.001919976500304],[-2.205226209532813,57.004158592818506],[-2.20139332319833,57.0061627698281],[-2.199327707255387,57.00707995775594],[-2.199299774412812,57.0070904317977],[-2.197766554450033,57.00760049521127],[-2.194607308792899,57.00852642270122],[-2.192981288538085,57.00894228426227],[-2.192948396407692,57.00894953059805],[-2.192035075159002,57.0091337932961],[-2.190190039296574,57.009472517873995],[-2.189258326008863,57.00962697950052],[-2.189215548875699,57.00963332351792],[-2.187572981301327,57.00981474191873],[-2.186990876706218,57.009903267951834],[-2.185638820337701,57.01007571611291],[-2.185612489377653,57.010078441185385],[-2.184107242930905,57.01019523545432],[-2.181083403320957,57.01035252287288],[-2.179564815289542,57.010393014356346],[-2.17953517770121,57.01039305698914],[-2.178407540230979,57.01037358610458],[-2.17750852395369,57.010341206616594],[-2.177211647928576,57.010337964801415],[-2.176085754800428,57.010304596190444],[-2.176049522642096,57.01030284168588],[-2.175744633716866,57.01028651631545],[-2.175135466296502,57.01025077137389],[-2.174831187851876,57.01023135180592],[-2.17482608193816,57.010230999631695],[-2.17470150384067,57.010222143369944],[-2.174452475322187,57.01020391214201],[-2.174328024904633,57.010194537176076],[-2.174287011345955,57.010191360518306],[-2.1737764025199,57.010147338925506],[-2.172757973613459,57.010050566034245],[-2.17225015376681,57.00999781475952],[-2.171864666442584,57.009954337730846],[-2.170940585445,57.00983485195616],[-2.169106607375233,57.00956699179641],[-2.168196711715052,57.009418617913795],[-2.168171994152718,57.00941415973758],[-2.166791545394315,57.00912707977747],[-2.16614211563959,57.008973474661936],[-2.166147856161796,57.008966250266084],[-2.165202241656146,57.00881228014144],[-2.16511102763101,57.008788599842255],[-2.163516449601862,57.00849483445133],[-2.159014058218993,57.00721437266893],[-2.154927736336337,57.0055702927975],[-2.153001564766129,57.00466173737233],[-2.1529900146338,57.00465537354527],[-2.150970968153246,57.003301971509316],[-2.14745093850832,57.00040759266014],[-2.145023324509085,56.997196360423374],[-2.144190976078048,56.9949166184657],[-2.143814639205327,56.99427795847395],[-2.143024337319838,56.99154557347156],[-2.143014244549917,56.9887793513846],[-2.143339841097434,56.98762355901483],[-2.14335268378163,56.98751434727082],[-2.143355926564778,56.9875017671124],[-2.143411706436592,56.98736844396883],[-2.143784428518887,56.98604525996352],[-2.143852263355097,56.98592851027334],[-2.142898083640028,56.98406300818784],[-2.14284535872728,56.983854509541715],[-2.142792907031317,56.98375171509042],[-2.142240665761034,56.98204971292813],[-2.142238976031534,56.98203805467932],[-2.142200473691584,56.98097549165715],[-2.142201651287586,56.980959183723584],[-2.142137374366458,56.980455980283544],[-2.142137353810992,56.98045058141204],[-2.142330954115535,56.979168447794216],[-2.142353562880755,56.978855317766296],[-2.142545141342596,56.97779770661631],[-2.142553260546735,56.97776984047787],[-2.143083188018855,56.976610399921036],[-2.143281115539211,56.97596762129398],[-2.145098394103333,56.973119245008434],[-2.145516155826359,56.97270549308062],[-2.146087110059625,56.9721019961887],[-2.146251260632796,56.971900246960054],[-2.146259453230682,56.971892152484074],[-2.146492599164302,56.97171133475567],[-2.146746382582883,56.97146886853385],[-2.237166126694335,56.97124760156365]]],[[[-3.319220643174468,56.96353567168184],[-3.315101199903358,56.96389026325759],[-3.312491754560752,56.96399963567778],[-3.312483645796857,56.96399962193879],[-3.310254682236823,56.96391288382915],[-3.307127382060902,56.96367361435489],[-3.319220643174468,56.96353567168184]]],[[[-3.537434901667487,56.9608452764356],[-3.537689884301339,56.96175652336284],[-3.537832139306549,56.96243837603971],[-3.537838492706146,56.96248439768761],[-3.537884659596438,56.96309768961728],[-3.537900213561102,56.96432456387403],[-3.537869598109299,56.96493814621811],[-3.537854414773649,56.965073002481375],[-3.537755417172162,56.965648882950575],[-3.537623966045233,56.96621649083213],[-3.537623286605974,56.966325652994016],[-3.537619773333748,56.96638409580373],[-3.537577428049062,56.9667975876393],[-3.537473929316645,56.96751228110587],[-3.537457878598002,56.96767389522137],[-3.537456936756476,56.9676738673162],[-3.53744722714083,56.96785308298358],[-3.537289960504345,56.96915437704891],[-3.53716802605644,56.96980346295526],[-3.537160481346568,56.96983300877813],[-3.537156979365816,56.96985238799719],[-3.537122281606151,56.97002692832685],[-3.537046645737812,56.97037560521864],[-3.537005707571446,56.970549741777305],[-3.536985318544299,56.970630233331086],[-3.536835653003853,56.97112066106181],[-3.536636610499629,56.97167738135898],[-3.536736628715728,56.97243283601651],[-3.536970601083744,56.97244288736794],[-3.538911207584584,56.9725579809876],[-3.539878386607221,56.97263125368791],[-3.54009307117376,56.97265108055139],[-3.541261443831007,56.97278294455574],[-3.543577639424079,56.97309254899393],[-3.544725465054031,56.97327028979185],[-3.545148399667163,56.97334492905715],[-3.545533941765069,56.97341585551318],[-3.546566978829582,56.973613693611256],[-3.547107138239243,56.973722973490396],[-3.547206729540135,56.97374421187461],[-3.547448760695331,56.973797036683756],[-3.547931261864269,56.973904772805746],[-3.548171731900728,56.97395968412449],[-3.54826310235059,56.97398101445314],[-3.548808603975607,56.97411481565628],[-3.549890352186973,56.97439315183909],[-3.550426599018629,56.97453768689708],[-3.550609718663161,56.97458932409522],[-3.551859895257973,56.974980639722745],[-3.554292811707371,56.97582148768176],[-3.555475555731076,56.97627102137991],[-3.555559274916563,56.97630590947226],[-3.555896786817562,56.97645039925745],[-3.556564805529392,56.97674413206046],[-3.55689531237156,56.97689337511536],[-3.556970812720978,56.97692838256033],[-3.557333001537174,56.9771013595653],[-3.55804796908052,56.977453021360944],[-3.558400747830308,56.977631706205045],[-3.558468027872081,56.97766679722231],[-3.559110248635109,56.978020870196794],[-3.559481863849604,56.97823744627848],[-3.561015668886693,56.97898443583134],[-3.563918623459382,56.980843177164175],[-3.565253943088492,56.98182666198734],[-3.565373404215065,56.98192848082617],[-3.566080101521133,56.982591529209905],[-3.567387370895646,56.983948121155],[-3.567509683337283,56.98408937148269],[-3.567829949698429,56.9844134885],[-3.568615628401486,56.985486763787044],[-3.569043714481427,56.985957545865595],[-3.569069898500066,56.985993146782626],[-3.569319619764217,56.986459683733905],[-3.569713525087393,56.986953416817876],[-3.570314184330836,56.987827853091645],[-3.570376296268103,56.98793489739875],[-3.570395363769052,56.9879782162221],[-3.571136370692022,56.98855650611685],[-3.573287396808892,56.99048263989197],[-3.574251779796445,56.991482702941205],[-3.574390591915733,56.99165165394395],[-3.575179844912099,56.99282464721105],[-3.575450303562779,56.99333348317932],[-3.58521928417462,56.99234694831573],[-3.627503104226631,56.98588445177377],[-3.629774922099477,56.9856294588435],[-3.634361593340842,56.98529628652754],[-3.638988482277531,56.98531837150259],[-3.643563773620507,56.98569527495414],[-3.647996670130808,56.9864195167699],[-3.652199189301157,56.98747672345546],[-3.652589591506364,56.98761419130258],[-3.652951673280695,56.98748551951753],[-3.65636879774814,56.98655923565086],[-3.656485553266037,56.98653635080341],[-3.659027250011041,56.98616036783764],[-3.664187841403467,56.98563443506526],[-3.664803386560834,56.985599195513295],[-3.666696971191462,56.98533934888499],[-3.667914638231192,56.9852959138949],[-3.667907653586379,56.98527710295616],[-3.669325948416108,56.9851201291596],[-3.672192881596184,56.984943687336596],[-3.672340907341607,56.984941708343925],[-3.675313139982593,56.98504919777002],[-3.676792314343299,56.98517683956174],[-3.680396336740384,56.98544132224274],[-3.681046743980686,56.985547973253766],[-3.681047904524245,56.98554396293483],[-3.681173490943246,56.985554794774785],[-3.68406165381526,56.98595290604148],[-3.684302375984001,56.985999090224496],[-3.686216723147071,56.986442393364264],[-3.690243083988557,56.98754339422036],[-3.694284101714729,56.98910250735683],[-3.69801987457302,56.99106469752896],[-3.700807032721801,56.99308050315448],[-3.71550877417043,56.99226366443461],[-3.71561712076099,56.991578012684855],[-3.716899073284142,56.98793816115261],[-3.717887610406817,56.98615471607108],[-3.717957486324976,56.98606391687732],[-3.719226832283836,56.984736626643674],[-3.721015286815628,56.98319500998549],[-3.721037880167876,56.983168198094184],[-3.721716843757016,56.98244953703353],[-3.72218188140242,56.98200736044332],[-3.723738449568452,56.980777162632],[-3.724833114882462,56.98004982226034],[-3.724807151368518,56.97902834754827],[-3.72482357410007,56.97848354659941],[-3.724860987864934,56.978047282543294],[-3.725271308328801,56.976431011773286],[-3.725734468674573,56.97534445513657],[-3.725999825902382,56.973628245495135],[-3.726636649773127,56.97180019803904],[-3.726795979453649,56.97151047272496],[-3.72710155314143,56.971008883793694],[-3.72776617360941,56.97001638970764],[-3.728068135259754,56.96960353320812],[-3.728144512995343,56.969495810651466],[-3.728455461491226,56.96908740294385],[-3.72911377177315,56.96827944088639],[-3.729461132918735,56.967879886347674],[-3.730189557208894,56.96709261563003],[-3.730283216367989,56.966992936685514],[-3.730472802213139,56.96679422445366],[-3.730568728890257,56.96669519116293],[-3.731079243280313,56.966175994171174],[-3.731359463006796,56.96590255488872],[-3.731937181622153,56.965361180041874],[-3.732234680343065,56.96509324439934],[-3.732566746030635,56.96480561017725],[-3.733104732668694,56.964368545108414],[-3.734226639088172,56.963512383400555],[-3.734810558439448,56.96309328639918],[-3.735312880033174,56.96275387444338],[-3.73603716297968,56.96229682888568],[-3.737540312006693,56.96141037332564],[-3.738319177878173,56.96098096267129],[-3.738784951226529,56.96074088725354],[-3.739393197948744,56.960442627795615],[-3.740636042831579,56.9598629818397],[-3.741270641134833,56.95958159508082],[-3.741810965670803,56.959353938063934],[-3.743680928506402,56.95867207681108],[-3.745411746583066,56.95813048769945],[-3.745661317601542,56.957922488861755],[-3.800858478277373,56.95708948160649],[-3.816177156281035,57.271327981352144],[-3.815706775065004,57.27118473529848],[-3.815645258045149,57.27116590762914],[-3.815522372865867,57.271128110349025],[-3.815461004706753,57.27110914073839],[-3.814997993240082,57.27096530755146],[-3.814545422294911,57.27082688889482],[-3.814466529216796,57.27080260472464],[-3.814308989892924,57.27075380268715],[-3.814230343647848,57.27072928482007],[-3.813895114988918,57.270624114195215],[-3.813668294168384,57.27055530901327],[-3.813615864732028,57.270539336910836],[-3.813511113307925,57.27050728969652],[-3.813458791320405,57.270491214584716],[-3.81322161342811,57.270418036566234],[-3.812005995252735,57.27005384110264],[-3.811448340845888,57.26989004166505],[-3.811331681194606,57.26985544607435],[-3.811098878575697,57.269785748697686],[-3.810982735610339,57.26975064691262],[-3.810876999596776,57.269718388316534],[-3.810845857997011,57.26970887410117],[-3.809203247906994,57.26920603305655],[-3.809150784452796,57.26918990381435],[-3.809045966357581,57.26915754195327],[-3.808993611716766,57.269141309334465],[-3.808370810878782,57.26894739063685],[-3.808131317261735,57.26887136716784],[-3.807703858481148,57.26873305795131],[-3.80766127243669,57.26872040965245],[-3.806768029514989,57.26845547869293],[-3.806733498428852,57.26844520784841],[-3.806589432080019,57.268402236168065],[-3.806541237887747,57.268387804328704],[-3.80602786581234,57.268233468653],[-3.804338338699262,57.26761934101718],[-3.804336616128201,57.267620735935814],[-3.804156115785517,57.267555309949294],[-3.804025044881354,57.26750545677408],[-3.803708836547027,57.26739051156066],[-3.803609384159807,57.267347357266566],[-3.803546917606573,57.267323597430114],[-3.803394696970625,57.26726288940614],[-3.802783661279965,57.267007095805894],[-3.799289773775224,57.26547262811302],[-3.795667594565011,57.26325218955661],[-3.792720981443522,57.26069442760605],[-3.790608858599085,57.2579049018505],[-3.790168539495572,57.25684124168453],[-3.7885453294622,57.25649541392302],[-3.78537310322299,57.2556775551171],[-3.785009527718094,57.25560290332211],[-3.78114962124667,57.254614978311636],[-3.781016287854214,57.25532159214997],[-3.780820591754786,57.256056762030255],[-3.780769709534226,57.2562044092261],[-3.780634553348311,57.256557221488734],[-3.780547365145136,57.256763893380146],[-3.780417754277831,57.257390392793724],[-3.779925562321726,57.258775392970286],[-3.779765485853829,57.25909022764348],[-3.779728822294476,57.25916119761379],[-3.779654421366688,57.259302972105274],[-3.779616683994416,57.25937377662583],[-3.779441159844587,57.259698101766375],[-3.779396035814388,57.259780032701336],[-3.779304349894439,57.259943658030934],[-3.779257787998834,57.26002535242452],[-3.779219674543727,57.26009111170702],[-3.779070623655427,57.260335928215916],[-3.778759611083441,57.26082314177225],[-3.778597649247682,57.26106553878829],[-3.778560580621628,57.26111862368668],[-3.778384034312645,57.26136078415927],[-3.778018054838042,57.26184222955175],[-3.777828621530627,57.262081514434655],[-3.777789616894612,57.26212887630065],[-3.777257214763126,57.26271675839027],[-3.776114721499467,57.26386993290601],[-3.775504628602036,57.26443522463397],[-3.775447782125226,57.26448374525833],[-3.775389025430336,57.26453353340015],[-3.775270908228093,57.26463289905396],[-3.775211547719757,57.26468247656544],[-3.775145850244962,57.26473695311414],[-3.77493597174363,57.26490673404029],[-3.774509134388367,57.26524366382163],[-3.7742921754991,57.26541081265297],[-3.774211820937946,57.265471245803525],[-3.77261304479329,57.26650113186487],[-3.770667774979791,57.267578696330155],[-3.770376030232006,57.26779820527496],[-3.770235600918201,57.26787493578224],[-3.769541132820315,57.26820274745882],[-3.769149161926633,57.26841985431508],[-3.767284056407586,57.26930868316024],[-3.767037794232296,57.26940936015797],[-3.766456027978317,57.26963666305924],[-3.765274870173205,57.270077415192155],[-3.764675478849553,57.27029086425799],[-3.76452012760146,57.270343614201316],[-3.763569447983555,57.2706744196663],[-3.762526724161696,57.27100873205869],[-3.762219088010957,57.27109930799847],[-3.761006058842089,57.27142246664474],[-3.758535374965097,57.272014141105366],[-3.758083054012844,57.27211071578225],[-3.757914157679573,57.272336655939924],[-3.756981180145881,57.27338408928148],[-3.756805734016513,57.27355227192853],[-3.756319575195285,57.27398887726513],[-3.755302267635586,57.27484643438206],[-3.754890452885358,57.27517281006173],[-3.754005104057725,57.27591332046673],[-3.753175925234773,57.2765452622813],[-3.752905334303143,57.27673369670809],[-3.750818345660111,57.27793930949069],[-3.746271470120306,57.280122895699435],[-3.74381158393391,57.28110085491808],[-3.743355573098459,57.281249254329005],[-3.743263873005417,57.281278878729275],[-3.743080122099442,57.281337806969795],[-3.742988071287527,57.28136711080952],[-3.742376881852437,57.281560245496884],[-3.741447466317687,57.28183281193189],[-3.739558424307516,57.28234530799722],[-3.738598799066773,57.28258523716721],[-3.738071543800505,57.28270617566649],[-3.736436780630981,57.28302750211463],[-3.733114034850325,57.28357561446087],[-3.731426060402212,57.28380239919102],[-3.730904358394143,57.28385694272649],[-3.729549380917245,57.28396737520485],[-3.72682719790258,57.28412724837299],[-3.725990681336075,57.28415750006193],[-3.725960948559577,57.284166959711364],[-3.725693677684264,57.284251088132464],[-3.725559679828886,57.284292814902756],[-3.725239121526974,57.28439156189116],[-3.725201154639946,57.28440322160341],[-3.725125164264001,57.284426486846506],[-3.725087140775166,57.28443809237735],[-3.725037276123776,57.284453265256154],[-3.724522783547261,57.28462202423327],[-3.724280797293068,57.28469812780049],[-3.724207903999795,57.284720918507894],[-3.724061904502245,57.284766299180276],[-3.723988798298489,57.28478888914501],[-3.723630599802412,57.28489892068701],[-3.723290790556641,57.28500047462204],[-3.723167426019376,57.2850363292253],[-3.723074347551783,57.28506614409268],[-3.722843061091381,57.285139547646324],[-3.722727143646947,57.285175996213056],[-3.722722501421619,57.28517744233886],[-3.722713068934576,57.28518065054987],[-3.722397284727012,57.28528541165124],[-3.722217498299252,57.28534357025163],[-3.721980806912957,57.28541870484902],[-3.721780503252034,57.28548108844019],[-3.721749359571516,57.2854930655568],[-3.721291633422249,57.28566292935414],[-3.721226358773755,57.28568629351614],[-3.720939893672721,57.2857865524545],[-3.720363212160963,57.28598385727809],[-3.720072995779763,57.286080903146],[-3.719955330281986,57.28611934982926],[-3.719757884648307,57.28618285840208],[-3.719361386470718,57.286308388209015],[-3.719162333937139,57.286370409438014],[-3.719113260526355,57.28638545585385],[-3.71908491646095,57.286394126543506],[-3.719028196918253,57.28641143776275],[-3.718999821440995,57.28642007829232],[-3.718913113653697,57.28644642073678],[-3.718455553090949,57.28658036545877],[-3.717532891178634,57.28684041531355],[-3.717067789978437,57.28696652035276],[-3.716918613761355,57.28700539468605],[-3.716771600277229,57.287043225241014],[-3.716476893918538,57.28711810282678],[-3.716329201048774,57.28715514985598],[-3.716317718997066,57.28715799301497],[-3.716219701627431,57.287182055904964],[-3.716023380244358,57.28722983658163],[-3.715925076232364,57.28725355436789],[-3.715785596228879,57.287286913251016],[-3.715534007810071,57.287345744024286],[-3.715029067975933,57.287461145306196],[-3.714775716585668,57.287517715807695],[-3.714437349117913,57.28759150339664],[-3.714299837946754,57.28762110470827],[-3.714024332723159,57.28767964142289],[-3.713886338674875,57.28770857682482],[-3.713560941324108,57.28777590500784],[-3.713301360015489,57.287828273536995],[-3.713272128046381,57.287834020761586],[-3.713117454156722,57.287960749264],[-3.712677837922519,57.28827925635652],[-3.712135903205334,57.288651025372246],[-3.711016561551177,57.28937857067129],[-3.710439154388323,57.28973434664165],[-3.709937179447532,57.29002766429716],[-3.709865983639631,57.29006900373453],[-3.709723112472016,57.29015143907317],[-3.709651437112152,57.290192534973926],[-3.709063971243407,57.29052724424497],[-3.708466304073905,57.29085083279104],[-3.707241273096864,57.29148109838756],[-3.706613909083732,57.291787775122245],[-3.705784035508819,57.292173116585325],[-3.70549709986615,57.29230333494401],[-3.704917867743011,57.29256023057852],[-3.704625571279881,57.2926869078297],[-3.70409413372037,57.29291194168253],[-3.703228399529531,57.29325469213777],[-3.701457786164352,57.29390917206328],[-3.700552906878711,57.29422090120766],[-3.699812240266821,57.294458198778045],[-3.699578486819975,57.294531702632185],[-3.699108796011473,57.29467663733406],[-3.698872858667259,57.29474806817357],[-3.698338301909067,57.29490682331186],[-3.697224250891599,57.295208782132306],[-3.694957382121967,57.29576655830379],[-3.693804566585494,57.29602237494411],[-3.693241588533884,57.296134125243974],[-3.692656937725432,57.296243524840236],[-3.692309484510331,57.296304637522674],[-3.691620456899115,57.29726470136131],[-3.691247631510206,57.29774276726963],[-3.691036359214658,57.29799322133498],[-3.690752607981705,57.298330952093735],[-3.690664522128434,57.298436141264816],[-3.690548166098218,57.29898157413736],[-3.689180248146735,57.30165608593235],[-3.687065172428182,57.304184070599106],[-3.684253605761561,57.30650479427635],[-3.6808129853209,57.308562493589186],[-3.676825902151909,57.310307714649035],[-3.672388123904705,57.311698504837096],[-3.667606291594498,57.312701427785775],[-3.665471952570795,57.31295315622772],[-3.665122888786339,57.313211104964914],[-3.663755401999897,57.314096193584064],[-3.663687185282812,57.31413498317492],[-3.662006368971056,57.3149678832962],[-3.658449501637767,57.31650117941074],[-3.657773982001559,57.316758856631374],[-3.655793315969364,57.318950078766555],[-3.653048130438414,57.32111392071274],[-3.651528536104205,57.322141277932516],[-3.651002506606825,57.32244785686537],[-3.65068249104863,57.32262921991161],[-3.650033217446938,57.32298704074824],[-3.649703959398336,57.32316349849117],[-3.649418165845532,57.3233124426772],[-3.648957567766069,57.3235435563615],[-3.648020521519466,57.3239961870784],[-3.647569709533347,57.32420578499644],[-3.646423546737851,57.32484843163995],[-3.645667668707391,57.32522969763846],[-3.645633542311895,57.32527049855698],[-3.645475555219377,57.3254565532345],[-3.645395580962092,57.32554933698047],[-3.64531092561939,57.32564610720434],[-3.645303755597979,57.325654429497725],[-3.645189944156144,57.32582368588572],[-3.645149353620742,57.325881707293306],[-3.645137935835284,57.32589800167143],[-3.645020132374216,57.32606574200464],[-3.644270366988025,57.326773828405],[-3.643377770133054,57.327945287599015],[-3.641323613835027,57.32972395094585],[-3.641357411426583,57.32973532763381],[-3.641098952234945,57.32995993873004],[-3.640807866549705,57.330204012177646],[-3.640272958841422,57.330636986131736],[-3.640044065565093,57.33081745787025],[-3.639905453920973,57.330923940929054],[-3.639243352897499,57.331398396168176],[-3.637862523036985,57.33232257057433],[-3.637143793682533,57.332772289125785],[-3.637015110033119,57.332847616980686],[-3.636895752291727,57.33291675140902],[-3.636655695905431,57.33305433633106],[-3.636534997268915,57.333122786853274],[-3.636266251908526,57.33327359827984],[-3.635491620929786,57.333680899579235],[-3.633894979401703,57.33446738756625],[-3.633072969015386,57.33484657364939],[-3.632924874945273,57.33491050568828],[-3.63269135132593,57.33500948295366],[-3.632221068126652,57.33520516446998],[-3.631984308558124,57.33530186870886],[-3.631869393186774,57.33534793952903],[-3.631174281163486,57.335611989358256],[-3.629759971857241,57.33612051255463],[-3.629040774984322,57.33636498565055],[-3.62895891829138,57.33639125556257],[-3.627769770301843,57.3367383089044],[-3.627188568636603,57.33689175951844],[-3.626830545876567,57.33699664728145],[-3.626572870829197,57.33707765634796],[-3.625729646874342,57.33732540630411],[-3.625197155438892,57.33747124276763],[-3.624230821439108,57.33771513897157],[-3.624159855197565,57.33773157109112],[-3.621954116358624,57.33814574226192],[-3.62060734894269,57.33834247463282],[-3.620226283521149,57.33844421210178],[-3.620033388431004,57.33847665376588],[-3.620014892325037,57.3384444967037],[-3.619951688656626,57.33845707473352],[-3.619574927105563,57.33855046352812],[-3.619308783846165,57.338590716314776],[-3.619247371149386,57.33859993591532],[-3.619193379695175,57.33860798107333],[-3.618966284110201,57.33865317282219],[-3.618764099753258,57.338688729033485],[-3.618764024494539,57.33868860390357],[-3.616797611549715,57.33913058483583],[-3.611510295586588,57.33983278127008],[-3.606081540569376,57.340056715172935],[-3.600658356112057,57.33979632072413],[-3.597966677842958,57.3395450746141],[-3.597515114446344,57.33948187465098],[-3.597376861759326,57.33946351269293],[-3.597195313552892,57.33944025539561],[-3.597071387001538,57.339424107766376],[-3.596842442031406,57.33939377280534],[-3.596729285449115,57.33937855165222],[-3.596503172963088,57.33934767989282],[-3.596390217061808,57.33933202928689],[-3.596044656406685,57.339283449866684],[-3.595929926296002,57.33926765971622],[-3.595830014524425,57.33925373009211],[-3.595630353155747,57.33922553529062],[-3.595597353730801,57.339220844597875],[-3.594428856859925,57.33967862533067],[-3.593797149226916,57.339914262122065],[-3.592761276380368,57.340281844182684],[-3.592585183716555,57.34034347298366],[-3.592231571417702,57.34046552261251],[-3.59205405178937,57.34052594343633],[-3.591590230922184,57.34068160588057],[-3.590415599416931,57.34104092114599],[-3.588016201714,57.34170677426174],[-3.587705366935604,57.34178626250032],[-3.587684110371901,57.34198783194996],[-3.587384138745511,57.343579461176446],[-3.587168464619548,57.34437165712874],[-3.587161051631095,57.34439241421947],[-3.586569749687071,57.34559405399807],[-3.58580508208586,57.346803722345236],[-3.585554461155039,57.34754096952101],[-3.584064904937766,57.349944084110916],[-3.581962816342572,57.352209523984634],[-3.579290162504691,57.35429193849153],[-3.576100363536143,57.35614963293983],[-3.575505649625725,57.35641014689298],[-3.575175666649475,57.35657235400488],[-3.573462274110772,57.35735898039019],[-3.572580910744664,57.35773660792851],[-3.572132065993808,57.35791588858575],[-3.572002599817144,57.35796567846595],[-3.571529002830133,57.3581634343978],[-3.571248730673377,57.3582779272652],[-3.571106696918886,57.35833468352022],[-3.570940003610458,57.35840043207145],[-3.570605117438339,57.358530804824014],[-3.570436924579433,57.358595429021356],[-3.570233093788474,57.3586727205504],[-3.570017202739642,57.3587532181482],[-3.569583094062394,57.35891236090819],[-3.569364876445511,57.3589910060624],[-3.569190632578518,57.35905273473401],[-3.569053269778663,57.35910020733005],[-3.568126225617759,57.36068064377915],[-3.567320974480758,57.36179123624821],[-3.567210077050943,57.361918565486675],[-3.566074941944726,57.36301539346591],[-3.56353226939363,57.36511266123833],[-3.562124722867249,57.366113095583934],[-3.561690077490827,57.36638084295946],[-3.561041441999666,57.3667580212103],[-3.559705197184608,57.36749166551019],[-3.559017587870895,57.36784813120534],[-3.558599624897147,57.368052700273665],[-3.558537354651299,57.3680830236106],[-3.558412531627213,57.368143500147994],[-3.558349978849079,57.368173653348116],[-3.558102888605225,57.36829215778325],[-3.556789223685161,57.368841231170734],[-3.556475392392927,57.36981888479852],[-3.556438889247071,57.36989929430095],[-3.555246568641969,57.3716841439397],[-3.552194071574668,57.37507863500335],[-3.55033383790588,57.37668825584748],[-3.550267577304041,57.37673400096394],[-3.549931044646315,57.37695878488487],[-3.549244749081668,57.37740238340565],[-3.548894986124341,57.37762119793403],[-3.548849575046438,57.37764869974158],[-3.548321340366595,57.37795400050017],[-3.54723912717731,57.37855099363744],[-3.546685148642802,57.37884268579622],[-3.546641170405631,57.37886478775985],[-3.546419002707272,57.37897443197062],[-3.545971026194717,57.37919152963426],[-3.545745217385226,57.3792989830742],[-3.545670180439422,57.37933404367431],[-3.545519193154873,57.37940374417838],[-3.545215686350352,57.37954216561547],[-3.545063166832554,57.379610886544775],[-3.54494071017388,57.379665395122615],[-3.544694283068305,57.379769866319656],[-3.544439608988074,57.37989777864107],[-3.544297728819346,57.37996509349278],[-3.544121458803646,57.38004754861382],[-3.543766793074351,57.38021111498558],[-3.54358839736402,57.38029222623035],[-3.543306063289158,57.38041877778516],[-3.543171230614869,57.38047966646393],[-3.543123134391326,57.38050130307248],[-3.543026791330782,57.38054447830229],[-3.542978544493834,57.38056601692343],[-3.542376504197396,57.380833751005575],[-3.541920503573055,57.381029400849215],[-3.540996083712001,57.381411951852094],[-3.540527664562284,57.38159885292028],[-3.539085440382113,57.382153466977414],[-3.538474998090124,57.38237735218345],[-3.53723630399735,57.382810268335874],[-3.536608052479373,57.383019299106685],[-3.536154240762162,57.383162885476885],[-3.534038673620315,57.38372743212391],[-3.529680710167558,57.38468902536568],[-3.527438332457071,57.385086067121904],[-3.527179773868215,57.38512109712604],[-3.527032098015864,57.38514071713104],[-3.526933270578192,57.38515358860449],[-3.525070671184379,57.38541837184575],[-3.524748940801254,57.385465769403794],[-3.522529511386236,57.385706475341436],[-3.519960830142238,57.385887898794664],[-3.519556298426253,57.38607037986559],[-3.518435993992902,57.38653361163967],[-3.518092109200793,57.38666368680014],[-3.51727571296043,57.38695356140512],[-3.516124358315468,57.38733667999009],[-3.516074865048316,57.38735944693912],[-3.515835595174312,57.387438394879986],[-3.515330787619178,57.38759843658113],[-3.515129580789113,57.38765968017019],[-3.515127699140082,57.38765787748163],[-3.514766227468794,57.38777037737863],[-3.514759010085551,57.387772473583055],[-3.514311043259399,57.387908822276565],[-3.513796106635005,57.388059166187944],[-3.513570713463257,57.388122230037126],[-3.513108219508004,57.38824674883827],[-3.512555220873697,57.38838988283565],[-3.512524035635995,57.38839977111725],[-3.511375495611868,57.38873198749881],[-3.511087505711855,57.388807603143746],[-3.510531528158309,57.38894680126167],[-3.510043635026072,57.38906310279589],[-3.509991823699555,57.38951017310263],[-3.509169189710609,57.392505867771035],[-3.50852228613838,57.393984854875946],[-3.508444437492887,57.39411314098663],[-3.508311682744,57.394336443043535],[-3.508221192884938,57.394484237748664],[-3.50803548056967,57.394778958089404],[-3.507940258079735,57.39492588371824],[-3.507647770328481,57.395364934755534],[-3.507567178883729,57.395483292433994],[-3.507402924562368,57.39571938510756],[-3.507319261668699,57.3958371200988],[-3.506929777484526,57.39637391450694],[-3.506926103516047,57.396379060246005],[-3.506687960870142,57.396753154880486],[-3.505717506978128,57.39797488748316],[-3.503834250020592,57.3999315320627],[-3.503774156559521,57.399914676110654],[-3.503559493422014,57.40021464212],[-3.503561262056853,57.40021513821457],[-3.5035529839905,57.40022373818899],[-3.503493040179847,57.4003075015049],[-3.503287355724628,57.400498870470784],[-3.50286325853062,57.400872171925705],[-3.502764471467353,57.40095454973898],[-3.502743896745123,57.40094736016203],[-3.502399133704139,57.40124867075735],[-3.502408030446322,57.401251779620615],[-3.501981835656157,57.40160716835014],[-3.501524509580626,57.40196886309122],[-3.501091325919725,57.402294132181936],[-3.500808667562989,57.4024891421904],[-3.500556724051646,57.403161119255074],[-3.500059755450743,57.404176831796],[-3.49995062494679,57.40435655153619],[-3.499598121537047,57.40488135599201],[-3.498833362748769,57.40591812842866],[-3.49842110594121,57.40643009605578],[-3.498309801933865,57.406557347265455],[-3.49809809573506,57.406790586950905],[-3.497662268647594,57.40725366392848],[-3.497438147641538,57.40748350117851],[-3.49697161110297,57.40794558970755],[-3.496699645005942,57.40820464255972],[-3.496139941257577,57.40871773863237],[-3.495852203287725,57.40897178195171],[-3.495551962055223,57.409227245853096],[-3.495068001897565,57.40961620666472],[-3.494205720924398,57.410271595402016],[-3.494114337222462,57.410236577948524],[-3.49289515324288,57.41117059966011],[-3.492917949188533,57.4111803384542],[-3.492899836587764,57.41119268562259],[-3.492721543305239,57.41130359811864],[-3.492516253685218,57.411460864084546],[-3.491958313723412,57.41177837677222],[-3.491919875982018,57.41180228711234],[-3.489195581649735,57.41335047357957],[-3.485419140182092,57.41495298179585],[-3.485156357938597,57.41503445817877],[-3.484951851823435,57.4151317185918],[-3.483872033348611,57.415561635649524],[-3.481941891707283,57.41622460660779],[-3.477931161990286,57.417401374544085],[-3.473659032557641,57.418270123209886],[-3.469206314909337,57.418814415571866],[-3.466945167742062,57.41900374735199],[-3.466590941441396,57.41902006290288],[-3.465585450194887,57.419066360562766],[-3.465159843441212,57.41910184829308],[-3.463735629595248,57.41930125908638],[-3.461367798325859,57.41953572422237],[-3.460289965872512,57.4195994309414],[-3.460185410443077,57.41960543010279],[-3.459976231338456,57.419617071751524],[-3.45987160766528,57.41962271423871],[-3.45864334005058,57.41968683660138],[-3.458248126619434,57.41971166064144],[-3.455208574918727,57.41975172354967],[-3.450969185520373,57.419598071023415],[-3.450889038501517,57.41965048810896],[-3.450870546041348,57.41964225726621],[-3.449614244466411,57.42040809676905],[-3.449114793630044,57.42067173386519],[-3.44799496089298,57.421332336614185],[-3.446887039984546,57.42182308740301],[-3.446909745153219,57.42183560844719],[-3.44620737086329,57.422206313908646],[-3.445309938962431,57.42255989869969],[-3.445320282835094,57.422566073700025],[-3.444569541432465,57.42293208553052],[-3.444292009305572,57.42306833282872],[-3.443630469448657,57.4234649402213],[-3.443230192283193,57.423658446083074],[-3.442879578291921,57.42382323646981],[-3.442169946733738,57.424147467623456],[-3.441810929194562,57.42430690834328],[-3.441486223029217,57.4244470514711],[-3.441263532990564,57.42454149854545],[-3.440815203101042,57.42472833400761],[-3.440589563435115,57.42482072234409],[-3.439990382298207,57.42506174728387],[-3.438233322425058,57.42577203052394],[-3.437126835050697,57.42623069586028],[-3.435613171768196,57.42688241204411],[-3.435478013885613,57.426939988300724],[-3.435206600084904,57.42705438321323],[-3.435070344168901,57.42711120186676],[-3.433628714527053,57.42770594271169],[-3.433489488084791,57.42776275689958],[-3.433209937284318,57.427875594308404],[-3.433069612928676,57.427931617526944],[-3.430257222361698,57.42904210899381],[-3.429057553292476,57.42952521326944],[-3.429024939773026,57.429501650253044],[-3.426989156033226,57.4303518944749],[-3.423184664681482,57.431544129568124],[-3.419121278676725,57.432454690205965],[-3.415806290895143,57.43293265742674],[-3.415796184288275,57.432912265456906],[-3.415012524847623,57.43307538025115],[-3.41453786923286,57.433130273183274],[-3.414398375638326,57.43314606850118],[-3.414119142543896,57.433177014187926],[-3.413979403048676,57.43319216455623],[-3.413647618168568,57.43322733951992],[-3.413513790755312,57.43324122079589],[-3.412652688433876,57.433328566190305],[-3.412136635311598,57.433376391291624],[-3.411785970352742,57.43340583471223],[-3.411450421057247,57.433432123925414],[-3.410778398251971,57.43348100978906],[-3.410441924808334,57.43350360643445],[-3.409944719197552,57.433534226900804],[-3.409689454399573,57.43354887265617],[-3.40917853597505,57.43357603882676],[-3.408922882377718,57.43358855924039],[-3.408441650115318,57.433610110275076],[-3.407854619662859,57.43363077373072],[-3.40667957025069,57.433660897594],[-3.406091551648105,57.433670357991566],[-3.405506196003314,57.433674194042794],[-3.405127283574752,57.43367435076392],[-3.404369550277319,57.43367001142969],[-3.403990729504393,57.433665515374656],[-3.403726029748774,57.43366074773471],[-3.402686635808555,57.43362444486709],[-3.400779437267965,57.43352542653248],[-3.400359552315281,57.433788538431095],[-3.400307143312598,57.43381761703973],[-3.399420513590095,57.43426178525448],[-3.399098767580744,57.43448449432487],[-3.395328373445745,57.43639055855619],[-3.394484118767472,57.436755112825935],[-3.394382273443576,57.436891536494116],[-3.394192984727601,57.437134720994],[-3.394170866917715,57.43716200653369],[-3.394013897585465,57.437349754911004],[-3.393692012874332,57.43772326090924],[-3.393527097431213,57.437909018510716],[-3.393316137113056,57.43813980586501],[-3.393273792411589,57.438185797953274],[-3.393188615797205,57.43827765079348],[-3.393145783883359,57.4383235115451],[-3.393108444660285,57.4383632082277],[-3.393136152803201,57.438419778006825],[-3.393097915594697,57.438425224352045],[-3.393618750707371,57.43920541060602],[-3.394099206561345,57.440499513447406],[-3.394204600545763,57.440569132079126],[-3.396818542961662,57.442983801398796],[-3.398703913989218,57.445588386693174],[-3.39981462620175,57.44831943517307],[-3.400171712659967,57.44970840078494],[-3.400198952346687,57.44995457318138],[-3.400217307382873,57.45015999185279],[-3.400245288694011,57.450571001906724],[-3.400254914871024,57.450776593291856],[-3.400264842720899,57.45116476291853],[-3.40027072578781,57.45125895441002],[-3.400275131040041,57.45132890653031],[-3.400296946171792,57.45157569025956],[-3.400297250380208,57.45157903397069],[-3.40029906108273,57.45159919351216],[-3.400304952945237,57.451665946160574],[-3.400316021398258,57.451818920662085],[-3.40033332014933,57.45212494914504],[-3.400339550406938,57.452278003127425],[-3.400346082878443,57.452540441033584],[-3.400345234880684,57.45281171459952],[-3.400328341163732,57.45335412423317],[-3.400312295219031,57.453625260300576],[-3.400298041398576,57.453788642131386],[-3.400296667715832,57.45380410369357],[-3.400293870914193,57.45383502551898],[-3.400292447795255,57.453850485782205],[-3.400269723778007,57.45409312540245],[-3.400262654150251,57.454163177524705],[-3.400247499916131,57.45430324986923],[-3.40023941530589,57.454373270091395],[-3.400226833972964,57.45447577651721],[-3.400219974142388,57.45453176504947],[-3.400127268851075,57.45505500482142],[-3.399885223042312,57.45609766528206],[-3.399735880931146,57.45661708587454],[-3.399710983457225,57.45668959070143],[-3.399697321249237,57.45672888783297],[-3.399669672333878,57.45680744892505],[-3.399655685625834,57.45684671288554],[-3.399577771875258,57.457062834669706],[-3.399562595752909,57.457104406877676],[-3.399531879725646,57.457187512242044],[-3.399516339819931,57.45722904539832],[-3.399451622098581,57.45739993301548],[-3.399446995710153,57.457412218871966],[-3.399440521293891,57.45742936474117],[-3.399415343028918,57.4574957948465],[-3.399294631643437,57.45778912474383],[-3.399035066202091,57.45837344298925],[-3.398896211891932,57.45866443131366],[-3.398847527634723,57.458759811818496],[-3.398755164340335,57.458943692014955],[-3.398691518265601,57.45906691449047],[-3.398481508340638,57.45946257333872],[-3.398372296474894,57.459659754323845],[-3.398333366164497,57.45972721277571],[-3.398265027412769,57.459842868047],[-3.398125454853721,57.46007367022189],[-3.398054221030026,57.46018881712234],[-3.398011932453916,57.46025566589864],[-3.397860462484549,57.46048488993186],[-3.397546050640449,57.46094104208013],[-3.397383108641901,57.4611679701674],[-3.397294452586265,57.46128663798619],[-3.397000000686348,57.46165660704402],[-3.396380612493871,57.46238906104785],[-3.396055675714486,57.46275154584738],[-3.395945896171292,57.462867311353584],[-3.395610572657793,57.463203124028716],[-3.394913757308568,57.463866773565435],[-3.394552265146499,57.46419461028485],[-3.394327760965056,57.46438870469331],[-3.394127095454876,57.464557942634954],[-3.393718786995545,57.46489395757492],[-3.393511144009176,57.46506073455097],[-3.39337435147838,57.46516799245313],[-3.393185154057661,57.46531324410122],[-3.392801466095947,57.46560170400257],[-3.392606975534202,57.46574491223993],[-3.392462395545568,57.46584919175829],[-3.392254177487007,57.46599618880703],[-3.391832164211165,57.466287840858165],[-3.391618368967063,57.4664324958441],[-3.391465987776728,57.46653344656042],[-3.391265182393727,57.46666394139358],[-3.390859032532546,57.466922864790064],[-3.390653688044745,57.46705129333883],[-3.390624035387323,57.467069488796106],[-3.390592811171072,57.467088625517476],[-3.390573674331908,57.46710033914056],[-3.390452369967821,57.4671744920717],[-3.390215626964308,57.46731614818037],[-3.389736609429673,57.46759671990269],[-3.38949433489137,57.46773563549547],[-3.389470663740684,57.46774892259062],[-3.389453521131685,57.46775853079504],[-3.389419209445473,57.4677777334796],[-3.389402040368259,57.46778732795974],[-3.389294445338855,57.467847365188184],[-3.389275090581431,57.46785815494326],[-3.389254578268841,57.467869577138984],[-3.386307559693511,57.46917251240771],[-3.379940623936282,57.47138333562443],[-3.376520744747698,57.47229120013455],[-3.376240354658569,57.472345180340994],[-3.373836233270247,57.47269385514308],[-3.373460780560355,57.47277175717129],[-3.372962287521766,57.47287030454917],[-3.372777663444087,57.47290501531602],[-3.371567165680688,57.473105152968564],[-3.371476702592023,57.473118105985016],[-3.367079569219617,57.47452496631334],[-3.361748634140659,57.47561883201041],[-3.35614870618887,57.476205033821316],[-3.353847130636714,57.47633683963929],[-3.353717876162737,57.47645854331165],[-3.353038729578098,57.47706956654789],[-3.352725656095642,57.47734020899587],[-3.352675939233724,57.47738153432348],[-3.352495914412614,57.477528013599425],[-3.351869850494009,57.4780267414483],[-3.351747129248563,57.47812105438042],[-3.350204414715113,57.479629847263276],[-3.349995295985098,57.47979371862937],[-3.349893001730288,57.47995775019089],[-3.349883348778564,57.47997186777118],[-3.349807777771188,57.48008023266806],[-3.349654047872964,57.48029642873976],[-3.349575888969,57.4804042599116],[-3.349572076499424,57.48040942130451],[-3.349409541865139,57.48062153314275],[-3.349074459892499,57.48104345055558],[-3.348921661828801,57.48122924239174],[-3.348336307489989,57.4820901284848],[-3.346095655418453,57.484334231019865],[-3.343286350637588,57.48638441490631],[-3.341740766229512,57.48722898836999],[-3.341805404534425,57.48726073111775],[-3.340647393961233,57.48794458841573],[-3.339980953407835,57.48831609214258],[-3.33993529106573,57.48834012301584],[-3.338460408041316,57.48903013117658],[-3.33537076377062,57.49031248255621],[-3.333756004625295,57.490904822826046],[-3.333690047438013,57.49092608355581],[-3.331774942280057,57.49139856910642],[-3.331213345461366,57.49155926211229],[-3.331212510433054,57.49155841594097],[-3.331201996098383,57.49156263029723],[-3.33105252860187,57.491605317558765],[-3.330265217587426,57.49186665578119],[-3.325995398646026,57.4928720618626],[-3.321286125286539,57.49357938045779],[-3.318883044515629,57.49383957054249],[-3.318421577473154,57.493870762773625],[-3.315425177616133,57.49392704539679],[-3.309462101467523,57.493749684921866],[-3.303654513772336,57.49300016913801],[-3.29819027672716,57.491702740849995],[-3.293246105171127,57.489899373464326],[-3.292299528050847,57.48939974178047],[-3.291948837751441,57.489255066871216],[-3.289799460800513,57.4880684589834],[-3.289788718514739,57.48807436026052],[-3.288981824633074,57.48764839380871],[-3.287038471651485,57.486419250357514],[-3.286900287415043,57.486313974253754],[-3.286123916986728,57.48566500072212],[-3.285201717029442,57.48481604070841],[-3.284518511008477,57.48422487068642],[-3.284516884709578,57.48422320736464],[-3.284489615554881,57.4841951978929],[-3.284435260666549,57.484139127389106],[-3.284408174932712,57.4841110663571],[-3.284362748026173,57.48406380046339],[-3.284346860630234,57.484047227747624],[-3.284315149815865,57.484014064576805],[-3.284299326397391,57.48399747412175],[-3.284252773715798,57.483948539764775],[-3.28422947194059,57.48392395276462],[-3.284183008902444,57.48387474029443],[-3.284159847639366,57.48385011482443],[-3.284132225612192,57.48382063424403],[-3.283528626366948,57.48309899882646],[-3.283498376830531,57.483058111613566],[-3.283472141189647,57.48306903621657],[-3.283423400998925,57.48308925450952],[-3.283244850373591,57.483163037938],[-3.282939190703466,57.48328637711157],[-3.282322701061115,57.48352925089644],[-3.282011871118145,57.483648785482416],[-3.281974993647916,57.483662626570556],[-3.281857486392156,57.48370570747286],[-3.28172160309764,57.48376114443044],[-3.281444552644202,57.4838729590517],[-3.281305488033841,57.4839284789248],[-3.281185221935128,57.48397597456247],[-3.28047497156036,57.48424149547449],[-3.279029844775128,57.484752343895806],[-3.278294968813332,57.48499767112115],[-3.278120411299564,57.485052622499445],[-3.277341720054314,57.48528299049434],[-3.27576263531639,57.485721052282464],[-3.274962242539496,57.485928745800116],[-3.274901040212071,57.485943558450025],[-3.274646282981025,57.48600384564123],[-3.274134933817467,57.48612212103534],[-3.273878341911116,57.486180109230624],[-3.273783655468469,57.486201009024],[-3.273641601294462,57.48623195423071],[-3.273356970296456,57.48629313997171],[-3.273214393477065,57.48632338050481],[-3.273128280091947,57.486341399395414],[-3.272495098484231,57.486466016111365],[-3.272201410853171,57.48652021796306],[-3.271716001828574,57.48662126653763],[-3.271381080289195,57.48668877284379],[-3.271164360998787,57.48673103297465],[-3.270666498743574,57.48682335342697],[-3.26966560366749,57.48699947873606],[-3.269162571054907,57.487083283550476],[-3.269042454791057,57.487102180941044],[-3.268918758517976,57.48712136273224],[-3.268671094377165,57.48715921126034],[-3.268547126512644,57.48717787799664],[-3.268493853778278,57.487185780376855],[-3.268039954403021,57.48724942614986],[-3.267129007284628,57.48736981507294],[-3.266671959794889,57.4874265577526],[-3.266577091018132,57.48743758135339],[-3.266192163679503,57.487479760057745],[-3.265420568804064,57.48755922038143],[-3.265033901366238,57.487596501989195],[-3.264855131814966,57.487612570464194],[-3.264372603743745,57.487652041738755],[-3.263944473608527,57.487683617663066],[-3.263571628053592,57.487743237994565],[-3.263521329888523,57.48775038087311],[-3.263132765253636,57.487802880994444],[-3.262353403528695,57.48790283685326],[-3.261962606539395,57.48795029257599],[-3.261911097413176,57.48795619824756],[-3.261307690884836,57.48801914367611],[-3.260096975460007,57.48813301069268],[-3.259489666947399,57.4881839322396],[-3.259385337700531,57.488191622291346],[-3.258849351663287,57.48822637923612],[-3.257775569036941,57.48828652674002],[-3.257237772718752,57.4883119172811],[-3.257076506831724,57.488318116085274],[-3.256561464454969,57.48833360542],[-3.255530735730529,57.48835599324505],[-3.255015049623815,57.48836289172769],[-3.254905302911567,57.48836344531832],[-3.254744813693334,57.488363838859925],[-3.254423835671037,57.48836379369614],[-3.254263346874257,57.48836335499067],[-3.254203949124586,57.48836303866794],[-3.253389892686072,57.48834798923348],[-3.251764118589748,57.488296489892434],[-3.250952401874133,57.488260039416055],[-3.250842919248012,57.48825366953929],[-3.249716695541487,57.48816712317614],[-3.24747784329946,57.4879528578188],[-3.246365217215778,57.487825139040034],[-3.246262993316219,57.48781142588217],[-3.246198968616145,57.48780201525148],[-3.246048854143051,57.48785607253468],[-3.245117334490892,57.488179580281844],[-3.244646576880857,57.488337163264326],[-3.244597404822672,57.488353019251704],[-3.244381513821599,57.488421454058255],[-3.243947845125056,57.48855656870225],[-3.243730067443269,57.48862324853308],[-3.243715866315674,57.48862752097991],[-3.243150016375689,57.48879014920623],[-3.242007109266369,57.48910356221589],[-3.241430052368807,57.48925434689554],[-3.241376289083596,57.48926771352748],[-3.241078181905416,57.489337934918474],[-3.240785753870831,57.48950544217705],[-3.239973817225247,57.48993966124336],[-3.238759576233301,57.49054589648822],[-3.2384501989062,57.49070944829865],[-3.237177701634188,57.49131673459742],[-3.234524377730054,57.49245834808194],[-3.233143560401559,57.49299266714927],[-3.232657865974492,57.493161080468816],[-3.23210120853401,57.49334588632285],[-3.231061925211353,57.493675947917254],[-3.230969447321248,57.49386093160732],[-3.230742373633848,57.49428190432003],[-3.230409816939297,57.49483168794032],[-3.229679662699114,57.495918592485715],[-3.229282063495813,57.49645571305699],[-3.229093319240574,57.49668859388016],[-3.228500137581602,57.497346098464796],[-3.227871901523002,57.4979758569947],[-3.227908909113815,57.498005729485534],[-3.228010127761401,57.49808828913122],[-3.228094538600866,57.49815783651466],[-3.228262162751836,57.498297348470906],[-3.22834537606078,57.4983673130453],[-3.228441561998728,57.498449014020316],[-3.228530050766797,57.498525013185755],[-3.228705615248222,57.49867748327514],[-3.228792690958075,57.49875395420108],[-3.228847729176615,57.498802835330764],[-3.228997114173183,57.49893816940801],[-3.229291458599153,57.49921022577501],[-3.229436418007517,57.499346948075335],[-3.229488151617653,57.49939675046801],[-3.229694582325418,57.499601671486474],[-3.230097504173154,57.50001432748701],[-3.230293994883068,57.50022206254987],[-3.230349429755738,57.500282599462835],[-3.230438731662828,57.50038164601469],[-3.230615075016935,57.50058032076899],[-3.23070211645454,57.50067994897463],[-3.230728166843956,57.50071024708414],[-3.230836887955866,57.500839358597425],[-3.231050533793684,57.50109848897527],[-3.231155458498107,57.50122850784631],[-3.231192062750534,57.501274863845],[-3.231241897261533,57.50133865605968],[-3.231340652302303,57.50146644523452],[-3.231389572829445,57.501530442195445],[-3.231427996799053,57.501581263037636],[-3.23184726302693,57.502199807327],[-3.232600532785185,57.503451764544664],[-3.232934533709173,57.504085177987164],[-3.232975994212539,57.504176411547554],[-3.232981257756103,57.50418802739713],[-3.232991756122769,57.504211262856884],[-3.232996990945855,57.50422288246705],[-3.233096229503638,57.50444380031424],[-3.233197623055382,57.50512311514346],[-3.233979923599674,57.507158011776404],[-3.233984339727298,57.507185008335725],[-3.234014010352019,57.50739437178604],[-3.234064251746451,57.507813414761415],[-3.234084822412094,57.50802309429036],[-3.234092901126125,57.50812891955429],[-3.234098049658805,57.50820401969698],[-3.234107179146322,57.50835424053777],[-3.234111160096395,57.50842936123588],[-3.234120380626585,57.508633282271695],[-3.234121085433153,57.50864946952603],[-3.23412244082963,57.508681844692056],[-3.234123091419495,57.508698032603725],[-3.234127935319254,57.50882380055831],[-3.234236874568063,57.50947396849496],[-3.234304323552855,57.51028536424508],[-3.234304230792417,57.510381486663164],[-3.234302579922998,57.510503239660814],[-3.234296211693616,57.51074672242346],[-3.234291494313348,57.51086845218832],[-3.234280416678475,57.51108416017178],[-3.234267829647962,57.51126399871951],[-3.234235962605339,57.511623503982186],[-3.234216682527892,57.511803170695664],[-3.234199568588025,57.51193899514339],[-3.234190289285579,57.51200862941897],[-3.234170725149756,57.512147857048674],[-3.234160440312591,57.512217450402645],[-3.234128912723841,57.512420781680724],[-3.23409738619669,57.512601941335234],[-3.234027519677494,57.51296387975706],[-3.233989179618999,57.51314465852081],[-3.233985102840012,57.513162293654986],[-3.234010360009198,57.51319669350809],[-3.235126961978874,57.515793960789],[-3.235515022928354,57.51845163397336],[-3.235524797468376,57.51978825998606],[-3.235522447630589,57.519806153399976],[-3.235519660441561,57.52029179354556],[-3.23550671317395,57.5206188221227],[-3.235504883685096,57.520643723735176],[-3.235494062201784,57.52076888924176],[-3.235469174782085,57.521019126842916],[-3.235455108823745,57.52114419893672],[-3.235438010224041,57.52128046307413],[-3.235428600265241,57.52135128701203],[-3.235408739908823,57.52149289264686],[-3.235398289507231,57.52156367434364],[-3.235387186316281,57.52163528996207],[-3.235384439691763,57.521652889605285],[-3.235367848875123,57.521758255452625],[-3.23534624355408,57.52188479140352],[-3.235313242668175,57.52206413092342],[-3.235306394615222,57.522106834239665],[-3.235055854717449,57.5230640138888],[-3.235045143169057,57.52309338587146],[-3.234784896050364,57.52348578438614],[-3.234720558189322,57.5242965130522],[-3.234608247312196,57.52459496724297],[-3.234516634811187,57.52482312839834],[-3.234322416664838,57.5252780932591],[-3.234219810701154,57.525504896665936],[-3.234098002238809,57.52575968614991],[-3.233929635677728,57.52608619690626],[-3.233570120270899,57.52673556899856],[-3.233378971054776,57.52705843027189],[-3.233182734522722,57.52736946278156],[-3.233038433674473,57.52758879805787],[-3.232739314097521,57.5280253838652],[-3.232584495259635,57.528242634372006],[-3.23241567186671,57.52847065279666],[-3.232132492315646,57.528830179866986],[-3.231537334989699,57.529542271645404],[-3.231225356763669,57.52989483622086],[-3.231146694090847,57.52997896839874],[-3.230903950982658,57.53022874506273],[-3.230404004798173,57.53072407718379],[-3.230146801582156,57.53096963258468],[-3.230029036584517,57.53107804962258],[-3.229781826753657,57.531298328511724],[-3.229275769083463,57.531734985622656],[-3.22906258020882,57.5319141717715],[-3.228966780428018,57.53199262894839],[-3.228851493826001,57.53195190266419],[-3.228549949824761,57.5322119868443],[-3.228851716472773,57.533144326819674],[-3.229093313176591,57.53492273386347],[-3.229090355912884,57.534982761862196],[-3.229086760533619,57.53504704857148],[-3.229078713920019,57.535175606495],[-3.229074262682676,57.53523987770917],[-3.229018467686925,57.53597473962326],[-3.228649592103357,57.53752022936006],[-3.228109273140366,57.538853918034235],[-3.22810349677578,57.53893806019401],[-3.228066479540782,57.539039392079175],[-3.227992019684812,57.5392320381318],[-3.227835268135958,57.53961640672293],[-3.227752976364422,57.539808129251995],[-3.227720233564829,57.53988077221091],[-3.227631769333678,57.54009035049759],[-3.227582563025329,57.54020992161793],[-3.227558244065347,57.54030656133705],[-3.227554865446356,57.540319945324285],[-3.227528072224957,57.5404256277446],[-3.227361613251618,57.540960813025016],[-3.226968885202334,57.5420248006975],[-3.226742614340855,57.542553602926965],[-3.226639774900012,57.542764558560805],[-3.226265739332293,57.543426676002554],[-3.225423935893158,57.54473345809933],[-3.224956165054978,57.54537812214156],[-3.224833118361313,57.54553012649621],[-3.224770570501742,57.545606423991835],[-3.224644159382946,57.545758703405724],[-3.224580296119295,57.5458346853227],[-3.224454275008815,57.54598278346725],[-3.2242012020187,57.54626690832068],[-3.223676668040613,57.54683020995197],[-3.22340520683812,57.54710938665451],[-3.223291827555638,57.547221167607155],[-3.223182013532778,57.54732770772573],[-3.222959706397229,57.547539977210995],[-3.22284721327378,57.54764570657304],[-3.222744789692772,57.547740474454514],[-3.222722833924726,57.54776072816234],[-3.222678824067839,57.547801204688234],[-3.222656769978923,57.54782142750632],[-3.222449901490377,57.5480105512285],[-3.222388274162865,57.54806642841682],[-3.222264268864394,57.54817794160361],[-3.222201890891942,57.548233577601366],[-3.222112149191845,57.54831296865665],[-3.221938365161933,57.54846334792719],[-3.221585313501198,57.54876223497468],[-3.221406045843179,57.54891074273649],[-3.221191635686074,57.549084584895866],[-3.221129926508096,57.549134258439516],[-3.221005894540752,57.549233383700134],[-3.220943571750456,57.54928283541652],[-3.220873545460706,57.549338003546154],[-3.220784814764342,57.549410325565894],[-3.220650931877093,57.54951775856577],[-3.220534482166957,57.549609762579884],[-3.220469249287986,57.5496617693194],[-3.220262593074625,57.54982459002092],[-3.220158433407893,57.54990569552725],[-3.219814213039982,57.55017060431667],[-3.217698315096886,57.55150104554771],[-3.213026198905104,57.553915913491146],[-3.212445956843349,57.554116073281456],[-3.211224009721373,57.554916109071826],[-3.211062918417906,57.55500208737197],[-3.209297258084638,57.55582113667439],[-3.205570747876252,57.55731903072284],[-3.20360990411731,57.557997869740156],[-3.203373240969746,57.55806775057498],[-3.202721806724414,57.558250198478554],[-3.201404630679897,57.558599520357554],[-3.200738888458854,57.55876639366714],[-3.200560022010317,57.55880868004194],[-3.198910789762722,57.559143944149774],[-3.19555569833077,57.55971914211829],[-3.193849846971071,57.55995907444222],[-3.19371616570964,57.559973875600534],[-3.193101366326209,57.56003552250077],[-3.191867900502872,57.56014640064083],[-3.191249234469492,57.560195631840955],[-3.191023349359915,57.560211290748384],[-3.190480577785342,57.56024407854122],[-3.190180378048822,57.560259546677784],[-3.189700613128973,57.56029175036183],[-3.187779197352908,57.56039050564724],[-3.186815831210168,57.56042495106938],[-3.186508926043783,57.56043114440145],[-3.185682553647987,57.56045080224757],[-3.180956860157769,57.56016285459433],[-3.178145554845309,57.56006676052557],[-3.175805148987711,57.55983739429434],[-3.17578056954056,57.56017067706998],[-3.175697801730402,57.56090868720602],[-3.175642281049586,57.56127723430138],[-3.175591147111357,57.56154739386669],[-3.175499273915691,57.56194463961621],[-3.175282677384272,57.56273653625942],[-3.175157953350213,57.56313118710409],[-3.175126968788772,57.563217525083516],[-3.175070911884211,57.56336689988451],[-3.174954089235123,57.563665116830535],[-3.174893323453738,57.56381395897161],[-3.174888989980427,57.563824159349785],[-3.174844713076642,57.563949223920034],[-3.174744429019691,57.56422104692203],[-3.174692335585103,57.5643567505388],[-3.174653821390727,57.564453309379815],[-3.174637734543921,57.56449319806147],[-3.174605223615314,57.564572935723135],[-3.174588799532808,57.564612784703094],[-3.17456009296626,57.564681691972254],[-3.174456793814878,57.56491499457839],[-3.174238637575048,57.56538003433061],[-3.174123780348257,57.56561177145822],[-3.174089925338392,57.56567658522389],[-3.174022933507526,57.565801363045956],[-3.173885598191149,57.56605038504229],[-3.173830289115336,57.56614860947306],[-3.173795113814863,57.56620981412562],[-3.173688786779883,57.56638434436542],[-3.173687072286169,57.566484786614645],[-3.173686185513791,57.56652628419471],[-3.173684055157629,57.56660927670934],[-3.173682811573028,57.56665077164391],[-3.173678500540913,57.566776566911706],[-3.173674800405408,57.56686230075763],[-3.173665876929857,57.56703374555415],[-3.173662903458656,57.56708253788291],[-3.173657448482873,57.56736474574206],[-3.173656423098262,57.56740783815324],[-3.173653987550111,57.5674940198349],[-3.173652577385662,57.567537109105416],[-3.173642717694795,57.5678022037981],[-3.173642200128564,57.567815617849],[-3.173641127705057,57.56784244552037],[-3.173640572847756,57.56785585914087],[-3.173638378859053,57.56790717334086],[-3.173634497502046,57.56799637838686],[-3.173162185097409,57.56991644128721],[-3.171462329857718,57.573657348192775],[-3.170234710524269,57.57547826676988],[-3.169910035144805,57.57583431101793],[-3.169879800119303,57.5758672957858],[-3.16981907882108,57.57593319853327],[-3.169788592548014,57.57596611651271],[-3.169402257239956,57.57638112965713],[-3.167676772820359,57.57785667566428],[-3.166882388307686,57.5784087098454],[-3.166857216967427,57.57844182566279],[-3.166718995830787,57.57856437402025],[-3.166460264597101,57.57878639471307],[-3.166211226198471,57.57899332346224],[-3.166100424959098,57.57895484417463],[-3.165915848128785,57.57912465309896],[-3.166904059886078,57.578966883355506],[-3.169260117423011,57.578640337011294],[-3.170449204519286,57.578500098306776],[-3.170499749437512,57.57849516543916],[-3.17159259819671,57.5784084301001],[-3.173786559459464,57.57827388634583],[-3.174887674269697,57.57822607777563],[-3.174957116128172,57.57822430014141],[-3.177699679987909,57.57827517270631],[-3.183132443694647,57.57861704141981],[-3.188388134185633,57.57943144492226],[-3.193325360809615,57.58069647690271],[-3.197811265186144,57.582378106254005],[-3.201725083348401,57.584431087719615],[-3.203524790652091,57.58554408331026],[-3.205857590959378,57.587251665341135],[-3.207223632735255,57.588433595337925],[-3.20959973838009,57.590896526244094],[-3.21123940664045,57.59352692368853],[-3.212103159291308,57.59626171970607],[-3.212170105149037,57.59903532872644],[-3.211438456919635,57.60178122234199],[-3.209925591779576,57.60443351631137],[-3.207667650140575,57.60692855923215],[-3.204718682053387,57.6092064627309],[-3.20228748439024,57.610572912281526],[-3.201858801925257,57.61088575430187],[-3.201758574151895,57.610938926232585],[-3.201704423999187,57.61096761736603],[-3.200315675434315,57.61158699687667],[-3.199831309304698,57.61187831213829],[-3.199733255073902,57.611921316908244],[-3.199713694904473,57.61193000058235],[-3.199605684252588,57.611977545356325],[-3.199482650258906,57.612031243529316],[-3.198579813830792,57.61239874179865],[-3.198555192822637,57.61240807615116],[-3.198646357210562,57.61241930323845],[-3.198676445290375,57.61242266713745],[-3.201609160265699,57.61272885415683],[-3.206202406738909,57.61359545281166],[-3.207568328402892,57.61398080520647],[-3.207822655073984,57.614018129634935],[-3.207829219342873,57.6140197198094],[-3.209454932794956,57.61448334444515],[-3.20990599088351,57.61457006909624],[-3.209998469687145,57.61459713745131],[-3.210734287487843,57.61488320111851],[-3.211368600880186,57.61503188596886],[-3.211649518637812,57.615128277631634],[-3.212151886125246,57.61530757930677],[-3.212605682359805,57.61547595060498],[-3.212973602094471,57.61561797328752],[-3.213887541551932,57.61594479840885],[-3.215153102086267,57.61644492868824],[-3.215306190612321,57.61651159401322],[-3.216719818084156,57.617202655869974],[-3.219025205008165,57.6184662163064],[-3.218953644857173,57.618503811319016],[-3.219283640914345,57.61865560556502],[-3.219328125117776,57.61863223512017],[-3.219391101672832,57.618666749854334],[-3.219638589734204,57.618818875392385],[-3.219845504197493,57.61891405103715],[-3.219935823202401,57.61897100382518],[-3.220401921004801,57.61927839876286],[-3.220530148187856,57.61936688232912],[-3.220648757558905,57.619439785247465],[-3.220785864762097,57.61953447292166],[-3.220900554497177,57.61961460459675],[-3.221427188627641,57.619986864330606],[-3.221748813904641,57.62022203972256],[-3.221835254228949,57.620287445871035],[-3.222517264207288,57.62084644680179],[-3.22380201322377,57.62199009469174],[-3.224404750692118,57.622574742456706],[-3.22446713550634,57.62264095476799],[-3.225095240081989,57.62339101164687],[-3.225429356821204,57.623844445639705],[-3.225550281158328,57.623949556024655],[-3.225607156076947,57.62402255855878],[-3.225624868202889,57.62404538134437],[-3.22566017536512,57.62409105297767],[-3.225677770401287,57.6241139018255],[-3.225777364365904,57.62424373962485],[-3.225860565959209,57.624358416970686],[-3.225888738433422,57.6243896495755],[-3.226193930839153,57.62474780771029],[-3.226774776237825,57.625470955333775],[-3.227050428682334,57.62583594482975],[-3.227161386854283,57.62599264766848],[-3.227652080874506,57.62679821302032],[-3.228489814774219,57.62843056444003],[-3.228836848725512,57.62925735148567],[-3.228856131429675,57.62931610242059],[-3.228882034770908,57.62939719832542],[-3.228932455853695,57.6295595140047],[-3.228956973589254,57.629640733779716],[-3.228985364270335,57.62973759245306],[-3.229016894284253,57.62984977359843],[-3.229077310902841,57.630074340548674],[-3.229106197491574,57.63018672635482],[-3.22912499997196,57.63026345716835],[-3.229189799219366,57.6305680347364],[-3.229299986046636,57.631178198580045],[-3.229345373304557,57.63148378487417],[-3.229354995590527,57.63156634513089],[-3.229378361028902,57.63242543604979],[-3.229271946176033,57.63414088492687],[-3.229142158735624,57.634997242723585],[-3.229141570927823,57.6349996738832],[-3.229131110168635,57.635042144848306],[-3.229109811006957,57.63512705953179],[-3.229098972603606,57.63516950325013],[-3.228965060485493,57.63568475851115],[-3.228860673235675,57.63610938007397],[-3.228256857831722,57.63758874782067],[-3.226594192708535,57.640472031520936],[-3.22405153523874,57.64316447952842],[-3.220701031151669,57.645589498942314],[-3.216637846979394,57.647678088906446],[-3.211977488018785,57.649370809805],[-3.206852556706739,57.65061947998844],[-3.201408903759561,57.651388553174584],[-3.198626320114128,57.65164954139387],[-3.198603065270094,57.65165065107804],[-3.198008974194499,57.65167330085991],[-3.196819663877591,57.65170725733126],[-3.196224445005939,57.651718564008235],[-3.195569471499668,57.65172475640935],[-3.195341185914632,57.65172607990914],[-3.194884602261716,57.65172705791945],[-3.19465630421479,57.65172671242983],[-3.194533961363157,57.65172608022418],[-3.194513102443413,57.65172596546187],[-3.194471384887547,57.65172572200397],[-3.194450526251443,57.651725593308406],[-3.194111973668068,57.6517233909882],[-3.19326441256745,57.651706363379],[-3.191571987418642,57.651649317864894],[-3.190727124437183,57.65160929999048],[-3.19057433571256,57.65159996750582],[-3.190472503476404,57.651593578117726],[-3.19026891395371,57.65158046513249],[-3.190167156669022,57.65157374153552],[-3.189992503186132,57.651561910177556],[-3.189897093911972,57.6515552976148],[-3.189706347867551,57.6515417786778],[-3.189611011098808,57.65153487230359],[-3.189481674033397,57.65152529997623],[-3.189166995965965,57.65150037562467],[-3.188538580565693,57.65144732622604],[-3.188224843286914,57.65141920118333],[-3.188155928787323,57.65141266209419],[-3.187262275414839,57.65131433977931],[-3.185486292373407,57.65109174423129],[-3.184603964001497,57.65096747120188],[-3.184528175079505,57.65095560471241],[-3.184019662474857,57.65087126130335],[-3.183007899191692,57.65069395040173],[-3.182504648729533,57.650600982950394],[-3.1823340007439,57.65056782281603],[-3.180415878131035,57.650120615849005],[-3.176698679921129,57.64910146544242],[-3.174899613283678,57.648529525466934],[-3.174754649325692,57.64847661444312],[-3.17292139978265,57.64770198843853],[-3.16947375300396,57.64602356456837],[-3.167859358066954,57.64511977255947],[-3.167788705032082,57.645074252172584],[-3.167519105031193,57.644895967954156],[-3.166988497257888,57.64453576213289],[-3.166727489454339,57.64435384056595],[-3.166601461442836,57.64426363674023],[-3.166448219344435,57.64414031455206],[-3.166300361139812,57.64404645111514],[-3.165768598098695,57.64369095438349],[-3.164050254281168,57.64248045021572],[-3.161893788033931,57.640464796069125],[-3.161352046100026,57.639760268688356],[-3.160263711204658,57.638812730476495],[-3.158106508765401,57.63587824075319],[-3.156943867700242,57.63278617514937],[-3.15681167063613,57.62963264634769],[-3.157713763312454,57.62651565974362],[-3.159442467012203,57.623812588645066],[-3.159475829751093,57.62381872969644],[-3.159541719164145,57.62364484243758],[-3.159730968871694,57.623366712965215],[-3.160821824313881,57.62208553469548],[-3.160895401965746,57.62201445893595],[-3.160969333690378,57.62194379373203],[-3.160989960504166,57.62192428492667],[-3.161169714017628,57.621733737782236],[-3.161211885402847,57.62169113011003],[-3.161512269102314,57.621400728361884],[-3.162132827326485,57.620826079844534],[-3.162453001641329,57.6205418329798],[-3.162480709334333,57.62051823125119],[-3.163372219638894,57.61983191272619],[-3.165270278029965,57.6185067379239],[-3.166276824360724,57.617867879937734],[-3.166317915641883,57.61784413590251],[-3.168284716163476,57.61687548287046],[-3.171254030443138,57.615631741474246],[-3.167295241053814,57.6150944365641],[-3.16331029559837,57.6141425239949],[-3.163281069231215,57.614137943841996],[-3.163412832920883,57.61547653822078],[-3.162876480159438,57.61825346677339],[-3.161542213204732,57.62095191330841],[-3.159442296442053,57.6235062778303],[-3.156627637022293,57.62585445080052],[-3.155049068529786,57.62696948087662],[-3.154891095758078,57.62706463980422],[-3.154802925457783,57.62711827651123],[-3.154582747044476,57.62724959130568],[-3.153996669558516,57.627592284998215],[-3.153699491343386,57.62776159551411],[-3.153628731818952,57.627800877229696],[-3.153258622414877,57.62800000474369],[-3.152506953057062,57.62839194367287],[-3.152125393108696,57.62858475502034],[-3.152013260859893,57.62863966599697],[-3.151702997279442,57.62878785693021],[-3.151075705081166,57.629080061088004],[-3.150758676317236,57.629224074431974],[-3.150628210684316,57.6292818637069],[-3.150310104549863,57.629419300504466],[-3.149667730149629,57.62968996836769],[-3.149343461911443,57.629823199402146],[-3.149272352839129,57.629851684088074],[-3.149063397916565,57.629934042071774],[-3.148643132753949,57.63009701137914],[-3.148431822523315,57.6301776226949],[-3.148360655924601,57.63020432873995],[-3.1478097937786,57.6304024445787],[-3.14669385769816,57.630786811697384],[-3.146128783974183,57.63097306285199],[-3.146052506104987,57.6309971010236],[-3.145645878210451,57.631121178593304],[-3.144826310897399,57.63136318804737],[-3.144413371574256,57.631481119890815],[-3.144288850308988,57.631515492837075],[-3.144059621160012,57.631577581056554],[-3.143599412375118,57.6316998633165],[-3.143368432757105,57.63176005735057],[-3.143255459600235,57.63178892606214],[-3.143054487004863,57.631839407722595],[-3.142651310542,57.63193893701115],[-3.142538482584726,57.63196630520649],[-3.143480020187307,57.634989419667],[-3.143441953710179,57.63806672958133],[-3.142421362046397,57.64109504493071],[-3.140448196922577,57.64398480466398],[-3.139228962418378,57.64538401640792],[-3.139164170843985,57.645444247050506],[-3.138845253675581,57.64570697611964],[-3.13851048556131,57.646529263952026],[-3.138157024117827,57.647025335639285],[-3.138051356731464,57.64806039890994],[-3.13771013672988,57.64943734344119],[-3.137544384723092,57.649855303342655],[-3.137539234532494,57.64986824297645],[-3.13752889859214,57.649894118161846],[-3.137523712842361,57.64990705371343],[-3.137330777516486,57.65038659354075],[-3.137323146765944,57.65040546106744],[-3.137307809612778,57.650443187282406],[-3.137300103210078,57.65046204597073],[-3.137165772218581,57.65078908850557],[-3.137119470356843,57.650906272881535],[-3.137090981752762,57.65098026144685],[-3.137079001702529,57.65101110181815],[-3.137054839850285,57.65107275984127],[-3.13704265804794,57.651103577493096],[-3.136946326083874,57.651345187293984],[-3.136914810828825,57.651422559533195],[-3.136850508592735,57.65157715200778],[-3.136817721606537,57.65165437224254],[-3.136794279032145,57.651708480807514],[-3.136768891150403,57.65176621351147],[-3.136717404512385,57.65188158776253],[-3.136691305753975,57.65193922930938],[-3.136611780018549,57.6521123720524],[-3.136551302757018,57.652508639236096],[-3.13654176217114,57.65255722405859],[-3.136449161499484,57.65294677875812],[-3.136259331005572,57.65362648100296],[-3.136264402963215,57.65364335490623],[-3.138905214498249,57.65402668801907],[-3.140306626248642,57.65426593721858],[-3.140381660654021,57.65428072049995],[-3.140429667568602,57.65429022342904],[-3.140525627103213,57.654309307789504],[-3.140573579723421,57.65431888922092],[-3.144155497596664,57.65503786929369],[-3.14671024393304,57.65568712576031],[-3.148463541076774,57.65623419574169],[-3.149735208792669,57.656277646406544],[-3.15177237038612,57.656414789492786],[-3.151929366258333,57.656430644856705],[-3.152132151311591,57.656451818974254],[-3.152732229273487,57.65651653570946],[-3.153031717706899,57.65655036190319],[-3.153278994879396,57.65657955720315],[-3.153470747715875,57.656602829626706],[-3.153853731507146,57.656650577983726],[-3.154044962473975,57.65667505391872],[-3.154364709764031,57.65671704246741],[-3.154479024020466,57.656732282264706],[-3.154681039002292,57.65675961811524],[-3.154897957598054,57.65678856845663],[-3.154958378472769,57.656796528104415],[-3.155000903379805,57.65680216178108],[-3.155386864460038,57.65685357998971],[-3.155928723364572,57.65692446815507],[-3.155945494169594,57.656926667045504],[-3.156018416791684,57.65693624955186],[-3.156062284313769,57.656942047624085],[-3.15613246505112,57.65695137735766],[-3.156181202545436,57.656957898011505],[-3.156278640898019,57.656971017549346],[-3.156327341756504,57.65697761643341],[-3.156893697124607,57.65705483936811],[-3.157024974231698,57.657072125542996],[-3.157066011220804,57.657077558567046],[-3.157148059535605,57.65708848004683],[-3.157189070861489,57.65709396850267],[-3.157512898084406,57.65713753771884],[-3.157543061551767,57.65714160486674],[-3.157858321646512,57.65718424102004],[-3.158207605413275,57.65723115640621],[-3.158276801528024,57.657240534615546],[-3.158415118711055,57.657259448819524],[-3.158484239779857,57.6572689848142],[-3.158702695893292,57.657299388951834],[-3.158756614089055,57.65730659850267],[-3.158936848760163,57.65733004571732],[-3.159034567525234,57.65734292475827],[-3.159229859204526,57.65736899693301],[-3.159327432120318,57.657382190067054],[-3.159369110579276,57.65738789691753],[-3.159513353350065,57.6574063482466],[-3.159647560626015,57.657423829343415],[-3.159868987753708,57.657453189405196],[-3.160262288748501,57.657504054816975],[-3.160449643506852,57.657528897701],[-3.160869801072033,57.657585986988835],[-3.161158412346985,57.6576248239287],[-3.161280586843251,57.657641141050554],[-3.1613488266937,57.657650336432305],[-3.161652877904833,57.65769167109516],[-3.161870369739329,57.65772043210977],[-3.161920571809697,57.65772711482511],[-3.162020937278858,57.65774056322965],[-3.162071100677908,57.65774732891891],[-3.162714777866452,57.657834708069714],[-3.16291837380694,57.65786187430082],[-3.162949662920611,57.657866066383825],[-3.163012226058544,57.657874482798164],[-3.163043500082926,57.6578787071296],[-3.163327861307986,57.65791727278691],[-3.163598195186601,57.65795344432471],[-3.164185989373999,57.65803136363371],[-3.164439768549026,57.658064602027686],[-3.165051934225256,57.658144050314206],[-3.165119169329101,57.658152854869904],[-3.165253571212352,57.6581706126512],[-3.165320737992296,57.6581795658768],[-3.165670842286798,57.6582266453069],[-3.165687321503974,57.6582288660439],[-3.165720275734915,57.65823331646724],[-3.165736750748747,57.658235546153584],[-3.165924153382939,57.65826096276057],[-3.166027018252535,57.658274382045015],[-3.166120859955766,57.65828677788408],[-3.16630840860414,57.65831185925862],[-3.166402115550844,57.658324544794326],[-3.166498160107645,57.658337704748845],[-3.166526494093536,57.65834143817005],[-3.166686615151687,57.658362985224734],[-3.167006454019869,57.65840692322182],[-3.167166171836914,57.658429314165225],[-3.167386013460931,57.65846075450123],[-3.167568540502312,57.65848655234587],[-3.168189556776296,57.65857775172025],[-3.168499248887316,57.658624949324654],[-3.168818295961985,57.65867535233572],[-3.170968324769344,57.659102658427436],[-3.17445467708066,57.65994502193069],[-3.174422221368521,57.65998361301577],[-3.175125853433678,57.660115771171014],[-3.175131862467874,57.660108626034145],[-3.175139582330177,57.66011049107916],[-3.175229679931987,57.660135271743044],[-3.17554729893883,57.66019492591536],[-3.175790246209525,57.66026507166999],[-3.176213806050791,57.66039163523302],[-3.17661680249552,57.66051618242325],[-3.176616308932434,57.66051664118814],[-3.176649146301745,57.660525672283526],[-3.177078548563304,57.6606588986474],[-3.177470483412644,57.66078434890023],[-3.177814063029773,57.66089775084621],[-3.177855131307609,57.66091134950352],[-3.17793719469572,57.66093861012702],[-3.177978189806107,57.66095227209323],[-3.178185496185619,57.66102158043284],[-3.178342866092447,57.66107312897212],[-3.178434090787741,57.661103225698355],[-3.178616179808983,57.66116373087194],[-3.178707044135916,57.661194139319875],[-3.179069751267051,57.66131638618521],[-3.179357205823416,57.66141232194295],[-3.179719294734704,57.66153270699043],[-3.179749874658852,57.66154289832838],[-3.179810993627902,57.66156331617549],[-3.179841532672835,57.661573542684664],[-3.180024436229258,57.661634937252344],[-3.180114954056127,57.66166467151658],[-3.180200262649661,57.661692882948465],[-3.18037056384911,57.66174957861621],[-3.180455556455874,57.66177806285253],[-3.180594362641937,57.66182489190748],[-3.181090330278723,57.661989957137806],[-3.181149726197163,57.6620098169791],[-3.181268362913397,57.66204966938288],[-3.181327603711454,57.662069661945516],[-3.181513869772115,57.662132814193164],[-3.181595638901722,57.662159786117535],[-3.182061634198921,57.662312775285145],[-3.182107824230999,57.66232799472572],[-3.182306443970074,57.6623936763655],[-3.182405540764545,57.66242670237352],[-3.182422894762947,57.662432530930005],[-3.182533166007689,57.662462545680135],[-3.182548049155544,57.662466637593006],[-3.182910017195177,57.66256916709389],[-3.183039095795158,57.66260681709233],[-3.183644757515025,57.66276680525814],[-3.184074091860509,57.66287807689526],[-3.184669101809268,57.66302015992271],[-3.184758081034593,57.66304157356045],[-3.18493580569613,57.66308467780383],[-3.185024551139275,57.66310636841214],[-3.185109544941015,57.663127302321556],[-3.18515201142538,57.663137800240534],[-3.185236889640156,57.663158859503994],[-3.185279301370683,57.66316942084851],[-3.185286230142414,57.663171152549026],[-3.187840279712923,57.66396304458976],[-3.192650001707118,57.6657744684904],[-3.196792875439335,57.66800972410016],[-3.200140483541301,57.6705995910734],[-3.20258896508844,57.67346385247204],[-3.202794971081436,57.67389034894209],[-3.203659433234605,57.67387555917989],[-3.204740593785892,57.67394843004653],[-3.205891482934328,57.6740227260164],[-3.205994763074023,57.67402886398945],[-3.207631919486126,57.674170363100174],[-3.210872175064877,57.67453926734689],[-3.212475281472958,57.67476667337198],[-3.213048629816195,57.67486449344891],[-3.214178545928805,57.675081420496305],[-3.21567615523317,57.6754017723525],[-3.216221975272032,57.675513469609896],[-3.216716452706151,57.67561950965519],[-3.216927634065128,57.67566689524734],[-3.216954413455116,57.675672918676874],[-3.217007952743886,57.675684990365056],[-3.217034712642695,57.6756910386237],[-3.217110743773193,57.67570826467808],[-3.218895920563287,57.676181530719],[-3.222349055444617,57.677238077286326],[-3.224017021789086,57.677821360177475],[-3.224127495342838,57.67786521638954],[-3.22467074063692,57.67809024998625],[-3.225739594297759,57.678552038900754],[-3.22626520279043,57.678788794365914],[-3.226358917892246,57.678832793054795],[-3.227079501902669,57.6791916598716],[-3.228480177956488,57.67993140578109],[-3.229160270036668,57.68031228531946],[-3.22933140807943,57.680413938300454],[-3.230132534898472,57.68092696817595],[-3.230625951311859,57.68126797217754],[-3.230713648140664,57.681284958549995],[-3.233114657424384,57.68186345788755],[-3.233310041261146,57.68191133937906],[-3.233699649047053,57.68200843857806],[-3.233786191043898,57.682030368979646],[-3.23463895165419,57.68222435602086],[-3.234645609604953,57.68221656633637],[-3.234781173979588,57.682249811072715],[-3.234990410075319,57.68230430409955],[-3.235031509808843,57.68231365320754],[-3.235171996310715,57.68235159568541],[-3.235481324963288,57.68243215510458],[-3.236023745569141,57.682581853471575],[-3.236851677985525,57.6827920697504],[-3.23755765890039,57.682984999341166],[-3.238800612870329,57.68053156150874],[-3.241171421668938,57.67779079002466],[-3.242573312496413,57.67647415844801],[-3.242846727007008,57.676261356945254],[-3.242925919911267,57.67620026286529],[-3.243085246584128,57.67607842799913],[-3.243165380351092,57.67601768721176],[-3.243334608894981,57.67589053277841],[-3.245138453250941,57.67396287020648],[-3.24783364292775,57.671880146574466],[-3.249878438837354,57.67069880143293],[-3.249936147950281,57.67061914713829],[-3.250027724836451,57.670495468746715],[-3.250093310649138,57.67040877081203],[-3.250235684753846,57.670226358295814],[-3.250527887893909,57.66986325628554],[-3.25067771686708,57.669682566774696],[-3.250774729024006,57.66956895859774],[-3.250807573377153,57.66953073228268],[-3.250873595768928,57.669454362507594],[-3.250906773806994,57.66941621904743],[-3.251006456671815,57.669302314783316],[-3.251027010671772,57.66927891601025],[-3.251165134197887,57.6691222603498],[-3.251225489825833,57.66905281859994],[-3.251337050238361,57.668922489923965],[-3.251567138820561,57.668664599333134],[-3.252227284575707,57.66795394943796],[-3.252572006103243,57.6676025332184],[-3.252711425017362,57.66746772549363],[-3.254278417573779,57.666213988610785],[-3.25778159451855,57.66386472172518],[-3.25937958818356,57.663100742967096],[-3.259441422328981,57.66306275727345],[-3.260954397069763,57.662245518386264],[-3.261041130885428,57.66220431927021],[-3.261705248076747,57.6619049456238],[-3.262412519693284,57.66160251598594],[-3.262727116394146,57.66145007238554],[-3.262748421062594,57.66144095737412],[-3.26298055261399,57.66134342168246],[-3.263447979065031,57.661150553914034],[-3.263683273976017,57.66105522182561],[-3.2637110475932,57.66104417352265],[-3.264438975317969,57.660800765176226],[-3.264426954820135,57.66079135920437],[-3.264537838536573,57.66075065248092],[-3.265662546512514,57.66039160409194],[-3.266003218742912,57.660277679853195],[-3.266125725932772,57.660243735103826],[-3.26636122651039,57.660168550959085],[-3.270836337308827,57.658938420965676],[-3.273279268694535,57.65839270861148],[-3.27333373789115,57.658383168226315],[-3.273616554972162,57.65833511293612],[-3.274183729986334,57.65824169197039],[-3.27446808795765,57.658196326287666],[-3.274492924975565,57.65819249179094],[-3.274965107782989,57.658127458155654],[-3.275581454733563,57.65801890355294],[-3.278960047196425,57.65752710136098],[-3.280673342548874,57.65732859297148],[-3.280781108621737,57.65731923748312],[-3.281474177973944,57.65726700492736],[-3.281908736114024,57.657239200314045],[-3.283513756110594,57.65655447535078],[-3.288526313794171,57.6550834481029],[-3.291150320196233,57.654463255854154],[-3.291915106754344,57.65432300895087],[-3.294942704407043,57.65393174484605],[-3.3010805554001,57.65345613100028],[-3.306856319080867,57.653587833172125],[-3.306828465881703,57.65153722435915],[-3.307634010403931,57.64871949081106],[-3.309263232009217,57.646005978575346],[-3.311674648915945,57.64346543994023],[-3.314807030590153,57.641162220785],[-3.316544561077227,57.640077640100394],[-3.316610959349164,57.6400423185251],[-3.319176949597713,57.63892380950526],[-3.324502938460058,57.63703733404042],[-3.324872872372108,57.63677262039619],[-3.328380521511361,57.63491222632606],[-3.329162758387944,57.634605022151895],[-3.332010283045642,57.632922770173906],[-3.335989814797341,57.631195790976896],[-3.340414350353803,57.62981523413444],[-3.342725426842323,57.62921612465905],[-3.343135181330027,57.62912999419486],[-3.343351157943542,57.62908294422951],[-3.343581105394185,57.629032194898556],[-3.343807582378712,57.6289788923493],[-3.343824408665298,57.628974938075324],[-3.343861075991102,57.62896633389089],[-3.34387941443971,57.62896203767199],[-3.343924076509185,57.62895159154542],[-3.344078449177469,57.628915978258064],[-3.34438785212933,57.62884558404676],[-3.344542882418665,57.62881080312117],[-3.344588063217417,57.62880080939917],[-3.344766853608304,57.628761906874075],[-3.345125257035209,57.62868520886063],[-3.345304870080327,57.628647413369904],[-3.345379490125661,57.628631976710224],[-3.345796666360428,57.62854907264406],[-3.346634971996722,57.628389235581594],[-3.347056101517674,57.62831230255886],[-3.347093870852036,57.62830570175252],[-3.347742914522033,57.628200020425076],[-3.349048437622465,57.62800283703604],[-3.349704917519054,57.62791133489687],[-3.349720251067085,57.627909374589855],[-3.349975919185063,57.627877822085445],[-3.350488144306429,57.627816868470305],[-3.350744701338508,57.62778746735593],[-3.350760044772684,57.627785776320344],[-3.350784865813903,57.62778304656453],[-3.351149047964257,57.62774311274988],[-3.351224295317871,57.627734958087224],[-3.351328518070397,57.62772379659084],[-3.351434272403593,57.62771188037541],[-3.351496559844533,57.62770492809771],[-3.351621183784596,57.62769115021058],[-3.351683520116048,57.627684324734346],[-3.351946376522775,57.62765582205548],[-3.352009388488982,57.62764905680016],[-3.352135460286739,57.627635655990765],[-3.352198520118731,57.627629020436636],[-3.352238888878536,57.6276248157064],[-3.352285778449104,57.62761996897803],[-3.352379583128021,57.62761034723322],[-3.35242649823655,57.62760557221676],[-3.352656226347377,57.62758237226531],[-3.352939436016425,57.62755512031059],[-3.353780349539977,57.627478194234484],[-3.354275069137532,57.627437008454855],[-3.354543257047108,57.62741687879522],[-3.354656625230032,57.627408581208755],[-3.354883464487999,57.62739240155616],[-3.354996935565667,57.62738451948978],[-3.355149165290309,57.62737422856671],[-3.355414646504184,57.62733806070097],[-3.355573717240277,57.62731683352028],[-3.355853016030426,57.62728033990986],[-3.356224901613865,57.62723415043297],[-3.356970536184833,57.627146328589596],[-3.357344285263179,57.62710469621],[-3.357393825708287,57.627099493057784],[-3.357840746844331,57.627055921246544],[-3.358736624836741,57.626975293350725],[-3.359185581852551,57.62693823724798],[-3.359248535980016,57.626933509060194],[-3.362118703285419,57.62685155802999],[-3.367842880476208,57.62695203198807],[-3.37345084995432,57.627575992053586],[-3.378777528266788,57.62870509239754],[-3.383666103525914,57.630306098791465],[-3.387972613841101,57.6323318821479],[-3.391570171179137,57.63472280646872],[-3.394352691449523,57.637408468518906],[-3.395528379406661,57.638815567197234],[-3.395545825788655,57.638842414645396],[-3.395557065141282,57.63885974198543],[-3.395843413298854,57.639302315788385],[-3.395868709928514,57.639341708533415],[-3.39591896233309,57.6394205565137],[-3.395943918107359,57.63946001174907],[-3.39598138764283,57.6395197059366],[-3.396210002759543,57.63991361623839],[-3.396633275162533,57.64070665005863],[-3.396827931772751,57.641105773695095],[-3.396966113177928,57.64141824365135],[-3.397383598506424,57.642914462469086],[-3.397650351889329,57.64513916998452],[-3.398348067559304,57.64563005233256],[-3.399730427060936,57.64677299563994],[-3.402157105816081,57.64915779264372],[-3.403883422643772,57.651711885993834],[-3.404869548373422,57.65437655729271],[-3.405092644276014,57.65709052864578],[-3.404547419071797,57.6597913911657],[-3.403246243213802,57.66241699592083],[-3.401218894328307,57.66490691053282],[-3.398511888589158,57.667203821218386],[-3.395187423884326,57.66925484968488],[-3.391321955152711,57.67101277045437],[-3.387004430853835,57.672437098815706],[-3.384744459818977,57.67306123599733],[-3.384196698490122,57.673185318043664],[-3.384170978529027,57.67319113067898],[-3.384119520551836,57.67320273297976],[-3.384093782535762,57.67320852264518],[-3.383721171179662,57.673292143867734],[-3.383379455928026,57.673370635660014],[-3.383311467342797,57.6733864497085],[-3.383259884226248,57.67339839282411],[-3.382571993833694,57.67355692582521],[-3.382337776638169,57.67361153232359],[-3.382249261314358,57.67363200705398],[-3.382072012048937,57.6736726832477],[-3.381983278108427,57.67369288471075],[-3.381832513984516,57.67372693409511],[-3.381303600044697,57.67384946091343],[-3.381080175014201,57.67390232342803],[-3.380979515875687,57.67392592836728],[-3.380813725581108,57.67396446019128],[-3.380696264119611,57.673992108553726],[-3.380287775228688,57.67408482343537],[-3.379335116377285,57.67429312021231],[-3.378855799419943,57.67439334912326],[-3.378617826269042,57.67444086883428],[-3.377252745741824,57.67467831773124],[-3.374489631287443,57.67508974486308],[-3.373091601496509,57.675263722562555],[-3.373041487898662,57.675268758198186],[-3.372380705792805,57.67532785832969],[-3.371055256026458,57.675431857285794],[-3.37039058887206,57.67547675606982],[-3.370332025878444,57.67548007650367],[-3.370017985121875,57.675496282365884],[-3.369389389214774,57.67552552282506],[-3.369074834118659,57.67553855741947],[-3.368969339689777,57.675542394122346],[-3.368480992753242,57.67555632341889],[-3.36812802512901,57.675563625969495],[-3.366712837001961,57.67711404236744],[-3.363552852594731,57.679494391943805],[-3.359711968361163,57.68156769217095],[-3.357632969239597,57.682520094350444],[-3.356283041088126,57.68304269848204],[-3.353963821714098,57.683795557292676],[-3.35278660867338,57.684111007793256],[-3.350626811884069,57.68497812006239],[-3.345987395991752,57.68653985870012],[-3.340933560513283,57.68767442752194],[-3.335601277371236,57.68835129212896],[-3.33013404945239,57.68855224154348],[-3.329140377156842,57.68850118581457],[-3.328971428478795,57.688649708134164],[-3.328844326473356,57.68875965153242],[-3.32858717771259,57.68897854653127],[-3.328457130946167,57.68908749812601],[-3.328326058055659,57.689195586011294],[-3.328302877420862,57.689214648701984],[-3.328256425995067,57.689252742565834],[-3.32823315520402,57.68927177373896],[-3.327745361734444,57.689669592161266],[-3.327579234716217,57.689807134330216],[-3.327510909505023,57.689865963023344],[-3.327354802241201,57.689998999388706],[-3.327275645591514,57.69006838585143],[-3.327215717304937,57.690120516886374],[-3.327095198099662,57.690224558908845],[-3.327034607179776,57.69027646989569],[-3.327008089469839,57.69029901743118],[-3.326610704992403,57.69062132032053],[-3.32579040711271,57.69125647495881],[-3.325367490593589,57.69156932691471],[-3.325350974277685,57.6915810074382],[-3.325239399414253,57.6916590236694],[-3.325014660974767,57.69181439744763],[-3.324901497395869,57.691891754991836],[-3.324582713733016,57.69210723149574],[-3.323013627238769,57.69302841858495],[-3.319652099926284,57.69474548868335],[-3.315878569899494,57.69619662804015],[-3.311765801295526,57.697353838821265],[-3.307393132517453,57.698194790838556],[-3.304114534630509,57.69856133803174],[-3.304050952920459,57.698610068649394],[-3.303761527196942,57.698843866748405],[-3.30326432191585,57.69922381368958],[-3.303157532001234,57.69930109096199],[-3.302944608342052,57.69945182644564],[-3.302874841385937,57.69950015106001],[-3.302683453102835,57.69964911734875],[-3.302646745609594,57.699677570837466],[-3.302573126260718,57.699734401864625],[-3.302536214492207,57.699762779380194],[-3.302395285567245,57.69987068054473],[-3.301466102165837,57.70051741149039],[-3.2995260303643,57.70174770101702],[-3.3029141012315,57.70258424567538],[-3.307088213005409,57.704053040495594],[-3.307329162023063,57.70416867753216],[-3.311996701767286,57.70494995545204],[-3.316428860234232,57.70609665134481],[-3.320499143841546,57.70757884916219],[-3.324119564288572,57.70936451728651],[-3.327211789962466,57.71141505915881],[-3.329708876130576,57.713686147879244],[-3.331556719043519,57.71612868080819],[-3.33231244853662,57.71738640290042],[-3.332678913052658,57.71819650250338],[-3.332706549489951,57.71825855640202],[-3.332760998326333,57.71838276764173],[-3.33278781072276,57.71844492498319],[-3.332980026844888,57.718897853324755],[-3.333380971001249,57.72047001484386],[-3.333659530480036,57.72362653270687],[-3.332895850201489,57.726760028938706],[-3.331113490584701,57.729772752700875],[-3.328367824484124,57.732570697153434],[-3.32555791233617,57.73450618969111],[-3.325254299758506,57.73496193643529],[-3.323847478901254,57.73655743984784],[-3.323839346812078,57.736564711421366],[-3.322771349624996,57.73740728847907],[-3.320463793006668,57.73902236306375],[-3.319224230282066,57.73979485749148],[-3.319215998355673,57.73979943482694],[-3.317820891613475,57.74049193781243],[-3.31489295191548,57.7417880181838],[-3.313360120251285,57.742391592974485],[-3.313346849287891,57.74239622214582],[-3.312683372629986,57.742616072800715],[-3.311338010533656,57.7430390420368],[-3.310656125496384,57.743242160421545],[-3.310649473751435,57.74324403485575],[-3.308995805584097,57.74361754665023],[-3.308105160550512,57.74384206931128],[-3.307454235098993,57.74399721725582],[-3.307445903085304,57.743999090893695],[-3.306299373289859,57.744191010123046],[-3.305492707219816,57.74438001650438],[-3.304353503828154,57.74462084684822],[-3.304348481364269,57.744621796873346],[-3.301747888001059,57.74499142327485],[-3.29646955751935,57.74550370727707],[-3.293791852731645,57.745646360259144],[-3.293780096936529,57.74564648031173],[-3.291078757815006,57.74550616941759],[-3.29106535876109,57.74555608788461],[-3.285715512749455,57.7451453512775],[-3.28307111682075,57.74482398274315],[-3.283060976618703,57.74482227982658],[-3.28194936180733,57.74461240626788],[-3.279756439212059,57.744151455192245],[-3.278675133534778,57.743900378186424],[-3.278671743150128,57.74389951409143],[-3.277114620064076,57.74344727354358],[-3.274098255160943,57.74245753427015],[-3.272639017797512,57.74192003783981],[-3.272630495286407,57.741916530198466],[-3.270321873591688,57.74076630199959],[-3.266148102509919,57.7382551233704],[-3.264282945052426,57.73689418788157],[-3.264276009793809,57.73688797788888],[-3.26329856166255,57.735806528415054],[-3.261143035254346,57.735099493970786],[-3.256994754874857,57.733175334338455],[-3.253490882389364,57.73091419341361],[-3.250725675880777,57.72837697923027],[-3.248773446726196,57.72563202417826],[-3.247686572058651,57.7227532417131],[-3.247496111938834,57.71984874495783],[-3.244296135055929,57.72057798083333],[-3.239138111403194,57.72126384992499],[-3.233842085670287,57.721503905331545],[-3.228541835924244,57.72129208379715],[-3.223371245116917,57.72063373298411],[-3.220991488617177,57.72010635236487],[-3.220924565025153,57.72009902634725],[-3.220561163414492,57.72002608328114],[-3.219718835262546,57.719821792214496],[-3.219717182703217,57.71982392715297],[-3.218460908473636,57.71954548138944],[-3.21608686626349,57.718896634248054],[-3.215844933945686,57.71881695325449],[-3.21517979204617,57.718644577921424],[-3.215147014470455,57.718636070232805],[-3.212801695485183,57.71802598437265],[-3.207884303293696,57.71679953506908],[-3.207299615821607,57.71666236779683],[-3.207047997673612,57.71660201375112],[-3.206546650605131,57.716479100245266],[-3.206296921709045,57.716416540792444],[-3.206009272233886,57.71634293340826],[-3.205712184831094,57.71626497520755],[-3.205346359967504,57.71616657283024],[-3.204214397430264,57.715984831985395],[-3.203167461958156,57.71578809198416],[-3.202076389085277,57.7155598575098],[-3.199926691364556,57.7150631866562],[-3.198868069195864,57.71479475085829],[-3.196772924397397,57.71421469170087],[-3.19549354257091,57.71386907657045],[-3.192928460078465,57.713956967152996],[-3.187897816792079,57.71372176164235],[-3.182990685767211,57.71308398922342],[-3.178318922557987,57.7120581892983],[-3.173988996216826,57.71066774406913],[-3.17192243222626,57.70988480698951],[-3.171862837035603,57.70985840049364],[-3.169721436103671,57.70872108345749],[-3.165854119673037,57.70625951631416],[-3.165702554398716,57.706117544114996],[-3.162359338020832,57.7052168544531],[-3.162135783222418,57.70515921642184],[-3.162066502926577,57.705144193975244],[-3.161709395085023,57.70506547587008],[-3.161531264845534,57.70502556640895],[-3.16045090086625,57.704779586841106],[-3.159958444851837,57.7046754129427],[-3.15968379447105,57.7046158058711],[-3.159136505979422,57.70449400237242],[-3.158863867900824,57.70443180595382],[-3.158434089107224,57.70433134959549],[-3.157986653189266,57.704229754187224],[-3.155672565444082,57.703711310354535],[-3.155262941808574,57.70362335565164],[-3.155239548835771,57.703618321715226],[-3.155192777066403,57.703608235016745],[-3.155169398269859,57.70360318225471],[-3.151249422584999,57.70275405887546],[-3.151128578908878,57.70272758647662],[-3.150887280576772,57.70267413866915],[-3.150794988159755,57.70265347011171],[-3.149032859335604,57.70230349884577],[-3.148830577139937,57.702262526168475],[-3.148427017515484,57.70217918728054],[-3.148225740100024,57.70213682107304],[-3.147801119132168,57.70204574660041],[-3.147142922704072,57.701912871951635],[-3.147056468005717,57.701895272538984],[-3.146883741411532,57.70185981863545],[-3.146797469516737,57.70184196414478],[-3.145545975040564,57.70158082598923],[-3.144639064938706,57.70139843975247],[-3.142902109733114,57.70106705042822],[-3.141833621146169,57.70086844750815],[-3.1417722319847,57.700856965172115],[-3.14164953737084,57.70083387310488],[-3.141588231918836,57.70082226337376],[-3.140980547599424,57.700706471127745],[-3.140637745282252,57.70063888950282],[-3.13995497431147,57.700499743455914],[-3.13961500572257,57.70042817904894],[-3.139584356561217,57.70042152008178],[-3.138299272368591,57.70016101719142],[-3.138239832595488,57.70014889856313],[-3.138121039412294,57.70012454065942],[-3.138061686002544,57.70011230138407],[-3.137150644288694,57.69992336822606],[-3.133727471880951,57.69922486687476],[-3.132828278739854,57.69906498140325],[-3.132296843654338,57.698974300183295],[-3.131857127369119,57.69889566773411],[-3.13098192677778,57.69873192297189],[-3.130546442609,57.69864681068722],[-3.130335378432877,57.69860378035542],[-3.129757612287733,57.69847936477656],[-3.128611115067458,57.698219130043036],[-3.128042384288567,57.698083310968116],[-3.127661921916527,57.69798787855209],[-3.127401971218227,57.697921209352806],[-3.126884250481619,57.69778548783949],[-3.126646205855811,57.69772171966558],[-3.125630255098713,57.69748576764697],[-3.12511415894214,57.69739098121002],[-3.124892813216667,57.69734939958731],[-3.124451230884846,57.697264582035686],[-3.124230994296066,57.69722134611051],[-3.124094369878112,57.697193942600286],[-3.123931556944399,57.69716452108801],[-3.122936073432237,57.6969752243564],[-3.122441119360772,57.696876376213694],[-3.122111834644441,57.69680743136776],[-3.121971695940953,57.696777699744274],[-3.121691923853762,57.696717562968175],[-3.121552290474422,57.696687157816655],[-3.121121542390101,57.69659215130001],[-3.120927251870139,57.6965485314856],[-3.120771040477319,57.69651284122557],[-3.120110060514863,57.69638859154857],[-3.119342179355694,57.69624936372917],[-3.119259639955155,57.69623426962812],[-3.119094709050814,57.69620385167251],[-3.119012317547917,57.69618852781814],[-3.118143293196172,57.69602553850837],[-3.118026022083329,57.69600328152565],[-3.117791791827433,57.69595830210325],[-3.117674832687001,57.6959355796642],[-3.116318799823022,57.69566907261907],[-3.116085174744983,57.69562209657334],[-3.115802112718941,57.69556388919999],[-3.115469525702895,57.69550002195179],[-3.115463845022615,57.69549894446594],[-3.115445564018418,57.69549547063385],[-3.114908935031315,57.695393309590436],[-3.114309705467473,57.6952722794856],[-3.113120323854247,57.695018050692234],[-3.113098102529248,57.695013035355494],[-3.110496979012003,57.695234924124264],[-3.109072116236474,57.69532319642913],[-3.109021344152194,57.695325168347125],[-3.108743291279767,57.695334724856295],[-3.108186927038264,57.695351361772715],[-3.107908615706846,57.695358442178716],[-3.107856474616581,57.695359536296586],[-3.10416745678277,57.69521840759146],[-3.096937035994945,57.694506399308],[-3.093395717047755,57.693935527974695],[-3.093299771720644,57.693913629800385],[-3.092653741236804,57.69374144933739],[-3.091140894315541,57.69353004400539],[-3.086722662616091,57.6927327772524],[-3.084565612261812,57.69225148156593],[-3.084491713670712,57.69223165155773],[-3.083259125707386,57.69181347562485],[-3.082532976009594,57.69173574559774],[-3.081594479822709,57.69162018147916],[-3.081527101598091,57.69161078610807],[-3.081390540732781,57.69159141440453],[-3.081117728968725,57.69155205529142],[-3.080981478074248,57.691532067882505],[-3.080764458556375,57.69149970494799],[-3.080546610873735,57.69146636741318],[-3.08011177751778,57.69139811840756],[-3.079894791874166,57.69136320692786],[-3.079727906538124,57.69133569647235],[-3.079597586656317,57.69131390217284],[-3.079337282963295,57.69126974581997],[-3.079207299155775,57.691247383767276],[-3.078961285146873,57.69120446743829],[-3.078604543686646,57.69113985281657],[-3.078284527351988,57.691079736578835],[-3.078160804181728,57.69105874318006],[-3.078035692192043,57.69103722480136],[-3.078020945942239,57.69103465437118],[-3.077835977053273,57.69100627277621],[-3.077390457550754,57.69093431436007],[-3.076308942750129,57.69075082172676],[-3.075771087538636,57.69065417349552],[-3.075621122200127,57.690625705382324],[-3.07558806147745,57.69061940853723],[-3.075521964739203,57.69060677779368],[-3.075488928723694,57.69060044389528],[-3.075386020407303,57.69058064845283],[-3.075290880504881,57.69056217351101],[-3.07517009745991,57.690538497822494],[-3.07493855074196,57.690494343219626],[-3.074874785225171,57.69048210565876],[-3.07468737865201,57.69044591042844],[-3.074593775861373,57.69042766369206],[-3.074492711070909,57.69040778001222],[-3.074148033435335,57.69033765441258],[-3.073461644101839,57.690193359669],[-3.073119932469276,57.690119190540734],[-3.072898848214532,57.69006968104925],[-3.07289889142521,57.69006962571069],[-3.072708419110592,57.69002671544252],[-3.072241190947145,57.68991921540344],[-3.072008338751758,57.68986451634645],[-3.071906978798956,57.68984021350601],[-3.071759651432172,57.68980443118233],[-3.071465648896512,57.68973210666879],[-3.071360569703824,57.68970602130859],[-3.071212741072001,57.68966899078386],[-3.071136390622741,57.68966207626725],[-3.068821086924478,57.68940710798652],[-3.06767184707413,57.689257736478915],[-3.067592662323184,57.68924584620607],[-3.067516925918288,57.68923437095173],[-3.067365554645689,57.68921123008122],[-3.067289919778717,57.68919956446513],[-3.067158486136824,57.689179113554616],[-3.067095162446077,57.68916918802931],[-3.066968588570924,57.68914920354391],[-3.066905338386944,57.68913914458385],[-3.066763955191611,57.68911649747678],[-3.066618896961169,57.68910407337227],[-3.066372771451132,57.68908198555403],[-3.066293718837774,57.689074566857386],[-3.066093667183783,57.68905512268126],[-3.065694019377305,57.689014935997285],[-3.06549442323864,57.68899419349084],[-3.065354765113791,57.68897920868314],[-3.064468785545789,57.68887069179616],[-3.062877583800556,57.688651321592346],[-3.062611224820626,57.68862087341356],[-3.06243112073133,57.68859972987372],[-3.062071358106705,57.68855638288884],[-3.06189169958138,57.68853417944501],[-3.06175869947457,57.688517329263526],[-3.061692830702453,57.68850890885126],[-3.061561157273433,57.68849192555072],[-3.061495352617018,57.6884833626625],[-3.061315189570643,57.68845971218843],[-3.061223606250509,57.6884475433229],[-3.061040569085758,57.688422929623165],[-3.06094911524245,57.688410484789124],[-3.060826177627234,57.68839355827533],[-3.060649607632569,57.688368697706814],[-3.060370763914491,57.688328566418676],[-3.060248373894922,57.68831159053668],[-3.059686877669801,57.68822810660361],[-3.059487464929918,57.68819644855541],[-3.058478202722915,57.68821397301705],[-3.057922038821961,57.68821868389604],[-3.057902581984443,57.68821867583234],[-3.057161484787508,57.68820959241105],[-3.055680765765459,57.68817388221361],[-3.054941144654939,57.6881472554525],[-3.054931402816207,57.68814678868373],[-3.054690246440904,57.6881342926949],[-3.054208296443446,57.68810743484887],[-3.053967502845827,57.688093072992956],[-3.053962629723851,57.68809276323484],[-3.053576102381338,57.6880657499685],[-3.052804326211209,57.68800691599558],[-3.052419077483916,57.68797509529647],[-3.052414368954592,57.687974676315505],[-3.051879791467921,57.68792232637953],[-3.050814088531965,57.68780837144778],[-3.050282963475231,57.687746766407265],[-3.050273536645847,57.68774558702108],[-3.049736630297985,57.687673388815924],[-3.04866756594951,57.68751953469016],[-3.048135408208227,57.68743787880862],[-3.048130689683222,57.687437109420195],[-3.04778127563472,57.68737789253459],[-3.047084950588814,57.687255380715854],[-3.046738039661501,57.68719208579618],[-3.046733486293315,57.687191225161044],[-3.046320743086489,57.687109936683655],[-3.045499383936342,57.68694158748073],[-3.045090768105094,57.68685452678146],[-3.0450880673431,57.68685392926083],[-3.044917343392965,57.68681556566879],[-3.044576697762383,57.686737830696494],[-3.044406776089724,57.68669845931832],[-3.044402385612742,57.68669742658063],[-3.044115785635834,57.686628288248826],[-3.043545058822749,57.68648714482791],[-3.043260932022279,57.68641513974979],[-3.043256538515771,57.68641399920277],[-3.042930989231143,57.686327139071324],[-3.042283489053208,57.68614965542894],[-3.041961538209848,57.68605903193619],[-3.04190894154398,57.68604383466524],[-3.040745211239755,57.685655349614706],[-3.040652186523599,57.68563761991224],[-3.039018982823991,57.685290908597175],[-3.037631687564317,57.685026842630755],[-3.03656512978938,57.68480153596318],[-3.036382788638435,57.684759102799205],[-3.035195099348565,57.68445243265634],[-3.035136656416307,57.684435794699276],[-3.034710033154732,57.68434170884595],[-3.034223610852359,57.68422593577275],[-3.033967132399933,57.68422736092226],[-3.033377296269824,57.68422785806318],[-3.033082374137275,57.68422671643898],[-3.03303355849255,57.68422629744571],[-3.032535783978442,57.68421806245435],[-3.031540911948743,57.68419367304526],[-3.031043814649887,57.68417751863325],[-3.030951467936489,57.68417377945296],[-3.030009081781225,57.68412123985309],[-3.028131363761663,57.68398771520721],[-3.027196033345325,57.68390673026772],[-3.027016064862117,57.68388833862408],[-3.024511439644508,57.68351792175646],[-3.022872210448799,57.68334297218548],[-3.021448856270052,57.683156067673856],[-3.021426958261974,57.68315264227954],[-3.018854548116319,57.68262390520411],[-3.018178670456786,57.682449614894324],[-3.016471895092941,57.682114214806255],[-3.016446567283901,57.68210804040929],[-3.016088139045534,57.682003712225345],[-3.016083121426591,57.68200291206202],[-3.012953997638763,57.681367297785805],[-3.008742903157536,57.68011549249693],[-3.004880585298825,57.67854001543985],[-3.001485069668667,57.67668150941957],[-2.998627893709636,57.67457917241529],[-2.996369211436626,57.672277343113365],[-2.994756524379226,57.669824543291746],[-2.993823693046325,57.66727247573465],[-2.993590233041848,57.66467492257683],[-2.993649862995616,57.663371592546405],[-2.993795865335035,57.66256871879712],[-2.993921614144111,57.66187616911788],[-2.994207179925832,57.66128682965],[-2.994302266284287,57.66070745366325],[-2.995489451575882,57.6580883666751],[-2.997395865674078,57.65559471721766],[-2.999978302312821,57.653282541656885],[-3.002594977690089,57.6515829917917],[-3.001595300823928,57.650614592744034],[-2.999816574326714,57.648002133029834],[-2.998813861552554,57.64527351807768],[-2.998611173945438,57.64249456303238],[-2.999213221033763,57.639732279653145],[-3.000605305882029,57.63705326657016],[-3.002753699017383,57.634522100995724],[-3.005606465992376,57.632199780178304],[-3.009094738972555,57.630142255999885],[-3.010988083383828,57.629186311851775],[-3.011695105003896,57.628881219291095],[-3.011760941589724,57.628852809619104],[-3.013732974205335,57.628120114268654],[-3.0178517497135,57.62681331747018],[-3.022276090341221,57.62583552980924],[-3.02691528851028,57.62520679939033],[-3.031674245544057,57.624940014177966],[-3.036455417148918,57.62504064209817],[-3.038424037866123,57.62523561871881],[-3.039649927913607,57.62529924870142],[-3.042212680628551,57.62554122705446],[-3.042290008409473,57.62555190790403],[-3.042466343555211,57.62557681399038],[-3.042818498490972,57.62562765429422],[-3.042994318290255,57.62565358851311],[-3.043027615060856,57.625658604698174],[-3.044583082171687,57.62593769420346],[-3.047635727551604,57.62657613211326],[-3.049132911562506,57.6269354818861],[-3.049163965328574,57.6269439376006],[-3.049801708536434,57.62712698699507],[-3.050383373573896,57.62730270903694],[-3.050374987341438,57.627310698249374],[-3.05060793471516,57.62736568305062],[-3.051244104581439,57.627563539168975],[-3.051672744913319,57.62770160220267],[-3.053900668448746,57.628322514711385],[-3.056159731580686,57.62908017983416],[-3.056266292761005,57.62912259648922],[-3.057448378115502,57.6296395066995],[-3.059720069005901,57.63072884816397],[-3.060809675275904,57.631301281063884],[-3.060908122897719,57.63135793701033],[-3.061099564370451,57.631469995750656],[-3.061478888331402,57.63169583399406],[-3.061666770815744,57.631809613507755],[-3.06168894027065,57.6318232700956],[-3.061973131622227,57.63200304276791],[-3.062532630564391,57.63236652424861],[-3.062640388705758,57.632437258332075],[-3.062685306574342,57.632467050912474],[-3.063448116232188,57.63301432300286],[-3.064130850721323,57.63354509192949],[-3.064072218343912,57.633430880839725],[-3.063712331947079,57.63266429948915],[-3.063548124990636,57.63227888406137],[-3.06353543347191,57.63224575379786],[-3.063338435203745,57.63162016628774],[-3.063027277778456,57.630363091372324],[-3.062913115828169,57.6297316041982],[-3.062872648601665,57.62937819436679],[-3.06284609102612,57.629045676757094],[-3.062808454572381,57.6282146029649],[-3.062808322773348,57.62778126107478],[-3.062811967771999,57.62769967385445],[-3.062826044506648,57.62752255756027],[-3.062814917105874,57.62738356945225],[-3.06282459883086,57.62693892056874],[-3.062827890540799,57.626837134426424],[-3.06283617329147,57.62664409536027],[-3.062841141349994,57.62654982366124],[-3.062844792855028,57.626491394525466],[-3.062877107596961,57.626158696312274],[-3.062964710884948,57.62549417156615],[-3.063019999015271,57.62516234502161],[-3.063029065822565,57.62511735380652],[-3.063049876164902,57.62501914778981],[-3.063093509540622,57.62482286454617],[-3.063116332563775,57.62472478732132],[-3.063142954043039,57.62461529082742],[-3.063254510921771,57.62415400822785],[-3.063341853468808,57.623837212639124],[-3.063352299520354,57.62380348888734],[-3.063377906493125,57.623723079368446],[-3.063539077235529,57.623230458339904],[-3.063626053210765,57.62298474976317],[-3.063650486320468,57.622920610144284],[-3.063695714948542,57.62279447443335],[-3.063793612616716,57.622541169550715],[-3.064002959421948,57.62203617730137],[-3.064114408381502,57.62178448991538],[-3.064171789809236,57.62166272760323],[-3.064274811531228,57.621454642140776],[-3.064490117502259,57.62103985569023],[-3.064602401654511,57.62083315468807],[-3.064714152240286,57.620636249745374],[-3.06534180433293,57.619714368314355],[-3.066033455665013,57.618848443426394],[-3.066163587051908,57.618580532057614],[-3.066279887804763,57.61843774586613],[-3.06685679782106,57.6177994009522],[-3.067240053659324,57.61741479391159],[-3.067591974197945,57.617033200732884],[-3.067679243309291,57.61695030062859],[-3.068265729005932,57.61638937553896],[-3.068771586001417,57.615937200381666],[-3.06912883313833,57.61563812066889],[-3.069179600735759,57.61559587926661],[-3.069281575297791,57.615511549525145],[-3.069332782261796,57.61546946118562],[-3.069486625544953,57.61534378231278],[-3.070446224222559,57.614637328473165],[-3.070891407033396,57.61434102144053],[-3.070903005947121,57.61405045532826],[-3.070922061288389,57.61377318528447],[-3.070925533887084,57.613737592314706],[-3.071038658802841,57.613064437962365],[-3.071358893812843,57.6117245999767],[-3.071566000501891,57.611057916116714],[-3.071584653076692,57.61100924104459],[-3.071925885070997,57.61027642276248],[-3.072721822747518,57.60882876251926],[-3.073176524297268,57.6081139198598],[-3.073194214857348,57.60808951569472],[-3.073253534976236,57.60800883806574],[-3.073373623109941,57.60784779389486],[-3.07340815817106,57.60780212085215],[-3.073403358167456,57.60779264939398],[-3.072397603839506,57.60486456748926],[-3.072122381722267,57.60337799935547],[-3.072117902246745,57.60322580256146],[-3.072181490983148,57.6022888590664],[-3.072490239771267,57.60042363483139],[-3.072735390394473,57.59949535365796],[-3.072800933612004,57.59931535320824],[-3.073077786322259,57.59867894497551],[-3.073716920304328,57.597418619041264],[-3.074079198831956,57.596794700924775],[-3.074176034389676,57.5966470601169],[-3.075276425861992,57.59532202328891],[-3.077859904981984,57.592784320886466],[-3.081170175823201,57.59050298653971],[-3.081320143215021,57.590428381868456],[-3.081746785724837,57.5886024272999],[-3.082120114410013,57.58753344796233],[-3.082224750998052,57.58730962063872],[-3.08232773731347,57.58710005963225],[-3.082543091498884,57.58668233292885],[-3.082655459269299,57.58647416721636],[-3.082818851808281,57.58618458346475],[-3.082982428135925,57.58591056402604],[-3.083325833167635,57.58536547935469],[-3.083505661655605,57.58509441407875],[-3.083594164255918,57.584967476876876],[-3.083801107722784,57.58454152432051],[-3.083991262808637,57.58418106582899],[-3.08428255807512,57.583669778922854],[-3.08447825604942,57.58331713504797],[-3.084876365120454,57.582686214739056],[-3.084910770174979,57.58263768795946],[-3.085080476760841,57.58224245716908],[-3.085171864621752,57.58200842208754],[-3.085395065557504,57.58150849123032],[-3.085894333973593,57.58051630667365],[-3.086170400122496,57.58002405277666],[-3.086363415681282,57.579712461273466],[-3.08695364493541,57.57889511722323],[-3.087549961139007,57.57817559245359],[-3.087579981767021,57.57810698761871],[-3.08779636890435,57.57781922240482],[-3.08782408581689,57.5777892862347],[-3.08840877897382,57.57662295266505],[-3.089236938218803,57.575384328214085],[-3.089659070201805,57.5738668704087],[-3.090407330513639,57.57223753785654],[-3.090425833657423,57.57220902270916],[-3.090481454239538,57.57210376884377],[-3.090581069975067,57.5719225372587],[-3.090829277022007,57.57148785212791],[-3.091201443143159,57.57090756049776],[-3.091921086068982,57.569898730635124],[-3.093125316023351,57.56803032764202],[-3.093914142720622,57.56701296744848],[-3.094146793575059,57.56675817864748],[-3.094613937719099,57.56628306269726],[-3.09560022620856,57.56534868721096],[-3.096119369260795,57.564889427092034],[-3.096496531950009,57.5645772091417],[-3.096575560450949,57.564512842480156],[-3.096609731624114,57.56448075970538],[-3.097303090114454,57.56388508485103],[-3.09832422877605,57.5630796508078],[-3.098661545171362,57.56276748637895],[-3.098780360277624,57.56266975249702],[-3.098825878189633,57.56260249628769],[-3.098943481250467,57.56249466479027],[-3.099710860154456,57.561854824012954],[-3.100157227838503,57.56151515732603],[-3.10019518131718,57.561470682614534],[-3.100229433472212,57.561442536837504],[-3.100461933957663,57.56125658900556],[-3.100773214055547,57.561014216828546],[-3.10077496454867,57.561014866195784],[-3.100832221312622,57.56096799118966],[-3.100879412823685,57.56093310821669],[-3.100891703803387,57.56091980140931],[-3.101056905037761,57.560794592821914],[-3.101063435583114,57.560797081660375],[-3.10134638377805,57.56058792858426],[-3.102196464834013,57.55987296946739],[-3.104274096217519,57.55831555576661],[-3.10530526275929,57.557623783229374],[-3.105261844411676,57.557485976342186],[-3.105247366267496,57.55744084042408],[-3.105240564073894,57.55740850556982],[-3.105133671945965,57.55700534768839],[-3.105110727885183,57.556898919007544],[-3.105035842070727,57.556455803782804],[-3.104926992304497,57.55556812365377],[-3.104893027363569,57.55512355878763],[-3.104891368788727,57.55506877639685],[-3.104889499235605,57.5549801508736],[-3.10488738717456,57.55480289422793],[-3.104887144658743,57.55471426310566],[-3.104887525185651,57.55465519849084],[-3.104864931319086,57.55449531264771],[-3.104864940246978,57.55449531228318],[-3.104862622723399,57.554479016051374],[-3.104826286127334,57.55421738366786],[-3.104809895247289,57.554086496153786],[-3.104793613105265,57.55394058231492],[-3.104896877829446,57.55337110034612],[-3.104785162727036,57.55255131853766],[-3.105261671600543,57.5496692231864],[-3.106595318445296,57.54686601554929],[-3.107204734518032,57.54611660662506],[-3.107451271065452,57.545648264979235],[-3.108215682023377,57.54457712621594],[-3.108685935426784,57.54380901491887],[-3.108839930965286,57.54361406822815],[-3.110224927070945,57.542279666087055],[-3.110262920500518,57.542230626236176],[-3.110998385614491,57.541348914397545],[-3.111388172028476,57.540913378953135],[-3.111412457940463,57.540888012515175],[-3.1118710094575,57.5404407728406],[-3.112834608142002,57.53956102627431],[-3.11333965457043,57.53912851903189],[-3.113457046963123,57.53903405968105],[-3.113786384611194,57.53877873007444],[-3.114461272669924,57.53827434742097],[-3.114806822970694,57.53802529428821],[-3.11481990843413,57.538016195659914],[-3.115089490578924,57.53783369082671],[-3.115637361795894,57.53747250270462],[-3.115915650838411,57.53729381937824],[-3.115928763207413,57.53728561870727],[-3.116090004430467,57.5371885789317],[-3.116447016485468,57.53638742069484],[-3.116610468290713,57.5360916521264],[-3.116844986579967,57.53570031232977],[-3.117347062462954,57.53492381356126],[-3.117614619436798,57.534538654460526],[-3.117696113942157,57.53442905757921],[-3.117790112460861,57.53430532236975],[-3.117981520747387,57.534058617773844],[-3.118078930496076,57.533935648382275],[-3.118159394680313,57.53383613040654],[-3.118336505584682,57.533624590922415],[-3.118700820119888,57.5332040420645],[-3.118888023461322,57.53299503280365],[-3.119001188803296,57.53287274900808],[-3.119384006873318,57.53248332064059],[-3.120184656888915,57.5317150239817],[-3.120602488326967,57.53133615546971],[-3.120708259725442,57.53124539457984],[-3.120973947421354,57.531024657127915],[-3.12151721267883,57.53058745858427],[-3.12179479016089,57.530370997441715],[-3.121909041187127,57.530284633774386],[-3.122036372062131,57.53018969808144],[-3.1222933212754,57.53000072701547],[-3.122422939608082,57.52990669163782],[-3.122537325991568,57.52982482672439],[-3.122708231947154,57.52970463219851],[-3.123053780662879,57.52946580824873],[-3.123228423413198,57.529347178814675],[-3.123432974082795,57.529210612252896],[-3.124510465906669,57.5285587263375],[-3.127200003717815,57.52708247188218],[-3.128656889760456,57.52637175897608],[-3.128805194405255,57.52630755131698],[-3.129752107949516,57.52592649916721],[-3.131693639295304,57.52520138471197],[-3.132688258092049,57.524857321675896],[-3.132746127867486,57.52483882726949],[-3.133421709932227,57.52463418200148],[-3.134789783962785,57.52424197489251],[-3.135482276492106,57.524054413316904],[-3.135573390663401,57.524031145175535],[-3.136372597410062,57.52384067247311],[-3.137988422004268,57.52348247672189],[-3.138805040684295,57.52331475345279],[-3.138954434923825,57.52328645671238],[-3.139613668366343,57.52316981544278],[-3.140440154307641,57.5230337493561],[-3.141526315265323,57.52246350965176],[-3.142740045482976,57.52188668197515],[-3.143036765191014,57.5217489625573],[-3.143636124384878,57.521477306637046],[-3.143938763888103,57.52134337010672],[-3.145380891486606,57.520720240623895],[-3.146265617275259,57.520363219602274],[-3.148077011521818,57.51968145941117],[-3.149003680784959,57.519356719644215],[-3.14948337383651,57.51920053766713],[-3.150080465523595,57.51901508158004],[-3.151288354099241,57.51865758489674],[-3.151899151386617,57.518485544451956],[-3.152596813607123,57.518298804621224],[-3.153433858203393,57.51809007103722],[-3.155128073374727,57.51769778874709],[-3.155985244893276,57.517514239767074],[-3.156138713748134,57.51748399182774],[-3.155649231563604,57.517170071570966],[-3.155134847564465,57.51682311195721],[-3.154955636186284,57.5166959048988],[-3.15481049080902,57.51659130734027],[-3.154523042890466,57.5163809877017],[-3.154380740419261,57.51627526566638],[-3.154196915127744,57.51613658330603],[-3.154090534841016,57.51605420074501],[-3.153463122599561,57.51568134923226],[-3.153397673834032,57.51563822576879],[-3.152457935795514,57.514955502426155],[-3.150702640941877,57.513545311797735],[-3.149887081533392,57.512817846012055],[-3.149768006724141,57.51269929199359],[-3.149579524617506,57.51250605651556],[-3.149211345773632,57.51211717734612],[-3.149031648967941,57.51192153368071],[-3.148799245156939,57.511660568042444],[-3.148602358483376,57.51144070092002],[-3.148361292797045,57.511159173123],[-3.147897366689814,57.51059180706862],[-3.14767450604311,57.51030596887959],[-3.147433627258023,57.50998142970895],[-3.147126293088705,57.509533072651614],[-3.146556389761813,57.50862819349102],[-3.146293819630185,57.5081716715963],[-3.146012034315556,57.507631230291096],[-3.145885092698291,57.50737306804032],[-3.145645529972627,57.50685482611886],[-3.145532908674794,57.50659474647579],[-3.145347675646217,57.50613624390634],[-3.145100152363471,57.505361726959386],[-3.144731859653516,57.50380401082543],[-3.14461108493196,57.50302081202271],[-3.144596062805433,57.50281386708947],[-3.144583646491903,57.502408644844245],[-3.144592784009157,57.50159831140955],[-3.144614337088404,57.501193200219944],[-3.14463362568218,57.50099055253352],[-3.144705226722972,57.50050081661087],[-3.144898051903076,57.49952418439238],[-3.145019274980669,57.49903728786727],[-3.14507342703142,57.49885731176072],[-3.14586092000259,57.49722738613948],[-3.146756714210202,57.495899356504715],[-3.146756511740568,57.49588791511036],[-3.146755444109601,57.49562382622172],[-3.146756713115654,57.495491779667404],[-3.146757423823785,57.49546123021103],[-3.146768655477806,57.49522552650512],[-3.146778517497523,57.495088658606086],[-3.146783832102436,57.49495013446238],[-3.146830730400657,57.49423263395203],[-3.146867498554754,57.493874136108744],[-3.146888620509477,57.493723095051806],[-3.146897237597648,57.49365257292031],[-3.146905803360235,57.49358622168137],[-3.146915565338237,57.49351444674491],[-3.146937612433539,57.493368652815725],[-3.146986112656136,57.49307727760907],[-3.147012565748637,57.4929316963301],[-3.147041638678973,57.49278410702479],[-3.147074479081168,57.49263007733772],[-3.147145091757938,57.49232234611759],[-3.14718286399166,57.49216864458197],[-3.147223690614455,57.49201286347514],[-3.147270183296083,57.491846708920086],[-3.14736893157332,57.49151489716054],[-3.147421186804418,57.491349239776575],[-3.147457019201098,57.491241743659174],[-3.14753663093623,57.491019106063796],[-3.147706261916857,57.490574983709884],[-3.147796281041207,57.4903534989375],[-3.147835156920605,57.49026331271448],[-3.147913651399126,57.490089125628415],[-3.148077077277542,57.489741629467375],[-3.148162008620111,57.48956832038418],[-3.14822643870767,57.48944196846897],[-3.148325651067405,57.489255327724706],[-3.148531540354437,57.48888324430133],[-3.148638217212375,57.48869780161013],[-3.148663574767484,57.488655349452806],[-3.148790925334146,57.488450619699215],[-3.14905472342538,57.48804286739847],[-3.149191170860555,57.4878398448324],[-3.149221499084669,57.487796359127955],[-3.149408861517264,57.48753974725583],[-3.149798116575036,57.487029740747644],[-3.150000009031077,57.486776346067096],[-3.150033922066772,57.486735522464606],[-3.150050231492761,57.48671595230346],[-3.150082937031984,57.48667683300733],[-3.150099333145145,57.486657283872304],[-3.150100780333918,57.4866555638615],[-3.150172902500226,57.48657101280128],[-3.150318768329952,57.48640231745266],[-3.150392511987478,57.48631817316238],[-3.15045050849198,57.48625287505615],[-3.150646054232037,57.48603998637697],[-3.151047522567278,57.485617067071225],[-3.151253445073209,57.485407036411864],[-3.1512909759668,57.485369952417436],[-3.151338073177872,57.48532373914805],[-3.151432770056933,57.48523146222364],[-3.151480369724035,57.48518539856823],[-3.151546425894537,57.48512191289972],[-3.151695525535084,57.48498159085474],[-3.151998386852954,57.484702414334485],[-3.152152148506622,57.48456355984822],[-3.152180871216006,57.484538144447036],[-3.152400170825788,57.48434940275063],[-3.15284738230284,57.48397490381409],[-3.153075294117786,57.48378914654401],[-3.153137942909046,57.483739435592156],[-3.153371888401763,57.4835586161722],[-3.153847939200825,57.48320012195416],[-3.154090044413139,57.48302244715701],[-3.154149579437885,57.48297986098623],[-3.154333520483882,57.48285073619448],[-3.154705712439588,57.48259430209578],[-3.154893963337265,57.48246699277623],[-3.154963393156984,57.48242090201513],[-3.155078539142104,57.48234530713661],[-3.155310350768715,57.48219479669092],[-3.155427016408191,57.482119881120965],[-3.155481137136894,57.482085509671485],[-3.155791087383796,57.48189421050386],[-3.156420893310808,57.48151640499335],[-3.156624552910727,57.48139643407114],[-3.156689341961299,57.481358954944405],[-3.156977887106862,57.48119617405637],[-3.157748042236483,57.480772444198735],[-3.158160582901849,57.48055321714505],[-3.158350139776879,57.48045592657824],[-3.159217519470513,57.47999550630494],[-3.159371605959624,57.47991476064985],[-3.15968169665798,57.47975434547632],[-3.159837700867815,57.479674675953206],[-3.160134634228304,57.47952497999036],[-3.160169121623424,57.479507642623574],[-3.160238187235753,57.479473020485486],[-3.160272765452975,57.47945573571415],[-3.160541181029289,57.4793219408698],[-3.1607540222536,57.479217668201684],[-3.161183009327425,57.479011115371705],[-3.161399155181355,57.478908835198645],[-3.16150206850346,57.47886097728293],[-3.161882051891917,57.478689514523715],[-3.162651301843681,57.4783527453413],[-3.163040568449451,57.47818743886167],[-3.163514306109385,57.4779923371737],[-3.163668646838673,57.47772071728512],[-3.163758565488203,57.47756738784808],[-3.163853625941071,57.47741020167749],[-3.163862357144279,57.47739578717524],[-3.163893794265393,57.47734399769371],[-3.163990823831881,57.47718895875876],[-3.164190106849812,57.47687985846443],[-3.16429236026233,57.47672579709699],[-3.164360875545315,57.47662545922294],[-3.164475536667489,57.47646244168068],[-3.164710707322771,57.476137635763],[-3.164831216811688,57.47597584737675],[-3.164877647111006,57.475915221640214],[-3.164930448813725,57.47584707226348],[-3.165037089942748,57.4757110096127],[-3.165090929365867,57.475643096337855],[-3.165115950021407,57.47561189087739],[-3.166420970828327,57.47429650813744],[-3.166738496816952,57.474031938955314],[-3.166802325328002,57.473935058995245],[-3.167023050132047,57.4737164298712],[-3.167696145659106,57.47310813866379],[-3.169568690265097,57.471558145266215],[-3.170617209221933,57.47078391045829],[-3.170783332045317,57.47067406603869],[-3.171185265702497,57.47041819668246],[-3.172006556789167,57.46991471282228],[-3.172425914161457,57.46966709820571],[-3.1726538982523,57.46953742513389],[-3.17280980525443,57.469449938151854],[-3.17312379537853,57.46927610588736],[-3.173281878499798,57.46918976059955],[-3.173498762799626,57.469072886004085],[-3.173772800340857,57.4689242651111],[-3.174231851401187,57.468684666837575],[-3.175166643980619,57.468215122495785],[-3.175642385528871,57.46798517630429],[-3.175779845781797,57.4679212545531],[-3.177862363193452,57.467095525906345],[-3.182239064612649,57.46562741872806],[-3.186984148652198,57.46454150690337],[-3.18795109704429,57.46441046378848],[-3.188178654955441,57.46433981332311],[-3.188264528844446,57.464314758453575],[-3.188929408439974,57.46413103092467],[-3.189105421388343,57.464085047245355],[-3.189578831452758,57.46391274882053],[-3.189614631829798,57.46390021925734],[-3.189843565265141,57.463812665892085],[-3.189979050884573,57.46376139367415],[-3.190308266413405,57.46363811755149],[-3.191219360429612,57.46332014095124],[-3.193077978163445,57.46271680028592],[-3.193989217023337,57.46244236405877],[-3.194266601952498,57.46229907386711],[-3.196066782531261,57.46148107747315],[-3.196301671569149,57.46133453482682],[-3.196579779438559,57.46120797175457],[-3.197062667982073,57.46099640802856],[-3.197221600566208,57.46092939215683],[-3.197429928387406,57.46083395105026],[-3.197942619213202,57.460608364904125],[-3.198296114129236,57.460459027975915],[-3.198616530309578,57.4603270056356],[-3.199263190038791,57.46006717595884],[-3.199466677894077,57.45998745889314],[-3.199595318569184,57.4599260762722],[-3.199826122064136,57.459817963922056],[-3.200064451018354,57.45970837774854],[-3.200125812174487,57.45967939393643],[-3.200286229821284,57.45960458816297],[-3.200777035838581,57.459378640711265],[-3.201024466512017,57.45926694705173],[-3.201190407406493,57.459193500167125],[-3.20121764613574,57.459181469969415],[-3.201272170648658,57.459157440605075],[-3.201299456432344,57.45914544143847],[-3.201556982614955,57.45903243535802],[-3.20164477682624,57.45898606992739],[-3.203270970571876,57.458231472451416],[-3.203341318961073,57.458202863059036],[-3.203599464966811,57.458099967423365],[-3.204119382269084,57.45789687386812],[-3.20418721762209,57.45787051491219],[-3.204380880360036,57.457795659784374],[-3.20444026414232,57.45777281239175],[-3.204487176045053,57.45775484683037],[-3.204664545818957,57.457687850914574],[-3.20502088397201,57.45755510643225],[-3.205199852357368,57.457489357861235],[-3.205227359171272,57.45747939297782],[-3.205311636233731,57.45744906198497],[-3.205480530594758,57.45738867661149],[-3.205565147894026,57.457358622230345],[-3.205613587581134,57.45734153099734],[-3.205648341899912,57.45732930172126],[-3.205717906871961,57.457304889832194],[-3.205752717525293,57.4572927072192],[-3.206010459512311,57.457202750969905],[-3.20623804802916,57.45712249539449],[-3.206266199462829,57.45711259001573],[-3.206322539303173,57.45709280987009],[-3.206350727709889,57.457082935103145],[-3.206644028463669,57.456980414006765],[-3.209173283767801,57.456254547331554],[-3.209331685641493,57.456218126466],[-3.209599273666691,57.4559856532037],[-3.210029183500419,57.45563109602625],[-3.210045429518902,57.45561836340074],[-3.210266551745439,57.455449264961295],[-3.210715956945819,57.455113856812325],[-3.210944239887704,57.45494754707749],[-3.210962151693221,57.45493480731986],[-3.211004664686705,57.454904701871946],[-3.211089925355822,57.454844587725994],[-3.211132673031291,57.45481457902778],[-3.21115222081543,57.45480091620868],[-3.211520000625769,57.45455303939033],[-3.2122715637726,57.45406444148803],[-3.212655347040079,57.45382372030942],[-3.212674953197192,57.45381185336774],[-3.212900295662242,57.453678190837785],[-3.213355916057914,57.45341333394401],[-3.213586193983093,57.453282139562525],[-3.213620556087013,57.45326295273911],[-3.214067140480091,57.453022855179725],[-3.214976829359275,57.45255193794715],[-3.215439933860223,57.45232111815536],[-3.215462899491755,57.45231009876869],[-3.215554744961667,57.45226635458833],[-3.215604228702361,57.45224296051298],[-3.215918170016395,57.45208797122364],[-3.216274532854427,57.451917027860205],[-3.216313919400531,57.45189867220564],[-3.216407178804686,57.45185553252005],[-3.216594284650232,57.45176962488994],[-3.216688131092119,57.451726856944525],[-3.216722609436236,57.45171126150112],[-3.216897406874785,57.45163328285194],[-3.21724895309947,57.45147861513325],[-3.21742570188959,57.45140192605831],[-3.217893986632385,57.45120155735603],[-3.218849396669358,57.45082184677535],[-3.220807882831918,57.450100035183986],[-3.221810960105726,57.449757933349886],[-3.221815082838963,57.44975663573149],[-3.221856926124127,57.44974349008484],[-3.222005780934093,57.449696841721185],[-3.222668672043049,57.44951943760763],[-3.222726363731834,57.449501815926205],[-3.222983627472786,57.44942605938495],[-3.222978227668863,57.449421361099965],[-3.223069246884953,57.44939095932148],[-3.223139636611768,57.449367578120025],[-3.223208765235613,57.44934474312739],[-3.223212814963647,57.44934298297949],[-3.223233295089713,57.449336640258984],[-3.223280630155064,57.44932100419437],[-3.223351233971909,57.44929781146991],[-3.223541014299324,57.44923581756548],[-3.224556357201032,57.448953684337454],[-3.224597487284909,57.44893912765196],[-3.224742026080043,57.44890209119089],[-3.225579165252519,57.44866946410944],[-3.225949509428311,57.44858338120221],[-3.226049028149349,57.448559232450954],[-3.226054491167156,57.448565775578565],[-3.227080480813693,57.44830285470595],[-3.227038023267572,57.44825426458404],[-3.227115587087759,57.44823456678187],[-3.228256663290239,57.44797229554233],[-3.230571803307663,57.44749421912357],[-3.231745869617454,57.44727841333406],[-3.231856808271577,57.447260476886726],[-3.233075784304205,57.447090172453294],[-3.235534084114138,57.44679964635112],[-3.236773411275415,57.446679420368746],[-3.236991448856447,57.44666282603801],[-3.237554702224172,57.44662522010931],[-3.238683254773542,57.44656036619052],[-3.239248554270736,57.446533118180575],[-3.239578273025061,57.44652027217296],[-3.240663975473465,57.4464971192529],[-3.242835868696928,57.44648899026279],[-3.243922061739196,57.44650401417237],[-3.24403817427557,57.446507665196215],[-3.246143619136323,57.44664677815553],[-3.246975407638999,57.446730992131656],[-3.24722100466638,57.44661516132168],[-3.247856745025618,57.44612686522811],[-3.25126777121788,57.44419575730539],[-3.255172349349496,57.44255893985718],[-3.258021124409108,57.44169587570676],[-3.258689493675329,57.441465364617294],[-3.259415365802144,57.4412288344598],[-3.259953670539131,57.44106335812119],[-3.260383044532333,57.44093064525568],[-3.260467243553383,57.44090479549185],[-3.260549514669602,57.44087970808202],[-3.260786928127992,57.44080868242351],[-3.261263867613778,57.4406687257502],[-3.261503393660184,57.44059979472748],[-3.26161229182962,57.440569067899666],[-3.261811482621708,57.44051378049473],[-3.262211223337173,57.44040465429625],[-3.262411773272208,57.44035081549839],[-3.262436537926405,57.440344278936934],[-3.263736021773476,57.44003753754377],[-3.265564364793517,57.439655083139975],[-3.265566937366974,57.439658659110584],[-3.265748422457378,57.43960330296196],[-3.266231020845805,57.4395060317922],[-3.26635231145981,57.439481873334564],[-3.266595236319082,57.43943406450925],[-3.266716870567217,57.43941041414092],[-3.266934387471621,57.43936863386836],[-3.266994548376948,57.43935698568837],[-3.267616138046353,57.439244033024835],[-3.268867070558852,57.439031403244144],[-3.269496413913525,57.4389317260535],[-3.269703931381058,57.43890123820401],[-3.269872997976613,57.43887691285558],[-3.270211595045741,57.43882922057703],[-3.270381125527509,57.43880585364563],[-3.27052588365831,57.43878633720291],[-3.270691419289596,57.4387645038685],[-3.271022895531122,57.43872175098073],[-3.271188836149106,57.43870083142632],[-3.271339789415559,57.43868223972929],[-3.271424668136298,57.43867191153103],[-3.271594524327738,57.438651494214064],[-3.271679501799483,57.438641405095225],[-3.271862175371717,57.43861998622306],[-3.271895264130202,57.43861612545026],[-3.272084639897624,57.438594137656416],[-3.272211069674087,57.43857973463727],[-3.272510082776796,57.43854632304705],[-3.272570961983467,57.438539502170755],[-3.272860309672021,57.43850852215802],[-3.272903466608322,57.4385041151967],[-3.275953998950436,57.43724664529917],[-3.280700389175944,57.43583493654527],[-3.283180661745106,57.43523383915567],[-3.283225338296412,57.43522529896508],[-3.283355738723899,57.4352006998629],[-3.283616912909068,57.435152085435725],[-3.283747686670384,57.43512807011],[-3.28383707036526,57.435111878365994],[-3.284050890192287,57.43507400994281],[-3.284479457814975,57.43499983367961],[-3.284694205626871,57.43496352583632],[-3.28478695090736,57.43494821545829],[-3.285350985271668,57.43486093328093],[-3.286484397311165,57.4346971314301],[-3.287053775295958,57.43462061171129],[-3.287148309333163,57.43460885674526],[-3.287428131567168,57.434575426302914],[-3.287988799761158,57.434511165464876],[-3.288269645759061,57.434480335064485],[-3.288402414171017,57.434466400474484],[-3.288756974756713,57.43443133057247],[-3.289467418240632,57.43436533462344],[-3.289823301216723,57.43433440856864],[-3.290039230018112,57.4343169347941],[-3.290257937865747,57.43430003497941],[-3.29069574940139,57.43426780047801],[-3.29091485310774,57.43425246578986],[-3.290963046300387,57.434249267942505],[-3.291090510166089,57.43424107883008],[-3.291345550968186,57.43422523031312],[-3.291473127908215,57.4342175709083],[-3.291642684832859,57.4342077475572],[-3.292060092678702,57.43418642662818],[-3.292895769865463,57.434149454337906],[-3.293314039334846,57.43413380297029],[-3.293578601966427,57.43412570577286],[-3.293730802344221,57.43412142398757],[-3.294035269266437,57.43411361122357],[-3.294187535817087,57.43411008024465],[-3.294703528993922,57.434099388731646],[-3.294771188667993,57.434098060925024],[-3.294906517449013,57.43409555355891],[-3.29497418655651,57.43409437399937],[-3.295124014140659,57.4340919265938],[-3.295376774658277,57.434088832865555],[-3.295882353515729,57.4340847136469],[-3.296135171884131,57.434083688156136],[-3.29631007182127,57.43408369443588],[-3.296539426903051,57.434084554098035],[-3.296998093390269,57.43408797559714],[-3.297227404817045,57.434090537434095],[-3.297334066593379,57.434092125257365],[-3.297731471640429,57.43410060261358],[-3.298525793659336,57.43412266917595],[-3.298922710741968,57.434136258384584],[-3.299046151706801,57.43414128315873],[-3.29945745787914,57.434160793117236],[-3.300279048386804,57.434205302174796],[-3.300689332844346,57.43423030127983],[-3.300908067728343,57.43424511169498],[-3.301241213310234,57.43426951260954],[-3.30190652452994,57.43432193391364],[-3.302238690254182,57.43434995427032],[-3.302561205967484,57.4343789612752],[-3.302702383026334,57.43439199519906],[-3.302820400679827,57.434403172773],[-3.302848418183485,57.43440482545066],[-3.303212339080754,57.434427384447325],[-3.303394184684593,57.434439203195026],[-3.303474333513666,57.43444465355777],[-3.304022359364525,57.43448692115826],[-3.305115507466641,57.43458124916974],[-3.305660630003762,57.434633309604315],[-3.305730853128994,57.434640667087905],[-3.305925457386975,57.434661705875804],[-3.306314187857465,57.434705031794486],[-3.306508314082715,57.434727318926676],[-3.306585262407522,57.43473641189507],[-3.307190863467604,57.43481439953402],[-3.308396245219441,57.4349825197731],[-3.308996026286243,57.435072652426626],[-3.309121681701121,57.43509290746967],[-3.309356401251639,57.43513176144541],[-3.30982475426199,57.43521132998911],[-3.310058387743398,57.435252044560926],[-3.310200888133612,57.43527750454209],[-3.310257500926614,57.4352876800085],[-3.310370658638702,57.43530814019512],[-3.310427203558089,57.43531842491537],[-3.310650210144362,57.435359226467575],[-3.310699978243405,57.43536837930404],[-3.310799460683896,57.43538676961209],[-3.310849175025545,57.43539600708367],[-3.311332145338732,57.43548620724786],[-3.311532957244697,57.43552448772703],[-3.311933658163124,57.43560242953089],[-3.312133547188818,57.43564209085843],[-3.312148155036694,57.435645046612564],[-3.312173378362926,57.43564985163229],[-3.312205584248895,57.4356560742322],[-3.312721377117,57.43576095669104],[-3.313746253337471,57.435979863325926],[-3.314255336907409,57.43609388755504],[-3.314551677938278,57.43616338340188],[-3.314949015959693,57.43625991576723],[-3.315697224887052,57.43644807512774],[-3.316139756970196,57.43655776051803],[-3.318636578164701,57.43570567544041],[-3.321055211352812,57.43502297990733],[-3.321599408340142,57.43489883976841],[-3.322331221974991,57.4347281044136],[-3.322404981490148,57.4347101140754],[-3.323595401946937,57.4344491006213],[-3.324699244020017,57.43423342722048],[-3.324702080635355,57.4342252356045],[-3.324825280403493,57.433921010771975],[-3.32490812051501,57.433669069539846],[-3.325287970022377,57.43267733439372],[-3.325503822429072,57.43218435556729],[-3.325528156410245,57.432135040139045],[-3.325565511563809,57.43206938191994],[-3.325602298131559,57.43198631972609],[-3.325646065937399,57.43189029107129],[-3.325684497207993,57.43179327488386],[-3.325714208177599,57.43171977948519],[-3.325735830548726,57.431667348283156],[-3.325788200970435,57.43154765278568],[-3.325806424521775,57.431204312858576],[-3.32583559737478,57.43087112046021],[-3.325839066772681,57.43084270476459],[-3.32589924641374,57.43046900404236],[-3.326048477657852,57.42972328352317],[-3.326137528680971,57.42935126369383],[-3.326148585667447,57.429311610478386],[-3.326229717627934,57.429047476875056],[-3.326406536856997,57.428520631096696],[-3.326502223923197,57.42825791890192],[-3.326539587879775,57.42816284728456],[-3.326929636710624,57.427356686089404],[-3.327598304706898,57.42619755354168],[-3.327624956878935,57.426202027297144],[-3.327716090314947,57.425924948286834],[-3.327772046830209,57.42583758584147],[-3.327829390781306,57.42574998446222],[-3.32786979810452,57.42567595314748],[-3.327874861368187,57.42567675734516],[-3.328206455605924,57.42511840734905],[-3.329073060109895,57.42383050337767],[-3.329551927240047,57.42319547683587],[-3.329604313191759,57.42313295520182],[-3.330987474525569,57.421798155552125],[-3.331263304293759,57.421578276130106],[-3.331322107164692,57.42149323184455],[-3.3313283836084,57.42148723634873],[-3.331434339753193,57.4213875182063],[-3.331648606875095,57.42118882133361],[-3.331756917843636,57.42108984259945],[-3.331763367445011,57.42108403390605],[-3.331974229066023,57.42089922648515],[-3.332404160106925,57.42053241299403],[-3.332623229476681,57.42035040689647],[-3.332690842427621,57.42029569129786],[-3.33300630519469,57.42006156567828],[-3.33310808114943,57.41985951090244],[-3.333723102752913,57.418806721228165],[-3.33299820551212,57.418742308834624],[-3.32860305859869,57.41800361382899],[-3.324439654764033,57.41694398091822],[-3.320588057312663,57.415583792107356],[-3.320530440267799,57.41555661963354],[-3.320485241329475,57.4155437733411],[-3.319690164001246,57.415223090774134],[-3.3177173794824,57.41428778994999],[-3.316553066859402,57.41364106792666],[-3.316553475205011,57.413640853860066],[-3.315800308564958,57.41323256340053],[-3.315792547201315,57.413236559389865],[-3.313965292105049,57.41220303498125],[-3.311057572019994,57.40995037683979],[-3.308757178499234,57.40741252246259],[-3.307225233272701,57.40471096708482],[-3.306499714488806,57.40191298125973],[-3.306598498504493,57.3990882218558],[-3.306880202819164,57.39823705886921],[-3.304854448688435,57.39626800160831],[-3.303178570711101,57.39390445397493],[-3.302136329281925,57.39143699349045],[-3.30174840595142,57.3889148617262],[-3.301719791495896,57.38764638026849],[-3.30268599698857,57.37873537629326],[-3.30247828255847,57.37794623030072],[-3.302313257527302,57.37661099253482],[-3.302352310984962,57.3739420912924],[-3.303124910090991,57.371305942183206],[-3.304613750530282,57.368761045397065],[-3.306785652593841,57.36636386757386],[-3.309592301213794,57.36416758567681],[-3.309684316663718,57.3641145793811],[-3.309910411057404,57.36350201623079],[-3.311784064673343,57.36079797775932],[-3.312923163195779,57.35948689526711],[-3.318181106848314,57.354519600274664],[-3.319497521512698,57.353458665286006],[-3.322395255623842,57.35144841519565],[-3.325790946909504,57.349680609567834],[-3.329615903423286,57.34819097043563],[-3.333792811619413,57.34700959205549],[-3.335931241982112,57.34660100199347],[-3.335946118420045,57.346588517033744],[-3.335965038377592,57.346574130950124],[-3.336444707156923,57.34622741154963],[-3.337393683134355,57.34557484291681],[-3.337394835777849,57.34557533282178],[-3.337399647334498,57.34557071038229],[-3.337440359880777,57.34554274708676],[-3.337944356199583,57.34521304025404],[-3.338112689982999,57.345108108690155],[-3.338978824995622,57.34463568191814],[-3.339092116081491,57.34456454612914],[-3.339136264217994,57.3445290400918],[-3.339222017854161,57.344479166384694],[-3.339295538611183,57.344438215792785],[-3.34171885852116,57.3429528433656],[-3.34574179526579,57.34115640042476],[-3.350263904101124,57.33971485395607],[-3.355150166951872,57.33867758328343],[-3.360277956135657,57.33807061445474],[-3.365518610470772,57.33790917535442],[-3.370740648899495,57.33819731514235],[-3.375813057159478,57.338927804215096],[-3.379669524110754,57.33985626295212],[-3.379651055627698,57.33987869296579],[-3.380027386019991,57.33994881811597],[-3.380031788683989,57.33994347100402],[-3.380145180961572,57.33997076765909],[-3.380761556607199,57.340085618953346],[-3.380834955470908,57.34010673366983],[-3.381397242111029,57.340314277858084],[-3.382921559713046,57.340762580912745],[-3.383295197226392,57.34089421748532],[-3.3860724373245,57.342250384638355],[-3.389354226200684,57.343772180235916],[-3.391846521415306,57.34521315586166],[-3.392075628499983,57.34537887772774],[-3.393318319957569,57.346420602854685],[-3.395526771634885,57.34858659848851],[-3.397162768300887,57.35089631855259],[-3.398195057268008,57.353305795141786],[-3.398603872913541,57.35576914852126],[-3.398381303709669,57.358239466605134],[-3.398001338932442,57.359326068142394],[-3.398012455490492,57.359326811170526],[-3.39762895648714,57.36100238331613],[-3.397105482117416,57.36194614915196],[-3.397113962204018,57.362005389894],[-3.397603726959545,57.363054915585856],[-3.398054897157456,57.365970681843876],[-3.397621107096155,57.36888722429173],[-3.397493325844499,57.36916476287579],[-3.39755948846434,57.36923931557157],[-3.397956531605323,57.36968177916046],[-3.39886989339411,57.370929210339305],[-3.400342703125022,57.37348363928047],[-3.400739682313204,57.374879153418185],[-3.401050571362752,57.37517761163305],[-3.402786870038306,57.37762306945802],[-3.403844711945536,57.38017913013047],[-3.404201353303077,57.3827911822472],[-3.403849027092979,57.38540340731689],[-3.40349557814232,57.386702545897016],[-3.40339600224392,57.38694409566842],[-3.403319042074544,57.387151357378215],[-3.403296621366346,57.38721069962278],[-3.403251039254297,57.38732930110935],[-3.403227877848144,57.387388560351084],[-3.403167189003438,57.38754128380319],[-3.403042196490762,57.38788338219458],[-3.403032640541289,57.38790933474238],[-3.403013387058629,57.38796122452095],[-3.403003689525251,57.38798716175169],[-3.402920864548255,57.38820701583379],[-3.402825003791184,57.38846231216697],[-3.402496914148399,57.389387723929815],[-3.402575004996501,57.38934388361273],[-3.4050328099032,57.38805527872091],[-3.4086156051868,57.38662565398673],[-3.413064169308198,57.38530664277765],[-3.417618013366579,57.38441167872485],[-3.417626719322804,57.38440646282401],[-3.4202826653332,57.38312314467905],[-3.420432785506895,57.38306495211409],[-3.422692791758791,57.38232813261449],[-3.427399956471894,57.38105678457612],[-3.429847134190762,57.380522249069436],[-3.43000295434673,57.38049576480387],[-3.433309822972953,57.380144720597706],[-3.433419921592879,57.37909439487664],[-3.434339672347445,57.37661523426544],[-3.434818593226157,57.3758815290474],[-3.434825711626135,57.37556024125468],[-3.43486125155044,57.375071044969715],[-3.434862091881905,57.37506422691906],[-3.434868120823654,57.3749939057718],[-3.434902932692124,57.37469546032946],[-3.43493277899576,57.37449327370846],[-3.434938451312189,57.37433188280274],[-3.434941000461076,57.37431199054727],[-3.435026152290332,57.37383364688916],[-3.435055115198947,57.37370669231067],[-3.435109282059496,57.373424316857935],[-3.43511555838247,57.3733977512838],[-3.435119598071796,57.373373886021476],[-3.435124200441798,57.37334713773337],[-3.435133553232654,57.37329364871184],[-3.435138303653297,57.37326690797843],[-3.435154708353494,57.373175993460734],[-3.435204186589378,57.372935406106706],[-3.435315124521854,57.37245503897162],[-3.435376584065087,57.37221525918084],[-3.435399951610211,57.37213233267022],[-3.435555793796346,57.371663277127055],[-3.435644649429807,57.371431391865215],[-3.435646355911136,57.37140096793939],[-3.435695734379129,57.371260266250594],[-3.43583079518285,57.37091303431843],[-3.435994166326228,57.37053069857538],[-3.436114955109008,57.37026635993931],[-3.436158055035015,57.370177826797445],[-3.436725052494639,57.36948115819913],[-3.437323732950904,57.368265655438265],[-3.437335817807482,57.3682401752912],[-3.43870553663812,57.3664328037359],[-3.438631480339116,57.36641348588213],[-3.438792612381751,57.3662331496002],[-3.439074731335169,57.36593199035377],[-3.439659698211703,57.36533561002131],[-3.439962545888589,57.365040388840136],[-3.440224476376351,57.364795996166556],[-3.440453144130414,57.36458908741302],[-3.44206580139299,57.36317330760259],[-3.443441959878633,57.36213769211317],[-3.443536504303382,57.3620762632103],[-3.443900861930527,57.361847457008096],[-3.444643585627245,57.361396586746864],[-3.445021951658414,57.36117452260572],[-3.445515118838664,57.36089466281752],[-3.445834563120568,57.36071829942717],[-3.446482288056128,57.36037037947732],[-3.446810568709416,57.36019882287255],[-3.44714324143828,57.360029685834654],[-3.447247396303715,57.359977183880595],[-3.447456533860227,57.359872663996065],[-3.447561516551663,57.35982064606422],[-3.447780277541213,57.35971318007399],[-3.448199756159974,57.35951396092446],[-3.449050847465243,57.3591232467071],[-3.449482460199294,57.35893175155754],[-3.4497875309906,57.35880097186933],[-3.44985977113693,57.35877017893422],[-3.450004565384864,57.35870880953938],[-3.450077119486785,57.358678233079274],[-3.450205867458731,57.358624283664355],[-3.450500531407548,57.3585036211217],[-3.451094746783595,57.358265865953136],[-3.451394298236333,57.358148773304215],[-3.451613970007551,57.35806489951129],[-3.451677403361131,57.358040799290315],[-3.451804477180283,57.35799275896053],[-3.451868117646132,57.3579688188515],[-3.452121285055941,57.35787405540302],[-3.452355808570601,57.35778786063049],[-3.452827539763823,57.357617645230704],[-3.453064747457557,57.35753362459338],[-3.453447269799968,57.3574006385273],[-3.453631535959399,57.3573374969392],[-3.454001584254551,57.357212525782316],[-3.454187366398192,57.35715069620908],[-3.454498415397044,57.35704869173575],[-3.455165796720466,57.356841105453256],[-3.456294621192457,57.35650854870291],[-3.456314567324222,57.35652832517686],[-3.456573386924269,57.356424831927384],[-3.45690415994952,57.35633178359928],[-3.457251809639876,57.35623676846404],[-3.457951128937717,57.35605116568946],[-3.458302798608485,57.35596057802775],[-3.4586771603388,57.355867037760675],[-3.458969708490323,57.35579578344715],[-3.459557292330847,57.3556563389326],[-3.459852328059039,57.35558814871992],[-3.460225945611386,57.35550409159183],[-3.460489224621947,57.355443902394406],[-3.461047107665174,57.355322742842176],[-3.462170606720889,57.355091402803396],[-3.462736223018319,57.35498122224746],[-3.463193352977957,57.354897190392855],[-3.463532484166772,57.354837036627714],[-3.464213055286073,57.35472067692047],[-3.464554495282006,57.3546644709658],[-3.464992803566781,57.354595088724075],[-3.465197118643958,57.354563511179535],[-3.46560647811637,57.35450176981233],[-3.465811522526064,57.35447160598726],[-3.466110315719355,57.35442875738795],[-3.466295372595294,57.35440283370785],[-3.466666025064565,57.35435213789474],[-3.466851620668725,57.354327365760156],[-3.467338627832104,57.35426396581783],[-3.467663190425176,57.35422356777358],[-3.468313746239135,57.35414629299975],[-3.468639739532898,57.354109416219444],[-3.469228518503582,57.354046132466316],[-3.469526596408346,57.35401561913052],[-3.470123731649627,57.3539575366287],[-3.470422789032317,57.35392996745794],[-3.470770559263604,57.35389966974216],[-3.470831070566099,57.353894459747444],[-3.470952128249055,57.353884160306556],[-3.471012674629902,57.353879070860295],[-3.471490910243158,57.353839357909074],[-3.471831999594587,57.353812985963074],[-3.472515115136612,57.3537640674684],[-3.472857141396954,57.35374152091443],[-3.473451861336082,57.35370569249413],[-3.473744161409639,57.35368949488799],[-3.474329244951753,57.35365989368759],[-3.474622028464362,57.35364649009095],[-3.475294631814603,57.35361893070639],[-3.475742233178554,57.35360386892965],[-3.476638023832405,57.35358027476646],[-3.477086213281064,57.35357174237537],[-3.477425325722491,57.353567760953005],[-3.478250152906492,57.35357195847854],[-3.479769265004906,57.35343636086166],[-3.482115492819143,57.353318421931405],[-3.482446096178118,57.35331452718299],[-3.482468916828157,57.35331426678268],[-3.482514558767747,57.35331376291338],[-3.482537380057321,57.353313519444406],[-3.483414278616191,57.35330448676779],[-3.483566567977269,57.35330329479349],[-3.483871160476822,57.35330166479243],[-3.484023463621549,57.353301226765616],[-3.484483894524695,57.353301041965786],[-3.484912999947275,57.35330386330321],[-3.485770932630496,57.35331548978153],[-3.486199760293975,57.35332429499862],[-3.486733493534785,57.353338984862724],[-3.486820806710667,57.353341512259014],[-3.486870006787102,57.35334300657098],[-3.486920639603947,57.35332765108231],[-3.487269413560613,57.353223358422426],[-3.487444378337703,57.35317177698871],[-3.487611942896551,57.353123079279364],[-3.487858998325641,57.35305271922444],[-3.488355258905267,57.35291425162891],[-3.488439079012196,57.35289102607312],[-3.488726689988385,57.35281188743245],[-3.488728988088627,57.35281126431846],[-3.488731105479504,57.35280528072347],[-3.488748769149331,57.35275613021194],[-3.488754203401261,57.352739884302075],[-3.488795394194376,57.35262129745306],[-3.488939871701324,57.35222021954202],[-3.48901632932997,57.35202012465662],[-3.489072800606219,57.351880377483035],[-3.489082940532535,57.35185377617902],[-3.489095521575239,57.35182107842606],[-3.489120908433528,57.35175570842823],[-3.489133714248718,57.35172303618333],[-3.489185125805614,57.35159305847471],[-3.48920710759751,57.351538319621596],[-3.489251702087869,57.35142891706637],[-3.489274314784535,57.351374253364085],[-3.48932888206268,57.3512442472158],[-3.489400674561611,57.35108033899212],[-3.489492884773019,57.350878283252676],[-3.489495254220903,57.35087282652953],[-3.489523504624759,57.35080882188703],[-3.489580871820683,57.35068092617154],[-3.489609988609882,57.350617035098225],[-3.489678607004313,57.35046880462347],[-3.489684316892697,57.35045650684966],[-3.489749703798208,57.35031609785559],[-3.489781437901204,57.35024670864163],[-3.489801746690919,57.35020277729583],[-3.489812299289319,57.35018019240181],[-3.489851733351685,57.35009745402037],[-3.489932055134078,57.349932183732456],[-3.489956814432892,57.349881833298106],[-3.49005526007546,57.349683946381745],[-3.490112570917961,57.349564941407365],[-3.490324689324289,57.34914537736324],[-3.490332177200579,57.349146483584],[-3.490439252880571,57.348894095059855],[-3.490484113537486,57.34881181841182],[-3.49050581542039,57.34877234978172],[-3.490549553523822,57.3486934667049],[-3.490571589743696,57.34865405225809],[-3.490624613993263,57.34855999067833],[-3.490757727582993,57.34833454838219],[-3.491034890361587,57.34788563733483],[-3.491156316549932,57.34769604210829],[-3.491259124651641,57.34754113401259],[-3.491283945727768,57.347503991265114],[-3.491509315935553,57.347169045402374],[-3.491625073050784,57.34700217669906],[-3.491663286790491,57.34694870914268],[-3.492293018363335,57.346177380841496],[-3.493683404654334,57.34467003277914],[-3.494444055308427,57.343934011590136],[-3.494461870918872,57.34391852716122],[-3.49499763536275,57.34348180491037],[-3.495449676757467,57.34313568213004],[-3.495492793707235,57.343093466622854],[-3.49892761180968,57.34075636828415],[-3.503032517512077,57.33876025392212],[-3.503519130110249,57.33859325553481],[-3.503997955802693,57.33778514463079],[-3.504050737217798,57.337722110512665],[-3.505737737045139,57.336152235559396],[-3.506423669108274,57.33564095897565],[-3.507724981151549,57.33422871418556],[-3.508895386962521,57.333152904297656],[-3.508975814419651,57.33308950935271],[-3.509599914348868,57.33262959232614],[-3.510900794289241,57.33173210298843],[-3.511577573789354,57.33129453013914],[-3.512081577175371,57.330988926125436],[-3.512439025711195,57.33077899323675],[-3.513166061752002,57.33036537222556],[-3.513535649241646,57.33016168403333],[-3.514013997289585,57.32990629615167],[-3.516037088866375,57.32898602389903],[-3.519347304033138,57.32770882516772],[-3.519348725631839,57.32769814086406],[-3.5193569469478,57.32763777260685],[-3.519361151617598,57.32760759222372],[-3.519378840309135,57.327483417851255],[-3.519380213791303,57.32747253402994],[-3.519383264074355,57.32744862365996],[-3.519390209038593,57.3273949433637],[-3.519413744150326,57.32723397470099],[-3.519466159737853,57.32691229219457],[-3.519495040167181,57.32675157834897],[-3.519502479595288,57.32671371679439],[-3.519530294764232,57.326487969648504],[-3.519584943050703,57.326144135723354],[-3.519718614577477,57.32545785701789],[-3.519797637367164,57.325115412215105],[-3.519865239510627,57.324862143267495],[-3.519929901571031,57.32463964636724],[-3.520103690589219,57.324086904253576],[-3.520201465383791,57.32380351349717],[-3.520226903246152,57.32373582546767],[-3.52025607361961,57.323659886213804],[-3.520315625143874,57.3235081467756],[-3.520346006289912,57.32343234659072],[-3.520382210172809,57.32334386500295],[-3.520422506755313,57.32324787621678],[-3.520505041444073,57.32305614325416],[-3.520547279540758,57.32296039907646],[-3.52058075578666,57.32288631593065],[-3.521232889839241,57.3217663333362],[-3.521482264058348,57.32141908968725],[-3.521639329446709,57.32114931191658],[-3.522795153911304,57.31945353514072],[-3.523452067499464,57.31862141041859],[-3.523478019772944,57.318592640803566],[-3.523480070570465,57.31859016938456],[-3.523497706250078,57.318568209633305],[-3.523526670470985,57.31853235750672],[-3.523581973702546,57.318464306835736],[-3.524329928520254,57.3176567654332],[-3.525971865016758,57.31608639515148],[-3.526865842566631,57.31532356495538],[-3.527095579767428,57.31514774288483],[-3.527187818841305,57.31507581315426],[-3.52725538780955,57.31502351897427],[-3.527539934952862,57.3148049524866],[-3.527540608809926,57.31480520932658],[-3.527737529516608,57.314655409997464],[-3.527849586924749,57.31457256635613],[-3.527974496027614,57.31448143429047],[-3.52861474944714,57.31402041905858],[-3.52898139048687,57.31376605468786],[-3.529136767648675,57.31366215985663],[-3.529507506334324,57.31342288554532],[-3.530264115114617,57.31295145091409],[-3.53064998515821,57.312719290503786],[-3.530696544298769,57.31269223859523],[-3.532095173970155,57.31196907966755],[-3.535038255618547,57.31061567580249],[-3.536582711932717,57.309985427995926],[-3.537227528819551,57.30975288931604],[-3.537716781128289,57.309583066080975],[-3.538705960410351,57.309252788678634],[-3.539205887536828,57.309092334426694],[-3.539385129943112,57.309037077489066],[-3.540171688928745,57.308771404612685],[-3.541282764068495,57.308427588648],[-3.541920508142702,57.3082475256126],[-3.543110509579837,57.307943373091206],[-3.545531245522348,57.30738701603615],[-3.546761982175331,57.30713481079911],[-3.5475030113888,57.307000875315545],[-3.548335843540855,57.30686337375472],[-3.549571050908576,57.30667845053056],[-3.549665056431023,57.30666303130333],[-3.550224622876144,57.30657414414355],[-3.550505126529082,57.30653102992914],[-3.551237988604933,57.306422139786505],[-3.552503143922389,57.30626268145216],[-3.555052593618341,57.305997768383406],[-3.55633689150316,57.30589231325958],[-3.556906935433194,57.30585779065021],[-3.558629951178681,57.305802310271126],[-3.561686056816724,57.30579001621908],[-3.561816653072679,57.30573253316941],[-3.562158927590978,57.30558969990157],[-3.563477265610026,57.305092682697584],[-3.566196460148175,57.304169931042466],[-3.567597319816192,57.30374419479264],[-3.568175466019746,57.30358790102498],[-3.56825635889324,57.30356618108024],[-3.568418361517538,57.30352297960272],[-3.568499471269122,57.30350149806966],[-3.570098412250868,57.303080924984776],[-3.570701947427593,57.30293017932034],[-3.571919672712082,57.30264188245327],[-3.572533863167667,57.30250433114627],[-3.572636025960286,57.302482737525544],[-3.574063758228462,57.30187586172608],[-3.579763970385468,57.300301824151354],[-3.582755415350902,57.299664845467376],[-3.582968982949942,57.29963187950441],[-3.584414891340931,57.29944613889988],[-3.587331569675267,57.299145380226214],[-3.588802345682708,57.29903036146601],[-3.589257063614046,57.299005989165614],[-3.58981158040856,57.29898133984106],[-3.590921826890091,57.298942111690586],[-3.59147755687773,57.29892753285253],[-3.592517314031237,57.29890970207762],[-3.59258596070505,57.29890860152953],[-3.592723261864674,57.29890655413621],[-3.592765171066615,57.298905976151815],[-3.592811428333095,57.29880664092084],[-3.593465960048255,57.297705671138274],[-3.595204113589481,57.295320560728996],[-3.597727330571442,57.2929751980396],[-3.601031669708198,57.29075850652664],[-3.602847026551848,57.289721501473714],[-3.603294413607251,57.28950359646564],[-3.603295032226842,57.28950332927538],[-3.604479465154506,57.288797605071665],[-3.607055480137773,57.28742171616555],[-3.608412908316841,57.2867718981038],[-3.60917629176088,57.28644486525383],[-3.610953946253777,57.28578039614731],[-3.614653457582778,57.284582105201984],[-3.618608944795837,57.28365419499202],[-3.619005501238226,57.283592790603976],[-3.62008567091274,57.28284929172351],[-3.62065097969614,57.28248082587979],[-3.620691842152894,57.28245559209176],[-3.620819876437956,57.28237744826822],[-3.621077613021209,57.28222197200498],[-3.621207315317911,57.28214463956189],[-3.621457309136365,57.281997315069404],[-3.621714571041852,57.2818491096995],[-3.622235219810117,57.281555890461014],[-3.622498606668332,57.281410876567236],[-3.622795000112943,57.28125134249586],[-3.623203163764783,57.28103901802388],[-3.624032615939256,57.280622031053504],[-3.624453904482844,57.280417368468875],[-3.624786918645693,57.2802610576463],[-3.625766302080592,57.27983541292642],[-3.627781659545379,57.27902545486797],[-3.628817634563565,57.27864114062419],[-3.629127955455108,57.27853513677155],[-3.629377799961869,57.278455440909674],[-3.629619285218204,57.278046747105506],[-3.629807981401902,57.27774583347779],[-3.62981114934336,57.2777410605307],[-3.62758113358444,57.27709096901663],[-3.622962819787188,57.275097599053545],[-3.619074128835323,57.27269051548173],[-3.616039314617228,57.269946724404086],[-3.615939065299958,57.26980277783666],[-3.614559366167949,57.2683304487918],[-3.61419042213188,57.267684988282724],[-3.613730604866868,57.267166298704936],[-3.613485846673066,57.267109937968655],[-3.612507750845499,57.26686406106232],[-3.612169995733732,57.26677180542093],[-3.611688908021213,57.26663499458162],[-3.610735277106877,57.26635289943481],[-3.610262734219646,57.26620761531748],[-3.610176549269851,57.26618009602253],[-3.6100231141251,57.26613049762493],[-3.609717240636736,57.2660304071772],[-3.609564802297972,57.26597991512946],[-3.609159865640016,57.26584415704273],[-3.609034450186043,57.26580168974975],[-3.608784324419383,57.26571615025567],[-3.608659614109247,57.26567307805592],[-3.608403373422646,57.26558370398938],[-3.608065710794921,57.26546274465405],[-3.607395944082608,57.26521639225035],[-3.607063840043005,57.265090999211175],[-3.606898330672524,57.26502686624576],[-3.606634492044135,57.26492248661553],[-3.605688787489819,57.26454054059115],[-3.605122596838306,57.26430135643337],[-3.605064490466075,57.264275694047456],[-3.604904913816478,57.26420431465821],[-3.604587419314186,57.26406048149898],[-3.604429501464455,57.26398802773316],[-3.604271896924673,57.263914797157625],[-3.603974693290592,57.26377333143625],[-3.603386608000263,57.263486595289855],[-3.603095726356718,57.26334132489416],[-3.603045395848882,57.263315580335174],[-3.603033107329439,57.26330928820067],[-3.603008542153753,57.26329669713943],[-3.602996265497511,57.263290398212746],[-3.602908806696583,57.263245478750164],[-3.601223508673322,57.26223804812277],[-3.598153155363773,57.26009682303761],[-3.596768091593964,57.25896303559903],[-3.596696168069225,57.25889318980273],[-3.596370556079986,57.25856080149089],[-3.595745328764035,57.25788892251878],[-3.595445713216135,57.25754943199229],[-3.595346831249799,57.25743108045902],[-3.595109599944575,57.25713290507558],[-3.594655191727647,57.25653210053011],[-3.594438014545718,57.25622947144218],[-3.594356687106742,57.25610978225839],[-3.594297316532134,57.25602096886554],[-3.59415898028003,57.25581057953154],[-3.594089955978111,57.25570346784225],[-3.594042124356404,57.25562770865061],[-3.593893193028228,57.25538016066817],[-3.593608638732404,57.254882828445325],[-3.593473015603049,57.25463304423608],[-3.59343343832277,57.2545560480798],[-3.593102443218682,57.25378072077442],[-3.592714827259742,57.25264589847655],[-3.592683200221338,57.252654084343234],[-3.592625954798238,57.252668106932155],[-3.592344762361327,57.252735291380844],[-3.591780124309943,57.25286682076701],[-3.591496678730659,57.25293116569414],[-3.59144922597751,57.25294165862458],[-3.590783667608428,57.25307985519389],[-3.589442188589457,57.2533405989999],[-3.588766268433179,57.25346314612295],[-3.588720188561255,57.253470907402615],[-3.588258720770983,57.2535446680488],[-3.587970950647193,57.253588213303836],[-3.587921924538831,57.25359681855863],[-3.587426260920303,57.25368827948687],[-3.587133045911573,57.253740736081795],[-3.587089936679799,57.25374820766333],[-3.58705109700866,57.25375491071601],[-3.586973387322217,57.25376826498896],[-3.586934517307009,57.25377491620915],[-3.586669740046114,57.25382002903466],[-3.58635195253651,57.25387228248727],[-3.585582481826802,57.25399425228287],[-3.585185416882252,57.2540542942541],[-3.585051971004519,57.25407350660569],[-3.584748582281405,57.25411552620688],[-3.58414039235177,57.25419644883882],[-3.583835591091787,57.25423535187555],[-3.583691201407749,57.254253001996815],[-3.583481077502096,57.25427966072859],[-3.583355773520126,57.25429528041389],[-3.583221708655639,57.25431169551567],[-3.583096282362006,57.25432677605005],[-3.582845217539034,57.25435640929791],[-3.582719579013086,57.25437096201095],[-3.582426932639765,57.25440421636773],[-3.582240998578657,57.25442474271264],[-3.580926233168979,57.25456563505584],[-3.579946054991383,57.25465420384813],[-3.579852029209939,57.25466113643149],[-3.578957966180195,57.25471370640021],[-3.578938383330289,57.25471456716944],[-3.578916480010319,57.25471717915786],[-3.577794037530829,57.254829216703925],[-3.57768830933593,57.25483774111812],[-3.576663759278412,57.254902750595726],[-3.575766060213609,57.25494440324207],[-3.572602554391449,57.255337301079834],[-3.567418513846008,57.255528076343296],[-3.562089495992585,57.2552683446765],[-3.55690790957142,57.2545455854312],[-3.552009845629745,57.253378782432605],[-3.547523921514656,57.25179857743351],[-3.545257823014809,57.250680410767345],[-3.543360528009842,57.249914201704875],[-3.541217845252914,57.24885382594354],[-3.539138989960185,57.24868118199729],[-3.538358269262374,57.24859858331955],[-3.534841647856226,57.24866291417574],[-3.533891498050552,57.248604167869665],[-3.530119756023799,57.2487345961873],[-3.524866840825932,57.2484595814002],[-3.51976193087466,57.247734424971796],[-3.51493548644757,57.246577659144656],[-3.510510817653969,57.24501884516196],[-3.509430433832095,57.24448805647508],[-3.509005904769713,57.24433066883651],[-3.508963761231452,57.244313206975754],[-3.50738466146988,57.24356870982658],[-3.50575210338853,57.242694848429906],[-3.505833073296015,57.2426503879877],[-3.505477310125121,57.242454504074566],[-3.504338363920451,57.24195587073087],[-3.50417699346803,57.24185896942955],[-3.504163973590169,57.241851141866114],[-3.503742834838189,57.241597651389775],[-3.503019178227003,57.241131152214784],[-3.502993603330745,57.241113481092064],[-3.502572687583152,57.24080962082944],[-3.501754960398299,57.24019251470202],[-3.501358148837497,57.2398792690347],[-3.501229555382869,57.23977300604868],[-3.501005361060587,57.23958256176375],[-3.499824616146989,57.238551146937304],[-3.498843181872858,57.23738806194648],[-3.498713705116486,57.23731521363859],[-3.498679490261628,57.23728866067948],[-3.498117459299178,57.23682231578479],[-3.4980458733989,57.23675869112246],[-3.497809569485502,57.23657707166642],[-3.497688694741888,57.236470187518364],[-3.497106424827031,57.23598274766033],[-3.496625355,57.23562006431539],[-3.49659960512504,57.23559790196365],[-3.49572067786384,57.234741002923144],[-3.495607414808354,57.23461481519795],[-3.495050096842151,57.234122187635855],[-3.495046095945157,57.234118828876895],[-3.494789842542192,57.23389665683184],[-3.494632001719832,57.23375526002934],[-3.494614438722656,57.233739571857704],[-3.494560648423343,57.23368918927386],[-3.494449267235606,57.2336063853571],[-3.494307908618155,57.23349966371329],[-3.494289101587807,57.233485243434394],[-3.49415616880823,57.23338178397943],[-3.493892996950814,57.23317386279504],[-3.493762757824554,57.23306940108617],[-3.493744599045281,57.23305461365695],[-3.493592390672904,57.232928378917165],[-3.493291907269699,57.2326745406304],[-3.493143632223293,57.2325469370929],[-3.493126456950263,57.23253187734016],[-3.492989637084237,57.232409748199],[-3.492719600295217,57.2321643244418],[-3.492586383357067,57.232041029833574],[-3.492570194440905,57.232025769613664],[-3.492420901507413,57.23188200121154],[-3.492127214114721,57.231593000846644],[-3.491982819629222,57.23144776889545],[-3.49196760985327,57.23143212861502],[-3.491838285758346,57.23129635664548],[-3.491583918501092,57.23102363869121],[-3.491458875315537,57.23088669271529],[-3.491444822154999,57.23087096675992],[-3.491286111414222,57.230688151355615],[-3.490976317900441,57.230320629879806],[-3.490825235068052,57.2301359238274],[-3.49081336684424,57.23012096245981],[-3.490674927390372,57.22994108977373],[-3.49040528199242,57.22957975701],[-3.490274075989715,57.2293982969482],[-3.490263353481945,57.22938298053345],[-3.490113733376563,57.22916045795305],[-3.489825369234302,57.22871334985061],[-3.489686625082785,57.22848876435424],[-3.489677558419006,57.22847341925866],[-3.489515143257294,57.2281815815661],[-3.489208673755253,57.2275950842391],[-3.489064619148485,57.227300424651254],[-3.48905753221224,57.227284867364006],[-3.488898051586925,57.22689836443004],[-3.488610669961708,57.22612192014644],[-3.488482768327655,57.22573197887342],[-3.488478334838881,57.225716488918536],[-3.488384318413989,57.225333964476725],[-3.488226671065392,57.224567077750194],[-3.488163039427398,57.224182715557944],[-3.488161089874855,57.224167205134385],[-3.488125649526602,57.22372466783859],[-3.488095035630853,57.22283918325785],[-3.488099861115218,57.22239623598304],[-3.48810134389003,57.222369932929894],[-3.488093255077759,57.22208882114129],[-3.488100569838826,57.22164713603899],[-3.488104383549259,57.22158554064539],[-3.488141924652296,57.221211681498566],[-3.488245693842609,57.220465136408905],[-3.488311921350573,57.220092450442756],[-3.488332667559245,57.21999665370055],[-3.488339812420032,57.21996282997546],[-3.488344251579727,57.21994202938076],[-3.488353219260726,57.21990043386068],[-3.488357747781933,57.21987963893532],[-3.488370766345953,57.21982044992607],[-3.48840729253285,57.21965474651277],[-3.488981980642853,57.218151936074975],[-3.490693384601304,57.21504140968193],[-3.493412247996534,57.212149817441905],[-3.497048882576262,57.20957230391283],[-3.501131931369418,57.20756638214078],[-3.501921125489637,57.206548175356545],[-3.501958829256903,57.20650841841522],[-3.501973017061803,57.2064934770761],[-3.503884899812012,57.20448351767304],[-3.50394174627257,57.204424292622804],[-3.504056248397718,57.20430607344747],[-3.504113904060412,57.20424707932166],[-3.504710085654035,57.20364248522707],[-3.504826067497047,57.203526907598395],[-3.504998086945083,57.203358436406404],[-3.5050397133602,57.20331611255154],[-3.505193704013127,57.20315479027038],[-3.505295412252818,57.20304993791214],[-3.506258034299955,57.2020732097115],[-3.506363309224891,57.20196622086657],[-3.506372168193922,57.2019571578171],[-3.50640839912085,57.2019201963002],[-3.506426554235553,57.20190172699518],[-3.506918347189199,57.20140281595105],[-3.507745308717245,57.200653823857415],[-3.509529212567314,57.19920294266774],[-3.510486151706683,57.198501051581964],[-3.511251602700547,57.197993204339554],[-3.511312742475647,57.19795287942313],[-3.511435452532067,57.197872423143934],[-3.511497022813076,57.197832291780735],[-3.512238733174899,57.19735168572915],[-3.513086746713308,57.196842979133834],[-3.515429789227343,57.195540936963525],[-3.518610882794829,57.19416202417332],[-3.522486935990775,57.1928703237298],[-3.524507011045888,57.19229707373845],[-3.543888123988975,57.18768769246709],[-3.551969922043822,57.18329131379791],[-3.552126725724649,57.182011971256344],[-3.552130773868125,57.18197899960719],[-3.552508857581178,57.18057775267493],[-3.553665765667297,57.17782497410768],[-3.555604749619461,57.17520513916233],[-3.558277453907849,57.17278335222869],[-3.561617363766745,57.17061976775008],[-3.565541419263002,57.16876812140224],[-3.569952089743171,57.167274394282224],[-3.574739798882694,57.16617567343504],[-3.578385259763751,57.165686995144355],[-3.579153741173797,57.165200653174416],[-3.579181025185388,57.165186267186115],[-3.580044068344955,57.16476220822899],[-3.581822862914096,57.163948104979276],[-3.582738614769945,57.16355805993987],[-3.582763510253448,57.16354820443192],[-3.583507689242784,57.16327018167208],[-3.585022848927208,57.16273661800765],[-3.585793830567237,57.16248107693111],[-3.585835147771484,57.16246821006808],[-3.587294846806546,57.16206444143367],[-3.587431921108481,57.162031061152916],[-3.589375535387571,57.16141454433837],[-3.590782032669769,57.16101624336997],[-3.590812705313452,57.16100855005248],[-3.592070896517705,57.16073757639766],[-3.592160819690029,57.16071304917915],[-3.592425447030768,57.15982069027561],[-3.594233039462185,57.15694866779496],[-3.596907347750159,57.154283862608374],[-3.600371345461897,57.151902855563826],[-3.604369079637595,57.14995038917941],[-3.600533794165698,57.15148872042457],[-3.595645360979621,57.15283535377388],[-3.590413471435544,57.153722618742115],[-3.584983145214591,57.154125917073976],[-3.582696688115531,57.154191176470164],[-3.581501543573253,57.154422927227365],[-3.581222375780191,57.15446688605355],[-3.5796879753472,57.15465591093025],[-3.577342233111581,57.15507337023504],[-3.572022871713779,57.15576038128407],[-3.566567576841644,57.15595956657826],[-3.561126837297857,57.15566543020133],[-3.555850749095006,57.15488608588209],[-3.550884842424713,57.153643031482474],[-3.546366058355653,57.15197055330919],[-3.542418954318668,57.149914777017315],[-3.542115833154456,57.14969372774151],[-3.541918949320338,57.14984125045957],[-3.541637859102321,57.15003786770818],[-3.541596874888201,57.15006641619775],[-3.541288184994984,57.150280547975704],[-3.541068547892906,57.1504296119851],[-3.541020290674796,57.15046165885354],[-3.539525695650892,57.15132990833545],[-3.538542005086629,57.15183038232575],[-3.53822917535307,57.15205817112367],[-3.537980887377346,57.152189682065924],[-3.537832533749169,57.1522640136098],[-3.537594024532814,57.152451247355685],[-3.537275814395174,57.15269243045713],[-3.53721966152521,57.15273353885639],[-3.536792928437413,57.1530325643798],[-3.535916644198688,57.15362057681179],[-3.535467092917643,57.15390956356256],[-3.535370372831677,57.1539691452436],[-3.535149349009294,57.154102587347346],[-3.534702432817305,57.15436704284767],[-3.534476540477826,57.1544980562397],[-3.534379631286697,57.154553147344735],[-3.533539950513049,57.15499778017726],[-3.531804641525992,57.15585356190002],[-3.530909013561287,57.15626471001892],[-3.530876521631581,57.15627858299182],[-3.530725976973439,57.15634210088405],[-3.530423548319785,57.15646818857354],[-3.530271664327336,57.15653075836755],[-3.530214756599832,57.15655392230086],[-3.529532332839444,57.15681730474259],[-3.528143794951542,57.15732494707144],[-3.527437681206478,57.15756920669499],[-3.527380584555845,57.157587870539054],[-3.526844983084874,57.15775561586899],[-3.525875664986064,57.15804620375213],[-3.52586055979793,57.15803132536068],[-3.52568455900127,57.158103656554154],[-3.525570693770169,57.15813673209864],[-3.525288143990231,57.15821691261107],[-3.525249100123009,57.15822773313341],[-3.525155372240734,57.15825350497669],[-3.525022749373183,57.1582896842188],[-3.524870547313228,57.158330673650795],[-3.524137314898351,57.158525592418286],[-3.523724744091422,57.158631456208774],[-3.523610174604302,57.158659809787764],[-3.522977508272989,57.15880780991601],[-3.52170136280992,57.15908934949032],[-3.521057884091725,57.15922288882586],[-3.520885654184012,57.15925641335282],[-3.520452414008792,57.159337080430475],[-3.519581981740231,57.15949185752913],[-3.519144789783961,57.15956596752249],[-3.518964109725432,57.15959510863422],[-3.518796225209521,57.15962166156864],[-3.518459947948664,57.15967380034482],[-3.51829155521176,57.15969938618519],[-3.518160084013584,57.159718955158354],[-3.51777863667136,57.15977308241761],[-3.517013471635086,57.15987637508646],[-3.516629754017136,57.15992554051237],[-3.516547491324308,57.159935519466465],[-3.515956036265639,57.160001128234974],[-3.514769105916018,57.16012055949915],[-3.514173630987936,57.16017438195421],[-3.514107709691705,57.160179669918314],[-3.513415859758101,57.16022708675459],[-3.512029090265437,57.16030601188489],[-3.511334171293401,57.16033752014074],[-3.511127775562921,57.16034449927862],[-3.510797798770799,57.16035385863043],[-3.51013756635755,57.16036898908271],[-3.509807310800124,57.16037476018122],[-3.50957594196604,57.16037754531712],[-3.507172222704254,57.1603112265745],[-3.502408040269805,57.15998949449131],[-3.500047598828286,57.15973408356108],[-3.49996442240051,57.159721602211654],[-3.499723590667033,57.159684394039225],[-3.499242993452159,57.15960799852017],[-3.499003227994244,57.159568811177536],[-3.498978257096927,57.15956461757959],[-3.498324261599058,57.15944661459413],[-3.497025903164753,57.15919588975],[-3.496381540679758,57.159063167989196],[-3.496323155404153,57.159050379443876],[-3.496228214463845,57.15902785403842],[-3.493702126277473,57.15891885375516],[-3.492044448110057,57.158801216450655],[-3.492039427923528,57.158800718746605],[-3.490773180520589,57.15870292600008],[-3.488873304285085,57.15849378844184],[-3.488772195891429,57.158479257609656],[-3.486256271162897,57.15799661444992],[-3.48140033372249,57.15681751329949],[-3.481110316135874,57.156713840853755],[-3.481089966418093,57.156718297452166],[-3.480261918353303,57.156889797517515],[-3.479126745838057,57.15709960485275],[-3.47683136247332,57.157473917373785],[-3.475671154159144,57.15763842209711],[-3.475506615593111,57.15765831734172],[-3.475164568228289,57.15769761713201],[-3.475065189712931,57.15770843977889],[-3.473938990549272,57.157869763677034],[-3.472982608844388,57.157990367319734],[-3.472752143882358,57.15801553427237],[-3.47179033325437,57.15810459974625],[-3.469858704801287,57.158251717014195],[-3.468888888489234,57.15830976865298],[-3.468748597525281,57.15831589482215],[-3.467352636870165,57.15834466449636],[-3.464561228142996,57.15833800470843],[-3.463165785454198,57.15830257501726],[-3.463091242400694,57.1582989616468],[-3.462377010732272,57.158255815706646],[-3.460952679208464,57.15815268325079],[-3.460242579986204,57.158092696797404],[-3.460159597363927,57.15808467893419],[-3.457767739274546,57.15775177097207],[-3.453402699882886,57.15695107659463],[-3.45345140121409,57.15687268538647],[-3.453258801079152,57.15684198685744],[-3.453226662549362,57.156897480574166],[-3.45236073543778,57.15674938883998],[-3.451138818854661,57.15651136614454],[-3.451022088199695,57.15648577365417],[-3.449861251549593,57.15620255761767],[-3.44758316704026,57.15558840542863],[-3.446729449284231,57.155335530146715],[-3.445479079843837,57.155673235041725],[-3.444703083936783,57.15586936450541],[-3.444522886632949,57.155911859719104],[-3.442361920062646,57.15632729064607],[-3.43795488052211,57.156991579911754],[-3.435708825799356,57.157240435182835],[-3.435486253574166,57.15725645926372],[-3.434576778088863,57.157308067881424],[-3.432753960583834,57.15738385579968],[-3.432727602526469,57.157384553684935],[-3.432138777334329,57.15762561382896],[-3.42989373909245,57.158399226436785],[-3.429861033709237,57.15840858338006],[-3.429804316673015,57.15842480020158],[-3.428985440374587,57.15864346627353],[-3.427853144770881,57.15892500523403],[-3.427801221265762,57.15893855006831],[-3.427208231815003,57.159085491559885],[-3.427060121218228,57.15912029262201],[-3.427000738876282,57.15913463738357],[-3.426002754169657,57.15936872988993],[-3.425408838054911,57.15950066678153],[-3.424752784499059,57.15963839018932],[-3.42341378778025,57.15988427039119],[-3.42192058759057,57.160120314952536],[-3.421609245932641,57.1601770067097],[-3.421305221099464,57.160225363754485],[-3.420776642614056,57.16030428953653],[-3.420415970199289,57.16035466322924],[-3.420038906479474,57.160409672832024],[-3.419553868856978,57.16047459655881],[-3.419181843314158,57.16052192083307],[-3.419099552389506,57.16053184502159],[-3.418375519856531,57.160609986631066],[-3.417634992964183,57.160680604352436],[-3.417583843788233,57.160686166066796],[-3.416851742697258,57.16075650473691],[-3.416575979919597,57.16077953640293],[-3.416528526764703,57.16078319056869],[-3.415081094805757,57.16118055579158],[-3.414302048196115,57.16138074377906],[-3.414203740942892,57.16140432135447],[-3.413646012755599,57.16153151025487],[-3.412522354876567,57.16177470937009],[-3.41195642546863,57.16189071951038],[-3.411857943779812,57.16190979620825],[-3.410879649062311,57.162080867623416],[-3.410770293662651,57.16209797074092],[-3.411212471999534,57.16230609874602],[-3.411423195779892,57.16241153543686],[-3.411733684115031,57.16257096514782],[-3.412346982972886,57.16289412810797],[-3.412649793501097,57.163057861394485],[-3.412911636251331,57.16320314783018],[-3.413437738954858,57.163509000400175],[-3.41446316919849,57.16413368541084],[-3.414962496653126,57.16445251806962],[-3.415021892616034,57.16449228495159],[-3.415727568253565,57.16500054826881],[-3.417070936297661,57.16604294434031],[-3.417708627474449,57.166577078078745],[-3.417777154087098,57.16663919161733],[-3.417936863219706,57.16678713862009],[-3.418251056157352,57.16708466177443],[-3.418405539913824,57.167234237946666],[-3.418508694013994,57.16733638761869],[-3.418802368955696,57.16764087541385],[-3.41936807145564,57.16825573064558],[-3.41964009874894,57.16856609818062],[-3.419666067049917,57.16859724833634],[-3.420289629095514,57.16946148806177],[-3.420987400174704,57.17059819012785],[-3.421068440661005,57.170684973175554],[-3.421094961520375,57.170729583827374],[-3.42116624948244,57.17085250512675],[-3.421489612769815,57.17142434983744],[-3.421825418258309,57.17211488326315],[-3.421843691477843,57.172159587245396],[-3.421974880506517,57.17251410973325],[-3.422210888288987,57.173225735291425],[-3.422315706556729,57.173582838413566],[-3.42235463941843,57.17373513424382],[-3.422318610116614,57.17475921589452],[-3.422534273893367,57.17569179112164],[-3.422630947841758,57.177372001916595],[-3.422611509635249,57.17754076702664],[-3.422608687027729,57.17756576858587],[-3.422402521812999,57.17842924193611],[-3.422430864136052,57.17854294153214],[-3.422438038087804,57.17857465471155],[-3.422490286538573,57.178837538482036],[-3.422557855224016,57.179231806884964],[-3.423623451710566,57.180176954808935],[-3.426311461805818,57.18297409761263],[-3.427395225322254,57.18438184595841],[-3.429108525992707,57.18727662401656],[-3.429894917695973,57.19028709446709],[-3.429731491967038,57.19332640406351],[-3.428622730831441,57.19630684462242],[-3.426600411074355,57.1991423856339],[-3.423722711470146,57.20175116035846],[-3.420072568377005,57.2040578330956],[-3.418066177962477,57.205126688132],[-3.413145197592014,57.2073354032792],[-3.413101201774322,57.207355153648436],[-3.410811339862891,57.208217754039325],[-3.405997046049528,57.20972206111106],[-3.400785506427189,57.21076642819532],[-3.39532469749206,57.21132119770033],[-3.389769715788034,57.211370609514745],[-3.384278337138608,57.210913258706526],[-3.379006523342873,57.20996213105739],[-3.374103976015782,57.2085442411251],[-3.369709865130607,57.20669985416737],[-3.368660876319873,57.20608111990726],[-3.368374995049148,57.20593488861616],[-3.368172732392838,57.205829659265454],[-3.368128831837734,57.205806429210995],[-3.367792397396367,57.20562320112251],[-3.367670668308322,57.20555496720269],[-3.36767653218773,57.205551886192886],[-3.367623700842157,57.20553016022688],[-3.367465213092017,57.20544061443164],[-3.367105463712436,57.20523811501127],[-3.36680283738026,57.20506314837102],[-3.366761539310686,57.20503862276965],[-3.36652625760654,57.2048958685094],[-3.36606136184731,57.20460766844926],[-3.365831747782483,57.20446222267033],[-3.365775782843406,57.20442599756242],[-3.365750267705889,57.204409459641454],[-3.365685968463532,57.204367708606384],[-3.36566615006048,57.20435481415858],[-3.365626557747551,57.2043290051683],[-3.365606783837663,57.20431609062581],[-3.365551143652315,57.20427968220588],[-3.365536047336436,57.20426978945577],[-3.365505880812094,57.20424999224322],[-3.365490810603627,57.2042400877808],[-3.36543550191933,57.20420368468708],[-3.365401742722284,57.204181392138935],[-3.365334356585135,57.20413674826878],[-3.365300729644981,57.20411439694684],[-3.365182609440183,57.204035625990954],[-3.365147193808004,57.20401192612317],[-3.36507651123935,57.20396446119479],[-3.365041244302809,57.20394069613423],[-3.364924102116277,57.203861483069836],[-3.364745909089978,57.203738815725046],[-3.364586007347662,57.20362674836182],[-3.364316034356869,57.203451698416],[-3.364149271644348,57.20334181095777],[-3.364089868283221,57.20330202890059],[-3.363524423167711,57.20290078680941],[-3.362523484745241,57.20214749921444],[-3.36117087778283,57.20181684029755],[-3.360612000312058,57.20172746844343],[-3.360411468205751,57.20167574769976],[-3.359768292117896,57.20147394173704],[-3.359698249778988,57.201456817482196],[-3.358888317600302,57.20122574588763],[-3.35859110010025,57.20118550788901],[-3.3585078770148,57.20117293288063],[-3.356725557444687,57.200843252984484],[-3.354463714481844,57.20034519800609],[-3.354034566081172,57.200253730336655],[-3.353153860496842,57.200056585916705],[-3.351539901096337,57.19963854822603],[-3.351481337405759,57.199621211052666],[-3.351137045034795,57.199516375026825],[-3.350453171458438,57.199302272208705],[-3.350113590351948,57.19919300543302],[-3.350021446317123,57.19916254401054],[-3.348026420258254,57.19835492853347],[-3.346548213485641,57.1978717937214],[-3.345682627895832,57.19756855285349],[-3.345543246986466,57.197516316124876],[-3.344933982450668,57.197292985803905],[-3.344254744290588,57.197030230445016],[-3.344061552680118,57.1969514355823],[-3.343581471545428,57.196748017673606],[-3.342635440811042,57.19633172416494],[-3.342169491297249,57.19611884867059],[-3.342076873503003,57.19607492867388],[-3.34178290001317,57.19593213374102],[-3.34120131443299,57.195642778114795],[-3.340913702352947,57.19549621745068],[-3.34069439296725,57.19538176094203],[-3.340023318136263,57.19501063957009],[-3.339934653119522,57.19495867767897],[-3.339665218185125,57.194813997392586],[-3.339538544804336,57.19474346943773],[-3.339179156660765,57.19453693403402],[-3.338472605105507,57.194117793100006],[-3.338125441673284,57.193905187638165],[-3.337845996063275,57.19372849814568],[-3.337834398906069,57.19372115738556],[-3.337811219171255,57.19370646908777],[-3.337799636593647,57.19369912155012],[-3.337604853461885,57.19357542335046],[-3.336902359137449,57.193097241020745],[-3.335125399961644,57.19179929392994],[-3.334262261227464,57.19110305818817],[-3.334108370809044,57.190965452058535],[-3.334094199660322,57.19095275676672],[-3.334065896057163,57.190927353479836],[-3.334052888064033,57.1909156566081],[-3.334051507495149,57.190914683984595],[-3.334000542471683,57.19088977940327],[-3.333941174964639,57.19084999168368],[-3.333745183290601,57.19071605067187],[-3.333357938005887,57.190446165567046],[-3.333166684382117,57.190310221488716],[-3.332971286703318,57.19016855393571],[-3.332610586351176,57.18988753892802],[-3.332238368695885,57.18962135494614],[-3.331906247557529,57.18936540667185],[-3.332182216827701,57.18979552684847],[-3.332374259329367,57.19011381646632],[-3.33239193158113,57.19014506367701],[-3.332700436801571,57.190769896756926],[-3.332743996629751,57.1908728041166],[-3.332895941073982,57.19113360833632],[-3.332913776629099,57.191169363676764],[-3.333358106370407,57.192389532148866],[-3.333932096332637,57.19485148960676],[-3.334061736852935,57.1960932814953],[-3.334058483267358,57.19623256657036],[-3.33405244694876,57.19638666989708],[-3.33403550356719,57.19669479766154],[-3.334024596463894,57.19684882209924],[-3.334012908811657,57.19698370486853],[-3.333951918132106,57.19728126524963],[-3.334032569513304,57.19739969663197],[-3.334801803640253,57.198936269630245],[-3.334828203440523,57.19901657438684],[-3.335006000509841,57.19971486716984],[-3.335077908358399,57.200111516751214],[-3.335413718319501,57.20128523944025],[-3.335415466184453,57.20130706505959],[-3.335476347964065,57.20151615851578],[-3.33567604656834,57.20274231507117],[-3.335676857137635,57.20276476622257],[-3.335671280999211,57.20286650656366],[-3.335766470522895,57.20337041031666],[-3.335849597721479,57.20411052320404],[-3.335855272444818,57.20426767223513],[-3.335806696103815,57.205153442256226],[-3.335801647985835,57.2051880036746],[-3.335796398941202,57.205416506043186],[-3.335791692557428,57.20551538810516],[-3.335736156222903,57.206054254114946],[-3.33568372100792,57.206384625696764],[-3.33548383789181,57.20720246568453],[-3.335476374187681,57.207225004866636],[-3.335475413174526,57.20722697950235],[-3.335339749421031,57.20779693651205],[-3.33531735767201,57.2078645540284],[-3.335228568684425,57.20811258092123],[-3.335100199617834,57.20844604147773],[-3.334993279214324,57.20843392163519],[-3.334767822288693,57.20933578076508],[-3.334563121347494,57.20970889331456],[-3.334528248815449,57.20982306748515],[-3.334520621652544,57.20984110739401],[-3.334510224843686,57.20986554154777],[-3.33433803488029,57.21026764913783],[-3.334058877043638,57.210640425183094],[-3.334198830143691,57.2108564827384],[-3.33433769315473,57.21103162137033],[-3.334796062081888,57.21167712077209],[-3.334866316453748,57.21178868129092],[-3.33527049453839,57.212534530310265],[-3.335987931804227,57.21410685543021],[-3.336467132533722,57.216023632433064],[-3.336577825124221,57.21825250566043],[-3.336505195711532,57.21936881362633],[-3.336491400981662,57.219445323466026],[-3.336013047819371,57.2208810654189],[-3.335675576681035,57.22156889097246],[-3.335648004684725,57.221564910413285],[-3.335387833489891,57.22216768609226],[-3.335356085522158,57.22222004594505],[-3.334634025112541,57.223691590114086],[-3.333761939428499,57.22503167354864],[-3.333575110188137,57.22525949372735],[-3.333005598757832,57.225961015916425],[-3.330841317972635,57.227911131385625],[-3.32725392391726,57.230372314073705],[-3.322928655795269,57.23245576248996],[-3.317998481254312,57.234097371782276],[-3.312615053903222,57.235246621252465],[-3.309709506715918,57.23556509136606],[-3.308912885300216,57.235723027780026],[-3.304786448150072,57.23616126349016],[-3.304720820578513,57.236168157561835],[-3.3045895145924,57.23618180193866],[-3.304523836178338,57.23618855224372],[-3.301817623362659,57.23646359374993],[-3.299085240299302,57.23714773275424],[-3.294174872481071,57.23790701254054],[-3.291964628767829,57.238055182917314],[-3.2918841420941,57.238134092401516],[-3.290826330474642,57.23903910292388],[-3.290802113258136,57.23905731944498],[-3.290452172211377,57.23926421449152],[-3.289963854141754,57.23987831326554],[-3.288706647681507,57.241162185007234],[-3.288690553474978,57.24117582584403],[-3.288323645212804,57.24144638780542],[-3.288356376916338,57.242979815652724],[-3.287614612266167,57.246959460461426],[-3.286829802471412,57.24892661264521],[-3.282964497719063,57.255138432485715],[-3.282940657963854,57.25522789979396],[-3.282933453807791,57.25525465126385],[-3.282918896931569,57.25530814233073],[-3.2829115442112,57.255334881927716],[-3.28279057927823,57.25577029339984],[-3.282078234908487,57.257347943125495],[-3.28014073109652,57.2604079123103],[-3.277217624550061,57.263228728637415],[-3.273404342516604,57.265718095462745],[-3.270994454835603,57.266811002854084],[-3.270122599071216,57.2675741113908],[-3.268604418261272,57.26852322597462],[-3.268620440637838,57.26900934162627],[-3.26782332154966,57.27192565131978],[-3.266153355780733,57.274731541168265],[-3.264635903868026,57.27632295970746],[-3.271026520854846,57.274773651034934],[-3.271059610165555,57.27476564090435],[-3.271076892643772,57.27476146415689],[-3.273681547934063,57.274268476956784],[-3.279005536352631,57.27352309930466],[-3.284483864282181,57.27326599424104],[-3.289965081103719,57.27350426600481],[-3.295297647844185,57.274231330086785],[-3.300334126247523,57.27542708497802],[-3.304935234152937,57.277058469096076],[-3.308973669293976,57.27908036974215],[-3.312337643115243,57.28143686873738],[-3.314933971375077,57.28406278321208],[-3.316690656448648,57.28688546507945],[-3.31732942429282,57.289049483448714],[-3.317503854715703,57.28931241342233],[-3.318478140862735,57.29219384166659],[-3.318571648295043,57.295122719472786],[-3.318419070745462,57.29568245459617],[-3.319448166757136,57.2970928988083],[-3.3205446704066,57.2995819803312],[-3.320815164551938,57.30118332899128],[-3.320949954545443,57.301332356105945],[-3.322532367695111,57.304115904707466],[-3.323260247721084,57.30700148027842],[-3.323213798781106,57.30792706070216],[-3.323258870104084,57.30824527345608],[-3.323269423719996,57.30832436265903],[-3.323289240512267,57.308482588399336],[-3.323298503683088,57.30856172493693],[-3.323312716705182,57.308692279355064],[-3.323322295610119,57.30876908984159],[-3.323344340477146,57.30976355663851],[-3.32326527233869,57.31074892832141],[-3.323482655061432,57.31150932880396],[-3.32339790828765,57.31452497104704],[-3.3223785731696,57.31749010371398],[-3.320453377277149,57.320320527824094],[-3.317676798357005,57.32293585309996],[-3.314127539489188,57.325261779403704],[-3.309906316636912,57.32723221663396],[-3.305133001320876,57.32879116767957],[-3.302624362677226,57.329461430254916],[-3.302327926179111,57.329524440968584],[-3.302183429318259,57.32955546705927],[-3.301296085404026,57.32973036362354],[-3.299504424961111,57.33005257241318],[-3.298600110014263,57.33019988426473],[-3.298170466468154,57.330262721390426],[-3.296706714722887,57.33043885737603],[-3.29375576633366,57.330718948053615],[-3.292268575335133,57.330822902168876],[-3.292011523777798,57.330834517230315],[-3.291478310702026,57.33085394232661],[-3.29136355057872,57.3308571205344],[-3.291130717746114,57.33086791931276],[-3.290742127595578,57.330872028567335],[-3.289667934224158,57.33098740268638],[-3.288987811072621,57.33105252660945],[-3.288623456948672,57.33108320140287],[-3.287506820950635,57.33115635460756],[-3.285266943818449,57.33126158402558],[-3.284143705747386,57.33129366020766],[-3.284052380742036,57.331294592471245],[-3.282682657566985,57.3312779969623],[-3.279950410320111,57.33118375612766],[-3.278587890729096,57.33110611093325],[-3.27843798255339,57.3310941681805],[-3.27778339486698,57.331034765929004],[-3.276479137809834,57.33090185223686],[-3.275829468918772,57.330828340844306],[-3.275762740002962,57.33082003404487],[-3.275662119182011,57.33080732971945],[-3.275461025840109,57.33078158248421],[-3.275360553320895,57.33076853957463],[-3.275202033477826,57.330747678740686],[-3.274117560652186,57.330583708766966],[-3.273943321653969,57.33055388363395],[-3.272933671583674,57.33045900262734],[-3.271633707640812,57.3303076013333],[-3.271483494508325,57.33028666982358],[-3.271075541946198,57.33022681800293],[-3.270262589420999,57.330101514263454],[-3.269857589571162,57.33003606236294],[-3.269782406392514,57.33002334596235],[-3.26867040835411,57.329811543242094],[-3.266477037555341,57.3293457728146],[-3.26539566715048,57.32909180574824],[-3.265278360344256,57.32906153428363],[-3.264866901791651,57.32895155380254],[-3.264049768543069,57.328725480798326],[-3.263644093948794,57.32860938831227],[-3.263526636561578,57.32857464292916],[-3.26230856552943,57.328176724575975],[-3.259939960700362,57.3273259106611],[-3.25878942892486,57.32687301635734],[-3.258401731778824,57.32670619902456],[-3.2581692104063,57.32660428499812],[-3.257707604886858,57.3263982055347],[-3.257478520749321,57.326294040110206],[-3.257402582703343,57.32625887400339],[-3.256448974666299,57.3257810272969],[-3.254613858032483,57.32478642790491],[-3.253732349355848,57.32426967623953],[-3.253537149402409,57.32414585201396],[-3.25178702741778,57.322804317192386],[-3.251709341173481,57.32273142693032],[-3.25140036865657,57.3226289791438],[-3.251117308009661,57.32253298937786],[-3.251087059969634,57.32252250100514],[-3.250444381650021,57.322288024453755],[-3.249179980904712,57.32180308981994],[-3.248558258757743,57.32155263194667],[-3.248442010490756,57.321503478006896],[-3.248311464733369,57.32144770613056],[-3.248051413822622,57.32133545721622],[-3.247921908671128,57.32127898018037],[-3.247899993749159,57.32126932469746],[-3.247856169485591,57.32124994885763],[-3.24776864344324,57.32121111642531],[-3.247724941664523,57.32119165983295],[-3.247665927729977,57.321165294617046],[-3.247404384413232,57.321045972821764],[-3.24688590318422,57.32080443743738],[-3.246628965282985,57.32068222386713],[-3.246606848256532,57.320671483158385],[-3.246228327870571,57.32048183299475],[-3.245482373472158,57.32009625833233],[-3.245114939472513,57.319900333898886],[-3.245071285891945,57.31987632183655],[-3.244195131728049,57.31935495916417],[-3.242521134827403,57.31827666402412],[-3.241723291442148,57.317719732592806],[-3.241653428925399,57.31766679961411],[-3.241525749465548,57.317568680437425],[-3.241272826746714,57.3173715275838],[-3.241147583481097,57.317272493911744],[-3.241033415470258,57.317180910467854],[-3.240946993138871,57.31711087779321],[-3.240775366754755,57.316970376978425],[-3.240690162699451,57.316899908839936],[-3.240674957124113,57.31688720340591],[-3.240428237121233,57.31667459361422],[-3.239945883705815,57.31624572477643],[-3.239710250194473,57.31602946570994],[-3.239670288864233,57.31599158970308],[-3.239360625516771,57.315684329693035],[-3.238763671407846,57.31506351354006],[-3.238476380375241,57.3147499575041],[-3.238342199533472,57.31459604307437],[-3.23777835205176,57.3135495493747],[-3.236810824308556,57.31235699682413],[-3.235773233697877,57.31061322235604],[-3.2357514506176,57.31055773837035],[-3.235531263965258,57.3098642660474],[-3.235191897754421,57.30847012101269],[-3.235072714849569,57.30776944887777],[-3.235070182084238,57.30774342145312],[-3.235057601172579,57.30758877118409],[-3.235037366224185,57.307279376256616],[-3.235029712145944,57.30712463159918],[-3.23502917010524,57.307108466527346],[-3.235026443746174,57.30693801166569],[-3.235026968554334,57.30659710461978],[-3.235030219665978,57.30642665243581],[-3.235032818865179,57.306355656828764],[-3.235111697866348,57.30564107332348],[-3.235374336876732,57.304217574841935],[-3.235528039318893,57.303624605522565],[-3.234702395529596,57.30232221621723],[-3.233805753358773,57.29953029174094],[-3.233734029527108,57.296696759204686],[-3.23448883422122,57.293892575407],[-3.236051083890016,57.291187946793094],[-3.237030357781142,57.28986919038511],[-3.239830210400782,57.28682043028942],[-3.241315640328001,57.28550121192847],[-3.241364479314163,57.28546521578233],[-3.236372782485416,57.28574879743567],[-3.235737461614662,57.285728003583],[-3.235709021844575,57.285734305304835],[-3.234787532410595,57.28591632244648],[-3.234322141557621,57.2860320162849],[-3.233015092819678,57.28632112590485],[-3.232832613146854,57.28635666011443],[-3.232582556564643,57.286408104589064],[-3.231592353396039,57.286592665368296],[-3.231185449937894,57.28666080452116],[-3.23112705726913,57.28667725770487],[-3.229573163590898,57.286958623790625],[-3.226427764985278,57.287348886718874],[-3.220056812335633,57.287792023842826],[-3.216831311316236,57.2878448895757],[-3.214639295426672,57.287765000533476],[-3.213518895598879,57.28770340590404],[-3.211288409613475,57.287539165547784],[-3.210178325887501,57.28743651998974],[-3.210160675269075,57.2874345517826],[-3.210104535515307,57.28742823687686],[-3.209992296711103,57.28741550195051],[-3.209936197660974,57.287409081929965],[-3.209845601842432,57.28739862540958],[-3.20896854138761,57.28728380418494],[-3.207227265875511,57.2870284890078],[-3.206591688962416,57.28692516503993],[-3.202967165759239,57.28663364353911],[-3.200302966817661,57.28629573646607],[-3.200010976114233,57.286244621801096],[-3.199864777060044,57.286218622296595],[-3.199572831267419,57.28616588947672],[-3.199427084534173,57.28613915616236],[-3.199243481876175,57.28610496401187],[-3.198353212635832,57.28592354713293],[-3.198125423186454,57.28587304405584],[-3.197975657498541,57.28584522054205],[-3.197970389504025,57.28584461194207],[-3.197953979087558,57.2858411931021],[-3.19793058989683,57.28583684782633],[-3.197522910611148,57.28575949759566],[-3.197319536621572,57.28572010329955],[-3.197087114039586,57.28567415520012],[-3.196756492843055,57.28560662335479],[-3.196539756099132,57.28556091882216],[-3.196499146446738,57.28555272456769],[-3.195995713623031,57.285448610516376],[-3.195744779126019,57.28539544554647],[-3.195341867790769,57.28530803014623],[-3.19526938884646,57.28529219756835],[-3.195124569704968,57.28526034753538],[-3.195052229508397,57.285244330080445],[-3.194646369081844,57.285153859133956],[-3.193441600539245,57.284854266760995],[-3.191737482598193,57.284384943767684],[-3.191738019839514,57.28438437172472],[-3.191604305942653,57.28435044263196],[-3.190997019928531,57.28418084570541],[-3.189923481217444,57.28385313247653],[-3.189308201098326,57.2836486304102],[-3.188056690919562,57.28318883694225],[-3.184937779765904,57.281926710028316],[-3.184929288332324,57.281924378708965],[-3.183948288323891,57.28154800387887],[-3.18140064941308,57.280341280579215],[-3.181350652441222,57.28031221246168],[-3.181321734161451,57.280295375423044],[-3.181307705765146,57.28028719617046],[-3.180031534286117,57.27941950963688],[-3.179742126830474,57.27925067028434],[-3.17976575011863,57.279238792470835],[-3.17974673447607,57.279225862892865],[-3.179733181430318,57.279215064682944],[-3.179486850289089,57.27910545275824],[-3.17934810138325,57.27902079354144],[-3.179308070655995,57.278997439149514],[-3.178410829611632,57.278414356210654],[-3.178110594000997,57.27822970971397],[-3.177267866474033,57.27766721752401],[-3.177115051808035,57.27755636307583],[-3.17673640651316,57.27727014796795],[-3.176000135049156,57.2766898964383],[-3.175994638299596,57.276685377117296],[-3.175747258470507,57.276511551793426],[-3.175244122111588,57.27613855110664],[-3.175176082581345,57.27608528587149],[-3.174806084474221,57.27578274231758],[-3.174088970416359,57.2751698036386],[-3.173741854240332,57.27485940864455],[-3.173699118254166,57.27481939068642],[-3.17352175352648,57.274649053743474],[-3.173173917130732,57.2743063279579],[-3.173003445432909,57.274133939108516],[-3.172934841528062,57.27406271093286],[-3.172751253018827,57.273836572182944],[-3.172619317001135,57.27375545319741],[-3.170778260414332,57.2724210909937],[-3.170664397576917,57.27239550021043],[-3.170670018979425,57.27238816055008],[-3.170304561223331,57.27231090499975],[-3.170300621273117,57.27231601893486],[-3.168570424444346,57.27192483165695],[-3.1672660958804,57.271593159699165],[-3.167174060958847,57.27156705458081],[-3.165953695346715,57.271184225022154],[-3.164187320417339,57.27057431398341],[-3.164203535793782,57.27056053236291],[-3.16380629177243,57.27046012402784],[-3.16363852773565,57.2703987922307],[-3.163352349321714,57.27027848666396],[-3.162421682895306,57.26992608693605],[-3.162220060432407,57.26984260751224],[-3.160694765383989,57.26912737396963],[-3.160211100278195,57.268871075316866],[-3.159890400723564,57.268729363352634],[-3.159696938169706,57.26864132185912],[-3.158811876993306,57.26820818304077],[-3.1587909503083,57.268197175628565],[-3.157829795912093,57.26775960924292],[-3.157703355106765,57.267693397264395],[-3.157368797896366,57.26750823333764],[-3.157107089370903,57.2673951940833],[-3.156913498963607,57.26730263979075],[-3.156105021206832,57.26676330226283],[-3.15573239618985,57.26656941377727],[-3.155406283588145,57.26638878125293],[-3.15454842129239,57.26596379834784],[-3.152643412641373,57.26484527965771],[-3.152617988132205,57.26482754573028],[-3.151759392263857,57.264169748587875],[-3.150446225498754,57.2630613251835],[-3.150469120813691,57.263053361918054],[-3.150438096742219,57.26302982673614],[-3.1504237292505,57.26303515334339],[-3.149989130874636,57.26269098528141],[-3.148198669491566,57.260843859124265],[-3.147962437413488,57.26051107801031],[-3.147644395372482,57.26023933042832],[-3.147601320661257,57.260185346438],[-3.146829463755269,57.25899454094072],[-3.146689532115967,57.25871781903726],[-3.146479387496102,57.25842175078274],[-3.145782092899627,57.25717686369492],[-3.145737316614658,57.25706946938935],[-3.145626205935797,57.25678104454806],[-3.145308706939226,57.25588349742595],[-3.145013894872521,57.25406824493403],[-3.145078100969724,57.25155046630848],[-3.145273778811635,57.25029280253704],[-3.145274601505418,57.25028993827456],[-3.145952775793587,57.24879083899068],[-3.147772400927543,57.24587769388714],[-3.148955192013045,57.24469981871315],[-3.148810411992244,57.24456966336889],[-3.148626003060296,57.24439968892532],[-3.148611320155142,57.24438580879348],[-3.148410783956565,57.244190651312245],[-3.148018732284695,57.24379769216268],[-3.147827216744504,57.24359989052258],[-3.147813506367894,57.243585291717984],[-3.147536337690368,57.24327562471029],[-3.147421991484801,57.24314137991718],[-3.147243961875313,57.242948120876015],[-3.147090328693886,57.2427768233299],[-3.146905355313522,57.24256489492136],[-3.146837753027643,57.24248646533825],[-3.146648036591018,57.24226356732869],[-3.146554583829004,57.242151766824605],[-3.14650343586681,57.24208944748672],[-3.146376791650221,57.241931061083925],[-3.146129144164597,57.24161299763762],[-3.146074409294075,57.241541848035794],[-3.146073300334411,57.2415403889085],[-3.145847339562061,57.241260258863136],[-3.145190111911996,57.24136767645572],[-3.145141768522743,57.24137485464318],[-3.144535325056743,57.241458258761654],[-3.143317054197833,57.24161258388491],[-3.142705227219216,57.2416835051132],[-3.14262198601244,57.241692266272224],[-3.142062887715653,57.24174573773086],[-3.140941635536381,57.24184225607897],[-3.140379481960236,57.24188530294031],[-3.140314480082517,57.24188966582033],[-3.140205555661157,57.24189677822683],[-3.139987622204834,57.24191061154432],[-3.139878613172134,57.24191733245514],[-3.139820394313698,57.24192081605677],[-3.139226039781445,57.24195051402107],[-3.138035740696013,57.24199827522195],[-3.137439796513602,57.24201633844234],[-3.137361469760021,57.24201794565731],[-3.136326394765566,57.24202163714839],[-3.134257841544693,57.24199394408203],[-3.133224365849959,57.24196255931449],[-3.133184556570418,57.24196067236248],[-3.13262365912182,57.24192886084882],[-3.131504189277612,57.24185489898427],[-3.130945617192403,57.24181274865151],[-3.130912224871789,57.2418099138697],[-3.130509560469297,57.241772967508524],[-3.129706036136703,57.241693701274755],[-3.129305176320348,57.2416513814127],[-3.129263774988242,57.24164672263207],[-3.128443729305073,57.24154251370792],[-3.126979979672557,57.241471563712096],[-3.122554201864114,57.240887896129976],[-3.121191994706846,57.24149958085646],[-3.116734513695083,57.24293078563111],[-3.111644226163394,57.24402543154738],[-3.106290029125872,57.244648752683695],[-3.100819355709536,57.244783584269626],[-3.098073671243002,57.24472753483804],[-3.097956781803048,57.24471985102486],[-3.095484200472673,57.244452532045976],[-3.0906426149919,57.2437174678546],[-3.086063060077809,57.24259249624294],[-3.081851691555547,57.24110369974985],[-3.078106095694516,57.239285594438],[-3.074913017480408,57.237180322904294],[-3.072346361914687,57.23483667755038],[-3.071074341733068,57.233127253715004],[-3.070775169349548,57.23280258858328],[-3.069236494880779,57.23020699247491],[-3.068442161263028,57.227514816948556],[-3.068234459335492,57.226152287876985],[-3.068230984449048,57.22585375673511],[-3.068230352728026,57.22583190522878],[-3.068302899106651,57.22483954285544],[-3.068452426440315,57.22398784451507],[-3.068441191297023,57.22391594528298],[-3.068453477828292,57.22382420916997],[-3.068461609035754,57.223766106551956],[-3.068478566075283,57.22364993114865],[-3.068483518240214,57.22361734658468],[-3.06849447688117,57.22349153600573],[-3.06850310688306,57.22340195043464],[-3.068523895244815,57.223205026140086],[-3.068528747408244,57.223160959725426],[-3.068538850895299,57.2230728403629],[-3.068544102217977,57.223028787414975],[-3.068556182780266,57.22293116998066],[-3.068557955465144,57.22291541632135],[-3.068577633049069,57.22276211836576],[-3.068621819453815,57.22245572747819],[-3.068646328234646,57.22230263454458],[-3.068654876899791,57.22225405993873],[-3.068706421497461,57.22199956827354],[-3.068794181510718,57.22161662009946],[-3.068849280014558,57.22134522071735],[-3.068855158826114,57.22132001691079],[-3.068997245833959,57.220823017001],[-3.06904369347282,57.22068599738171],[-3.069060006724221,57.22061693703045],[-3.069147475241277,57.22029345763636],[-3.069390704211317,57.219495350586996],[-3.069443299416142,57.219371145327464],[-3.067576073538409,57.21738443553712],[-3.066046823570916,57.21494126091134],[-3.06518034566695,57.212404243827],[-3.064994475798362,57.20982600721854],[-3.065492925950662,57.207260016272045],[-3.065912785283886,57.205986782555954],[-3.06593198257891,57.20594583440684],[-3.066122129828607,57.20557387992741],[-3.066531683185304,57.2048347469577],[-3.066751088756308,57.204467568375684],[-3.067291218221714,57.20362571428851],[-3.067331601037763,57.20356288417162],[-3.068184263987127,57.20247317759515],[-3.070145680439685,57.20036449854472],[-3.072600671464565,57.19841406465666],[-3.075506563245634,57.19665571745715],[-3.07706635221478,57.195828593735996],[-3.077809312655148,57.19548349003889],[-3.079090708940822,57.194424830737496],[-3.081473243491472,57.192870688621156],[-3.084575022882166,57.191257452386424],[-3.086222652868958,57.19050568241618],[-3.086307520084599,57.190471816769595],[-3.088730922698153,57.18966886175654],[-3.093794613392053,57.18829957216598],[-3.099214641229084,57.18742025857277],[-3.10483160422372,57.187056773524674],[-3.109475279597567,57.18719081615179],[-3.109688032648101,57.187128932249806],[-3.109938317547913,57.187015660335675],[-3.114759667588213,57.185497181278706],[-3.120027388919763,57.18443221821887],[-3.121284897804155,57.18430390979076],[-3.122886116918481,57.18389470490923],[-3.127583014809086,57.18313036095282],[-3.132436531739763,57.182752286363346],[-3.137339609882365,57.182768818422524],[-3.139790028785595,57.182876212984816],[-3.13987807216487,57.182883678323314],[-3.14015799642516,57.182907453432136],[-3.140208596882817,57.18291179472165],[-3.14030970588111,57.18292055651458],[-3.140360247913443,57.18292497986258],[-3.140855136167473,57.182968717235354],[-3.141052388951327,57.1829854471324],[-3.142320312001937,57.18309880496085],[-3.142510553589353,57.18311493992968],[-3.143392784574593,57.183188682796875],[-3.143685183870963,57.183212312732884],[-3.146456137517315,57.1835708609336],[-3.151843875243782,57.18454061999552],[-3.156845695049613,57.18599772722675],[-3.158452693787541,57.186681650875855],[-3.158941926189994,57.18675733670103],[-3.161316969268568,57.187234144275045],[-3.161576284332714,57.18729884387404],[-3.162398177593972,57.18751907363711],[-3.164018269994275,57.187983893410404],[-3.164816469912953,57.188228483720444],[-3.165017085241263,57.1882939995474],[-3.165348200942372,57.18840503253553],[-3.166005536356606,57.188631294038856],[-3.166331756115158,57.1887465225793],[-3.166440549756408,57.188785947240596],[-3.16669932343858,57.18888165509353],[-3.167213492426784,57.18907571102426],[-3.167468887752219,57.18917405911571],[-3.16760292111583,57.18922671459636],[-3.168127764781302,57.18944165170233],[-3.168304427377198,57.18951703479259],[-3.168363751630406,57.18954121181562],[-3.168740937897144,57.18969959388831],[-3.169198538174763,57.189897525691194],[-3.169273023057058,57.189920264367316],[-3.169482351695793,57.18999916769152],[-3.169757285279777,57.1901050686399],[-3.169981466076635,57.19019329713715],[-3.171628716243293,57.190675692743895],[-3.173468081908755,57.1913022032035],[-3.173501593893416,57.19131535651842],[-3.17443063374652,57.19170806064703],[-3.176234976168033,57.192528326140256],[-3.177110279665991,57.19295588824134],[-3.177169181253801,57.19298678793618],[-3.178284904330444,57.19363278028124],[-3.17839225023836,57.19370141968439],[-3.179051253847205,57.19277229578654],[-3.181776756626185,57.190252218154015],[-3.185220642792499,57.188006322604984],[-3.188482795642339,57.186474094771526],[-3.187665393969498,57.18508833664537],[-3.186885830439246,57.182057943598316],[-3.187068176230827,57.17899972549423],[-3.188206868660481,57.17600304915925],[-3.190140856180728,57.17333167038701],[-3.190135031945887,57.17288301001503],[-3.190875895933806,57.17016038156757],[-3.192375697881737,57.1675315290117],[-3.194598887668686,57.16505849237705],[-3.197492870152258,57.16279962500671],[-3.200989258076964,57.16080821522123],[-3.205005483229924,57.1591312312864],[-3.209446767557989,57.15780822089581],[-3.214208345397238,57.156870382143424],[-3.219177943145817,57.15633982427406],[-3.224075054545935,57.15623263491399],[-3.224785427214655,57.156056559117026],[-3.227763953131336,57.155497636739405],[-3.234165483841446,57.15465701972548],[-3.237317719322368,57.15441438403329],[-3.238954192185288,57.1543749809925],[-3.23931602024925,57.1543118195849],[-3.239874591475967,57.154220190210815],[-3.239905839716803,57.15421538945626],[-3.240643385128715,57.154117672584405],[-3.240687265378628,57.15411100872859],[-3.240800452288829,57.1540940548669],[-3.24080905321588,57.15409278440546],[-3.240960657814693,57.154067429249636],[-3.241167824725695,57.154033586159095],[-3.241444067909991,57.15398952717873],[-3.241615044125263,57.153962799547145],[-3.242304866744698,57.15385714245388],[-3.242702086799893,57.153799189366055],[-3.242848529905468,57.1537788815663],[-3.242887070015108,57.153773563863474],[-3.242964173630133,57.15376297882688],[-3.243002737135614,57.15375771149308],[-3.243131092175771,57.15374026874896],[-3.243346696891099,57.1537118031948],[-3.243778589044916,57.15365644645793],[-3.243994876500647,57.153629555272786],[-3.244124943168525,57.1536138823196],[-3.244312693083813,57.15359187952374],[-3.244688650051994,57.153549060268105],[-3.244876857116341,57.15352824380691],[-3.245015216134103,57.15351339500912],[-3.245138486191029,57.15350042962098],[-3.245268426196401,57.1534870406303],[-3.245442083764912,57.15346773666036],[-3.245660095221727,57.15344273978524],[-3.246403830166838,57.1533622927093],[-3.246776545540474,57.15332438594929],[-3.24691331126275,57.15331135663872],[-3.247207002993054,57.15328485629163],[-3.247672446383386,57.15324519459373],[-3.247672567316842,57.15324561374067],[-3.247858226660883,57.153229315358445],[-3.247940682287323,57.15322269697391],[-3.248089737119281,57.15321110958696],[-3.248323878047587,57.15319349842427],[-3.250325336045707,57.153109819891576],[-3.25493580031043,57.15306956960843],[-3.259693056397799,57.153406305453615],[-3.263168305181098,57.153939395508246],[-3.263676418291429,57.1535661952706],[-3.263761710056679,57.15351269063289],[-3.263995287052693,57.15336928193661],[-3.264468008619237,57.153085202323894],[-3.264707153181405,57.15294453138666],[-3.264732038283933,57.152930202786024],[-3.266770902257371,57.1519359399274],[-3.271122487049055,57.15014398573018],[-3.272588381539935,57.14960489840966],[-3.272755200295275,57.149550388310814],[-3.273276578167202,57.14936719952366],[-3.27336056516251,57.149337884972724],[-3.273771679217596,57.14919534079943],[-3.274563192753529,57.14893750506131],[-3.276239271491987,57.148425509198034],[-3.277091004376401,57.148182762548466],[-3.277598315502257,57.14804825321071],[-3.278068006640617,57.14792054535805],[-3.278554839307507,57.14779353628788],[-3.27881702831091,57.14772797603518],[-3.279298147649765,57.147612675283],[-3.280266882602826,57.14739044641343],[-3.280754498396869,57.14728351824597],[-3.28111550223425,57.14720796013521],[-3.28152815375761,57.147125002009986],[-3.282357368207141,57.14696508241481],[-3.282773931250758,57.146888120918995],[-3.282962845494426,57.14685473597272],[-3.283281466587522,57.146800357223675],[-3.283920662624746,57.14669510829157],[-3.28424123762397,57.14664423809856],[-3.284430305559308,57.14661535926947],[-3.285031160644301,57.14653016786748],[-3.286238324195671,57.14637210718226],[-3.286844634488363,57.14629923796255],[-3.287025748375626,57.1462794026972],[-3.287342504161534,57.14624645654064],[-3.287977136629236,57.14618392830553],[-3.28829501336675,57.14615434622107],[-3.288598195111173,57.14612778352469],[-3.289423204866512,57.14606704538205],[-3.291077798219348,57.1459682169258],[-3.291907382817028,57.145930126546624],[-3.292400337764847,57.14591427598901],[-3.292526121195822,57.14591049269558],[-3.292777737389195,57.14590344708791],[-3.292903570155129,57.14590018477353],[-3.293355383059982,57.145889408252245],[-3.293507326381625,57.14588616445128],[-3.293811261432383,57.14588043646377],[-3.293963253167735,57.1458779522771],[-3.294218147266532,57.145874423816565],[-3.294467733886871,57.14587199357468],[-3.29496694612041,57.14586918132695],[-3.295216571761274,57.14586879932081],[-3.295488140923362,57.14586949819628],[-3.296107068980846,57.14587739301049],[-3.297080777804719,57.14589973370364],[-3.297347694096298,57.1459023098682],[-3.297552437790487,57.14590497557678],[-3.298049220568407,57.14591311683653],[-3.298497929546508,57.145920244135844],[-3.298878548490451,57.14592867640146],[-3.299110163126059,57.14593526141826],[-3.299401746181907,57.14594495632533],[-3.299984551951403,57.14596714449822],[-3.30027577470902,57.14597963776545],[-3.300507547190968,57.145990701552726],[-3.300839853189406,57.14600840437217],[-3.301011473732899,57.14601849925535],[-3.301002286545764,57.146001800968854],[-3.300975139088781,57.14593470304006],[-3.300836431028365,57.145552545189645],[-3.300691793936293,57.145102911454885],[-3.300250528121912,57.144802776691584],[-3.300012617881071,57.14461658029455],[-3.29992624610185,57.14454831244671],[-3.299924561631483,57.144546967805624],[-3.299685021541078,57.14442616767862],[-3.299060365084479,57.14409401528939],[-3.298942359524556,57.144027858013686],[-3.298462835724973,57.14365718557556],[-3.297367106231551,57.14308586795819],[-3.297223383775093,57.14299303228811],[-3.296253976894986,57.14230148773971],[-3.294442799303375,57.14087066551353],[-3.293601025679844,57.14013138959704],[-3.293524026005775,57.14005582027602],[-3.293118783766716,57.139631877918],[-3.292350361412056,57.13877287477163],[-3.291987180560693,57.13833781423999],[-3.291935278083862,57.1382709693616],[-3.291568845879816,57.13775529444367],[-3.290895050166587,57.13671266277684],[-3.290587685212443,57.136185706344435],[-3.290543404546353,57.136100805594296],[-3.290380368221409,57.13576337257767],[-3.2900785269131,57.13508531803967],[-3.289939721514828,57.13474469657658],[-3.289921502708317,57.13469548126723],[-3.289629988436594,57.133492972966735],[-3.289347593074129,57.13107756166463],[-3.289356693087423,57.12986466014088],[-3.289369754313717,57.12976569324585],[-3.289415302478057,57.12948312708834],[-3.289522779841759,57.128918917716334],[-3.289584708794606,57.12863727448861],[-3.289744191924869,57.12799777240309],[-3.289805725949814,57.12777250679669],[-3.289939272873505,57.12732289629615],[-3.29001128564843,57.1270985513913],[-3.290185707331482,57.12659306880509],[-3.290301107072177,57.126201717570396],[-3.290481486407234,57.125686636423495],[-3.290529411880072,57.125568633093344],[-3.290671676204403,57.12504610741431],[-3.290691655755317,57.12497470522414],[-3.290733402061978,57.124829441658854],[-3.290754821613221,57.12475685636766],[-3.291065923677084,57.12372947225617],[-3.291071553708711,57.12371099921377],[-3.2910828845459,57.12367405955226],[-3.291088585351392,57.123655592933154],[-3.291430189277057,57.12255602180268],[-3.291499093492336,57.12234900860978],[-3.291645794013311,57.12193591663251],[-3.291723590223565,57.121729837838345],[-3.291867926480121,57.12136899184335],[-3.291902720756672,57.12128398944457],[-3.291973822232217,57.12111417210067],[-3.292010129424634,57.12102935715468],[-3.292071320929792,57.12088948395898],[-3.292651982034649,57.119847303876284],[-3.294040781010863,57.11780881537781],[-3.294719522637914,57.11709297151885],[-3.294472463670417,57.11694808357442],[-3.293819959520745,57.11654157489216],[-3.2925610457305,57.11570796301904],[-3.2919546363524,57.11528086070192],[-3.291487806831581,57.11493080392991],[-3.291331912490403,57.11481188069328],[-3.291023701972657,57.11457267022584],[-3.290871385784574,57.1144523830038],[-3.289046770448748,57.11298599067792],[-3.287865515880322,57.11187241976685],[-3.285807518143899,57.1095649009077],[-3.284376303428612,57.107121133393235],[-3.283601082945776,57.1045912092078],[-3.28349760751885,57.10202697420767],[-3.28406785895925,57.09948096786968],[-3.285300017170287,57.097005343336605],[-3.287168717773556,57.09465080688886],[-3.289635579334672,57.09246557301661],[-3.292649996566539,57.090494381280095],[-3.294286991962134,57.08956762907029],[-3.299931318608984,57.08679882278513],[-3.301979593906746,57.085942075784565],[-3.306296380859445,57.08441303625771],[-3.310998276609937,57.08326942088815],[-3.315970150025962,57.08253922607155],[-3.318048815040535,57.08241790383422],[-3.320324870564804,57.081277411480244],[-3.324243323566235,57.079819028101255],[-3.32823111562622,57.078755956582015],[-3.328717237107388,57.078100762309596],[-3.329008387190605,57.077732252780116],[-3.329040317969507,57.077694201276714],[-3.329053795308114,57.07767583996888],[-3.329474985293741,57.077151180770045],[-3.329498756586836,57.0771239672891],[-3.329884237556398,57.076710522053745],[-3.330693837084473,57.075895012318774],[-3.331117955034411,57.07549294757275],[-3.331229844267499,57.075392942743576],[-3.331807395535999,57.07491205040025],[-3.331846514150085,57.07488164751344],[-3.332429934735182,57.07433521427291],[-3.333162302135547,57.07371013889193],[-3.333226486350881,57.07366004371722],[-3.334006149516934,57.07309960400936],[-3.335643505220358,57.0720136433406],[-3.336501196554359,57.071488121145734],[-3.336654764655694,57.07140113461043],[-3.337041726404234,57.0711891204768],[-3.337828375645874,57.07077221985562],[-3.338228063144818,57.0705673332886],[-3.338357700431411,57.07050306026041],[-3.339535586664466,57.06999448307496],[-3.339560879121972,57.06998180364019],[-3.341042819537291,57.067709647133526],[-3.342342098420447,57.06641303027759],[-3.342922163731895,57.06572794317932],[-3.343160684195387,57.065482817288455],[-3.344169681170202,57.0645788701605],[-3.344713832414108,57.06415040821691],[-3.344726250148909,57.06414132488596],[-3.344740663351315,57.064124508273544],[-3.346248134804903,57.06286882511459],[-3.34621361418114,57.06255262865708],[-3.346734760926716,57.0597180812397],[-3.348074166712248,57.056964413363474],[-3.350197773116071,57.05436128485419],[-3.353051706194764,57.05197453552676],[-3.356563664569161,57.04986451904926],[-3.358473959825207,57.04888582931872],[-3.381881214754362,57.03867198127789],[-3.383614519893818,57.037870805037905],[-3.38678789694319,57.03638416768978],[-3.388623086131959,57.03563861441934],[-3.392465052534321,57.03429326750443],[-3.396611656654043,57.03325104718197],[-3.400982962958798,57.03253203893389],[-3.405494725236705,57.0321500990793],[-3.410059995482795,57.03211258680016],[-3.412345031699184,57.03218042433479],[-3.418950179506585,57.032628728334],[-3.419168325704634,57.032489347925036],[-3.426121883935173,57.028666425899054],[-3.432254643242179,57.02522735867185],[-3.439101388389332,57.02119923657188],[-3.438438725232082,57.020747845785486],[-3.438032646793197,57.020459451013366],[-3.438011280820509,57.02044362367326],[-3.437850108655853,57.020322119529645],[-3.437708865624712,57.02021374500197],[-3.436708352388013,57.02040567438677],[-3.436177838633378,57.02050195185742],[-3.43611041900966,57.02051349742691],[-3.435272444596983,57.02064381772992],[-3.43358501473866,57.02088008391995],[-3.43273556013696,57.02098602973876],[-3.43266601109707,57.020993653722904],[-3.432081824544365,57.02105173500308],[-3.430909986900887,57.02115636479468],[-3.430322336162741,57.02120291327192],[-3.430252349972527,57.021207755797505],[-3.430051070909933,57.021220650862446],[-3.430045586705998,57.02122132972055],[-3.429792322959436,57.02125153826042],[-3.429284953755584,57.02130977565363],[-3.429030848326606,57.021337804503396],[-3.428990982317028,57.02134202397116],[-3.428799423097534,57.02136165782471],[-3.428415891425722,57.02139968677381],[-3.428223918985716,57.021418081868006],[-3.428184032473298,57.02142177124308],[-3.428015784530073,57.02143684523454],[-3.427756194188189,57.02145935042763],[-3.427531688463324,57.02148475825913],[-3.427491822462914,57.02148898623149],[-3.427124992450689,57.021525543863014],[-3.42638990673587,57.02159411660619],[-3.426021651120175,57.02162613170903],[-3.425981417653413,57.02162937512134],[-3.425619699481194,57.02165630347881],[-3.424895256084473,57.02170577747161],[-3.424532530943827,57.021728323100724],[-3.424492095129255,57.021730589056986],[-3.424186723272401,57.021746135392696],[-3.423575500962076,57.021774121613134],[-3.423269650559229,57.02178656149526],[-3.423229183020184,57.02178800085658],[-3.422965408581324,57.02179622423243],[-3.422437651432296,57.021810360394944],[-3.422173668754811,57.02181627318055],[-3.4221331740406,57.02181700274382],[-3.421864816209104,57.0218206433556],[-3.421328027251389,57.02182553676683],[-3.421059596159617,57.02182678956578],[-3.421035381650717,57.021826794912805],[-3.42075874563707,57.02182558840981],[-3.42020554986542,57.0218206393962],[-3.419928990145143,57.021816896885724],[-3.419904593862702,57.02181645486585],[-3.419739919945739,57.021813021196856],[-3.419410643441227,57.02180525468815],[-3.419246040861634,57.02180092184863],[-3.419221799324528,57.02180021739965],[-3.418939541274006,57.02179068861108],[-3.418375367231454,57.02176898716357],[-3.418176108888689,57.02176038358946],[-3.417950458274384,57.02175981513028],[-3.417270218209601,57.02175043198667],[-3.417230481410261,57.02174943540325],[-3.416933525327561,57.02174052131252],[-3.416339957170368,57.021719767818745],[-3.416043345142629,57.02170792841702],[-3.416001928404458,57.0217060699959],[-3.41569946421956,57.02169096491377],[-3.415095098800577,57.02165771288021],[-3.414793197615723,57.021639565931196],[-3.414761491862698,57.021637498523454],[-3.414004050541049,57.021578342477554],[-3.412495031353419,57.021440891979964],[-3.411743454247889,57.02136259759437],[-3.411703578405337,57.021357917310304],[-3.411323333932931,57.02131071090374],[-3.410565003919538,57.02121139737259],[-3.41018691847354,57.02115929026048],[-3.410148326593362,57.021153705584936],[-3.409554614457325,57.02106125592879],[-3.408373970470131,57.020864274918516],[-3.407787038970147,57.020759743626016],[-3.407748548008665,57.02075245008491],[-3.406996506625331,57.02059863618888],[-3.406454983545827,57.02047958212095],[-3.405633757539167,57.02041650343844],[-3.403102955322145,57.02010967175581],[-3.403094553182812,57.02010826648047],[-3.401972423741136,57.02000943049197],[-3.400804710752777,57.02067287227494],[-3.400768885575665,57.020703134226245],[-3.400543439723651,57.02084041915094],[-3.400004739670036,57.021153094749046],[-3.398189332116897,57.0221575588275],[-3.396690327041345,57.02287826759269],[-3.39669794633976,57.02288334024017],[-3.396584535671112,57.022934009371234],[-3.396442348952678,57.02299681801712],[-3.396156703431234,57.02312156943487],[-3.396013244630494,57.02318351220385],[-3.395948389957535,57.0232111968537],[-3.393286881600601,57.02413765424102],[-3.388253898328953,57.02553890680776],[-3.388250606656689,57.02566129817547],[-3.388244716900146,57.02572425257918],[-3.388204856687214,57.02604051836741],[-3.388104694199003,57.02667208581717],[-3.388044391580014,57.026987387465105],[-3.388030267299192,57.027050433138285],[-3.387823923772284,57.02774451379794],[-3.387312283112696,57.029121745264625],[-3.387006982466608,57.02980489569701],[-3.386976218887798,57.02986363347322],[-3.386811452710921,57.03015891305906],[-3.386463405000232,57.03074621048546],[-3.386280123203915,57.0310382282769],[-3.386241122257426,57.03109704807677],[-3.385741069279353,57.0317658024858],[-3.384643989636523,57.033079237780356],[-3.384046958986924,57.03372391578796],[-3.383991313994589,57.03377843553135],[-3.383957794735236,57.033811116378835],[-3.383890506464414,57.03387640157958],[-3.38385673745264,57.0339090059327],[-3.383681732015499,57.03407715504356],[-3.383214618851221,57.03446121525582],[-3.382900075651999,57.034803719323065],[-3.380666876862303,57.03663431992733],[-3.378039315527073,57.03830210700036],[-3.376631495643529,57.03909198608689],[-3.3679673068124,57.04339034852356],[-3.365715449795507,57.04432773061583],[-3.360950104795343,57.04597823889391],[-3.355736108143853,57.04715919394011],[-3.350227768985572,57.04783563531345],[-3.344588140301639,57.04798753615967],[-3.338984199636299,57.04761039747707],[-3.3335818544301,57.04671538320325],[-3.328541019194617,57.04532898844813],[-3.326130498835051,57.04451717780611],[-3.325015158903517,57.04406495584227],[-3.323779401732182,57.04357402195669],[-3.321511823490245,57.04248638519746],[-3.320055881551481,57.04164696311063],[-3.319452750340186,57.041339940163965],[-3.319264261208851,57.04126205736844],[-3.318207764774301,57.0406931801465],[-3.317802679418906,57.040499632570274],[-3.31773519124867,57.04045542253687],[-3.317639916600061,57.04038740762251],[-3.316300259738167,57.03966600449673],[-3.316277453929279,57.039662087682984],[-3.316047449303156,57.03962157162866],[-3.315588556548316,57.039538703313355],[-3.315359668439821,57.03949635105636],[-3.315182871546761,57.03946284677188],[-3.312094356219876,57.03867373833123],[-3.30628197585281,57.0367655506301],[-3.303558144043518,57.03564648808971],[-3.303526687914621,57.03563052751971],[-3.302418568800363,57.035011356092596],[-3.300316826914987,57.03371774203595],[-3.299323203511826,57.033043300764845],[-3.299320580857695,57.03304133352978],[-3.298851330572155,57.03267010329555],[-3.297947612679349,57.03191526710251],[-3.297513144673789,57.03153166139555],[-3.297377404125979,57.03140479421706],[-3.297192368401137,57.03122724592993],[-3.296829752442645,57.03086990076969],[-3.296652172159873,57.030690103918324],[-3.296592336348895,57.03062783545418],[-3.296374056694551,57.0303923283289],[-3.295950286426085,57.02991791841133],[-3.29574479568869,57.02967901566278],[-3.295693197952826,57.02961666150734],[-3.295363593301694,57.029189242467865],[-3.294745293079889,57.02832569671831],[-3.294456596709509,57.02788957021365],[-3.294421004792338,57.027831119799025],[-3.293833416268302,57.026564690405486],[-3.293001395622221,57.02399874213934],[-3.292860683323379,57.02139411489084],[-3.293414115699801,57.01880590034453],[-3.294649846900238,57.016288833475386],[-3.296541621392255,57.013896133801545],[-3.297647308910353,57.01273739137508],[-3.297667342898351,57.01271967380156],[-3.298802671357993,57.011838573290596],[-3.301258307196366,57.01015680243658],[-3.304065021248604,57.008647408385976],[-3.305567893600851,57.00801332295974],[-3.305953062142997,57.00784042490234],[-3.306435733786953,57.00704670225998],[-3.308707682130388,57.004621543477924],[-3.311595755163554,57.002435860761864],[-3.311922998290088,57.00017739046608],[-3.312731807857321,56.998283596051074],[-3.312723849595233,56.99808508539782],[-3.313342647026523,56.995441075171826],[-3.31467323643336,56.99287643016463],[-3.316686030414745,56.990447902948496],[-3.31785827156135,56.989274605166145],[-3.322193445852116,56.98561235761441],[-3.32383831453568,56.98444505749354],[-3.327455016263923,56.98227281323839],[-3.331672842039096,56.980452302428276],[-3.336378449982431,56.979032412547134],[-3.34144544753363,56.97805126625112],[-3.342994942008827,56.97790019744357],[-3.343188050813242,56.977814340388875],[-3.343651193716258,56.97761882177697],[-3.344020015285617,56.977416159829716],[-3.345562681695882,56.976668621996616],[-3.345659900763963,56.97662715663023],[-3.346338500082049,56.976352737387266],[-3.34772056411733,56.975823265749185],[-3.348424029191253,56.97556821307879],[-3.348464655917653,56.975554289963824],[-3.349607523370713,56.97519661564527],[-3.351941940788107,56.97453232011199],[-3.353133493585233,56.97422569776088],[-3.353174280309397,56.97421627239104],[-3.35547007326289,56.97379162114844],[-3.360150880081111,56.97313105885916],[-3.362535915968259,56.97289514442286],[-3.362823199916776,56.97287853879981],[-3.364363696272207,56.97282923819151],[-3.367446364749963,56.97280964255183],[-3.368988541942676,56.972839347191865],[-3.369309864110278,56.972853798917896],[-3.3698249855367,56.97288142807321],[-3.370853383948042,56.97294551835226],[-3.371366661171908,56.97298197949153],[-3.371416159139638,56.9729859289936],[-3.372334750564772,56.97307381282889],[-3.37416135056792,56.97327785212993],[-3.375069360467094,56.973394007751615],[-3.375127247421307,56.97340236470262],[-3.375469609963031,56.97345395583298],[-3.376152218372494,56.97356116028176],[-3.376492464307598,56.973616773611774],[-3.376542129308113,56.97362521139894],[-3.377189672978122,56.97374332653819],[-3.378475239820923,56.97399412033045],[-3.379113263431342,56.97412679908148],[-3.379229372396829,56.97415246289319],[-3.380090732133382,56.974358687816945],[-3.381790489121505,56.97479766915668],[-3.38262888794081,56.97503042420524],[-3.382687111628557,56.97504774915822],[-3.383569712301441,56.975330150571196],[-3.385301103849113,56.97592434836933],[-3.386149896157,56.97623614495447],[-3.38638364049491,56.97632789808478],[-3.387844269077112,56.97697340278568],[-3.389814082586236,56.97795065175134],[-3.390239381955656,56.978149573373756],[-3.390699419241721,56.97780953528152],[-3.392321884094673,56.97678257164412],[-3.394735329225609,56.97546981288066],[-3.394817289928611,56.97535759376095],[-3.394825151181173,56.975347398821356],[-3.394992712532433,56.97513760779161],[-3.395337563583011,56.974720424073126],[-3.395514853615241,56.97451303075421],[-3.395546909596372,56.9744767449128],[-3.395872708182249,56.97412762188672],[-3.396551858417854,56.97343746505309],[-3.396905209700217,56.97309643109967],[-3.396942982805785,56.97306176110453],[-3.397537469468381,56.97255548085867],[-3.398787097809845,56.971565772810486],[-3.399442238625682,56.97108234441232],[-3.399487845228112,56.971050946116115],[-3.400381864037226,56.97048543459286],[-3.402252777593427,56.969396926403974],[-3.403229671778721,56.968873928442356],[-3.403282159439992,56.96884807572759],[-3.404470180964967,56.968315706898025],[-3.406931914519636,56.967313823985435],[-3.408205628352509,56.966844308219265],[-3.408312240518847,56.966808850663874],[-3.409071515915457,56.96657121278526],[-3.410612106937116,56.96611832140695],[-3.41139342305392,56.96590306741345],[-3.411507447896584,56.96587370469738],[-3.411952724237464,56.96576354898808],[-3.412481158849433,56.96555186675522],[-3.417062839709291,56.964263330418426],[-3.421957290665834,56.963382673841345],[-3.427043737939465,56.96293162855771],[-3.432196694044397,56.96292132370176],[-3.437289033584064,56.96335201204278],[-3.442195123196938,56.964213067018505],[-3.446793910293447,56.965483244930816],[-3.450971888990304,56.967131206122005],[-3.452942096778695,56.96804509292843],[-3.458146088035294,56.97087189508334],[-3.458162396779079,56.97088076535696],[-3.458194991544638,56.97089851835427],[-3.458211277566416,56.97090740107795],[-3.460372677015377,56.97208786578566],[-3.463427253729996,56.97374478250372],[-3.464739465224753,56.97445746332922],[-3.464771631434577,56.9744749811245],[-3.464835827727971,56.97451003919854],[-3.464867881626982,56.97452759241157],[-3.466075394372733,56.97519065435634],[-3.466143913755366,56.975228501826926],[-3.466280541090599,56.97530441769584],[-3.466348649043189,56.975342486094604],[-3.466521074718327,56.97543943447006],[-3.466478034050393,56.97528063108937],[-3.466466789628968,56.975230216547565],[-3.466347616826119,56.97426514480236],[-3.466347531447248,56.97426168213051],[-3.466336058116595,56.974227747823754],[-3.466315333037228,56.97415837046007],[-3.466188525397309,56.97363893639715],[-3.465990601072244,56.97259691332547],[-3.465919482849802,56.97207432441262],[-3.46591360739548,56.972003083848904],[-3.46589704376426,56.97162936625474],[-3.465892403540263,56.970881878214634],[-3.465904326376276,56.97050810777283],[-3.465908931496727,56.9704423506374],[-3.465944122505679,56.97010557046264],[-3.466037630332146,56.96943296916379],[-3.466095946734244,56.969097148024744],[-3.46610157964417,56.969070119701456],[-3.466162281355088,56.9688121482315],[-3.466297331505145,56.968297273223335],[-3.466371679759193,56.96804036967152],[-3.466393628991977,56.96797104894431],[-3.466520516522503,56.96761360655102],[-3.46680070062669,56.96690182367272],[-3.46695399671753,56.96654748313147],[-3.466986246799439,56.96647915551322],[-3.467130530968535,56.966193091858166],[-3.467165586076462,56.966127819541775],[-3.467171838329558,56.96607105651752],[-3.467293672462705,56.965124437729294],[-3.467387857632815,56.96460712967501],[-3.467393566620596,56.964582912526154],[-3.467409699107004,56.964538571285125],[-3.46742067520561,56.96444437858595],[-3.467462920820326,56.96415545396311],[-3.467469655974152,56.96411718209413],[-3.467473116058718,56.96410003586106],[-3.46748980436848,56.96393062871174],[-3.467498253021623,56.96387755599137],[-3.467537593779707,56.96354872174169],[-3.467546237695291,56.963494165633755],[-3.467563334355886,56.96341909799576],[-3.467297991891572,56.96263215876245],[-3.467252930443024,56.96254782738105],[-3.467224527500889,56.96241427568885],[-3.467186903209607,56.962302687319436],[-3.467073074894317,56.961754457617964],[-3.537434901667487,56.9608452764356]],[[-3.630639789382919,57.1332561410913],[-3.63010105642075,57.133976572498725],[-3.629746428495248,57.134416670097515],[-3.629660936141435,57.13451548703268],[-3.629219041496793,57.135026186638804],[-3.629148716750155,57.13510642674023],[-3.629006609634888,57.13526652424591],[-3.628934827153412,57.135346381773324],[-3.628272786023883,57.13607373538197],[-3.627757741258482,57.136595553874834],[-3.626665481982787,57.13761959569891],[-3.626088266314099,57.13812181849768],[-3.625761121477834,57.138386608993734],[-3.624850433892135,57.13905466514538],[-3.622919225237877,57.14034210419375],[-3.621898702829875,57.14096148541576],[-3.621358157760172,57.14126046070137],[-3.620882990830804,57.14151290926473],[-3.619914351129007,57.142007210886604],[-3.619420878716676,57.14224906382815],[-3.61909700411703,57.14240148902958],[-3.618397434056245,57.14271293001304],[-3.616967965619077,57.14331452887646],[-3.616238067398771,57.14360468629425],[-3.615010328734661,57.144065242780414],[-3.614823706189668,57.144134229709614],[-3.614448743061763,57.14427081067425],[-3.614260402486412,57.14433840470451],[-3.61360118382545,57.144571490903445],[-3.61352731031834,57.144597458796184],[-3.613379309697809,57.1446491802784],[-3.613305182584881,57.14467493386758],[-3.612075808706002,57.145099535736605],[-3.611755280838292,57.14520093357519],[-3.609469505132654,57.147010261822395],[-3.610776843156115,57.1461330111948],[-3.614877939418002,57.144163406197606],[-3.619522022578459,57.14258999992731],[-3.624580949479649,57.141456186033345],[-3.62991517691922,57.1407932291232],[-3.63263307017168,57.140582552860316],[-3.634232684121285,57.14053164132603],[-3.635111544096591,57.13977525956992],[-3.635251828859652,57.1396535996475],[-3.635368510496354,57.139552509748675],[-3.637391743046857,57.13813633627837],[-3.641650033084341,57.1357020118371],[-3.64029400323066,57.13464725664394],[-3.640235811908819,57.13466782943104],[-3.639876587489595,57.134367416810804],[-3.63823767663342,57.134315243791434],[-3.63658776914575,57.13421728313],[-3.636363843688953,57.134197754248646],[-3.633506579409779,57.13380368695507],[-3.630639789382919,57.1332561410913]],[[-3.607955131298809,57.14802636939232],[-3.605059940329849,57.149654462070316],[-3.606761023264069,57.14895566140525],[-3.606822026404592,57.148934766056506],[-3.60733195237946,57.1484444858088],[-3.607955131298809,57.14802636939232]],[[-3.720523478740866,57.19918376702613],[-3.720305290949386,57.19908685307702],[-3.717088300266895,57.19717575288648],[-3.716819325588724,57.19699071929893],[-3.713076693736935,57.19677911748743],[-3.708323833387117,57.196112819354326],[-3.703315155228997,57.19495783893943],[-3.700899019455912,57.194267726388404],[-3.699439065520787,57.19376308878996],[-3.698796355112503,57.19350060395838],[-3.698587255541892,57.193449746842425],[-3.698519363334161,57.193425689217186],[-3.697604545572643,57.194233277630026],[-3.694627704108159,57.196056631990224],[-3.696940790035871,57.19795573543787],[-3.699182072424402,57.20071157764523],[-3.700470074575536,57.20348112335696],[-3.701560574197729,57.20315669235468],[-3.702474635918976,57.20298344727262],[-3.704792577835414,57.20201355478572],[-3.709327065468884,57.200668830653505],[-3.714192472122723,57.19972465665841],[-3.71926961382376,57.19920415894226],[-3.720523478740866,57.19918376702613]]],[[[-3.827352242444412,57.49656507246979],[-3.823580051010991,57.49676277814953],[-3.818444739670675,57.49663363810105],[-3.813407848783219,57.496079808990906],[-3.80858985189043,57.49511453829934],[-3.804105968826708,57.493760913729844],[-3.800063397242983,57.492051308316896],[-3.796558741785221,57.49002659998606],[-3.793675707012275,57.48773520161709],[-3.791483094134797,57.4852318922089],[-3.790033164817082,57.482576504361084],[-3.789360405108707,57.47983249364623],[-3.789480710214477,57.47706541536587],[-3.79039102839291,57.474341363235176],[-3.792069447552918,57.471725389575205],[-3.793096734816572,57.47045243443681],[-3.794383335742067,57.46914485699143],[-3.794398661611333,57.46912931742832],[-3.794429369791171,57.46909825450596],[-3.794444752101709,57.469082731146635],[-3.794802283517101,57.46872276640738],[-3.796249836528653,57.467510468844104],[-3.799485956892425,57.46522621373],[-3.803358191005096,57.46325024929615],[-3.807766794678279,57.46163342552934],[-3.812598266759489,57.46041734327422],[-3.817728267313496,57.45963328882795],[-3.823024807992968,57.45930143116287],[-3.825494965282637,57.4593612212247],[-3.827352242444412,57.49656507246979]]],[[[-3.834219450042594,57.6333352326522],[-3.833919002259373,57.633456454876494],[-3.833729910205229,57.63352658059275],[-3.833487300884549,57.63361318894997],[-3.833423176593962,57.63364304191473],[-3.832629025605549,57.63399837535292],[-3.832188191816079,57.63420524716031],[-3.831789539431005,57.634386508597096],[-3.830695463634043,57.63486841858471],[-3.830363321986297,57.63501574996175],[-3.829914765525977,57.63520786927495],[-3.829005624411177,57.63558374403295],[-3.828545039837904,57.63576749939144],[-3.828480857652638,57.63579220021274],[-3.827976915754107,57.63599193501052],[-3.827832999681611,57.63605056700563],[-3.82752117127154,57.63617457534986],[-3.82689223209828,57.63641867954707],[-3.826575121366228,57.63653877537379],[-3.826410656942475,57.63659954065712],[-3.826216109348225,57.63667034541585],[-3.825641256869289,57.63687641109003],[-3.825334926219996,57.636983641129554],[-3.825170232834675,57.637039924879815],[-3.824192726153662,57.637349508291024],[-3.823879038298357,57.637441308596074],[-3.82382153496386,57.63746641725278],[-3.823367939120376,57.63760772492998],[-3.822928082034467,57.637740040013554],[-3.822361817089833,57.63790441474896],[-3.821889262202042,57.638074460668136],[-3.821749219097372,57.63812140029972],[-3.820651522446405,57.63845907872306],[-3.819104241019911,57.63889422217801],[-3.819103019202177,57.63889297261698],[-3.818965569377086,57.638946718673004],[-3.818407586670955,57.6390998241135],[-3.818112374237128,57.639186322420784],[-3.818104610808591,57.63917870205216],[-3.81797535022483,57.639231132448174],[-3.817197911168755,57.639453765523754],[-3.816304720102828,57.63971363235067],[-3.816156628119205,57.63975620329493],[-3.815859654126551,57.63984054571169],[-3.81571077212209,57.63988231718238],[-3.815215037492874,57.64001970805816],[-3.815158610382772,57.64003527385048],[-3.814539760058065,57.640205190983544],[-3.814117618279338,57.64031710665712],[-3.813968738378307,57.64035518898446],[-3.813470532943625,57.64047730162167],[-3.812466931810469,57.64071271809875],[-3.812002251409887,57.640817277659764],[-3.811805130313746,57.640859773113945],[-3.811287811306588,57.64096600012816],[-3.81038138440618,57.64114295986041],[-3.809822573357574,57.6412811402216],[-3.809292687210129,57.641406255239296],[-3.809143573909167,57.6414398249887],[-3.808762987009838,57.64152257663791],[-3.80799813873502,57.64168304735666],[-3.807613877447117,57.64176076640394],[-3.807340088944917,57.64181409391566],[-3.806732230363171,57.64192545966557],[-3.805508985576051,57.64213560067656],[-3.804893599742897,57.64223437586459],[-3.80462750661485,57.642274120143746],[-3.804507847976855,57.642291736541786],[-3.804268290236465,57.64232649311712],[-3.804148391136926,57.642343633293926],[-3.803250848497875,57.64247002960129],[-3.802887433392336,57.64254888018813],[-3.802413835357629,57.64262750646205],[-3.80159275479647,57.64275162074526],[-3.799747882394961,57.64300345782939],[-3.798807134323199,57.643116510964504],[-3.798657116377815,57.64313212150112],[-3.798437373007427,57.64315417218208],[-3.79799735614675,57.64319669765549],[-3.797777082674594,57.64321717244595],[-3.797723502654653,57.643221955450294],[-3.797456310004742,57.64326341409334],[-3.796429413830821,57.64341330629517],[-3.795913741726086,57.64348387442128],[-3.79575557135399,57.64350408940617],[-3.795699683158417,57.6435108295703],[-3.795678323968292,57.64352290859722],[-3.79545669822934,57.64364587526094],[-3.795009116135796,57.64388952236323],[-3.794783159779724,57.644010202786575],[-3.794448347766287,57.64418564637227],[-3.794128813900003,57.644348726319784],[-3.793481838894619,57.64467031489894],[-3.793154397765152,57.64482882349031],[-3.792859658231488,57.64496776649318],[-3.791821436381495,57.645418715086784],[-3.790566103915833,57.64616586085989],[-3.787984027472964,57.64734760793675],[-3.786984667807803,57.64788374896811],[-3.78608182343794,57.648333692687906],[-3.785901598067793,57.64841709614692],[-3.785809959233863,57.648454958536],[-3.785802440220771,57.648500231751704],[-3.785700922941673,57.648970688186296],[-3.785630212728041,57.64923672098523],[-3.785474558945131,57.6497253552681],[-3.785113186141527,57.65069727405154],[-3.784907467273089,57.651180558422006],[-3.784785844904424,57.65143383284895],[-3.783983883024675,57.6527028996659],[-3.782036502687612,57.65516292311553],[-3.77942774374558,57.65744020511245],[-3.777538169422425,57.6586425348858],[-3.776656771410178,57.659335743009144],[-3.774965230679911,57.66045985396718],[-3.774940762576077,57.66047367360849],[-3.772372091384234,57.66165770794496],[-3.766842386057711,57.66372446929236],[-3.763881376193478,57.66460718132924],[-3.763798483464512,57.66462629658596],[-3.76076923191002,57.66514854327],[-3.757298537553977,57.665556878107736],[-3.757143192130361,57.6656021301207],[-3.756859732440297,57.66568282614226],[-3.75655370296979,57.66576794269617],[-3.75539882711014,57.66604358931125],[-3.754957756311863,57.666247809229695],[-3.752386829279723,57.66732542152991],[-3.751052237593517,57.66783058772115],[-3.750763579350649,57.66792890745703],[-3.750691961401883,57.66795316504904],[-3.750548497285855,57.668001485796964],[-3.750476651119047,57.66802554895265],[-3.750237388882864,57.66810523363664],[-3.748243074432196,57.668673378106206],[-3.747035234030891,57.668963326936016],[-3.746642143811356,57.66906734602555],[-3.746593149043246,57.66907871269569],[-3.746265117116337,57.66921136595656],[-3.74605010642223,57.66927273057449],[-3.7441033764159,57.66974556876915],[-3.743803357981492,57.66980640296933],[-3.743043740948228,57.670017039226245],[-3.742769859721952,57.67007471728092],[-3.74193460360888,57.67020309496995],[-3.741876495533817,57.67021637215625],[-3.741494990785069,57.67030248157531],[-3.739779847338622,57.67063200607967],[-3.739736687374952,57.670638904391645],[-3.739606634575402,57.670678159509926],[-3.739025337600971,57.670793951941995],[-3.738833667801434,57.670831421331876],[-3.738631667225321,57.67087016508507],[-3.737430992909874,57.67115252164916],[-3.737226703671552,57.67119969797089],[-3.73691475711099,57.67127042316888],[-3.736590129074914,57.671341884759855],[-3.736050703207452,57.6714571064903],[-3.735800955739724,57.671509215724846],[-3.735299935527264,57.67161128642842],[-3.73504866280776,57.67166124789134],[-3.734745293686362,57.67172009282386],[-3.734439048981644,57.67178056830271],[-3.733798907942278,57.671935444408795],[-3.733375470078975,57.67202210373881],[-3.733015441918075,57.67209114762019],[-3.732909658513169,57.672116125589234],[-3.731574651618401,57.67239546722729],[-3.731429262596334,57.67242210938018],[-3.731395545822466,57.67242900530751],[-3.731217505215837,57.672466474664674],[-3.731112855412971,57.672489346686724],[-3.730127807811961,57.672685567791035],[-3.727442400726734,57.67316968093925],[-3.725965475864625,57.673396113154816],[-3.725948091810738,57.67339832201821],[-3.725627403265038,57.673464794229],[-3.723866024587863,57.67379065162834],[-3.723525487267913,57.67386603854912],[-3.723284631681865,57.67391423994348],[-3.72313435996949,57.67394387546357],[-3.72283329426158,57.674002375551055],[-3.722682500271595,57.67403124011713],[-3.722399961322481,57.67408450841962],[-3.722365837517061,57.674090929565374],[-3.721864150620923,57.67418508087776],[-3.721505154633788,57.67425001922654],[-3.7208065417791,57.674371692199465],[-3.719767223817215,57.67457880548268],[-3.718960488139396,57.67470751125511],[-3.718829532872337,57.67473913776024],[-3.718662971947656,57.67477417277956],[-3.718222618636921,57.67486299609432],[-3.716004411970542,57.67529145208139],[-3.715346461520078,57.675472214539646],[-3.715263304766362,57.67548681804669],[-3.714890975076601,57.675549641260424],[-3.714143682377777,57.67567062284522],[-3.713768719454989,57.67572878120041],[-3.713602191060331,57.675753487975584],[-3.712634811091188,57.67587694220168],[-3.712477779149539,57.67590161333623],[-3.712311038139181,57.67592184723097],[-3.712071950014221,57.67594741726983],[-3.711879855477138,57.67597843501226],[-3.711695094339399,57.67600541382532],[-3.710495833131515,57.67620269184873],[-3.709917564096142,57.676291760804816],[-3.709676037536513,57.67632645998936],[-3.708076202424222,57.67649444123256],[-3.707478993776982,57.67657391632228],[-3.7073890310667,57.676584045969136],[-3.707292652473232,57.67659539867288],[-3.706997658950108,57.67663187490086],[-3.70658901230704,57.67667953507254],[-3.705888288001477,57.67675636528193],[-3.705456574181806,57.67680054747284],[-3.704591129748284,57.676882829289326],[-3.704157399273735,57.67692092890059],[-3.703956918394749,57.67693709618904],[-3.703802339806665,57.676946941899615],[-3.703792491210872,57.67694821390662],[-3.70365066838267,57.67696359973696],[-3.70326954855093,57.67700249134799],[-3.702834670330442,57.677044079663716],[-3.702684537058217,57.677059785627335],[-3.702271685153625,57.677121537620025],[-3.700829752976972,57.6773008526484],[-3.700615695311184,57.677322184359205],[-3.699758398439751,57.67739536627322],[-3.698407210989781,57.67749155189231],[-3.698352783096527,57.67750040854008],[-3.698211932755611,57.67751092564007],[-3.697603471743452,57.67755029728793],[-3.697389909577935,57.67756199812257],[-3.696774736282959,57.677640335834646],[-3.69533091070172,57.677788689798845],[-3.69511710543786,57.67780548874972],[-3.694978475506119,57.67781666410253],[-3.693410553789304,57.67790290984614],[-3.693121357412453,57.67791148330655],[-3.693004912406915,57.67793050478835],[-3.692938291374559,57.6779403802288],[-3.692367174504096,57.678019270461434],[-3.691276172768254,57.67815904983204],[-3.690523564615994,57.67829377963522],[-3.687605997257079,57.67875143273743],[-3.686127783384445,57.67894473488722],[-3.685785653427973,57.678980746775025],[-3.684384412237025,57.67909551309044],[-3.684029631659173,57.679116391588394],[-3.6837859177037,57.679135928946316],[-3.683631103019884,57.679157575516626],[-3.683298225353991,57.679203144049566],[-3.683131568289513,57.679225471200155],[-3.682868354061564,57.67925996708621],[-3.68185611353609,57.67937501162699],[-3.680968191737116,57.679460673402815],[-3.680575014224625,57.6795004967378],[-3.680002378075279,57.67955384223872],[-3.679820293839409,57.67957140642276],[-3.679523977779095,57.67959852219501],[-3.679407599564831,57.67960859738604],[-3.67911887929109,57.67963221182009],[-3.678741196804874,57.67966130048499],[-3.677842277077315,57.6797173115247],[-3.676040097798266,57.67980325058586],[-3.675431474415174,57.67982341701661],[-3.674998454356378,57.679850038535875],[-3.674592398545847,57.67986368062911],[-3.674014151787103,57.67988968802241],[-3.67357146868896,57.67990643918455],[-3.673540653229252,57.67990738581669],[-3.673284666112639,57.679913101235144],[-3.673171984862473,57.679920450354054],[-3.673156928484242,57.67992126934996],[-3.672505871684378,57.67994983019342],[-3.672065573959726,57.67996452445204],[-3.671822142453136,57.67998068506705],[-3.67174470611568,57.67998754157254],[-3.671204998984918,57.680030507370525],[-3.670656685117232,57.68006928214359],[-3.670193443931556,57.680098533117715],[-3.669694447491022,57.680126275802465],[-3.669504918583906,57.68018967046834],[-3.669488066250785,57.68019520233996],[-3.669322707132628,57.68024878243162],[-3.66899084547919,57.68035491742095],[-3.668824342949827,57.68040747231558],[-3.668807477612613,57.6804127257645],[-3.668633427439398,57.68046619717365],[-3.668284143444895,57.680572019740126],[-3.668108909630811,57.68062437089409],[-3.668091700198119,57.68062944011935],[-3.667878195568664,57.68069125612273],[-3.667449536085492,57.68081322513495],[-3.667234381245602,57.680873378138145],[-3.667216824793551,57.68087820026441],[-3.667010829390086,57.68093382417959],[-3.666597427463718,57.68104354756788],[-3.666390020953687,57.68109764703637],[-3.666372283884,57.681102192920186],[-3.666144703894764,57.68115940058116],[-3.665687966067131,57.68127198049062],[-3.665458808246647,57.681327352733376],[-3.66545117612726,57.68132916013841],[-3.665389520959738,57.681343681793194],[-3.665266102070442,57.68137259223061],[-3.665204338349027,57.68138698101309],[-3.665186249273876,57.681391172003295],[-3.66497875458836,57.681438361040165],[-3.664562597949161,57.68153123956287],[-3.664353936009478,57.68157692904483],[-3.664335666768847,57.68158085276365],[-3.664055821305959,57.6816394018978],[-3.663942425536701,57.68166250123329],[-3.663795192457349,57.68170500757537],[-3.663790887865055,57.68170623208826],[-3.663660703346706,57.68174287397215],[-3.66365833682416,57.68174353297648],[-3.663480667152456,57.68179519008537],[-3.662982640307057,57.68193709646918],[-3.662732511194243,57.68200692696152],[-3.662720087722563,57.68201032442856],[-3.662564430526777,57.682052347175656],[-3.66225230787271,57.68213552305094],[-3.662095842419957,57.68217667617712],[-3.662083411017103,57.68217990299018],[-3.66183453054027,57.682243157425425],[-3.661334860446441,57.682367466129925],[-3.661084070852819,57.6824285203916],[-3.661071295396777,57.682431562957895],[-3.66085758717378,57.68248150849497],[-3.660428892981253,57.68257980187577],[-3.660213907026908,57.68262814971517],[-3.660200955177031,57.68263100584441],[-3.659945733789348,57.68268597956039],[-3.659433639291404,57.682793675338814],[-3.659206777585845,57.68284037096707],[-3.658969044816428,57.68288824744534],[-3.658954473257169,57.682891189195],[-3.658773788235479,57.68292703254897],[-3.658411660080328,57.682997604008584],[-3.658230216956399,57.68303233211206],[-3.658209097082324,57.68303630127461],[-3.657952749960297,57.68308323517117],[-3.657438671471953,57.683174876893865],[-3.657180940135833,57.683219584727325],[-3.657159635185819,57.68322317880788],[-3.657037841012738,57.68324345264307],[-3.656793967866327,57.68328350317232],[-3.656671888896015,57.68330327986583],[-3.65665590365205,57.683305833950755],[-3.656403306512164,57.68334504024358],[-3.655896993618258,57.683421324522314],[-3.655643277891536,57.68345840250367],[-3.655621613218453,57.68346147097949],[-3.655437502620205,57.68348694992935],[-3.655068753013714,57.6835367870672],[-3.654884114016125,57.68356114525363],[-3.654862436521769,57.683563935265354],[-3.654676026796348,57.68358732492667],[-3.65430272015306,57.683632961883646],[-3.654118603547707,57.68365487822652],[-3.653807148259836,57.683700060867174],[-3.653577493079008,57.68373244305454],[-3.653553489837107,57.68373573039535],[-3.653373412210835,57.683759824642095],[-3.65301276931221,57.68380694322971],[-3.652832204049851,57.68382996756913],[-3.652531990812874,57.68386730869921],[-3.651980067655014,57.68393073141792],[-3.650872542499592,57.68404758327055],[-3.650316940807379,57.68410101237939],[-3.650062658695656,57.68412310482475],[-3.649783888553692,57.68414603716867],[-3.649225666495211,57.68418938543287],[-3.648946214616477,57.68420980134979],[-3.648678843677064,57.68422810866253],[-3.647713186032624,57.68425046214225],[-3.647364166057099,57.68429733800138],[-3.647319980287602,57.68429944049814],[-3.647162229745424,57.68430654480551],[-3.646846610268365,57.68431995483599],[-3.646688741340374,57.68432626055874],[-3.646644535120985,57.684327913891366],[-3.646419745813301,57.6843355086725],[-3.645969996709678,57.68434907915059],[-3.645745036933715,57.684355054846726],[-3.645700801719584,57.68435607037097],[-3.645514283413528,57.6843597952736],[-3.645141180812641,57.68436613204233],[-3.644954596529232,57.684368743908124],[-3.644913857965516,57.68436919263654],[-3.644719504339569,57.68437072969529],[-3.644440802926377,57.68437206799012],[-3.64434863459388,57.68437315845838],[-3.644338175160329,57.68437329437752],[-3.644088233630713,57.68437554379252],[-3.643588315620141,57.68437804523778],[-3.643338339166692,57.68437829726763],[-3.643309653098864,57.6843782116309],[-3.643121339763676,57.68437708285842],[-3.642744748654471,57.68437369177449],[-3.642556470892216,57.68437142946304],[-3.642527601344958,57.684370995659506],[-3.642368141243783,57.68436819274217],[-3.642049278109411,57.684361773802955],[-3.641889875083349,57.68435815778108],[-3.641875769490921,57.68435780177472],[-3.64173593943398,57.68435395912556],[-3.641456344175813,57.68434564814105],[-3.641316578979398,57.684341179805806],[-3.641288020366858,57.68434020265387],[-3.64104949853485,57.684331126142006],[-3.640572721110685,57.684311150901515],[-3.640334465542354,57.68430025217368],[-3.640305887097458,57.68429883484754],[-3.640103157932399,57.6842881148369],[-3.639697958050832,57.684265355489856],[-3.639611171705369,57.68426035833582],[-3.639362005909093,57.684245659577975],[-3.639343835626105,57.68424462558136],[-3.639142703013535,57.68423252183408],[-3.638740725582541,57.68420701396267],[-3.63853988077835,57.684193609839326],[-3.638490074903443,57.6841901221854],[-3.638301696574351,57.684176348590455],[-3.637925244005482,57.68414765743966],[-3.637737169777363,57.684132739884575],[-3.63768733609822,57.68412863238787],[-3.637566812147607,57.684118457665164],[-3.637336609079983,57.684098563414395],[-3.636930415093757,57.68407048068183],[-3.636140060485292,57.684007043727846],[-3.634510563712698,57.68383162399721],[-3.632978352932422,57.68362386105259],[-3.632752929470491,57.68360272209926],[-3.63273673591135,57.6836006850872],[-3.632492355067973,57.68356890622276],[-3.632004511917804,57.683503387588445],[-3.631761049635732,57.68346964782201],[-3.631744843673348,57.68346733234408],[-3.63147939462284,57.683428151926016],[-3.630949735129339,57.68334746005971],[-3.630848332031174,57.68333182644942],[-3.630719061618347,57.68331166018742],[-3.63020909902285,57.68322736596911],[-3.630015401400396,57.68319353061156],[-3.630012872369784,57.683193091344236],[-3.629760632261671,57.683148092644025],[-3.629257517597727,57.68305595727472],[-3.629006643051985,57.68300882063301],[-3.62899090850734,57.68300578901311],[-3.628807527815126,57.68296980894989],[-3.628441562313237,57.68289670645258],[-3.628258977513604,57.68285958402063],[-3.628243402262935,57.682856361597715],[-3.628011267856483,57.68280726763572],[-3.627548390821447,57.68270723323648],[-3.62731764821284,57.68265629280418],[-3.627302229485485,57.682652816705456],[-3.627082000192345,57.68260217107464],[-3.626642917392958,57.68249919777173],[-3.626424063903395,57.68244687010429],[-3.626408971749067,57.68244319205522],[-3.626175683536045,57.68238517710792],[-3.625710798153768,57.68226723600789],[-3.6254792010038,57.68220730986118],[-3.625464265006482,57.68220336916279],[-3.625257738844616,57.68214792905149],[-3.624846133957055,57.682035529006015],[-3.624641055244338,57.681978569076456],[-3.624626786310208,57.6819745388606],[-3.624497985145076,57.68193777462629],[-3.624240985886642,57.681863646637964],[-3.624112787796413,57.681826282885154],[-3.624098171277545,57.681821978572415],[-3.623865869488794,57.681752277046016],[-3.623403364209132,57.681610905574864],[-3.623173160735473,57.68153923563767],[-3.623158699616508,57.68153465072483],[-3.623032316719403,57.68149417833167],[-3.622780220167178,57.68141264022245],[-3.622654506514733,57.681371574507686],[-3.622640377559155,57.68136691340577],[-3.622450981541267,57.6813034960539],[-3.622073785369714,57.68117531471571],[-3.621885985224612,57.6811105507341],[-3.621871843629231,57.68110560222633],[-3.621642469862433,57.6810238902029],[-3.621186262491154,57.68085845740616],[-3.620959428900723,57.680774736641865],[-3.620945782799533,57.680769610991135],[-3.620758269203814,57.68069814492045],[-3.62038509305065,57.680553840053825],[-3.62019943050018,57.68048100126331],[-3.620186112236224,57.68047570064077],[-3.619976570551321,57.68039093121698],[-3.619559994113519,57.680219643890126],[-3.619352959369182,57.68013312599525],[-3.619339796153375,57.68012753581749],[-3.619078485826485,57.680014257812914],[-3.618560162191107,57.67978491663428],[-3.618303148895909,57.67966885347765],[-3.618290649260134,57.67966309299597],[-3.618058734269019,57.679554209938054],[-3.617598685981593,57.67933417625803],[-3.617370552746654,57.67922302554786],[-3.617358376227793,57.679216982353594],[-3.617254003661857,57.67916423257374],[-3.617015465919904,57.679097267234354],[-3.61638445227096,57.67890822263026],[-3.616078150825151,57.67887788057777],[-3.614864489268424,57.678745182149235],[-3.614259950306667,57.678672822293436],[-3.614190791094847,57.67866382244833],[-3.613666855933712,57.678588576230446],[-3.613303991091402,57.678543973262066],[-3.612785071150036,57.678475504628864],[-3.612709128520051,57.67846479368266],[-3.612382167095478,57.678416779649964],[-3.611730125985956,57.67831721724362],[-3.611405046359415,57.67826566887932],[-3.611202322814566,57.678232324344286],[-3.610457953496117,57.67809959911133],[-3.608620997201202,57.67774625365828],[-3.607680336170407,57.677547954319714],[-3.607383846350986,57.67747985090765],[-3.606506797020388,57.67726214530471],[-3.604668873305329,57.676770937423775],[-3.603733301616928,57.676500706745614],[-3.603680591729133,57.676484305638446],[-3.603401483314789,57.67639551118897],[-3.602846532004091,57.67621504200342],[-3.602570689135906,57.67612336728142],[-3.602550259743078,57.67611643002286],[-3.602170420660863,57.675983552940444],[-3.601417600907829,57.67571233806055],[-3.601044621097137,57.675574000046325],[-3.601030976188356,57.67556879140888],[-3.600941097000383,57.67553180973388],[-3.60017124708246,57.675261383970344],[-3.600114575892187,57.67524763996043],[-3.599994318750305,57.675205229964085],[-3.599580155406747,57.675054370849935],[-3.599337553797341,57.67496313358913],[-3.599338430707658,57.67496246432011],[-3.59891467649561,57.674804828212636],[-3.598872612304,57.67478827647108],[-3.598760435132981,57.674746087906044],[-3.598354878496573,57.67458866411164],[-3.598304864860883,57.67456863317514],[-3.59818660190553,57.6745208297006],[-3.597950870040645,57.67442466436371],[-3.597833401132677,57.67437630250282],[-3.597804022231549,57.674364096198644],[-3.597410670649638,57.67419553512984],[-3.596633608172775,57.673852154061876],[-3.596249897322453,57.673677334121365],[-3.596222160252732,57.673664307183856],[-3.595240676242245,57.67316435939453],[-3.595091398596973,57.67308191652168],[-3.595018969664956,57.673043526873855],[-3.594989644393687,57.673031765953674],[-3.594904274091318,57.67299690696874],[-3.594489736954124,57.67282204557351],[-3.593671150535171,57.6724654159563],[-3.593267101308212,57.67228364780156],[-3.593191789677789,57.672248669993444],[-3.593107868397409,57.67220943098799],[-3.592940514850281,57.6721306549063],[-3.592857082583864,57.67209111783068],[-3.592742474966821,57.672036442405904],[-3.59224491377767,57.6718040032337],[-3.591740116707109,57.67155831727377],[-3.591570318927505,57.67147223304337],[-3.591406169722212,57.67139131522184],[-3.591387303251499,57.67138167036223],[-3.591147204692931,57.67125644723799],[-3.590671731865115,57.67100345328584],[-3.590436357596919,57.67087568247559],[-3.590312635597182,57.67080716415342],[-3.589905913036811,57.670572047440615],[-3.589813449095901,57.670522084988015],[-3.588545014146446,57.669797648362064],[-3.587929521412367,57.66942602197679],[-3.58792262231169,57.669421616676054],[-3.587904859498706,57.66940973177387],[-3.587325751621964,57.66935156697161],[-3.585602464402722,57.669095618640846],[-3.585182881352647,57.66905483938901],[-3.584598318153641,57.668946467117095],[-3.584580502478258,57.66894382078],[-3.584532052073865,57.66893418185713],[-3.580334280912999,57.668155856973726],[-3.575799873073397,57.66686965694281],[-3.573625180875088,57.666132976862905],[-3.573452876547764,57.66606414838009],[-3.573261888626083,57.6659867122987],[-3.572881999550887,57.66583038472627],[-3.572693098403881,57.665751493241366],[-3.572272985659301,57.66557343770505],[-3.572024002601101,57.665465824664594],[-3.571734662290375,57.665338306150154],[-3.571689883055606,57.66532423359808],[-3.571500939474033,57.665261987721664],[-3.571414375281689,57.66523327520758],[-3.571241574357785,57.66517556874939],[-3.571155337627065,57.66514657480571],[-3.570747531931913,57.6650085368571],[-3.570732427383892,57.66500341804075],[-3.570702228494592,57.66499317177402],[-3.570687134153318,57.664988044323664],[-3.570549999217918,57.66494140537594],[-3.570280799264335,57.66484790225321],[-3.569745792443601,57.66465815016586],[-3.569479985599853,57.66456190121542],[-3.56940332393247,57.664533565284195],[-3.569267274432091,57.66448326185062],[-3.569130058458367,57.66443250847639],[-3.569034260473492,57.664396809997434],[-3.568843171547272,57.664325071420336],[-3.568747860316209,57.66428902381774],[-3.568339312711012,57.6641333612851],[-3.567895413693651,57.663958266470516],[-3.567018612583504,57.66360034413609],[-3.566585710446846,57.66341751674218],[-3.566087338839859,57.6631998214877],[-3.566011087551702,57.66316631294434],[-3.565858954606274,57.6630990558519],[-3.565783072949336,57.663065307303256],[-3.565656073586439,57.6630084848188],[-3.565522711134592,57.66294818082246],[-3.565257166340163,57.66282683151838],[-3.565124983999135,57.662765786213086],[-3.565027474104692,57.66272027711965],[-3.564712695489059,57.662569587491305],[-3.564090326767168,57.66226400525696],[-3.563782736673589,57.6621091126861],[-3.563686731229137,57.662059532306195],[-3.563552009020654,57.66198917118079],[-3.563284048295983,57.661847642464735],[-3.563150809780066,57.66177647487719],[-3.563030164916574,57.661711306225406],[-3.562555673797557,57.66144424856071],[-3.561627567162227,57.660899913976046],[-3.561173951599587,57.660622637208625],[-3.560984895679016,57.66050217149069],[-3.560836156134723,57.660406045688404],[-3.56054118746855,57.660212694437604],[-3.560394958342455,57.66011546899488],[-3.560277750581877,57.66003642039604],[-3.560202717918924,57.65998543848954],[-3.560053342880577,57.65988318512836],[-3.559979000504462,57.659831913674516],[-3.559974681211126,57.65982891246758],[-3.55992551404027,57.65979457848582],[-3.559827489244092,57.65972578387282],[-3.559778631618536,57.65969132324181],[-3.559123779141438,57.65922711189937],[-3.559042928774292,57.6591693160106],[-3.558882098699899,57.65905337741334],[-3.558802118991452,57.658995234706005],[-3.558084723032076,57.65846928483196],[-3.557415446472122,57.65797862258765],[-3.557268656428628,57.65787310425983],[-3.557013912548483,57.65768494928628],[-3.556513603525167,57.65730516681076],[-3.556268038334876,57.657113539345126],[-3.556064455746769,57.65695018053377],[-3.556032882202523,57.65692486053592],[-3.555946968280378,57.65685526506624],[-3.555776351527894,57.65671564906965],[-3.555691648694907,57.656645628544354],[-3.555285114040901,57.65630611259075],[-3.554941237741404,57.65602236167821],[-3.55477341105638,57.65588100789464],[-3.554442710096637,57.655596646095006],[-3.554279835798548,57.65545363809203],[-3.554077212707076,57.655271938258664],[-3.554001557815215,57.655204438501706],[-3.55393526140172,57.655144766768196],[-3.553803532023249,57.655025150174225],[-3.553738099056435,57.6549652053146],[-3.553458217672406,57.65470650640297],[-3.553433609519905,57.65468368336731],[-3.553384518377612,57.6546379986633],[-3.553360035387709,57.654615136994934],[-3.553116999037598,57.65438741992419],[-3.553072941882598,57.65434654818361],[-3.553052252776361,57.65432732445272],[-3.552927200975812,57.654210877068074],[-3.552917904360742,57.6542022084775],[-3.55289932915282,57.65418486575153],[-3.552890050559959,57.6541761916161],[-3.552775530218276,57.65406899310571],[-3.552703833889647,57.65400119996136],[-3.552561542037561,57.65386528262806],[-3.552490946511305,57.65379715844036],[-3.552370869763541,57.6536800910015],[-3.55228160140479,57.653593292547],[-3.552246527491594,57.65355901267805],[-3.552176658568032,57.65349037138806],[-3.552141863557288,57.653456009967236],[-3.552071510487269,57.65338617123635],[-3.552063415636884,57.65337812575599],[-3.552047241226217,57.653362030381324],[-3.55203916166593,57.653353980486976],[-3.551969493943439,57.65328448365724],[-3.551921226793518,57.653235979302245],[-3.551825247607577,57.65313881307099],[-3.5517775355705,57.65309015119518],[-3.551698135420783,57.653008564717595],[-3.551680602696999,57.65299052148837],[-3.55159780522824,57.6529051349491],[-3.55153140021577,57.652835917394654],[-3.551399712410946,57.65269717634165],[-3.551334429614735,57.65262765286122],[-3.551271896029371,57.65256033213196],[-3.551181827428953,57.65246186594359],[-3.551003941143946,57.652264351166515],[-3.55091612345012,57.65216530258091],[-3.550814809708143,57.65204920834591],[-3.550761152371757,57.65198710734374],[-3.550724481030577,57.65194423763261],[-3.550584284901041,57.65182859176467],[-3.550505858895431,57.65176405838148],[-3.550461027104719,57.651726968904846],[-3.550371704781993,57.65165267208865],[-3.550327214249615,57.65161546474937],[-3.549984230861488,57.65132706604744],[-3.549935091747671,57.65128658200737],[-3.549895400232458,57.6512537250324],[-3.549816284919251,57.65118791861638],[-3.549776861120999,57.65115496917548],[-3.54964147066493,57.651041268148845],[-3.549552902697679,57.65096606992045],[-3.549377161115765,57.65081520681514],[-3.549289987497649,57.65073954194009],[-3.549157854885186,57.65062357255657],[-3.549069945996983,57.650545529021706],[-3.548895611564163,57.650388967403345],[-3.548809186015523,57.650310449321836],[-3.548564586813506,57.65008562817668],[-3.548423595672522,57.64995619276061],[-3.548366113269344,57.64990300419271],[-3.548251829331693,57.649796417305396],[-3.54819502779592,57.64974301898663],[-3.548028616551415,57.649585327780756],[-3.548014890455894,57.64957229557915],[-3.547987478821354,57.649546218927185],[-3.547973793282317,57.649533174476844],[-3.547900430130462,57.649463111222026],[-3.547400850591933,57.648891229216396],[-3.546804630540701,57.64840554251752],[-3.546617160865491,57.6482248222125],[-3.546508265633615,57.64811974746263],[-3.546360744253244,57.64797738213765],[-3.545756326032518,57.64740601557747],[-3.545707591533853,57.64735962523096],[-3.545610636706475,57.64726669040218],[-3.545562416376868,57.647220145920315],[-3.545163361583481,57.646832250358244],[-3.544897976845077,57.64657821248321],[-3.544882173429724,57.646563065567314],[-3.544461166582574,57.6461588337136],[-3.544403973882938,57.646103461033476],[-3.544290318273323,57.64599250086039],[-3.544233855361795,57.64593691336802],[-3.54404300702304,57.64574743596254],[-3.542944272586697,57.64440462868864],[-3.541169183946619,57.641641027814885],[-3.540256619367502,57.6387593651022],[-3.540230688286524,57.63583647490132],[-3.541091865600033,57.6329502758896],[-3.541788311814984,57.63183102113638],[-3.542111843223152,57.62997772454495],[-3.543552075114791,57.62708382485515],[-3.545871389980132,57.62435923936463],[-3.549004701757225,57.62188020178245],[-3.552864175861437,57.61971608607338],[-3.55465043236347,57.61900256697187],[-3.555061939638261,57.61876628752209],[-3.55532215447569,57.618657438214065],[-3.556931966743035,57.61806174015012],[-3.557329266111827,57.617932410523004],[-3.557341727429495,57.61792743212715],[-3.559607753615619,57.61716505785475],[-3.559628108615854,57.61715937068149],[-3.560697527797784,57.61684555007329],[-3.561184299198877,57.61669807620394],[-3.561515125217015,57.61660506585865],[-3.561571926194225,57.61658889234414],[-3.561800939561561,57.61652429008356],[-3.561915678571111,57.61649222627214],[-3.56213727804543,57.61643088288758],[-3.562424218602453,57.61634839973196],[-3.562502862451153,57.616325937119036],[-3.562660371562695,57.61628123670298],[-3.562739236826233,57.616258998899546],[-3.563324872601901,57.61609492944464],[-3.563431403062481,57.61606494454459],[-3.563645397679233,57.61600365334185],[-3.563769163528895,57.61596856079398],[-3.564017237128551,57.61589893203419],[-3.564141544881239,57.61586439582115],[-3.564360444018411,57.61580420054845],[-3.564381343626547,57.61579846324349],[-3.564423157799053,57.6157870043598],[-3.564444072363428,57.61578128278107],[-3.564603609787762,57.615737713716385],[-3.565201801624349,57.615572455772416],[-3.565844313211222,57.61539377162064],[-3.565889570783705,57.615381232027005],[-3.565980156739471,57.61535622676066],[-3.56602548512288,57.61534376108784],[-3.566457416629895,57.61522542016761],[-3.566590386140781,57.61518803133842],[-3.566759178551743,57.61514055453585],[-3.566808720338997,57.615126624531534],[-3.566888803506025,57.615104254637785],[-3.567049089032052,57.61505977577062],[-3.56712934335531,57.61503765218617],[-3.567492853068392,57.6149381067072],[-3.567612867497575,57.614913624340026],[-3.568048329097107,57.61477734538269],[-3.569063369410316,57.61448715192722],[-3.56909668754949,57.6144776406438],[-3.569593223098327,57.61433619049404],[-3.569819078340232,57.61427130250973],[-3.569871866507166,57.614256201508205],[-3.56997754294894,57.61422610079282],[-3.570030431224021,57.61421110107893],[-3.570306633318372,57.61413310505008],[-3.5703672291133,57.61411607819009],[-3.570488549695243,57.61408215743112],[-3.570549274482607,57.61406526353198],[-3.570941197974484,57.61395677238797],[-3.571073467008662,57.61391985639817],[-3.57111808893453,57.61390744811563],[-3.571207401924524,57.61388270347012],[-3.571252092988837,57.613870367107054],[-3.571539574190597,57.61379130394917],[-3.571856764888003,57.61370313022654],[-3.571877743447117,57.613697308566124],[-3.571919715831982,57.61368568112871],[-3.571940709657741,57.613679875351686],[-3.572101177149625,57.61363557526422],[-3.572127254541699,57.613628391569634],[-3.572179432700114,57.6136140486871],[-3.572205533466497,57.61360688949911],[-3.572408649110236,57.61355129690692],[-3.572486133911586,57.61352863559796],[-3.572781937747914,57.61344315423854],[-3.572930238844294,57.61340081166359],[-3.572971254491808,57.61338924228941],[-3.573150420662114,57.613339441680935],[-3.573509857271891,57.613241002564386],[-3.573529860063909,57.61323560565856],[-3.573793498699516,57.61315925880587],[-3.57409632658812,57.61307410442085],[-3.574474226032838,57.612971090570845],[-3.57514961689072,57.61279271540818],[-3.575593124073556,57.61267220747919],[-3.575901903079937,57.612587763952355],[-3.576707869906937,57.61237461145166],[-3.577113515780571,57.61227093674163],[-3.577217031567227,57.61224538909917],[-3.577496956049461,57.61217796476711],[-3.57805905812439,57.6120458798385],[-3.578341235751813,57.61198121923127],[-3.578448169862246,57.61195733481898],[-3.578809747286053,57.611879212010884],[-3.57953618961732,57.611727503968396],[-3.579901054602254,57.61165391871378],[-3.580020900534667,57.61163059928804],[-3.580577196437154,57.611528252967126],[-3.581696135905631,57.61133410618977],[-3.582258779764799,57.61124230567193],[-3.582386820209271,57.611222726486936],[-3.582849989743664,57.611155736811305],[-3.583779711088479,57.61102890469706],[-3.584246263071625,57.61096906223038],[-3.584279566978465,57.61096506033361],[-3.584510295834139,57.610938250813845],[-3.584972434484765,57.610886379245265],[-3.585203844347997,57.61086131703672],[-3.585360479100227,57.610844969124],[-3.585811031023872,57.61080136801696],[-3.586714185401288,57.61072079208276],[-3.58716678801706,57.61068381723801],[-3.58732696354662,57.61067193225706],[-3.58773836255731,57.61064418872123],[-3.588562313170741,57.61059417652066],[-3.588974864897588,57.61057190784607],[-3.58907843228407,57.610567012054474],[-3.589241293648263,57.61055974310299],[-3.58956714067289,57.610546058511595],[-3.58973012634103,57.61053964287123],[-3.589842097182134,57.610535530127734],[-3.590092401668592,57.61052734673507],[-3.590593210682177,57.61051299242708],[-3.590843715237344,57.61050682151051],[-3.59095576470666,57.610504512519746],[-3.591500575672423,57.610498049845894],[-3.592590300434115,57.6104946414767],[-3.593135214519632,57.6104976957751],[-3.593202212051206,57.610498656851284],[-3.593259100695281,57.61049952484583],[-3.593372872161701,57.61050136458936],[-3.593429754984377,57.61050233633834],[-3.593664283947069,57.610506556873354],[-3.594046818885945,57.610515792606485],[-3.594811395518773,57.61053895577349],[-3.595193437312691,57.61055288320844],[-3.595305630153114,57.61055766568626],[-3.595361390456211,57.61056009290458],[-3.595472895653563,57.610565047298486],[-3.595528640548127,57.61056757447406],[-3.595545581179712,57.610568357774845],[-3.595947823249304,57.61058958532521],[-3.59665912372941,57.61063178027577],[-3.598084781955193,57.61046568589114],[-3.603126997785322,57.610296925809585],[-3.608158950322388,57.61053837434716],[-3.610657888797635,57.61076152476997],[-3.610748136475265,57.610773409485866],[-3.611424533112507,57.61087057710294],[-3.612071570988594,57.61097135434795],[-3.614358305538933,57.61123087541187],[-3.619137049167736,57.61220086851321],[-3.623584198941882,57.61355081170859],[-3.624435663915939,57.613911318737266],[-3.627415242978904,57.61365256769903],[-3.629788883326581,57.6135386247483],[-3.632671486939173,57.61351078699925],[-3.6336502626301,57.613501469547764],[-3.633845095052894,57.61349951422649],[-3.636604227841217,57.61359437017979],[-3.641651262025702,57.6139943358612],[-3.642853110364917,57.613995795095555],[-3.644704169112949,57.61407471436098],[-3.64519449450585,57.61301528451042],[-3.647098445613394,57.610548089741584],[-3.649664388758888,57.608260173865574],[-3.650700862531722,57.60758754427346],[-3.650478330022449,57.60755295359719],[-3.645972389920698,57.60644184973298],[-3.641823247027524,57.60498449324115],[-3.638122570614318,57.60321309805781],[-3.634952082966556,57.60116681487625],[-3.632381749658311,57.59889086126835],[-3.630564535600313,57.59655908452587],[-3.630456802925744,57.59651009788714],[-3.630329957163628,57.59645033763289],[-3.629773733567968,57.59618852576562],[-3.629268721416784,57.595940827601936],[-3.629256392241795,57.595934527249874],[-3.628364400194843,57.59544246150479],[-3.62665311235486,57.59442316008693],[-3.625833816214693,57.59389592539479],[-3.62582000189266,57.59388631081251],[-3.624879943641139,57.593160835363626],[-3.623137282290537,57.59166376565845],[-3.622334675378934,57.590892173239745],[-3.622322546425814,57.590879032913506],[-3.622287698463433,57.590841054380675],[-3.622218336549155,57.59076500949009],[-3.622183822596727,57.59072694313245],[-3.622168862954161,57.59071034442383],[-3.621857095478231,57.5903436475217],[-3.621264534612929,57.589603108279086],[-3.62098374071119,57.58922926608537],[-3.620976418190699,57.589218848936845],[-3.620544461052644,57.5885185301206],[-3.620024709404783,57.58754333603765],[-3.619499527831783,57.586878187654214],[-3.619178256385544,57.586512917264415],[-3.619132235017959,57.586456019518984],[-3.619024742562047,57.58632007421381],[-3.618813937132012,57.586047252355144],[-3.618710624132023,57.58591037580868],[-3.618673242602873,57.58585965585823],[-3.618566191116695,57.58571054219711],[-3.618357047971688,57.58541131515753],[-3.618254956277876,57.5852612017874],[-3.61821371370461,57.58519884315043],[-3.618098119914286,57.58501798278093],[-3.61787413234123,57.58465498012627],[-3.61776573792799,57.584472838261796],[-3.61772584978606,57.58440326585865],[-3.617480105132093,57.58392874335652],[-3.617251264496036,57.583434762115296],[-3.616788832366111,57.582723546510856],[-3.615861423616586,57.58003095421309],[-3.615803049367685,57.57898219724221],[-3.614753830499293,57.57820905539877],[-3.612273631310412,57.575540475329625],[-3.610653014452371,57.57268767129466],[-3.609936789269414,57.569729886350395],[-3.610144625425022,57.566749261199554],[-3.6112705253002,57.563828551102425],[-3.613283021092169,57.56104882897372],[-3.614174385784368,57.560245752238785],[-3.614150159152236,57.55999450695459],[-3.614110853193941,57.55881183277565],[-3.614127465308732,57.55822014753199],[-3.614133056506579,57.55815763774902],[-3.614226516176449,57.557547402283376],[-3.614490563353672,57.556331771377295],[-3.614661147954234,57.555726375892164],[-3.614695092804853,57.555628555853986],[-3.614825409288072,57.55528942198731],[-3.614965198969823,57.55495801498202],[-3.615501136020189,57.55320379362879],[-3.616101218197987,57.55187854303026],[-3.616104426253513,57.551873246355264],[-3.616155473643845,57.551790335607386],[-3.616259065010867,57.55162478480793],[-3.616311608981445,57.55154214475521],[-3.616371819946589,57.551448929061344],[-3.616412870757034,57.55138612789983],[-3.616495836639504,57.551260690819404],[-3.616537751708893,57.55119805489995],[-3.616671858988965,57.55099995752601],[-3.616715165763638,57.55093672527319],[-3.616802660079411,57.550810437167094],[-3.616846847617843,57.5507473813132],[-3.616932250864212,57.55062688185551],[-3.617205543068422,57.55026511406888],[-3.617781101046335,57.54954830430738],[-3.618083366400827,57.5491932621746],[-3.618147551052311,57.54912200510303],[-3.618282746499755,57.54897533437712],[-3.61855808363581,57.548683341480235],[-3.618698225294039,57.54853801929888],[-3.618770344954787,57.54846487221279],[-3.618831020084971,57.54840390080791],[-3.618953241066286,57.548282210864514],[-3.619014786915286,57.54822149232517],[-3.619091342022574,57.54814665306885],[-3.619943317323842,57.54740204197933],[-3.621777770057078,57.54596086006158],[-3.62276024462738,57.54526428738022],[-3.62279939636117,57.545239167878975],[-3.623149171024342,57.54502190917927],[-3.623540584939622,57.544786500493956],[-3.623567620317151,57.54476590569187],[-3.624268831086506,57.54425137662986],[-3.624627926991792,57.543997458870734],[-3.624668792191045,57.54396960356646],[-3.625188299652559,57.543632698977014],[-3.626257190700194,57.542972890636385],[-3.626806574144636,57.54264998663515],[-3.626829721678653,57.542637029833884],[-3.62723746337202,57.54241656353893],[-3.628066879163345,57.54198334808413],[-3.628488553268261,57.54177059883312],[-3.628536464152763,57.54174725113536],[-3.62925436223728,57.54141680293458],[-3.630282667005258,57.54096993290469],[-3.630180883201362,57.540648286296204],[-3.630067084158687,57.53805420521981],[-3.630651254074285,57.535478489298924],[-3.630700058368855,57.53528145417265],[-3.630757962164589,57.53506592876762],[-3.630770262526049,57.53506688463028],[-3.630828400781753,57.53480244701377],[-3.631399905589709,57.53299806175287],[-3.631686444632908,57.53230809837222],[-3.631498811100008,57.53202213544027],[-3.631169916260667,57.53146341653407],[-3.631147999423185,57.53142147509181],[-3.630981644861194,57.531077074411236],[-3.630919439009612,57.530936939123485],[-3.630712460338517,57.53053751353901],[-3.630693882316258,57.53049551090891],[-3.630434518893841,57.52978196297412],[-3.630023966408099,57.52834591916588],[-3.630017170008169,57.52832034561884],[-3.629938700945142,57.52810446916238],[-3.629541748253038,57.526804371391925],[-3.629377965792953,57.52608992054418],[-3.629376789961076,57.52608228136909],[-3.629366879601159,57.52601480451079],[-3.629348004566133,57.52587981252526],[-3.629339039887542,57.52581229739824],[-3.629338522213747,57.52580818043172],[-3.629348195400712,57.52452331242154],[-3.629366563456053,57.524392924413625],[-3.629359705852095,57.524357182129144],[-3.629319258341662,57.52275602064581],[-3.629320526739788,57.522747020271055],[-3.629425033360419,57.52221567019559],[-3.629692579595231,57.52115725323539],[-3.629855617536085,57.52063018624303],[-3.629858594603247,57.52062206218646],[-3.630282192033896,57.51971685282108],[-3.630988561515702,57.51848222638797],[-3.63129153728016,57.51791081487358],[-3.631480347478741,57.51762015937674],[-3.630809491106789,57.51658858586217],[-3.630688038703601,57.51623797236809],[-3.630632872376507,57.51611714193524],[-3.630237050732187,57.5151314548787],[-3.630064876479277,57.5146356190319],[-3.63006093896657,57.51462220289734],[-3.62992655468239,57.51403953282076],[-3.629881379875812,57.51390910237167],[-3.629869001267008,57.513700637457326],[-3.629854778144336,57.51361612319038],[-3.629863956309592,57.51361567586159],[-3.629719627655449,57.511184859188184],[-3.630327810501566,57.50847894916754],[-3.630823688472398,57.507138480411925],[-3.630838445037882,57.50711007985363],[-3.631008538782693,57.506803832075164],[-3.631014044533941,57.50679452585223],[-3.631120141580622,57.50653587261276],[-3.631124785421889,57.50652772695809],[-3.631702274213079,57.50567203152376],[-3.631855170019389,57.50547690714027],[-3.631977052331795,57.50530931548222],[-3.63303627369047,57.50396963848327],[-3.633750503284614,57.50317665171709],[-3.633768088449822,57.503159345349864],[-3.634205661498195,57.502754184122296],[-3.635119443763585,57.50195669388122],[-3.635595652612968,57.50156436404114],[-3.635634357620447,57.501534223741416],[-3.635998064050615,57.501262003583],[-3.636744083100428,57.50072505812857],[-3.637126395595999,57.50046033272334],[-3.637171769299314,57.500430096360546],[-3.63761190513649,57.50014877746415],[-3.638513183126735,57.49959607165865],[-3.638974325402003,57.49932468442917],[-3.639039428765237,57.49928791103217],[-3.639178479508315,57.49921030648866],[-3.639458299731761,57.49905600122069],[-3.639599069211656,57.49897930049243],[-3.63963328749288,57.49896087848753],[-3.640056708439452,57.498740823648504],[-3.640917688624182,57.49830888681948],[-3.641355247884384,57.49809700473317],[-3.641392840296413,57.498079436728446],[-3.641427653943616,57.49806321259519],[-3.641497364187301,57.498030816092886],[-3.641532260783806,57.49801464372373],[-3.641568226783811,57.497998022195524],[-3.641924592929009,57.49783790930241],[-3.64248194620381,57.49759449054161],[-3.642773102268023,57.497460781492656],[-3.644152223057603,57.49686077227753],[-3.644856583673842,57.49657063382714],[-3.644882822497136,57.49656040909495],[-3.645711790217346,57.496257371664804],[-3.647401981639271,57.49567862245788],[-3.648263206079887,57.495402910243975],[-3.648297781705318,57.49539258480274],[-3.648942397578586,57.49520987168896],[-3.650245811771236,57.49485976291202],[-3.650904610496571,57.494692367099205],[-3.650944227640455,57.49468286434248],[-3.651027926479008,57.49466484956135],[-3.651838734428985,57.494453634592816],[-3.651892396224415,57.49444108159511],[-3.6527703909472,57.494251437229046],[-3.654544908958832,57.493899233959134],[-3.655441433372222,57.49373667479064],[-3.655491947981472,57.49372836610785],[-3.655789135330274,57.49368110451459],[-3.65638508697598,57.49358955991336],[-3.656683851317133,57.49354527689778],[-3.656715018178661,57.49354082454917],[-3.657428180481526,57.49344793291023],[-3.65886139148744,57.493279114232664],[-3.659581440819674,57.49320318711326],[-3.659631950379536,57.49319847944124],[-3.66045044845068,57.49313340248165],[-3.66209242262321,57.493025166213776],[-3.66291589969,57.492982006836506],[-3.662964700799284,57.49298010542385],[-3.663471427920867,57.49296452971607],[-3.664485526427006,57.49294168071983],[-3.664992898040827,57.492934407425146],[-3.665043773568238,57.49293409495023],[-3.665834478815579,57.49293932923309],[-3.667414541202095,57.492969955335575],[-3.668203899427951,57.49299534724219],[-3.668257903601264,57.492997777186744],[-3.6689787525567,57.49303871963307],[-3.670416471445104,57.49313741631236],[-3.671133342020239,57.49319517058299],[-3.671241252087392,57.49320515916662],[-3.672107801337394,57.49329815283247],[-3.673830552157441,57.49350869936707],[-3.67468675481374,57.49362625236383],[-3.674731114635003,57.493633021173515],[-3.674808743495022,57.49364497578248],[-3.674963892980254,57.493669087039116],[-3.675041413606246,57.49368124368692],[-3.675095365327541,57.49368978059269],[-3.675444301706595,57.49374723269201],[-3.676139760211515,57.49386622986771],[-3.676486282406814,57.49392777495654],[-3.67655648783013,57.49394070397761],[-3.678943475092876,57.494495562684776],[-3.683528553061439,57.49579812334303],[-3.684908195303085,57.49635289513917],[-3.686281442433689,57.49593031379462],[-3.686626738735213,57.495858885752334],[-3.688685563422406,57.49510936642331],[-3.69369301902865,57.49387675550756],[-3.699009363776546,57.49310578577812],[-3.704488983459368,57.49281757106018],[-3.70998181361587,57.49302000344587],[-3.715337431051566,57.493707538530465],[-3.720409154468035,57.49486134611603],[-3.725058044164561,57.49644982235286],[-3.727260076009944,57.49734798329322],[-3.727786568930465,57.497602273809065],[-3.729533364294249,57.49858416483289],[-3.732731907921641,57.5006785864542],[-3.735306875685336,57.50300887270643],[-3.737199185063266,57.5055216602154],[-3.738365351197751,57.50815939535025],[-3.738778512207569,57.51086164902523],[-3.738664021203557,57.51174779000911],[-3.738685233497541,57.512061990101955],[-3.738685694369436,57.51207869435821],[-3.738679006937364,57.512499092986346],[-3.738629080862353,57.51333926132323],[-3.738585841380603,57.51375903102336],[-3.738584454658261,57.51376848354203],[-3.738560171577022,57.513918060206294],[-3.738506961589468,57.51421697418002],[-3.738478034645497,57.51436631148786],[-3.738476674184482,57.51437280784208],[-3.738447181694448,57.51450484513075],[-3.738384566217568,57.51476867023009],[-3.738351443204906,57.51490045803919],[-3.7383497443115,57.514906860229],[-3.738335975650889,57.51495770682065],[-3.73830789785028,57.515059356780135],[-3.738293588708812,57.5151101601479],[-3.73829172679273,57.515116645440834],[-3.73818857949637,57.51543730289865],[-3.737960758943351,57.51607639629296],[-3.737836085323066,57.51639483219324],[-3.73783338130313,57.51640116736261],[-3.737773961188087,57.516535628932985],[-3.737651281378764,57.516804044066475],[-3.737588021657874,57.51693799762605],[-3.737584979133019,57.516944238625136],[-3.737416651902126,57.51726512597186],[-3.737057968945912,57.51790331698561],[-3.736867612869041,57.51822062059275],[-3.736863106345592,57.51822768132103],[-3.736690360957545,57.51848546272136],[-3.736330327498068,57.51899806927131],[-3.73614303925036,57.51925289438093],[-3.736139894328057,57.51925698952937],[-3.736015345040522,57.51941488123747],[-3.735760661896954,57.51972935574592],[-3.735630528001589,57.5198859385353],[-3.735627048376297,57.51989002030636],[-3.73548762042117,57.520049430566814],[-3.735202976091408,57.520366748475745],[-3.735057759677749,57.520524656111505],[-3.735050288048878,57.52053258409354],[-3.734819235235566,57.52076896665814],[-3.734344158795866,57.52123792960707],[-3.734100135268679,57.5214705099802],[-3.73409597545214,57.521474340513016],[-3.734057516017677,57.52150957130133],[-3.733980299434205,57.521579938348225],[-3.733941542284815,57.521615074606636],[-3.733933055281148,57.52162272897705],[-3.73377396334712,57.52176326975402],[-3.733451016689851,57.522042758957944],[-3.733287161943804,57.522181707372916],[-3.733282984922934,57.52218517874638],[-3.733201717170931,57.52225206321516],[-3.733038077935352,57.52238544035264],[-3.73295570644945,57.52245193301994],[-3.732948949123368,57.522457335485534],[-3.732746153576943,57.522615778825205],[-3.732334296027235,57.522930291363316],[-3.732125233996009,57.52308636054158],[-3.732117970668161,57.523091662096974],[-3.73203096765897,57.523154588955805],[-3.731855942712232,57.52328003137452],[-3.731767920773107,57.52334254693309],[-3.731760487051935,57.52334777893233],[-3.731504896748449,57.52352311576285],[-3.730985702334869,57.52387032271469],[-3.730722098196632,57.524042192803314],[-3.730714154583644,57.52404724306493],[-3.730553967036883,57.52414757648082],[-3.730230860289303,57.52434696277691],[-3.730067941084632,57.52444601565014],[-3.730059821472964,57.52445087961457],[-3.729901448874066,57.52454441683925],[-3.729582267661359,57.52473028119094],[-3.729421459018314,57.52482260830203],[-3.72941300162446,57.52482739599511],[-3.729362691413891,57.52485575216472],[-3.729261841187482,57.52491234604668],[-3.729211301171608,57.524940583758905],[-3.729202839898279,57.52494529063308],[-3.728963641358187,57.52507566507929],[-3.728480346333388,57.525333761053226],[-3.728236249848436,57.52546148256229],[-3.728227445193981,57.52546599642057],[-3.728088827501929,57.52553625372339],[-3.727810109776171,57.52567591265553],[-3.727670009743191,57.525745314281664],[-3.727651891822254,57.525754187165376],[-3.727505920942266,57.52582483323296],[-3.72721244317274,57.525965196470466],[-3.727064936284609,57.52603491363686],[-3.727055622588104,57.52603926367951],[-3.726982075228635,57.52607341316512],[-3.726834611942133,57.52614148119477],[-3.726760696015325,57.5261753997384],[-3.726748107928665,57.52618114219402],[-3.726676659733609,57.526213551003146],[-3.726533426851794,57.52627815284117],[-3.726461642165271,57.526310345869675],[-3.726447903085772,57.5263164723944],[-3.726286109561404,57.52638770435716],[-3.725960875202647,57.52652907218271],[-3.725797434371442,57.5265992080412],[-3.725783189703365,57.52660524258122],[-3.725634989257043,57.52666730197505],[-3.725337298548014,57.52679051952613],[-3.725187808288154,57.52685167768031],[-3.725173550700168,57.52685744280162],[-3.725086416853062,57.52689243739938],[-3.724911726827991,57.5269621203948],[-3.724824170650652,57.52699680879183],[-3.724809741806374,57.52700248637058],[-3.724522145007343,57.52711315591085],[-3.723942653846057,57.527331191777144],[-3.72365075950953,57.52743855808346],[-3.723635979128055,57.52744387197678],[-3.723348604996795,57.52754490540123],[-3.722770051064064,57.52774377044757],[-3.722478871291616,57.527841602052014],[-3.72246374025023,57.527846570210215],[-3.722253669458068,57.52791441193524],[-3.721922454039977,57.52801960497331],[-3.721755065822056,57.52817459398456],[-3.721572754301198,57.52833906567238],[-3.721477047564864,57.528424328129745],[-3.721283880917666,57.52859427667652],[-3.72118642100164,57.528678962763266],[-3.721054629226982,57.52879207395277],[-3.720983923718733,57.52885222615993],[-3.720894142756719,57.528927940558745],[-3.720747382759833,57.52906848665496],[-3.720203479969114,57.529552940146615],[-3.720159920646926,57.529589111162636],[-3.719923205460673,57.529780272467555],[-3.719440757361477,57.5301592752434],[-3.719195024397969,57.53034711668022],[-3.719170656968565,57.530365246247236],[-3.71903840190882,57.53046226936884],[-3.718771485387953,57.53065535359009],[-3.718636823921,57.530751414684715],[-3.718579914310652,57.53079145045114],[-3.718184615589138,57.531058842184386],[-3.717508600925483,57.531498670796594],[-3.717488180709316,57.531489590541405],[-3.717388879045899,57.53157765784141],[-3.717253851181864,57.53166350542428],[-3.716961448576572,57.53184445223317],[-3.716843356399966,57.53191558996653],[-3.716694206787754,57.53200642433999],[-3.716515136124698,57.53211373172964],[-3.716484255723782,57.5321319404146],[-3.716048864999901,57.532379090585174],[-3.715160962669899,57.53286433287945],[-3.714708451009069,57.533102424944644],[-3.714674024946807,57.53311986383551],[-3.713512225065881,57.533656489414426],[-3.711102008008868,57.53467020467986],[-3.710494482281418,57.53490237660747],[-3.710520232788578,57.53493496776856],[-3.71052381513035,57.534940121011076],[-3.711276093173997,57.53637603479273],[-3.712041145189759,57.53849814212714],[-3.712009215741737,57.53850147147376],[-3.712241117684015,57.538901166345596],[-3.712276035986824,57.53902943498986],[-3.712298605585044,57.53911522692742],[-3.712342204959932,57.539286923893286],[-3.712363234729614,57.53937282892212],[-3.712379911648775,57.53944358864769],[-3.712396500555106,57.5394959418331],[-3.712417347880227,57.539611156709604],[-3.712432453107592,57.539680049367554],[-3.712429843531652,57.53968021484196],[-3.712628504275012,57.540778091284864],[-3.712628942359934,57.54078742882451],[-3.712633728153438,57.54094319002023],[-3.712634176563476,57.54094745361132],[-3.712635140060697,57.540956699319494],[-3.712645551697027,57.54105753952398],[-3.712636892425489,57.54116023255005],[-3.712637418158551,57.541196393360885],[-3.712633841997518,57.54119640841455],[-3.712548156067333,57.542212572894755],[-3.712550424267393,57.54228497128974],[-3.71258455065256,57.54228602251731],[-3.712581070657974,57.54231868210228],[-3.712557234032234,57.54250232909071],[-3.712573966122002,57.54303637885359],[-3.711995232889047,57.54553599060929],[-3.711689344426847,57.54614309088054],[-3.712899764375882,57.546008670340036],[-3.713033603329778,57.5460016558053],[-3.713797854170557,57.54589184687237],[-3.718667079765406,57.54559224650209],[-3.721379090691734,57.54564072516309],[-3.721378690091408,57.545647205777534],[-3.723482086379818,57.5456576261377],[-3.723503085461297,57.5456589385429],[-3.723803727523962,57.5456792152199],[-3.724404279111388,57.54572269504244],[-3.724704188683316,57.545745898191],[-3.724976091663935,57.545768289077884],[-3.724962286958474,57.545816747294495],[-3.728386904292737,57.54615250309565],[-3.733027457061046,57.54700024857041],[-3.737386762543499,57.54820468196873],[-3.741370582068714,57.54973977471486],[-3.741654548684091,57.5498875319896],[-3.741904045651089,57.54997592764139],[-3.74551892933335,57.551708483303294],[-3.748628847876462,57.55370432747453],[-3.751168096231844,57.555921347846436],[-3.753082987362343,57.55831275965512],[-3.754333003017027,57.560828085705616],[-3.754891586908022,57.563414221776],[-3.754746796417783,57.56601655943625],[-3.753901594328996,57.56858013761105],[-3.753554374867423,57.56931670708835],[-3.75380531658632,57.5699100755303],[-3.754204724123575,57.57150559619569],[-3.754234809371886,57.571873097827876],[-3.754089788700146,57.57351185387388],[-3.753969327927839,57.573974528243795],[-3.753974272167063,57.57420931206257],[-3.753319910655199,57.57680101092629],[-3.751969912741941,57.57931388752233],[-3.749952924399023,57.581694358885926],[-3.747311838583145,57.58389165618465],[-3.744102886806414,57.58585890802645],[-3.740394442387845,57.58755414126539],[-3.736265573239593,57.58894118200797],[-3.734106504094969,57.589553502104174],[-3.733525908841559,57.58969005317235],[-3.733147110864919,57.58976199449112],[-3.733619886648179,57.58985471705712],[-3.73707563863101,57.59092025674674],[-3.737842940248311,57.59074551085657],[-3.742337433000448,57.590139466295035],[-3.743494966049759,57.589954859263436],[-3.745798737198465,57.58967668355875],[-3.745929346552433,57.58966151386642],[-3.750366226784712,57.588497384361204],[-3.755820074381499,57.58764292377567],[-3.758614979977214,57.58734088557606],[-3.758845493340545,57.58732680475222],[-3.759001862134443,57.58731765261045],[-3.759314752875528,57.587300138008764],[-3.759471274829348,57.58729177554846],[-3.759624469384637,57.587283981236816],[-3.759878350798682,57.5872721111828],[-3.760386420516568,57.587250448604486],[-3.760640608848886,57.587240656078926],[-3.760938556052357,57.58723040192851],[-3.761015789835125,57.58722784007811],[-3.761170278616834,57.587222908188195],[-3.761247533616578,57.587220538148614],[-3.761340747554647,57.58721779463638],[-3.761517495116377,57.58721166793228],[-3.761631680141433,57.587207920310306],[-3.761860095192326,57.5872008443302],[-3.761974325220749,57.587197515972],[-3.762362064342517,57.58718693171295],[-3.762564770679351,57.587179490730755],[-3.765221213342727,57.587195534943845],[-3.765580938493805,57.58721311240988],[-3.769204021347728,57.58570545202778],[-3.774130188566229,57.58428944544239],[-3.779357930490662,57.58334763587775],[-3.779405815697425,57.58342430070976],[-3.78074724151752,57.58312921434827],[-3.780817748557155,57.5831200620987],[-3.782150487204712,57.58297756771627],[-3.782457165466558,57.5829516843066],[-3.782502878724211,57.58294764217294],[-3.782694562658471,57.582931305708065],[-3.782866925012341,57.582917165989095],[-3.783075136373891,57.58289888246364],[-3.783372222957451,57.582872810298404],[-3.7834592222449,57.58286530151559],[-3.783633283915112,57.582850530904345],[-3.783720350926859,57.58284326866967],[-3.783935032090739,57.58282567291048],[-3.784547306256957,57.58277551991701],[-3.785256190398424,57.58271744137652],[-3.785442565434033,57.58270216611918],[-3.78552340538223,57.582695648972525],[-3.785685143548922,57.582682826873224],[-3.785766041768409,57.58267652192049],[-3.785824604768819,57.58267203615049],[-3.789577840125117,57.58145041428863],[-3.793440639796902,57.58055089107204],[-3.793532015615433,57.58052042407556],[-3.798379026890642,57.57942673130007],[-3.803485659406847,57.578755772778834],[-3.806088319422096,57.578528706214165],[-3.806670647634128,57.57850296840283],[-3.807894399601316,57.578425797855246],[-3.811812970709874,57.57842698343516],[-3.816946542468049,57.578753776917516],[-3.821278958983033,57.579405651746065],[-3.821499788735785,57.57935577426741],[-3.821909767374988,57.57926658307182],[-3.82200560386075,57.579246522039355],[-3.822330499116199,57.57918059207756],[-3.822982765625341,57.57905236901159],[-3.823310136933399,57.57899007589461],[-3.823487132174117,57.578957503722705],[-3.823504208530228,57.57898427834027],[-3.824320102095911,57.57883571482757],[-3.824308560513734,57.57881593633469],[-3.824744725260034,57.57874249409468],[-3.825166228341118,57.57867477754928],[-3.825206517532869,57.57866861384036],[-3.825463819650346,57.57862650514221],[-3.826942543250602,57.57842361135335],[-3.828003541635265,57.57830544154131],[-3.828594963468808,57.57818113051866],[-3.829173630786014,57.578112956192655],[-3.82959701861669,57.57806194997186],[-3.829641343632639,57.57805664392904],[-3.829730020292596,57.578046096492244],[-3.829774371936773,57.57804085509821],[-3.829809288231796,57.5780367554427],[-3.83032885699494,57.57798037010617],[-3.831371056437899,57.57787646922078],[-3.831427210671094,57.577871364005475],[-3.834219450042594,57.6333352326522]],[[-3.69572087412913,57.586865947453816],[-3.695736008435928,57.58693590946381],[-3.695749621820676,57.587000904057135],[-3.695775967075226,57.58713094475553],[-3.695788698941876,57.58719599086078],[-3.695813544808172,57.58732753059169],[-3.695830841817827,57.58741909395887],[-3.695892412470113,57.58784627074165],[-3.69589330127181,57.58785520123967],[-3.6959700545746,57.588175392364654],[-3.696005098732523,57.58835315577626],[-3.696049777654644,57.58861686681245],[-3.696234126627386,57.58991705126404],[-3.696279609231044,57.59076306159315],[-3.696278902936775,57.59078381518601],[-3.69625610242766,57.59111636881379],[-3.696189772152474,57.59175947272297],[-3.696188868705141,57.59184265322929],[-3.696168682996952,57.59191788531479],[-3.696141843764637,57.592112665173964],[-3.696122082523246,57.59222719822094],[-3.696086169029256,57.59222541148851],[-3.695984181726533,57.59260550691323],[-3.696142127870298,57.59254325740473],[-3.697819998350763,57.59193900594191],[-3.698112005297558,57.59183619784592],[-3.698268349285021,57.5917823972998],[-3.698275546997223,57.59177954946824],[-3.698848999350954,57.59157365831187],[-3.699124919572087,57.591476690631104],[-3.699680261968779,57.59128569334855],[-3.699959684170214,57.59119166373927],[-3.700280655417845,57.59108600293059],[-3.700309671283805,57.591076472885554],[-3.700367739000732,57.59105744448276],[-3.700396790851729,57.591047946124945],[-3.700617446238181,57.59097596861236],[-3.700958256269963,57.59086774024815],[-3.701644546049019,57.5906556436088],[-3.701990026054603,57.59055177539805],[-3.702323414739094,57.59045430630636],[-3.703339989786038,57.59018072806635],[-3.705405362578508,57.58967127318399],[-3.70623765143366,57.58948409065824],[-3.703118127649197,57.588650049249246],[-3.69913107844131,57.587160829121366],[-3.695589277153152,57.58537637727226],[-3.69519104409765,57.58510728080213],[-3.69520037618066,57.58513051211249],[-3.695234854644306,57.58522439051115],[-3.695244199889725,57.58525003216509],[-3.69526275148937,57.58530132996382],[-3.695271957843405,57.58532698610869],[-3.695319103470869,57.58545940659627],[-3.69537527108291,57.58562562567766],[-3.695481776797639,57.58595860174305],[-3.695532114847948,57.58612535873222],[-3.695562127483078,57.58623106608059],[-3.695604448640766,57.58638959640903],[-3.695683821986648,57.586707037093895],[-3.69572087412913,57.586865947453816]]],[[[-3.660554874376027,57.46669603938691],[-3.66048038747392,57.46677759375159],[-3.660265280144837,57.467032134915485],[-3.66022451427153,57.46708028795993],[-3.660164376606217,57.467150512556174],[-3.660043780290553,57.46728975665692],[-3.659982929134494,57.46735923969976],[-3.659713284426859,57.46766374924219],[-3.659650738307616,57.46773360407837],[-3.65952452816837,57.467873020037395],[-3.659460864145134,57.4679425811592],[-3.659246280035521,57.468174509823214],[-3.659108353615331,57.46832024376889],[-3.658827594206604,57.46861033351412],[-3.658684761189782,57.468754689303],[-3.658565067603879,57.46887304871593],[-3.658451113529538,57.46897975240569],[-3.658288751216544,57.46920098755555],[-3.658157097751698,57.46937502918838],[-3.657887056943766,57.469721589705735],[-3.657748669548429,57.46989410857626],[-3.657385098237997,57.47033462753882],[-3.657265783458407,57.470475891747746],[-3.657022638363909,57.47075728793784],[-3.656898808021895,57.47089741991056],[-3.656856452648949,57.47094430285566],[-3.656791556349585,57.47102814891471],[-3.656595696518688,57.47131094772356],[-3.656545795414817,57.471391411877065],[-3.655869042044832,57.47231078907634],[-3.653939693522004,57.47456134500334],[-3.65099830099886,57.47691999222269],[-3.647087518486595,57.479179257263105],[-3.642513266356417,57.48104244791573],[-3.637411897669051,57.482453986964444],[-3.636379169585939,57.48268139830812],[-3.635203402956412,57.48421048157069],[-3.631786113111679,57.48757694668054],[-3.62973953378647,57.48916071551787],[-3.62893546093561,57.48965880165505],[-3.627027453903742,57.490665147038605],[-3.622937298743911,57.49250084672391],[-3.618355058352511,57.49396131918606],[-3.613398316306762,57.49500907225958],[-3.608194315335788,57.49561719995982],[-3.602876671587703,57.4957700866105],[-3.597581933733444,57.495463803589146],[-3.592446056273167,57.494706215756736],[-3.587600898108598,57.493516775111985],[-3.583170823373347,57.49192602003762],[-3.579269503067415,57.489974788291484],[-3.575996990600594,57.487713163281676],[-3.573650763791494,57.48540898935693],[-3.573551783671196,57.48533104391836],[-3.573525732138768,57.4853071123273],[-3.572639834110788,57.48433964040738],[-3.571814285338135,57.48386539126492],[-3.571202656050865,57.483493957804775],[-3.571134041410207,57.4834498929696],[-3.570076250745239,57.48269277068864],[-3.568114779483695,57.4811226942434],[-3.56721109623847,57.480309742708855],[-3.567115179663886,57.480212111439855],[-3.566803795107795,57.47987856619499],[-3.566207046304439,57.47920479121539],[-3.565921681691886,57.478864561603935],[-3.565886421242551,57.47882007979633],[-3.565398533475326,57.47805554382075],[-3.565180908417608,57.47793865248404],[-3.56514661036482,57.47791662736197],[-3.564087923058323,57.47715883730337],[-3.562124918562624,57.47558732183624],[-3.561220597832603,57.47477359882562],[-3.561203163983793,57.474755846834285],[-3.56024869325887,57.47359089348755],[-3.558655319222125,57.4711999578484],[-3.558016398130484,57.46997397969935],[-3.557997630389367,57.469924799948714],[-3.557670722783084,57.4684924116237],[-3.557554210741048,57.46699578125448],[-3.557420665469257,57.4666619202693],[-3.557153924790187,57.46578762809933],[-3.557143492647309,57.46573835433104],[-3.557074882978498,57.465332863490445],[-3.556971843546719,57.464520622732735],[-3.55693741303145,57.464113872845175],[-3.556933784895661,57.46402856134398],[-3.556936770409215,57.46377575990088],[-3.556889066236399,57.46365771869485],[-3.556869921922881,57.46359956855908],[-3.556778640728465,57.463291233577266],[-3.556616025750185,57.462673039931516],[-3.556544691637824,57.46236318129397],[-3.556534070111297,57.46230940885754],[-3.556475073428939,57.46193742243432],[-3.556385820560914,57.46119244953229],[-3.556355563794797,57.46081946307515],[-3.556345830663281,57.46059048399436],[-3.556354314011539,57.460032094700026],[-3.556435647801513,57.45891667924249],[-3.556508496288153,57.45835965304264],[-3.55652890687808,57.45825160277197],[-3.556617661650278,57.45786510441342],[-3.556619662972339,57.45785770845343],[-3.556434941500059,57.457648953173205],[-3.556150532820089,57.457309603764],[-3.556132919438723,57.457287370322604],[-3.555171786559501,57.455661067786174],[-3.553837877370861,57.45233981395225],[-3.553465050310966,57.45064486896982],[-3.55346257456352,57.45058649483121],[-3.553540939547683,57.44948731584316],[-3.553946298866431,57.44730236456147],[-3.554085977780677,57.446838552477175],[-3.554071690819758,57.44671604979141],[-3.554207193375406,57.44487882099538],[-3.554221561978684,57.44482474006403],[-3.554297426567536,57.444566112877034],[-3.554463102906011,57.44405016057928],[-3.554552914464148,57.443792835452136],[-3.554590357236887,57.44369354107226],[-3.554901163554464,57.443008329571555],[-3.555621512057019,57.441653168610124],[-3.556002156564249,57.44103048565523],[-3.555999386562064,57.440422133048614],[-3.555947528234921,57.440035626840526],[-3.555946765658173,57.44001766831188],[-3.556175304047771,57.43831530077784],[-3.556700954530219,57.43663802085519],[-3.556717141229449,57.43618719368012],[-3.557205469628451,57.43345444620976],[-3.558462346642784,57.4307940463091],[-3.560458081675904,57.42826848196469],[-3.563145659314073,57.425937062170625],[-3.566461852089153,57.4238545258987],[-3.570328716507106,57.42206975773628],[-3.57052623044206,57.4220037941628],[-3.572098146775747,57.4213065312995],[-3.576289699372797,57.41994853901409],[-3.579870696864987,57.41914650667224],[-3.58022859083157,57.41896454401868],[-3.580454134269962,57.41885197245785],[-3.580576435305084,57.418792050577586],[-3.581202171642477,57.41850042995631],[-3.582479680980509,57.41793430314299],[-3.583131454165802,57.4176597966883],[-3.583270581852005,57.41760414363938],[-3.58329602523578,57.4175939861004],[-3.583346947709463,57.41757369712812],[-3.583372426799385,57.4175635656948],[-3.583454277250595,57.41753108358348],[-3.584255423997406,57.417232230049734],[-3.585888701819651,57.41666030075101],[-3.586720833428654,57.41638722456752],[-3.586827640543363,57.416354443804984],[-3.587797705718916,57.41607911118009],[-3.589769272626494,57.41556346867784],[-3.590770775790895,57.415323158304055],[-3.591859303328781,57.41508479509089],[-3.592266041185487,57.41499906097515],[-3.59308353911954,57.414833375633044],[-3.593494299307377,57.414753424380145],[-3.59370074143908,57.41471488511583],[-3.594211231838998,57.41462453412544],[-3.595237343054485,57.414452763097785],[-3.595752964095805,57.41437134301779],[-3.595918386934122,57.41434677792501],[-3.596462228122713,57.41427131770786],[-3.597554311580074,57.414130332242244],[-3.598102554128118,57.41406480695445],[-3.598425661369077,57.414029262648135],[-3.598470439966059,57.41402437111518],[-3.598560021836848,57.414014654345245],[-3.598604825110812,57.41400982910826],[-3.59879540050504,57.41398945098862],[-3.598999370972857,57.41396835298056],[-3.59940778316538,57.41392753096271],[-3.5996122249049,57.413907806951336],[-3.59983607788274,57.41388698665277],[-3.600438264870878,57.413837081573504],[-3.601645615288926,57.41374918868972],[-3.602250778860246,57.41371120084588],[-3.602475021599479,57.413699363960134],[-3.602536082399767,57.41369620201922],[-3.602658225148069,57.41368999950433],[-3.602719307096478,57.4136869589303],[-3.602843908040727,57.41368088130917],[-3.603396374632353,57.41365892718627],[-3.604502353963977,57.413624944766624],[-3.605055866999836,57.41361291645864],[-3.605180663746654,57.413611326081416],[-3.606966712476944,57.413640324000596],[-3.610522776037473,57.413801397109445],[-3.612292800736091,57.41393347267908],[-3.612752759898132,57.41398148876792],[-3.612965177922634,57.414004437765946],[-3.613389443255857,57.414051824597266],[-3.61360129058101,57.41407626243234],[-3.614078287987661,57.41413303954097],[-3.614111862134345,57.414137055435404],[-3.614178995001034,57.414145124620504],[-3.614212553721106,57.41414917791122],[-3.614379939048073,57.41416949291182],[-3.61500069140918,57.41425161655103],[-3.61555119207778,57.414330519155705],[-3.615646487344771,57.41434125703389],[-3.616440023982204,57.414436139918074],[-3.616835720380772,57.41448619361255],[-3.616927833366525,57.41449848734165],[-3.617649901813865,57.4146155279041],[-3.618613980103638,57.41462125884895],[-3.622439343417455,57.41488501416219],[-3.622529953757586,57.41489714350032],[-3.624753261109227,57.41528596146715],[-3.6290771914181,57.41622768991598],[-3.630672562053709,57.41672528496371],[-3.634223812910016,57.417136476771105],[-3.639439308360991,57.41826334763797],[-3.644227954521279,57.41984875042777],[-3.648452505234121,57.421847265965],[-3.651991820328538,57.424201631759374],[-3.654744343299396,57.426844378059386],[-3.655912572018692,57.428228827036854],[-3.65809918936809,57.43153783343365],[-3.661400211395566,57.43653229615769],[-3.664915328547532,57.4411898682078],[-3.665646106436477,57.44239561176538],[-3.666785459190706,57.444850576399666],[-3.667272078673991,57.44736759867627],[-3.667096125320512,57.44989647938017],[-3.666817865565463,57.450726247276485],[-3.666822370583687,57.451061188183395],[-3.666710089834551,57.453529020554356],[-3.666349258384746,57.454587761801605],[-3.666392990393374,57.45590930034802],[-3.665652616508609,57.458721449916766],[-3.664445429367681,57.46082643877216],[-3.664434655670436,57.46087532816429],[-3.662969310054668,57.46363498184637],[-3.66203064278876,57.46498304954926],[-3.661861849750471,57.465176646906066],[-3.661191287662175,57.465974679067365],[-3.661098984046799,57.46608261969466],[-3.66091173256807,57.466297833159686],[-3.660816784692361,57.466405105993545],[-3.660554874376027,57.46669603938691]]],[[[-3.412621798977598,57.2364998395074],[-3.41522321629084,57.23680606288337],[-3.419016453636131,57.23742918211463],[-3.421557888753743,57.2379743284273],[-3.426441100802797,57.23928364225127],[-3.430861179741667,57.24101033152345],[-3.434697872246222,57.24310744839799],[-3.437846736039649,57.24551796391128],[-3.440221984793482,57.248176312070704],[-3.441758831989494,57.25101017354056],[-3.442415266064483,57.25394243766131],[-3.442277475249497,57.255622263837004],[-3.442324475702772,57.255728806249465],[-3.44235824907993,57.2558069050294],[-3.442424507972889,57.25596326291548],[-3.442456993483521,57.25604152202231],[-3.442557131781625,57.25628789016077],[-3.44261268440382,57.256430025945036],[-3.44271954142055,57.25671476584295],[-3.442770845783648,57.25685736996039],[-3.442808246432216,57.256965997116794],[-3.442850207744265,57.25709291508822],[-3.442930765073717,57.2573470643646],[-3.442969361068604,57.25747429567182],[-3.443014585675439,57.25763036721537],[-3.443032464896126,57.257693534039774],[-3.443067393770033,57.25781993502301],[-3.443084443420473,57.25788316918213],[-3.443107616850066,57.25797130548369],[-3.443127523981736,57.258049475961876],[-3.443166070330573,57.25820590866022],[-3.443184709574641,57.25828417088473],[-3.443201687970717,57.25835801291958],[-3.443228367619747,57.25848094456722],[-3.443278598862332,57.25872699542836],[-3.44330215043533,57.25885011464323],[-3.443309156411086,57.25888937505639],[-3.443341252971513,57.259093513595],[-3.443396846738565,57.259502134303034],[-3.443420343850621,57.25970661647676],[-3.443425461769228,57.25976118034851],[-3.443429380839788,57.25980508119844],[-3.443436822536344,57.259892892766416],[-3.443440345161401,57.25993680348451],[-3.44344548960613,57.260004762183065],[-3.443459126804629,57.2604261529496],[-3.443449908141601,57.26126881743433],[-3.443443498398393,57.261386956795036],[-3.444795326942042,57.26175658037241],[-3.445697103738035,57.262022431313845],[-3.445844839958396,57.26206925355198],[-3.446498036416677,57.26228741696665],[-3.447785120208931,57.26273987990554],[-3.448419007875489,57.262974179624734],[-3.448540569591241,57.26302138137843],[-3.451274936613317,57.26435523182038],[-3.45613389664138,57.267316742671646],[-3.458258476262011,57.26894442645653],[-3.458291945526195,57.26897727877452],[-3.458536725204125,57.269226739323415],[-3.459011691423067,57.26972970637109],[-3.459241877819656,57.269983212925474],[-3.459255600945176,57.26999894623251],[-3.459288536644054,57.2700369358662],[-3.459354080202715,57.27011299807073],[-3.459386688061981,57.270151070641724],[-3.459390322903921,57.27015534074049],[-3.460016851318163,57.27100193940707],[-3.461108264893706,57.27272518736529],[-3.461573143467229,57.27360183808683],[-3.461582295446467,57.273623113546805],[-3.46183167681856,57.27432982222522],[-3.46222524091041,57.275751785027325],[-3.462369418886493,57.276467039261036],[-3.462372553518763,57.276491717781994],[-3.462395873412457,57.27750006773242],[-3.462233673945146,57.27951182924856],[-3.462048143202145,57.28051524060535],[-3.462042596964836,57.2805343422369],[-3.461903870904231,57.28094445348957],[-3.461693633469211,57.28200754420492],[-3.460507864618771,57.28451110293202],[-3.45974775681774,57.285739658430636],[-3.459447930832682,57.28612856271899],[-3.458111472656018,57.28751040855068],[-3.455016881664583,57.29012800318738],[-3.453258730822821,57.29136374172297],[-3.453048240289499,57.291487719516105],[-3.453000209398849,57.29151588838414],[-3.452903925773986,57.291572114813775],[-3.452855673039721,57.29160017237519],[-3.452368494404638,57.29188223978678],[-3.450979531080076,57.292598491791196],[-3.448058026861614,57.29393935600201],[-3.446525487826952,57.29456396438743],[-3.446446454733521,57.29459245470996],[-3.445643398128909,57.29486435497732],[-3.444009898518329,57.295382886462285],[-3.443179456235753,57.29562951732414],[-3.44274293398182,57.295750511593084],[-3.441091806311352,57.29614828501188],[-3.43771933439814,57.296844185343055],[-3.435997997890657,57.29714231036193],[-3.435264854589234,57.29724582408044],[-3.432873441961593,57.29748376751178],[-3.428051996179662,57.29776775875596],[-3.423205657688452,57.29766705580298],[-3.418438653671441,57.29718382361423],[-3.413853491385022,57.29632845418669],[-3.409548766135928,57.29511934078304],[-3.405617012172987,57.29358248221307],[-3.402142714181727,57.29175092130949],[-3.399200477855941,57.289664033407036],[-3.396888726987722,57.287401198419886],[-3.396137508659655,57.28668082165704],[-3.394227811165439,57.28376699978624],[-3.393264326239605,57.280691121735565],[-3.393297610569454,57.27792829571878],[-3.391902481226619,57.277568509108214],[-3.387629197973271,57.275980534403004],[-3.386159393246928,57.275226479482754],[-3.385080238838501,57.275053944711225],[-3.380427898957418,57.27385842657298],[-3.376175032074093,57.27228595927681],[-3.372424862288562,57.270374729309225],[-3.369268366161162,57.26817114382895],[-3.366782069809202,57.26572870074981],[-3.365026192509274,57.26310668467052],[-3.364337330303361,57.26175851157546],[-3.364249910544085,57.26151501901162],[-3.364226098952429,57.26144731044525],[-3.364179435605892,57.26131179626678],[-3.364156583847635,57.26124399065506],[-3.364111957828547,57.26110863921314],[-3.364108658031308,57.26109859790777],[-3.364102079486428,57.261078513272764],[-3.364098800738778,57.261068469943105],[-3.364035210101097,57.26087303368436],[-3.364006514082287,57.26078446902532],[-3.363767514862145,57.259553232025304],[-3.363604273494393,57.25708521971273],[-3.363679915938894,57.25584815690818],[-3.363692812122532,57.25577992809579],[-3.364226378911511,57.25426171243569],[-3.365765660200136,57.25129731166782],[-3.368219419627014,57.248519769284584],[-3.371514853402119,57.24601126980514],[-3.372674909233724,57.24538948917862],[-3.373111378006223,57.24496813046537],[-3.376199065098664,57.24282689334392],[-3.379848393232968,57.240963458588006],[-3.383975358669427,57.239420682536675],[-3.388485000037389,57.238234040593596],[-3.390822974223713,57.23773367555329],[-3.392014516945793,57.23753380372068],[-3.392058719807189,57.23752579427662],[-3.393494931579505,57.23725577834425],[-3.394299420507942,57.23711686907066],[-3.394441725506356,57.23709444601635],[-3.395786798017135,57.23694309272488],[-3.396844306714631,57.23673440094511],[-3.40205741105828,57.23619600138082],[-3.40736217557756,57.236117137413494],[-3.412621798977598,57.2364998395074]]],[[[-3.432408748631404,57.58524549771913],[-3.432335180142379,57.58526636591516],[-3.429845356504759,57.58596833358394],[-3.427348622835064,57.586538675760295],[-3.422216087246071,57.58745486941586],[-3.416875074404101,57.58791305028959],[-3.41146637592123,57.58790113249033],[-3.408154887200935,57.587602101301],[-3.404934782982226,57.58763899577398],[-3.402199988693759,57.58754970771491],[-3.401209957240824,57.58747328785553],[-3.400653439831837,57.58742517361714],[-3.39954374500371,57.58731889287434],[-3.398990567880352,57.587260726400395],[-3.397410212960794,57.587079634943436],[-3.397056742324258,57.587041693802796],[-3.394466951153996,57.58664491395651],[-3.38943973606717,57.585633095272115],[-3.388709117468899,57.58540852317789],[-3.38817796308471,57.58612829168521],[-3.385304529545086,57.58867894672553],[-3.384471163305732,57.58919872980411],[-3.383890689958645,57.589952762573915],[-3.380856417792916,57.592535248435865],[-3.377048343185733,57.59480307404624],[-3.372577289703726,57.59669015986545],[-3.370191141573793,57.5975308702386],[-3.369560608090336,57.597713753178965],[-3.369099234487843,57.59784263558498],[-3.368755638160669,57.59793500074981],[-3.368543752112959,57.597994209803886],[-3.368052678922821,57.598123661402795],[-3.368045065694204,57.59812560950843],[-3.36620627014754,57.5991654831648],[-3.361753080406997,57.600960803909],[-3.356661175797728,57.60237287332446],[-3.351193690997098,57.603295654468354],[-3.345512407786219,57.60370184635811],[-3.339785473510126,57.603579419797526],[-3.334182391226313,57.602931999739404],[-3.331432976405255,57.60247845526423],[-3.328419894216833,57.60182443690532],[-3.325815679347791,57.601111169758326],[-3.320878631320535,57.59945200801065],[-3.316555438119852,57.597356631943924],[-3.312978144686099,57.59488909196482],[-3.312583475018018,57.59448835198779],[-3.312577388950031,57.59458906609126],[-3.31257009071628,57.5947153978614],[-3.312526891196475,57.595139403138354],[-3.312403212468146,57.59598584363579],[-3.312322732390636,57.596408278822295],[-3.312309964546381,57.5964625810036],[-3.312228411376851,57.59676730336743],[-3.312045898463362,57.597375068438254],[-3.311944938400631,57.5976781111183],[-3.311922350638646,57.597739791705614],[-3.311799660651974,57.59821850966592],[-3.311666734361488,57.59865667193009],[-3.311659617199782,57.598676958339084],[-3.311566118797963,57.59892430244196],[-3.311366210330391,57.59941748243827],[-3.311259800096132,57.599663318311855],[-3.311252521236703,57.59967912368951],[-3.31118487333312,57.59982103716946],[-3.311045273787998,57.60010425291866],[-3.310973322162192,57.60024555515067],[-3.310927325991884,57.60033307207101],[-3.310451561237938,57.60110329857476],[-3.309372418855936,57.602617549455815],[-3.308769036667766,57.60336157272989],[-3.30865983854677,57.60348114914542],[-3.308414835287194,57.603738848448025],[-3.307909483719707,57.60424987590044],[-3.307649135255369,57.60450320398855],[-3.307489771677504,57.6046525302507],[-3.305675383533017,57.6060329334979],[-3.305371283756774,57.606223367121395],[-3.304370920697574,57.60725719202619],[-3.300986273331222,57.609659233273376],[-3.29689874386594,57.61172256417673],[-3.292224080355929,57.6133887295314],[-3.28709470451552,57.61461050595589],[-3.284433800249848,57.615105115246116],[-3.28426417244104,57.61512828145035],[-3.281499122873573,57.615375874660934],[-3.275930737482692,57.61561975116493],[-3.270364646944434,57.615361227369426],[-3.264957275905218,57.614607573294855],[-3.259860498622321,57.61337995620332],[-3.255217410527329,57.61171285303375],[-3.251158353308584,57.60965308707288],[-3.247797206834617,57.60725850400702],[-3.245228204856139,57.60459634009752],[-3.244000943023441,57.602541245375726],[-3.243949300925047,57.60252693104189],[-3.243471948213502,57.60239198757325],[-3.243234286448777,57.602323482190556],[-3.243205889273563,57.602315137709226],[-3.242953680972607,57.602239499627935],[-3.242451737952841,57.602085895397764],[-3.24220200325593,57.602007929258505],[-3.242174090020876,57.601999040799576],[-3.241920221642263,57.60191655798764],[-3.241480015752498,57.60177065229481],[-3.241117248679364,57.601652845356156],[-3.240058682722097,57.601278963338444],[-3.237885840067555,57.60044650748909],[-3.236830432229204,57.60000696323802],[-3.236444178149049,57.59983240027492],[-3.235915165796662,57.59958291546014],[-3.235333526117909,57.599296739948635],[-3.234438203769016,57.59894150309715],[-3.232887934892512,57.598255633475695],[-3.232888480610936,57.59825527792909],[-3.231054654353805,57.597310842863855],[-3.227661133912655,57.5952740378046],[-3.224884592656488,57.59298367426218],[-3.22278960144086,57.59049311437642],[-3.221424820601358,57.587860372768226],[-3.22082187499278,57.58514676592233],[-3.220994634640391,57.582415479218994],[-3.221938906974536,57.5797300955147],[-3.22260223426498,57.578406803156035],[-3.222693196371481,57.57826839898552],[-3.22271473504457,57.578235826271],[-3.222758045473699,57.57817072560093],[-3.222779817229376,57.57813819764526],[-3.223507638379306,57.57705730308208],[-3.223895788900225,57.57646102472808],[-3.224899374238044,57.575225633522784],[-3.227239148871685,57.57284941614629],[-3.230214119604375,57.57068801076646],[-3.233757235993831,57.56879005403843],[-3.237788672468725,57.567198246374694],[-3.242217694413519,57.56594839693655],[-3.246944656111354,57.56506861806813],[-3.251863232923966,57.56457869750314],[-3.25686288474976,57.56448966119934],[-3.261831083573948,57.564803501659036],[-3.266656093661712,57.56551315925275],[-3.271229404545739,57.5666026647686],[-3.272798182211447,57.56703077457251],[-3.273266365206541,57.567175671088876],[-3.274876875609336,57.56766286591395],[-3.274993493348864,57.56769847445549],[-3.275226193984426,57.56777019291486],[-3.275342276882628,57.567806302833624],[-3.275816440613237,57.56795516720377],[-3.276348200121908,57.56812210613475],[-3.278552393168193,57.56894851355518],[-3.282686095627151,57.57078036534179],[-3.286220353950895,57.57294440033113],[-3.28831277204041,57.574740227666304],[-3.290457878965401,57.57506031991584],[-3.29523976914299,57.57623469181185],[-3.299618782196734,57.57779825280686],[-3.303486035236319,57.579712142360925],[-3.306745323782876,57.58192879146086],[-3.308006617696934,57.58313817415015],[-3.308035041717294,57.583138762748334],[-3.308043810781274,57.58293013792907],[-3.307904247040504,57.58292724780548],[-3.307904366322406,57.582925586874595],[-3.308076901906759,57.582142837073114],[-3.308088310919713,57.581871388391185],[-3.308111747115277,57.58180207253875],[-3.308160622164635,57.58166369694569],[-3.308209817455516,57.58153014050934],[-3.308211900125133,57.581530361824086],[-3.308215817072009,57.58151259067485],[-3.308268285049525,57.58137148542107],[-3.30831531224079,57.5812494272977],[-3.308336179578691,57.58119709859197],[-3.308374124115729,57.58110434242827],[-3.308451836347296,57.580919050735766],[-3.308491604033006,57.580826515205956],[-3.308505101128133,57.580795849323614],[-3.308515143649592,57.58077064865594],[-3.308531381242303,57.580730354077936],[-3.30857430220251,57.580625012513174],[-3.308580400603881,57.580609887114484],[-3.308628225569057,57.58049491983551],[-3.308726677591928,57.580265332008345],[-3.308777304632823,57.580150711458124],[-3.308797782796653,57.58010566555322],[-3.308903519454966,57.57985835588022],[-3.308919044188852,57.57982495648892],[-3.308942329809649,57.57977545942061],[-3.308989424245262,57.579676537162655],[-3.309013233058747,57.57962711197283],[-3.309060273121087,57.579530592092155],[-3.309097799060109,57.57945494083601],[-3.309170879839443,57.579310150481064],[-3.309256539078333,57.579139450489855],[-3.30927215924208,57.579108542159034],[-3.30937025029174,57.57891580345577],[-3.309420293208638,57.57881958059585],[-3.309443476474497,57.578775941511715],[-3.309532556204336,57.578614042692124],[-3.309716362172061,57.57829117279151],[-3.309811088364419,57.57813020170255],[-3.309839983515895,57.57808265839356],[-3.309976272630964,57.57786766248169],[-3.310258921890248,57.57743959001438],[-3.310405281930536,57.577226513437026],[-3.310418337099297,57.57720822253959],[-3.31074761750457,57.57680512127281],[-3.311047595607701,57.57576734618315],[-3.311056902527481,57.575751798132664],[-3.311270354553579,57.57541787123672],[-3.311721510589397,57.57475478085598],[-3.311785676098284,57.57466592720129],[-3.311870480308885,57.57393240802477],[-3.312287971933096,57.57293414010555],[-3.311608108657028,57.57211693064636],[-3.310196837075607,57.56910111932609],[-3.309736036263674,57.567560140859825],[-3.309682784408099,57.56716515547511],[-3.309670871740756,57.56706974994663],[-3.309648937434657,57.56687887612306],[-3.309759453782944,57.565155824706665],[-3.310545751293714,57.56193800766489],[-3.310565147131868,57.56190571278956],[-3.30873980023649,57.56194586209356],[-3.303653264396957,57.561635895811925],[-3.301132259690693,57.56137554680368],[-3.30088762155839,57.56133961964094],[-3.300524644639446,57.56128393732238],[-3.299801126931622,57.561168177849375],[-3.299440586222838,57.56110810070912],[-3.298398009784148,57.560927407381854],[-3.296539110601235,57.56060755238809],[-3.296216848887903,57.560554501257045],[-3.29535646263861,57.56041289927154],[-3.295198538034673,57.56038644719162],[-3.29488318444325,57.56033270361309],[-3.294725755462337,57.560305412115646],[-3.29365499270892,57.56011663148039],[-3.292664414602195,57.55994779299055],[-3.291972981861468,57.559830377989165],[-3.289740785163389,57.55945276245738],[-3.28851865194087,57.55943920632354],[-3.283916813961685,57.559038490519555],[-3.281642066943918,57.558751393441106],[-3.278608658039289,57.55824588879452],[-3.275749753099225,57.55777870215358],[-3.273090061761685,57.55734289614732],[-3.270656860836709,57.5568292388598],[-3.265969550888774,57.555604104372755],[-3.261695428019171,57.55400086001191],[-3.257939162058946,57.55205880289654],[-3.254792688124622,57.54982551037198],[-3.252332981891158,57.54735568700263],[-3.250620144772149,57.54470981807821],[-3.249695927157087,57.54195268398003],[-3.249435007330127,57.540554619247736],[-3.249373721543566,57.53903760960238],[-3.249372791537503,57.539013040120786],[-3.249371056536905,57.53896389988045],[-3.249370251542206,57.538939329121675],[-3.249303923309483,57.536744153496464],[-3.249250586708889,57.53525884875539],[-3.249206969584789,57.53413032040534],[-3.249184254695106,57.533807458103546],[-3.249176687414332,57.53367342517781],[-3.249165274252789,57.53340531348067],[-3.249161428345122,57.53327123470982],[-3.249152670286584,57.53267954753262],[-3.249298566513263,57.531421203742575],[-3.24991645444158,57.528927898897884],[-3.251177167980355,57.526505687081176],[-3.25305575917661,57.5242022650625],[-3.25414558627098,57.52308608819972],[-3.254737593290473,57.522571122641395],[-3.255136714702485,57.52221093536538],[-3.255196462699857,57.52215743849253],[-3.255316647646303,57.52205066931113],[-3.25537708459409,57.521997397001954],[-3.255793097332984,57.52163354519359],[-3.256303709110674,57.52117059686077],[-3.256367635877677,57.52111312574587],[-3.256496283545837,57.52099844148312],[-3.256561004445393,57.520941228334465],[-3.257090289507778,57.52047723757989],[-3.25875517933704,57.51926057845456],[-3.262440079352018,57.51699454088005],[-3.266778268164282,57.51509276104758],[-3.271647039316225,57.51360898816735],[-3.276908751930541,57.512585152909864],[-3.282414700552467,57.51205018662723],[-3.285209579477852,57.51190766136088],[-3.286778907400291,57.511898959819746],[-3.286814168295864,57.511898784131425],[-3.286884690695921,57.5118984728196],[-3.286919952200485,57.51189833719613],[-3.288539459966994,57.511893018381194],[-3.288558183973288,57.511892962418734],[-3.288595632089509,57.51189286179078],[-3.288614356199443,57.51189281712524],[-3.290154511843407,57.51188959860727],[-3.291853100911593,57.51188347717183],[-3.293401562829647,57.51187631122007],[-3.295402766451621,57.511865778173906],[-3.295447181955194,57.511865561711815],[-3.297494962335287,57.51185670189064],[-3.29977844441104,57.51183690950439],[-3.299828467773149,57.511836515816626],[-3.299928516459207,57.51183580908233],[-3.299978541783378,57.511835496035786],[-3.302763545759286,57.51182028448851],[-3.304860394191541,57.51180180685351],[-3.307901206014907,57.51192489504885],[-3.309163074261622,57.5120390405142],[-3.310521735784098,57.512032510304294],[-3.310701198041346,57.51204692316897],[-3.311079242384986,57.51207967370948],[-3.311833837389436,57.512149830306555],[-3.312210388143631,57.51218723637195],[-3.312311948408549,57.51219797481147],[-3.313358334714394,57.51232755230024],[-3.315433482488039,57.51262262383739],[-3.316462245858743,57.51278811817325],[-3.31652421129001,57.512799266583635],[-3.317268453169202,57.51294380496014],[-3.318743389008686,57.51325168820442],[-3.319474083589165,57.51341503311619],[-3.319593518337995,57.51344353661245],[-3.320436130470986,57.513659999203426],[-3.321421249975781,57.513931522332236],[-3.321492129519613,57.51394399090137],[-3.321635452059818,57.51398346250897],[-3.321724587780998,57.514008192855876],[-3.321902581840335,57.514057941129984],[-3.321991440179523,57.51408295905752],[-3.322092640118681,57.51411166035379],[-3.322581696549425,57.514256029886646],[-3.322759969506051,57.51431076046226],[-3.322916403213221,57.51435939172201],[-3.323139098025521,57.51442948908037],[-3.323172336140671,57.51443997907204],[-3.324048227156806,57.51471713776726],[-3.32464635803233,57.51491563377198],[-3.324741984499707,57.51494888324953],[-3.325238874147431,57.515135125069875],[-3.327883341234228,57.51579792557849],[-3.331614745205105,57.51708182289467],[-3.334996879290153,57.51862067049143],[-3.336592775388482,57.51945069395226],[-3.336735712387691,57.51953562725328],[-3.33767541113739,57.52014609294077],[-3.339451208056098,57.52140920592413],[-3.340287304733232,57.52206185467794],[-3.340942313672599,57.522624765853855],[-3.341743331344817,57.52329421164812],[-3.341770891551765,57.523315580727406],[-3.34182408208538,57.52335707051334],[-3.341930029918281,57.52344020995007],[-3.341982787217059,57.52348185960122],[-3.343076614093035,57.52435059071563],[-3.343098344089023,57.5243678917089],[-3.343141729321351,57.52440252081529],[-3.343163384557652,57.52441984892842],[-3.344558469215164,57.52553893434806],[-3.346069893773872,57.52673496992521],[-3.346103310870001,57.526761404112726],[-3.347321343728844,57.52789447598225],[-3.349438548475871,57.530243794843635],[-3.350898717726884,57.532733677970384],[-3.351670724229224,57.535311274190406],[-3.351738026921335,57.53792185243677],[-3.351099044551394,57.54050997225508],[-3.349767205920142,57.543020660542396],[-3.348210421035194,57.54487640738551],[-3.348579170264315,57.54485533237903],[-3.354082807184418,57.545032655947],[-3.359456716537903,57.54569568286375],[-3.364553718093632,57.54682624412696],[-3.367014995643568,57.54750529519709],[-3.368191040258492,57.54789905241836],[-3.370150924812377,57.548666660628164],[-3.373843614971956,57.55034624208278],[-3.377045489786497,57.55229542808509],[-3.37968908065736,57.55447319499362],[-3.381161419669126,57.5561856554961],[-3.382402014252665,57.55554193869204],[-3.384271655153222,57.55471725320629],[-3.384636279352509,57.554576499443186],[-3.385464822253308,57.55413504019909],[-3.385505569653999,57.55415713760906],[-3.385833797070329,57.553933512932126],[-3.386177635883206,57.55376147312085],[-3.386504458683224,57.55360222104864],[-3.386694392059162,57.553512096865575],[-3.386760524039969,57.55348088297858],[-3.388193343238064,57.55280816369776],[-3.389294941765594,57.5523335005544],[-3.389403110155603,57.55229079749017],[-3.389620711092288,57.55220632958217],[-3.390058405961895,57.55203928261307],[-3.390278499905788,57.5519567035434],[-3.390321182385652,57.551940961581415],[-3.390517775455047,57.55186955292278],[-3.390912825770253,57.551728242634375],[-3.391111283024976,57.551658340998834],[-3.391193418662688,57.55162985663287],[-3.391572073528196,57.551502360994604],[-3.392335581703485,57.55125285492891],[-3.392720435084447,57.551130844463984],[-3.392779236029966,57.551112767822545],[-3.393170515869662,57.55099618804959],[-3.39379778601057,57.55081515058163],[-3.393821001097387,57.5508074060595],[-3.393925548710038,57.550774320964535],[-3.394018006372563,57.55074408523818],[-3.394194179147068,57.55068726729541],[-3.394401505801161,57.550621329802716],[-3.394846350615099,57.55047710158376],[-3.39517347007642,57.5503694530147],[-3.395395053326546,57.55029143253146],[-3.395412925659014,57.55028514834069],[-3.395448685232353,57.550272592238365],[-3.39546657247323,57.5502663203268],[-3.395610692696448,57.55021585696334],[-3.395645396734699,57.5502037236598],[-3.396068899364722,57.55005596463811],[-3.396104284136134,57.55004365323989],[-3.396175111268386,57.55001907844473],[-3.396210553629279,57.550006815047674],[-3.39636706906267,57.54995280897393],[-3.39638158440505,57.5499478060816],[-3.396410624674929,57.54993780834796],[-3.396425149602434,57.549932813506594],[-3.39654324365645,57.54989224928573],[-3.396783547332558,57.54981180395988],[-3.397159047161942,57.54966714571239],[-3.397633041358648,57.549480425550634],[-3.397795888142245,57.54941708049501],[-3.398122985806196,57.5492914476453],[-3.398287236691102,57.54922915984762],[-3.398421497507054,57.549178892203805],[-3.400850538429246,57.54842377906793],[-3.405909155175412,57.54714261109036],[-3.411294964246336,57.54633446034212],[-3.41685623451275,57.54602209075968],[-3.422436310712364,57.54621430272481],[-3.427878017718509,57.54690567902748],[-3.433028060218292,57.54807674262874],[-3.437741324564812,57.54969450143687],[-3.44188495448083,57.55171337538736],[-3.445342089653923,57.55407647907365],[-3.446885585896185,57.55533630849412],[-3.446961819381642,57.55541161923149],[-3.447159501035868,57.55560376711908],[-3.447363870837703,57.55579700769083],[-3.447409415153527,57.555840350628415],[-3.447515438699988,57.55594190525848],[-3.447568144485814,57.555992774903764],[-3.447802134161432,57.55622034316038],[-3.448993541762387,57.55766706622362],[-3.450885823432581,57.56065041658765],[-3.451774970947757,57.56376593016542],[-3.451687930616564,57.56569982976372],[-3.452170692185716,57.56738125365745],[-3.452168100689158,57.57012935364887],[-3.451383029311636,57.57284489058866],[-3.449833798791814,57.57546391451447],[-3.447556737757384,57.57792474069178],[-3.44460533958591,57.5801694024915],[-3.441049028135034,57.58214501046871],[-3.436971524512471,57.58380500274833],[-3.434813735588809,57.58455068721408],[-3.434178687954799,57.58473477441785],[-3.434152353624905,57.584742399013756],[-3.433738548757327,57.58486200941333],[-3.43282272822918,57.58512656880222],[-3.432629069654177,57.58518249894074],[-3.432555691134803,57.58520356488242],[-3.432408748631404,57.58524549771913]]],[[[-3.518912779590946,57.61797073206817],[-3.51887045647688,57.617987599763836],[-3.516813055844759,57.61868891172599],[-3.512530022735492,57.61992365550806],[-3.509419880746637,57.62052754262452],[-3.508582475108503,57.620791094962996],[-3.502861527772091,57.62221743849521],[-3.496742460994529,57.62303955139821],[-3.491361983342403,57.62320062581136],[-3.4913523343734,57.62310777688711],[-3.490807942001537,57.62311189832233],[-3.488234832190186,57.62322117250188],[-3.487630183238507,57.6231881332577],[-3.487441284954785,57.623177229454434],[-3.487063731548525,57.623154271519226],[-3.486875076437735,57.623142217387986],[-3.486753011364565,57.62313404071744],[-3.486714796927552,57.6231314568962],[-3.486638379250952,57.623126242052535],[-3.486600176011461,57.62312361103009],[-3.486129459543737,57.623090896868284],[-3.48599532922127,57.62308158764321],[-3.485892035733252,57.623074243097996],[-3.485848370860366,57.62307106411941],[-3.485449017802599,57.623041936355875],[-3.484318417703585,57.62293818948572],[-3.481238317283029,57.62259685062468],[-3.476753038229695,57.62172746485089],[-3.471817346699765,57.62031602181697],[-3.470670822734181,57.61984096548],[-3.466848671032669,57.6190524497681],[-3.462395165875499,57.61768063657345],[-3.458386912749514,57.61595835127481],[-3.454918832,57.61392640613679],[-3.45207299908681,57.61163294578863],[-3.450815074545828,57.610427274984744],[-3.450739612789308,57.61033976134004],[-3.450693791230903,57.6102861604656],[-3.450602805264944,57.610178798339106],[-3.45055764085587,57.610125037087506],[-3.450498574879703,57.61005410734899],[-3.449603427510015,57.60869596579068],[-3.448229388151282,57.60592032564751],[-3.447699926020848,57.60306246692246],[-3.448028466852882,57.600195926829436],[-3.449206358815207,57.59739444864008],[-3.451203114545109,57.594730087271536],[-3.453967218077559,57.59227135280931],[-3.457427461466443,57.59008145648807],[-3.461494783713316,57.58821668709529],[-3.466064570363526,57.586724968123264],[-3.468461071701206,57.58607777248208],[-3.468635161084829,57.58603981396989],[-3.468661368225274,57.58603411358291],[-3.468713800389504,57.58602273659787],[-3.468740025413364,57.58601705999981],[-3.468978737697004,57.58596551459328],[-3.469176687403772,57.58592236015797],[-3.46920116420997,57.58591703609826],[-3.46925013342354,57.585906408730004],[-3.46927462583099,57.58590110542145],[-3.469551556610273,57.58584127800591],[-3.469577947957801,57.585835584222984],[-3.470165815381146,57.58570899418129],[-3.470454752509213,57.58564260352503],[-3.470696390896391,57.58558827876208],[-3.471116803141333,57.58549583243371],[-3.471361749715821,57.58544064149563],[-3.471464625406858,57.58541767766435],[-3.471900697733488,57.5853212503122],[-3.472239959965217,57.585246341084286],[-3.4722672438421,57.58524029537298],[-3.472285733780386,57.58523620521263],[-3.472654144251025,57.58515484669294],[-3.473100306832006,57.585055808372154],[-3.473115579769848,57.58505244119415],[-3.473159374327834,57.585041078101284],[-3.473568359673173,57.58493859266876],[-3.473688645523025,57.58490950549138],[-3.473747843924532,57.58489489768859],[-3.473766360498807,57.58489033586305],[-3.473803403967687,57.58488122432183],[-3.47382193086227,57.58487667460617],[-3.474005442806239,57.58483168127934],[-3.474449423967168,57.584726975316485],[-3.474686440757556,57.58467326549625],[-3.474725926006884,57.584663143388525],[-3.475066561038931,57.584575085739324],[-3.475127573901998,57.58455939470179],[-3.475249717149867,57.584528145225335],[-3.475310847534985,57.58451258678628],[-3.475440664820444,57.58447971906513],[-3.475490768124281,57.584466501472704],[-3.475531943213074,57.58445567678224],[-3.475614348412495,57.58443408802643],[-3.475655578523184,57.58442332396108],[-3.476068639220709,57.58431585959855],[-3.477010734527876,57.584068607322514],[-3.477505790605946,57.583938466502275],[-3.477696995621211,57.5838890068642],[-3.47808055734371,57.58379139399388],[-3.478272914061464,57.58374324075814],[-3.478909674363938,57.583586469563365],[-3.478928858789763,57.58358175412646],[-3.478967238687546,57.58357233624805],[-3.47898643415952,57.583567633806446],[-3.479630184034664,57.58341019117979],[-3.479763978986268,57.58337418614965],[-3.479856799044667,57.58334940059649],[-3.480447357036107,57.583192926946325],[-3.481667988122451,57.58286748544733],[-3.48174521736915,57.58284702714359],[-3.481899870720054,57.582806324275865],[-3.481977294824949,57.58278607971169],[-3.482586862924511,57.582627731198315],[-3.485101013545201,57.582104294156416],[-3.490393326290965,57.58125870553103],[-3.495925669600053,57.58089507451328],[-3.501541981093782,57.58103274148278],[-3.507035406129584,57.581675396566126],[-3.512249786943703,57.582804750099264],[-3.517036857957069,57.58438869631782],[-3.521260459747315,57.58638220626859],[-3.524800394795198,57.58872858909794],[-3.527555847871784,57.59136111139605],[-3.52872620171765,57.59273998923699],[-3.529826561645128,57.59439342923673],[-3.529909396801075,57.594520909497234],[-3.530071490495453,57.59477652404043],[-3.53015074901187,57.59490465832779],[-3.530792118805634,57.595968158031894],[-3.530802810115934,57.59598551723237],[-3.530809197539202,57.5959959095515],[-3.530821948807978,57.5960166983596],[-3.530828312653481,57.596027094848566],[-3.531114188192787,57.59649507853214],[-3.531743342795253,57.59789584002145],[-3.53257644458769,57.60073334958719],[-3.532553654136487,57.60360586817966],[-3.532064413109274,57.60518433369822],[-3.532047497916506,57.605182822961154],[-3.531813313529119,57.60664854511157],[-3.530258607880169,57.609731619848056],[-3.529223745056408,57.61123575186902],[-3.529222147063418,57.611237558950286],[-3.528874707968037,57.611608110911135],[-3.528148297743154,57.6123402064162],[-3.527769326153285,57.61270174978237],[-3.527761262407214,57.61270904314928],[-3.525817009723551,57.61412878917872],[-3.521448964875233,57.61673715149124],[-3.519025165631222,57.61792575297575],[-3.519002112928894,57.61793500461969],[-3.518979793461322,57.61794394645912],[-3.518935126792344,57.617961810183374],[-3.518912779590946,57.61797073206817]]],[[[-3.527244543968911,57.69226462344442],[-3.528501180234506,57.69319363150176],[-3.528506399903858,57.69319806028695],[-3.529494840503526,57.69416306298248],[-3.531244017052586,57.6961505400251],[-3.532526213770845,57.698237634156115],[-3.533322104564871,57.70039301845377],[-3.533596511749383,57.70148378817255],[-3.533598948737524,57.701501734936485],[-3.533617760798355,57.702038398505046],[-3.533797385070465,57.70312550144139],[-3.533797613310601,57.7031308978506],[-3.533574817159177,57.70480690352559],[-3.532807280242419,57.707278455678704],[-3.532688711576708,57.70802491008885],[-3.532639822148126,57.70813097006936],[-3.532403107044608,57.708591473294625],[-3.532076593936576,57.709166419446674],[-3.532030535179953,57.70915892573688],[-3.531896500620703,57.70943032742002],[-3.531924873443356,57.70943501830813],[-3.531862160876874,57.70954368538737],[-3.53176042077392,57.709705866286406],[-3.531747606120617,57.709731813589755],[-3.531727209269447,57.709761526749425],[-3.531709463853123,57.709787094641214],[-3.531602119836689,57.7099582061256],[-3.531591059294457,57.709974510506285],[-3.531518721206647,57.71007911454068],[-3.531371622242415,57.7102878335851],[-3.531296861353926,57.71039194859233],[-3.531284325185099,57.710409088303685],[-3.530181924306176,57.71163396322612],[-3.529976270499877,57.71182413314499],[-3.529864478987315,57.711955626001476],[-3.529322237088258,57.71253670621415],[-3.529309342096959,57.71254935822435],[-3.528621497008983,57.713164484343494],[-3.528351676986448,57.713385269916515],[-3.528299131132766,57.713446928444],[-3.527186177872059,57.714543831370506],[-3.527182935321102,57.71454655658922],[-3.526242401448601,57.71525825474649],[-3.524236728112768,57.71662948104103],[-3.523171588343906,57.717289007040925],[-3.523166668054335,57.71729177029991],[-3.521956066116259,57.717907198488994],[-3.519426451274243,57.71907060169178],[-3.518107439511875,57.719618574548974],[-3.518087603565336,57.71962599925593],[-3.517988295010424,57.71965762895894],[-3.517753576266491,57.719748608889276],[-3.517538421964616,57.71983063102664],[-3.517523545206365,57.71983620847045],[-3.516028551103408,57.72029977180322],[-3.515125321495678,57.720667625621736],[-3.515117043134114,57.720670410775824],[-3.514273104128367,57.72091779971629],[-3.514237473795477,57.72093208548707],[-3.514234155045445,57.7209330235354],[-3.5141240340044,57.72096149661223],[-3.513348272558972,57.721188890902766],[-3.509707137836154,57.72210852409692],[-3.507834782751239,57.72250967413899],[-3.507813115435463,57.72251352559007],[-3.507006583660455,57.722644949418644],[-3.505382187167914,57.72288594876616],[-3.50456432334979,57.72299552413426],[-3.504539262001834,57.72299852597645],[-3.502901921005813,57.72314955225498],[-3.499607321547885,57.72336419955275],[-3.497950070853132,57.72342781998846],[-3.497914827339529,57.72342823691559],[-3.495894079782503,57.723378194598645],[-3.495448689703696,57.723398095175234],[-3.495438620125261,57.723398214099355],[-3.49309626547349,57.723338198991264],[-3.488450090196966,57.72304398254624],[-3.48614629164461,57.722809782512236],[-3.48613446992431,57.72280811556893],[-3.485904528000597,57.72277260434781],[-3.485666865719565,57.72275047806941],[-3.485388052241382,57.72272322056422],[-3.485364446468696,57.72272080241555],[-3.484383193967837,57.722603881287455],[-3.483137128000387,57.72243429009452],[-3.482492986697542,57.72240038843965],[-3.482388569365068,57.72239262733487],[-3.480806468497802,57.72223332193424],[-3.479842601437503,57.72211038874496],[-3.479450797520136,57.72212748416441],[-3.479174302923556,57.72213831861393],[-3.479135740233458,57.72213965844629],[-3.4787973227847,57.72214570965871],[-3.478010446389784,57.72219276507776],[-3.477935965188181,57.72219542126747],[-3.476759749845681,57.72228036536941],[-3.476527066476623,57.722294597421346],[-3.475576241602366,57.72238126727672],[-3.47353085277656,57.72248581288627],[-3.47344043161326,57.72249410713239],[-3.470156207632345,57.722706733636294],[-3.468504270310279,57.72276962172074],[-3.468495879041769,57.72276971903381],[-3.467988657240787,57.722758973080644],[-3.467929684299087,57.72276739133103],[-3.46571130756733,57.723195595126725],[-3.465704630783059,57.723196570765296],[-3.463692896295905,57.723420758383526],[-3.459633243699825,57.72373584631954],[-3.458370015011928,57.723750402000796],[-3.45835643292089,57.72375128103675],[-3.458329216342304,57.72375087189738],[-3.457806963491677,57.723756885755854],[-3.457671834866905,57.72376467098005],[-3.457668478250987,57.72376470962169],[-3.457527810678395,57.72376009937894],[-3.455532021251089,57.72378305707904],[-3.453636071666082,57.72368023349964],[-3.453391911274331,57.72367655377493],[-3.453160091802117,57.72365441499251],[-3.451450775885175,57.72356168172786],[-3.449422865941525,57.72338399325137],[-3.449416116845732,57.723383172153376],[-3.447265001577587,57.72303906209447],[-3.444549753309693,57.722496400553325],[-3.443796720544682,57.722360533090495],[-3.443599924081386,57.72230655290477],[-3.44306797786638,57.72220022587901],[-3.439895955487179,57.72129190189119],[-3.439484122148168,57.721881674765534],[-3.438641816086422,57.722702141316],[-3.438624421417505,57.72272613585931],[-3.438622814799068,57.72272795978506],[-3.43860720676371,57.72274562903906],[-3.438575918824622,57.722780949327834],[-3.438560238920835,57.72279860036257],[-3.43842200195182,57.722953778683326],[-3.437959085680872,57.72335385520178],[-3.437963997120476,57.72335520535342],[-3.436962879920234,57.7243976584815],[-3.435980671794201,57.72528977785327],[-3.43596927863311,57.72529888149719],[-3.435470515085798,57.7256760510516],[-3.43443736273064,57.726416162799346],[-3.433902973634096,57.72677910470459],[-3.433881686814815,57.72679282087556],[-3.433491200346901,57.7270354929613],[-3.432694290166448,57.72751323251337],[-3.432287866407979,57.727748299879984],[-3.432250077386172,57.7277693891356],[-3.431509021458015,57.728158147447616],[-3.43050451914977,57.72865345064932],[-3.429459394583117,57.72944485459284],[-3.42945121463613,57.72945034595094],[-3.428954460450886,57.72976847365163],[-3.427934015077129,57.73039212302106],[-3.427410323773468,57.73069764447397],[-3.427400463881524,57.730703136658505],[-3.426405212257435,57.73121376546578],[-3.424339642659146,57.73218958565832],[-3.423269325212739,57.73265477582636],[-3.423257750486357,57.73265939758712],[-3.420571471030921,57.73353524549459],[-3.417981296109947,57.734210575595746],[-3.417004616610262,57.73452253899236],[-3.416994649405241,57.73452535449774],[-3.414988898776735,57.73500496861006],[-3.410877345354792,57.73581992707815],[-3.40660190133752,57.73634065632096],[-3.402235857513332,57.73655822888796],[-3.400039503710902,57.736590411980465],[-3.400010927414395,57.736589829489915],[-3.398969461527113,57.73655122785973],[-3.396988287581902,57.736444589827904],[-3.396999549639768,57.73638473677731],[-3.396092442400384,57.73638620119863],[-3.396063797063849,57.7363838219106],[-3.396011793650188,57.736379457822686],[-3.395946007384469,57.73637388053721],[-3.395858075565078,57.73636629781186],[-3.395812571934684,57.736362307572065],[-3.392965278627435,57.73597322296759],[-3.389476620866243,57.73531778510867],[-3.387808895089097,57.73530796862924],[-3.382131640006905,57.734757935810855],[-3.376715743275283,57.733694171611496],[-3.371722418596355,57.73214835274747],[-3.367300264592259,57.73016650338184],[-3.3635808247237,57.727807616554074],[-3.361912084557852,57.726542040065304],[-3.361633999689417,57.72628695920652],[-3.361512643670582,57.72617960721893],[-3.36151176824021,57.726178838133535],[-3.361372699582051,57.726055905479654],[-3.360045850089389,57.72460127024184],[-3.357901961777076,57.72158818202031],[-3.356803866190068,57.71841813764772],[-3.356786983356374,57.715194121058246],[-3.357851590719583,57.71202084225185],[-3.358350858492938,57.71130682694628],[-3.358446385319346,57.71097271062906],[-3.358452859992135,57.71096185221858],[-3.359552990412453,57.709587504706974],[-3.359662911748917,57.709430283478675],[-3.359676635860374,57.709433032441424],[-3.359717921549036,57.70938145324018],[-3.359852690234054,57.70924961028076],[-3.360276665259368,57.70853343777526],[-3.36040542627039,57.70839569672969],[-3.360632337439089,57.70816161013805],[-3.360899104044928,57.70789601711745],[-3.361273479195459,57.70754268115133],[-3.361351771819181,57.70747253310393],[-3.361365048286727,57.70746064928285],[-3.36144142384409,57.707392375677315],[-3.362053295433894,57.70682908267416],[-3.362431460493601,57.70649763682019],[-3.362484180255251,57.70645359923483],[-3.362543523147058,57.7064043831397],[-3.362662806833532,57.70630615909016],[-3.362722747627243,57.706257151135134],[-3.362733627303028,57.70624831881396],[-3.363128921092593,57.70591459579944],[-3.363586944308808,57.70554811747387],[-3.363822220322723,57.70536951024712],[-3.364099814524813,57.7051649503164],[-3.36496314599675,57.7045472170287],[-3.36553346540636,57.704161606921105],[-3.365629490889677,57.70410021222824],[-3.365951917378001,57.703900119606146],[-3.366607616146618,57.70350509628239],[-3.366940888400336,57.703310165525004],[-3.366992311329653,57.70328096247267],[-3.368440542812478,57.702550568631224],[-3.370765482713569,57.70151009685439],[-3.370792596096715,57.701527460317585],[-3.37130362736371,57.70124027824321],[-3.371397154452955,57.70120201123445],[-3.372380281343063,57.70082891596125],[-3.372477973592734,57.70079459512357],[-3.373087588695875,57.7005531200176],[-3.373164927411472,57.700526130670625],[-3.37338563524108,57.700450417261905],[-3.373829230928283,57.70030084479714],[-3.374052118799163,57.70022698573336],[-3.374236995728851,57.700166786388806],[-3.374867932274952,57.699960924966994],[-3.375424528164869,57.69978707455643],[-3.375457047049311,57.69977736060314],[-3.375584610133332,57.69973964321014],[-3.375840342887857,57.69966480284927],[-3.375968512506516,57.69962767984328],[-3.376290027914763,57.69953551952589],[-3.376861558639736,57.69937914743354],[-3.37842848928239,57.69897045971499],[-3.379345364587605,57.698749259196354],[-3.379468653439343,57.69872186413291],[-3.382516632444803,57.69822023176961],[-3.38311847555441,57.69815388366142],[-3.383362379828929,57.698101079451654],[-3.386611144179361,57.69759475672603],[-3.386789329468558,57.697577173267725],[-3.387588650021013,57.69750892414803],[-3.388630678257984,57.69743369751786],[-3.388791366325586,57.69741169619311],[-3.389781689312431,57.69705765954263],[-3.392367314459288,57.696299967653786],[-3.392555012923,57.69625595004474],[-3.394159398188919,57.69593095553136],[-3.397421689430163,57.695370335762725],[-3.399079602576385,57.6951347091334],[-3.400106968141893,57.695018429507265],[-3.400577336295571,57.69496893785326],[-3.401520518057633,57.69487716648869],[-3.401993332807438,57.69483488668925],[-3.40303492938136,57.69474991207922],[-3.405730275783445,57.69464786383565],[-3.411116589398673,57.69467665812823],[-3.416424483023613,57.69516795622119],[-3.42151642187064,57.696109030965836],[-3.424958111644076,57.69710040261289],[-3.425066528629652,57.69692063473859],[-3.427539136614261,57.694312200232204],[-3.430771639381285,57.691954108003685],[-3.434677680791304,57.689909262101175],[-3.439152997397322,57.688232200290855],[-3.443545727492647,57.68710435518764],[-3.44359528020599,57.68715970752604],[-3.443944802327347,57.68704879290477],[-3.443910654708129,57.687010649073436],[-3.444078165824271,57.686967635003356],[-3.444423372040178,57.68689692464067],[-3.444599239553889,57.68684111444863],[-3.444974493196119,57.68676134680794],[-3.444989089915032,57.68678104309548],[-3.446468539755096,57.68647797732373],[-3.446498472625144,57.68646925028125],[-3.446618998442698,57.68644631204199],[-3.446845808877377,57.686404122493826],[-3.447300532732763,57.686321485676714],[-3.447528446172929,57.6862810384038],[-3.447628396051289,57.68626372467106],[-3.447698870553177,57.68625160867383],[-3.447839918575013,57.68622754327454],[-3.447910492095545,57.68621559387236],[-3.448117096938148,57.686180879997416],[-3.448382119112929,57.68613763483392],[-3.448913459332276,57.68605349367036],[-3.449179777408489,57.68601259766492],[-3.449264815952319,57.685999945152616],[-3.449597954069864,57.6859523486335],[-3.450265984373719,57.68586083130299],[-3.450600876623832,57.68581691048232],[-3.450687662524478,57.6858060336753],[-3.450840188693593,57.68578731910651],[-3.451145559963987,57.68575065249669],[-3.451298405071418,57.685732700454935],[-3.451385226818355,57.685722730089346],[-3.451541706876103,57.68570517773105],[-3.451854972439271,57.68567087235053],[-3.452011757665854,57.68565411927139],[-3.452060197971066,57.68564907167841],[-3.452214036148864,57.68563344012573],[-3.452521977921516,57.68560294647985],[-3.45258088536232,57.68559717137682],[-3.452713001174935,57.68558434958444],[-3.452749833791676,57.68558079769723],[-3.452920266274258,57.68556446733872],[-3.45315726381661,57.68554269651113],[-3.45363181655364,57.68550097584068],[-3.453869371771529,57.68548102599567],[-3.454197073770657,57.685454792766194],[-3.454319150296557,57.685445265799416],[-3.454563430712366,57.685426692769276],[-3.454685634605452,57.68541764670562],[-3.454804380749829,57.68540909477189],[-3.455026424732016,57.6853939105517],[-3.455470870804538,57.68536512974997],[-3.455693272914078,57.68535153316707],[-3.455810414095184,57.68534479545441],[-3.456021778306009,57.68533336281077],[-3.456260193590611,57.68532128313213],[-3.457146924584121,57.685265732958705],[-3.457754115034935,57.68523367665141],[-3.457839510005047,57.685230006806215],[-3.457983825484713,57.68522414031285],[-3.458272545467336,57.685213074157176],[-3.458416949975589,57.68520787449467],[-3.458457485776174,57.685206508954636],[-3.45848794677381,57.685205491078975],[-3.458623396419954,57.68520101473329],[-3.458725699332387,57.6851978030062],[-3.45893033983959,57.68519171421016],[-3.459032677436245,57.68518883714109],[-3.459213633223269,57.68518404654835],[-3.459336807564399,57.68518102859775],[-3.459583194290219,57.685175477504224],[-3.459666175037487,57.68517377150311],[-3.460048948847002,57.68514156333655],[-3.460048654422176,57.685140653106366],[-3.461200235909709,57.685033796212835],[-3.463249282840604,57.68492912122703],[-3.466099448511941,57.684753906848535],[-3.467696578661591,57.68472440165243],[-3.467705561111641,57.68472360546521],[-3.472683493969521,57.684485005775734],[-3.475909899716824,57.68458927523622],[-3.476371684728591,57.68452745846449],[-3.481467605400863,57.68427628113316],[-3.486095243501336,57.68442853040284],[-3.486093567583373,57.684443153203844],[-3.48756205438155,57.68443605278386],[-3.487787547582139,57.68445406414201],[-3.487810370910023,57.68445589574069],[-3.487856012844563,57.68445957574768],[-3.487878831451243,57.68446142415602],[-3.488168288872388,57.68448498025146],[-3.488194825390566,57.68448715140377],[-3.488247891912703,57.684491516441916],[-3.488274421916695,57.68449371032777],[-3.488350157621907,57.68450000647],[-3.488620610076101,57.68452370338824],[-3.489160756942304,57.68457345958047],[-3.489430451388693,57.684599518857425],[-3.489716778332591,57.68462848045593],[-3.489899617922354,57.68464702196818],[-3.489998010064623,57.68465716341763],[-3.490194301057246,57.684677721145185],[-3.490292389412398,57.684688156642295],[-3.490442333355125,57.684704357901836],[-3.490759345946572,57.68474032081726],[-3.491392016439007,57.6848155185001],[-3.491707674394696,57.68485475327389],[-3.49184089133839,57.68487203943279],[-3.491943141624974,57.68488548942821],[-3.492147482740642,57.684912732762584],[-3.492249573571553,57.684926526101734],[-3.492394637952474,57.68494638501956],[-3.492562230524917,57.68496982228313],[-3.492896955399507,57.685017622056186],[-3.493064087709657,57.685041984566844],[-3.493170408583052,57.68505779892766],[-3.493364746902952,57.68508738142053],[-3.49369398051268,57.68513864714116],[-3.493771592833569,57.68512366686894],[-3.493781614470158,57.685122641227736],[-3.495430020091821,57.68505432893686],[-3.495452628229301,57.68505279135653],[-3.495772764254973,57.685034991988246],[-3.496877024907856,57.68493420661289],[-3.499323824561382,57.68480873028051],[-3.499327177512249,57.68480869055434],[-3.502880363584362,57.68506705321001],[-3.504924601389484,57.68510455536711],[-3.508619980829355,57.685395175552785],[-3.508631791326419,57.68539684045458],[-3.510093301557211,57.6856415772299],[-3.512968611368187,57.68620138478716],[-3.514382415822836,57.68651645662502],[-3.514392587121239,57.686519021006255],[-3.514820796437689,57.68663098738209],[-3.515671110399064,57.68686138664527],[-3.516093215158167,57.68697981957289],[-3.516116987162167,57.686986721669015],[-3.517930943664724,57.687596700584876],[-3.521399082538391,57.68893543662572],[-3.524520587575577,57.69049990861651],[-3.527244543968911,57.69226462344442]]],[[[-3.130253015028487,57.031586439550324],[-3.125448085656576,57.03298988958833],[-3.120283243888842,57.03394036799639],[-3.114901000326288,57.034411641629994],[-3.10944988983081,57.0343907027532],[-3.104080358038855,57.03387812842651],[-3.098940588082307,57.032888065849896],[-3.094172395117179,57.03144783733701],[-3.089907305154139,57.02959718150657],[-3.086262911669432,57.02738715808241],[-3.083339633284139,57.02487873151725],[-3.082069697975736,57.023558103143685],[-3.081050578866876,57.022243057000665],[-3.081005625390678,57.02218447109606],[-3.080916479448225,57.02206712735623],[-3.080872286980001,57.02200836952152],[-3.080220979842441,57.021133580053046],[-3.080045394419529,57.020887416432686],[-3.079707576258038,57.020392379116146],[-3.079545343367872,57.02014350545668],[-3.078973687085112,57.01922390960776],[-3.076942704920717,57.017891156562406],[-3.074433617636623,57.01564007189539],[-3.073331296341133,57.014464064485004],[-3.071969915947323,57.012702878541816],[-3.07186771168002,57.01257062029947],[-3.07111312588167,57.011359718948285],[-3.069926954811494,57.00889171955081],[-3.069395349662534,57.0063568254896],[-3.069528955152344,57.00380643281898],[-3.070324926835687,57.001292241582306],[-3.071767000791674,56.99886520712634],[-3.073825831969747,56.99657450930219],[-3.076459598425362,56.99446655893488],[-3.077914190313744,56.99346385823766],[-3.082094466306237,56.990969572764676],[-3.085198047548878,56.98884427017214],[-3.085287509914682,56.988783544809905],[-3.085467395434063,56.98866251984618],[-3.085557818586544,56.98860222024331],[-3.088857453338923,56.98642102024427],[-3.090634857721559,56.98541646844275],[-3.094453132729591,56.9835698410708],[-3.098749215395978,56.98206854151624],[-3.103419315009701,56.98094882284631],[-3.108350647378026,56.98023771984597],[-3.113424148668846,56.97995239700648],[-3.118517336099019,56.98009974204698],[-3.123507254315611,56.98067619945667],[-3.128273431481691,56.98166784936121],[-3.132700775324578,56.983050749342524],[-3.134815823097912,56.98383639046271],[-3.135164667981138,56.983988905882654],[-3.137026037773702,56.98473614425404],[-3.139298428902542,56.98583861088524],[-3.143433313954937,56.98825285412922],[-3.146684528309929,56.991041072864505],[-3.147887947107901,56.99267690133443],[-3.1480162992945,56.99274909337445],[-3.150878238008544,56.99493592352585],[-3.15310894066386,56.99733177574586],[-3.154658110870272,56.999882767657894],[-3.155490759636881,57.002531521342355],[-3.155587998475095,57.00521843938168],[-3.154947481606628,57.007883057560456],[-3.153583472285072,57.01046539792338],[-3.152723377448892,57.011728571215116],[-3.142474467620254,57.023891420611996],[-3.142461257314812,57.0238881085095],[-3.141254399448122,57.02510126092776],[-3.138266614001925,57.027586957284264],[-3.134565491959004,57.029768743864125],[-3.130253015028487,57.031586439550324]]],[[[-3.248513586917182,57.04137071347038],[-3.248517386964871,57.041395552128904],[-3.248540268164602,57.041564286568345],[-3.248580196666672,57.04190196054577],[-3.248597243988872,57.042070900022615],[-3.248606331072252,57.042179614079174],[-3.24861501985644,57.04230186786995],[-3.24862934209286,57.04254642861224],[-3.248634975525006,57.042668735564156],[-3.248639810052448,57.042812789969645],[-3.248600121423266,57.04296766557149],[-3.248614044223615,57.04388556486172],[-3.248611685375237,57.043922181243005],[-3.248624334931609,57.043964396620176],[-3.248778384203362,57.04453616897081],[-3.24884697228115,57.04482273052034],[-3.248856394301113,57.044867727001794],[-3.248880963689232,57.04499283275558],[-3.248926885575077,57.04524321954882],[-3.248948238051365,57.04536850058952],[-3.248951799264302,57.04539111360906],[-3.248969673339027,57.04551459615848],[-3.249002296121797,57.04576168384441],[-3.249017044809181,57.0458852889818],[-3.249018728918902,57.04590108393547],[-3.249028962526404,57.04600807551115],[-3.249047087916245,57.046222117571794],[-3.249054979685126,57.046329168057134],[-3.249058524170733,57.04638564174308],[-3.24906692664553,57.046802577791354],[-3.249048222471368,57.04763621313833],[-3.249021115025293,57.048052912434414],[-3.249016967860062,57.04809140509116],[-3.248992051524945,57.04828639085267],[-3.248934439459926,57.04867602070119],[-3.248901743648831,57.04887066478488],[-3.248896428292706,57.048898918399885],[-3.248873542417962,57.049013337504626],[-3.24882508207304,57.04924200648414],[-3.248799507586496,57.04935625635793],[-3.248792437002776,57.049386243402125],[-3.248713242099821,57.04968287267461],[-3.248536732505404,57.05027452519653],[-3.248439417252546,57.05056954862906],[-3.248430517392788,57.050594163487915],[-3.248421702745257,57.050618367319196],[-3.248403951442755,57.05066676169176],[-3.248395014787632,57.05069095223303],[-3.248384279016832,57.05071980783769],[-3.248185567795036,57.05118895705247],[-3.247908413423279,57.05177156783359],[-3.247903352137994,57.05180016178319],[-3.24786180950541,57.05188763900131],[-3.247778280599389,57.05205671487835],[-3.247660494836232,57.05228619578049],[-3.247497714854744,57.05258344878776],[-3.247410734278096,57.052732819537525],[-3.246636033714854,57.05381488125823],[-3.244674394237018,57.056104979054986],[-3.24187890554635,57.05838100505734],[-3.238255862367593,57.06053047032216],[-3.234039660441593,57.06233057754181],[-3.229342352190405,57.063733450211004],[-3.224288833373519,57.064701772691265],[-3.219013515122037,57.065209785374996],[-3.216337690356149,57.0653462143046],[-3.214545355332217,57.06535764056784],[-3.20790388671459,57.06671387627629],[-3.204070258553477,57.06750124153907],[-3.201718213997518,57.06787813727205],[-3.201426503824919,57.067912283517806],[-3.200237674224548,57.0682599613149],[-3.188794935239828,57.07079143256213],[-3.18690755279599,57.07113813154719],[-3.182935081312409,57.07172485705829],[-3.178301423055212,57.07203611490867],[-3.173112114396857,57.071981305963284],[-3.168003393569041,57.071482200196634],[-3.163102726356289,57.07055124997828],[-3.158532377583844,57.069211683630336],[-3.154406332179985,57.06749692099849],[-3.150827451460365,57.06544974168747],[-3.147884901902557,57.063121206302654],[-3.145651938959928,57.060569377918824],[-3.144184086093254,57.05785788120691],[-3.143517762913715,57.05505430863831],[-3.143624207088413,57.053070657250025],[-3.143601629989924,57.05286308078808],[-3.143600525063945,57.05282714664008],[-3.143721593853606,57.05157963948668],[-3.14428010927096,57.0491058412727],[-3.144717535272791,57.04787954842888],[-3.144733046992887,57.04784797224001],[-3.1448289972446,57.04766078154108],[-3.14502830333211,57.047287575191255],[-3.145131659099795,57.04710155952885],[-3.145147307837456,57.04707445597575],[-3.145781302488543,57.04615519533774],[-3.147229519872536,57.044359879004965],[-3.148043735556731,57.04348382126194],[-3.148067757941344,57.04346114145086],[-3.148511730449359,57.04306588834565],[-3.148530636057384,57.043049993026536],[-3.149499756367814,57.041832829078416],[-3.150753015285956,57.04055296366714],[-3.150785132996673,57.04052571704716],[-3.152256262811363,57.03946067926171],[-3.153097179298765,57.0389376611552],[-3.153517679431425,57.038559127337315],[-3.153541639096895,57.03854367006302],[-3.153784034258014,57.038390811979006],[-3.154275064223892,57.03808810540597],[-3.154523699017067,57.03793825689265],[-3.154543199776177,57.03792676646381],[-3.154804398026624,57.03777637547964],[-3.155333078916631,57.037478914860415],[-3.15560056155249,57.03733184519903],[-3.155629363784519,57.03731636977898],[-3.155900279951538,57.03717409270474],[-3.156225233079357,57.03700729168203],[-3.156759962343211,57.03651856019401],[-3.157048142013244,57.03626484076017],[-3.157118782775705,57.03620489469633],[-3.157351560762119,57.036012814767616],[-3.157826062035809,57.03563196903955],[-3.158067785273293,57.03544320320666],[-3.158114467377384,57.03540772551505],[-3.158331728952194,57.03524643306595],[-3.158772782916725,57.03492652579817],[-3.15899657528163,57.03476791095669],[-3.159022866765566,57.03474969992541],[-3.160614535551994,57.03379669069479],[-3.164031409065698,57.032024618512374],[-3.167877947795413,57.03053731981357],[-3.169418547202329,57.03010716486609],[-3.170490995133882,57.028642285900936],[-3.172885597839262,57.02633820471376],[-3.175876585195712,57.02425173956607],[-3.179151127133083,57.02255654583143],[-3.179252433900055,57.02261475068319],[-3.179476557066432,57.02248800336042],[-3.179385057686899,57.022435433425684],[-3.179398560561262,57.02242844257172],[-3.180265410953286,57.02204187648126],[-3.180545360687358,57.021883550497954],[-3.180649911199471,57.021840520014436],[-3.180920490448857,57.02173150272162],[-3.181074089694717,57.02167092917641],[-3.181082679299736,57.02167740833528],[-3.181283307856565,57.02158793432734],[-3.181323901701371,57.02157241225239],[-3.181465670343416,57.02151650331544],[-3.181480265997093,57.02152751276258],[-3.182347863618475,57.021155075914564],[-3.184127510257241,57.02052271410528],[-3.184425736026285,57.0204039767458],[-3.185042570447342,57.02016617623043],[-3.185094001297334,57.0202058632787],[-3.186027274308992,57.01977814442779],[-3.186297864961186,57.01968932617781],[-3.186502120349891,57.01962337001421],[-3.186954844023669,57.01947957204914],[-3.187183752991565,57.019408195318114],[-3.187226163605795,57.01939521566886],[-3.187466220486377,57.01932317207282],[-3.187948495748384,57.01918127189465],[-3.188102301667702,57.01913691384085],[-3.188622348121797,57.01897937019309],[-3.188658257447274,57.018969146956344],[-3.188891883759365,57.01890392088387],[-3.189361010013992,57.01877550652186],[-3.189596509975488,57.018712318225134],[-3.189617743446402,57.0187067351012],[-3.189692503891699,57.01868720389204],[-3.189842203840555,57.01864834684839],[-3.189917143344744,57.01862902101365],[-3.189964520206772,57.018616882642476],[-3.190324721442253,57.01852746076831],[-3.191048954307109,57.01835336098155],[-3.191412986010004,57.01826868304612],[-3.191579784191615,57.01823116894765],[-3.191693159540969,57.01820593844919],[-3.191920250584253,57.01815593766924],[-3.192033966280509,57.01813116738709],[-3.192047052328614,57.01812834761546],[-3.192117546772344,57.01811325961118],[-3.192258661943633,57.01808326046439],[-3.192329282671755,57.01806834932173],[-3.192347279232955,57.01806457537703],[-3.192731193135779,57.01798704012589],[-3.192989267186434,57.01793689931743],[-3.193017070255852,57.01793126048821],[-3.193150074770693,57.01790319651545],[-3.193267210908826,57.01787875991043],[-3.193455375435232,57.01783995261128],[-3.193478918083536,57.017835103348666],[-3.193712240787668,57.01778712890422],[-3.194265902320465,57.017679404892434],[-3.195379911914531,57.01747479674078],[-3.195940260260791,57.017377912538656],[-3.196123768690681,57.01734813860405],[-3.196296487397817,57.017320674270486],[-3.196561011299993,57.01727946510329],[-3.197233402672456,57.01712774012421],[-3.197972898259795,57.01697212786245],[-3.198020995920199,57.016962725372935],[-3.198024805630768,57.01696194516859],[-3.198399739183903,57.01688797275736],[-3.19915277520388,57.0167449976576],[-3.199530877758188,57.01667599494915],[-3.199764746116151,57.016635024336104],[-3.200471639585216,57.01652064054338],[-3.202337339363956,57.01624335513909],[-3.203357452892439,57.016110609240094],[-3.203419811560843,57.016103631079474],[-3.203682597214728,57.01607543682684],[-3.204208973191995,57.01602138173577],[-3.204472563547133,57.01599552089362],[-3.204623625591716,57.01598139073177],[-3.204818322314213,57.01596383318621],[-3.205208086950066,57.01592999119362],[-3.205403154876391,57.01591370674531],[-3.205596827048645,57.01589818578196],[-3.205903828422323,57.01587518953797],[-3.206518569001882,57.01583235021427],[-3.206826308258923,57.01581250713041],[-3.207025205738231,57.01580071581362],[-3.207555097064651,57.01577401854214],[-3.208616182388979,57.01572997110705],[-3.209147376651651,57.01571262092969],[-3.209338273443719,57.0157080724157],[-3.209669286852665,57.01570200328352],[-3.210331470206666,57.01569349521019],[-3.210662640216279,57.01569105626754],[-3.210777918597576,57.01569083953999],[-3.211054206878166,57.01569158409348],[-3.211606721704174,57.01569559996606],[-3.211882948287121,57.015698871285046],[-3.211934228316553,57.01569971335863],[-3.214537311829079,57.01585607791656],[-3.21966522017032,57.016391780983454],[-3.224572824470719,57.01736396049227],[-3.229136137495404,57.018748060272614],[-3.233239841551443,57.0205091159332],[-3.236780187664512,57.022602634369164],[-3.239667619468162,57.02497571630025],[-3.241829031790257,57.02756838561284],[-3.243209639084988,57.03031510870899],[-3.243327983286929,57.03090848653196],[-3.244647880206079,57.03343701308544],[-3.244879474527471,57.03442467892947],[-3.246182501880237,57.03589543851786],[-3.247432598524696,57.038131183365984],[-3.247382346564616,57.03813953465601],[-3.247620136823927,57.038434891104174],[-3.247818240463188,57.038840288136306],[-3.24820819959323,57.03988325217991],[-3.248225211080162,57.03994821621827],[-3.248311278497028,57.04033742488818],[-3.248350366765659,57.04055383334686],[-3.248380790812101,57.04066871068862],[-3.24839128436802,57.040716220988216],[-3.248424607791474,57.04087969152449],[-3.248485759089863,57.041206937764166],[-3.248513586917182,57.04137071347038]]],[[[-3.116368499616244,57.09512162626114],[-3.116240719400098,57.09356261453928],[-3.1160549640287,57.092985478899394],[-3.116054288518529,57.09296300758192],[-3.116135296188844,57.09227626744333],[-3.116133834341262,57.09225842967168],[-3.116227637918229,57.09082170405576],[-3.116270945135554,57.0906187347924],[-3.116677539035383,57.089827305552085],[-3.11698652117443,57.08867216143336],[-3.117578658445216,57.08726418928963],[-3.11759434465033,57.08723711609673],[-3.118624830651661,57.08586506892054],[-3.121085965177837,57.08323189224533],[-3.124308544678232,57.08085488385238],[-3.128204739079083,57.07879871962253],[-3.130308984729941,57.0778584186286],[-3.130333449781725,57.07784921414583],[-3.130919608725039,57.077638576526475],[-3.132107839919286,57.07723107170483],[-3.132709912434009,57.07703420435094],[-3.132873324378753,57.076983316137884],[-3.134042401642938,57.0766522625566],[-3.136425292210267,57.07604200110525],[-3.13763910770839,57.07576279214274],[-3.137753858806892,57.07573929071571],[-3.138252291544035,57.0756421516255],[-3.139254616835706,57.07545662906404],[-3.139758509598495,57.07536824554918],[-3.139815952199811,57.07535872123689],[-3.140462186330751,57.075259351778286],[-3.141761536069585,57.07507501123148],[-3.142414652146006,57.07499004007183],[-3.14249683030533,57.074980306944084],[-3.144101958618696,57.07483492185334],[-3.147330679268295,57.07463093729364],[-3.148954278850751,57.07457233748543],[-3.14904497736716,57.074571505712235],[-3.150671278376378,57.07460030149913],[-3.153910773418598,57.074744966772776],[-3.155523974829628,57.074860836799616],[-3.155565341332383,57.07486494717409],[-3.155954291677932,57.074906229858996],[-3.156730261755881,57.07499386884492],[-3.157117281590653,57.07504022515776],[-3.157183525097494,57.07504861511854],[-3.158087273755006,57.07517787369815],[-3.159879900690787,57.07546403755585],[-3.160768780201888,57.075620943044385],[-3.160835165302419,57.07563380372498],[-3.162219624700636,57.07594117132446],[-3.164931823280035,57.07662287538789],[-3.166259566366699,57.076997213069234],[-3.166342869843862,57.07702337117391],[-3.167518317680993,57.07742938440513],[-3.169802245671911,57.078293905333645],[-3.170910728317632,57.078752414477464],[-3.170969301510028,57.07877883655847],[-3.171908946782481,57.07923678002666],[-3.173721321881658,57.080190397676304],[-3.174594051858822,57.080686072819816],[-3.174644525045283,57.08071702513335],[-3.176160850554355,57.08180285828684],[-3.178874322670135,57.084086984424516],[-3.180071456978466,57.08528528460322],[-3.18009719873468,57.08531648566441],[-3.180851862930023,57.08641932234704],[-3.182090013571553,57.08866923735793],[-3.182777357107656,57.0909879636527],[-3.18290199168105,57.09333570410442],[-3.182822736986591,57.09451180042936],[-3.182774991461449,57.094765154976834],[-3.18232510214641,57.09611932437711],[-3.181050454549243,57.09877435429304],[-3.179045395469805,57.10129222167419],[-3.176356869654924,57.103613797660195],[-3.173047905445246,57.10568455165675],[-3.169196142331167,57.10745583600172],[-3.164892013137472,57.108886032124346],[-3.160236612712866,57.10994153013712],[-3.155339325336306,57.11059752348948],[-3.150315245306964,57.11083859330772],[-3.147786173488215,57.110854045636465],[-3.147255272556345,57.11083510708665],[-3.147113835524868,57.11082972933017],[-3.146831051677512,57.11081831264707],[-3.146689704866636,57.11081227372061],[-3.146364802415946,57.110797627883116],[-3.146336627682127,57.11079635044949],[-3.14624714189674,57.1107922619652],[-3.14364033305551,57.1105576395165],[-3.138529027527395,57.10986496631099],[-3.133686545151956,57.1087372962711],[-3.129237061358793,57.107203552414894],[-3.125294633802211,57.10530306802985],[-3.121960273598135,57.10308457616809],[-3.119319353825544,57.100604955179925],[-3.117439424800818,57.0979277682934],[-3.116368499616244,57.09512162626114]]],[[[-3.002026396242877,57.017932874531894],[-3.001957302766807,57.018161862781916],[-3.00180829141503,57.01861878913183],[-3.001728373410275,57.01884672721972],[-3.001726682874298,57.01885123259717],[-3.00151459877888,57.01934503551477],[-3.001039655331021,57.020325324287825],[-3.00077679490232,57.02081180986798],[-3.000770332616812,57.02082263298351],[-3.000121744787961,57.021736310899676],[-2.998645876967875,57.023519692444836],[-2.997818590103769,57.024389394004984],[-2.997808784606492,57.024398455849784],[-2.996960005149946,57.02509613268907],[-2.997275397852924,57.02565576180987],[-2.99734632900914,57.025843845234014],[-2.997548594396034,57.02650391333503],[-2.997862470531214,57.027830428908345],[-2.997974078089615,57.02849687661063],[-2.99799668907879,57.0287257893704],[-2.998016539173805,57.02901113064315],[-2.998039598128755,57.02958201302404],[-2.998043591954709,57.029782216885785],[-2.998043532012317,57.02990453929168],[-2.998042920568759,57.029979569992186],[-2.998036321499904,57.03039699779837],[-2.998028574359597,57.030605690786],[-2.998017279812557,57.03079893901225],[-2.998001670322629,57.03099719831841],[-2.997962422660088,57.03139348050805],[-2.997938784401691,57.03159150338914],[-2.997883488946763,57.03198722613833],[-2.99779332730543,57.03246407964673],[-2.997720305326524,57.032770003885865],[-2.997686002021529,57.03293872102051],[-2.997552650249335,57.03347097171584],[-2.9974297696161,57.033888036198015],[-2.997376324146313,57.03404566738157],[-2.997307950574212,57.03423582724126],[-2.996926949128488,57.0352380440321],[-2.996681794351246,57.03579340447417],[-2.996626056300272,57.03590407356421],[-2.996593501986831,57.03596779086404],[-2.996381259325174,57.03637736036835],[-2.996270686399644,57.03658145957026],[-2.996176286015437,57.03674839969554],[-2.996015986333429,57.03701681872378],[-2.995679988662508,57.03755077755349],[-2.995504290478287,57.03781631731499],[-2.995369416435703,57.03801053857576],[-2.995028381507858,57.03846388216522],[-2.994301449761857,57.039359754146766],[-2.993915552071561,57.03980228228511],[-2.993763347299843,57.03996520542487],[-2.993239906212851,57.04048266660664],[-2.99213170096232,57.04149770108047],[-2.991546935414538,57.041995272933],[-2.991369397205506,57.042135925243414],[-2.990983881854157,57.04242859277182],[-2.990191611916553,57.04300526139951],[-2.989784857182378,57.043289262365725],[-2.98953387298843,57.04345743447177],[-2.988462827834433,57.044107707164414],[-2.986043507815301,57.04543996903858],[-2.983856652806808,57.046366697628756],[-2.984016491115205,57.046475945551435],[-2.98419315290073,57.046604923813824],[-2.984602502927062,57.04653009247751],[-2.985542032439428,57.04644401411089],[-2.985610018311224,57.046437864684826],[-2.985746036570332,57.0464257207251],[-2.985814068958195,57.046419726191374],[-2.98828287695074,57.046205051949606],[-2.990824186319369,57.04609287442087],[-2.995908126925515,57.04608335163692],[-3.000934004976558,57.04650114070577],[-3.005781697065221,57.04733625965274],[-3.008146196656933,57.04785624735947],[-3.009022941552447,57.04809354263202],[-3.0097491580262,57.048342359540676],[-3.010018119264633,57.04802734892038],[-3.011208266337319,57.04686663385041],[-3.013889663534639,57.04465363370644],[-3.01538090344805,57.043601342209776],[-3.015390955349865,57.04359524163206],[-3.015407606425868,57.0435851444885],[-3.015712778542262,57.043400304952264],[-3.016411141989422,57.04300253171214],[-3.017307466324538,57.042522351024814],[-3.017725151675141,57.04223095182293],[-3.018691194536174,57.04161620444542],[-3.018990169593709,57.04144244372414],[-3.019162647654086,57.04134371280158],[-3.019510330058401,57.04114768860047],[-3.019643712213712,57.041073619795604],[-3.01976514114451,57.04100303227722],[-3.019990040293336,57.04087485573823],[-3.020444432713891,57.04062094708564],[-3.020673925983755,57.04049521495544],[-3.020897070897909,57.04037535011243],[-3.021257113853132,57.040187708337164],[-3.021987428370793,57.03981843978153],[-3.022297044185588,57.03966581674648],[-3.022519658163571,57.03955884207374],[-3.022583033311784,57.03952854434773],[-3.0227982286123,57.03942619507601],[-3.022906232571845,57.03937527446038],[-3.023178276342357,57.03924813204506],[-3.023334890925248,57.03917330035082],[-3.023771007454239,57.038964100433695],[-3.023828443424486,57.038936677243754],[-3.023943547583597,57.038881976165726],[-3.024001215772557,57.03885469827738],[-3.024372133496333,57.03868006678165],[-3.024561177909896,57.038592408182176],[-3.024756982523985,57.03850299090013],[-3.025423589940263,57.038133021040295],[-3.029571135395644,57.03645950175414],[-3.034195226503905,57.03514707920034],[-3.039141653587733,57.03424983894174],[-3.039838327428818,57.034187625342156],[-3.039897624051642,57.03417514837674],[-3.041030512874964,57.03403650206436],[-3.041230119070208,57.03397153986207],[-3.046065416809771,57.03291998431853],[-3.051144491178943,57.03229795601416],[-3.056339937811657,57.032121057693644],[-3.061521434104971,57.032393725508875],[-3.066559011033977,57.03310911941547],[-3.071326286375403,57.03424929357655],[-3.073626924404465,57.034922628426884],[-3.073639192545675,57.034926934251715],[-3.074390628395233,57.03520696853659],[-3.075864023218704,57.03578922141687],[-3.076585982620804,57.03609144035477],[-3.076616295282748,57.036104870951114],[-3.076951052923456,57.03625724494249],[-3.077613062409706,57.03656676708151],[-3.077940314278866,57.036723915268496],[-3.077969569268005,57.03673834285712],[-3.078366508808209,57.03694068654414],[-3.079147945436711,57.03735239663327],[-3.079532442536808,57.03756176311253],[-3.079547787555766,57.03757039895279],[-3.08001738652654,57.03784599569831],[-3.080935028867115,57.03840766076733],[-3.081383072173326,57.03869372924827],[-3.081395625191704,57.03870209251224],[-3.081926461760542,57.03907535701381],[-3.082951444196599,57.03983657408902],[-3.083445589723264,57.04022452696331],[-3.083457242794002,57.040234209436164],[-3.083691405269319,57.04043449634697],[-3.084149942217106,57.040838373663796],[-3.084374316624551,57.04104196410588],[-3.084383245065098,57.04105031354207],[-3.08479376051,57.04145811868292],[-3.08557553734287,57.04228476613659],[-3.085946799132656,57.04270360703859],[-3.085964565223299,57.042725049975175],[-3.08666612810023,57.04372744152517],[-3.087845105140314,57.04577065776292],[-3.088568852548774,57.04787590944125],[-3.088637093193531,57.04844097875841],[-3.090340597680995,57.050486143975284],[-3.091706129135845,57.05306014182692],[-3.092352062899954,57.05571633259022],[-3.092263798448928,57.05839531136842],[-3.091443149975301,57.06103715249154],[-3.089908327887999,57.063582744653225],[-3.087693536654256,57.065975120278374],[-3.084848228850385,57.068160727791984],[-3.083275004318931,57.06919538628065],[-3.082581965645203,57.069587353578754],[-3.082516906251482,57.069623940927706],[-3.082386407241044,57.06969691398682],[-3.082320967624277,57.06973329969662],[-3.082304427546102,57.06974244427751],[-3.080412647768136,57.07064018519493],[-3.07640068593891,57.07226886224767],[-3.071981217895729,57.07354703716342],[-3.067256636570298,57.074445084540145],[-3.067042054682572,57.07446676863452],[-3.063488419338778,57.07567161817655],[-3.057983752919152,57.07685635052466],[-3.052177854381311,57.07748369404287],[-3.049222758393666,57.07765427203152],[-3.049220614366385,57.07765428998659],[-3.048786801503639,57.07765481508364],[-3.047919300566773,57.07764964768494],[-3.0474856126381,57.07764395519022],[-3.047043586020662,57.07763498303374],[-3.046902070601722,57.077631778852755],[-3.046619095579873,57.07762470836227],[-3.046477635982025,57.07762084205291],[-3.045573305613113,57.07759400123383],[-3.04321445546711,57.07753080985746],[-3.041257502852509,57.07749375183218],[-3.041209908323092,57.077492812705486],[-3.041096955916925,57.07749049495014],[-3.041040483364652,57.07748928334287],[-3.040493831114579,57.077477042864984],[-3.040020265668281,57.0774723633535],[-3.037484040498438,57.077340091310276],[-3.036306920550561,57.07722819426544],[-3.036309907627511,57.077271156240286],[-3.036311535648029,57.077329536521866],[-3.036311776260932,57.077593417539525],[-3.036304909547734,57.077856885230176],[-3.036284070184914,57.0778567241717],[-3.036305725668533,57.07801782568415],[-3.036292317439093,57.07826204044859],[-3.036284031085414,57.07838484051977],[-3.03627791360169,57.07846125215805],[-3.036182328070039,57.079111445632904],[-3.0359047528223,57.080406340486654],[-3.035722760124985,57.081051041671465],[-3.035676907861549,57.081181683546866],[-3.035583874090263,57.08142581927166],[-3.035573907020426,57.08145645697326],[-3.035547420438212,57.081536810240806],[-3.035534009462257,57.08157697048723],[-3.035526388334576,57.081599501567254],[-3.035184759016858,57.08240128820313],[-3.03504340827851,57.08267532163124],[-3.034775673721581,57.08330867763785],[-3.034759928810876,57.08333574965878],[-3.034557645556648,57.08361702826165],[-3.034368102779348,57.08398446588217],[-3.034148681371216,57.08435327211265],[-3.034154113695569,57.084354208486324],[-3.034146240926979,57.08436774894809],[-3.034104733286684,57.0844271396859],[-3.033967055195553,57.08465854589726],[-3.033907752773418,57.084746257402806],[-3.033884903337575,57.084741677529806],[-3.03347747887489,57.085324615084964],[-3.033429090864204,57.085383508969386],[-3.033311108619885,57.085579106801845],[-3.033287238550006,57.085610737449116],[-3.033150481389838,57.085786613259835],[-3.032870126328642,57.08613674159974],[-3.032726528375374,57.08631099411386],[-3.032630670523363,57.08642407976327],[-3.032029476488106,57.086913503156836],[-3.030840058981467,57.08808341477867],[-3.030460444905309,57.0883895646427],[-3.029852096055323,57.08899558692879],[-3.029126420240986,57.089576882901284],[-3.029398425022962,57.08958733229694],[-3.030333276551394,57.089630520837865],[-3.030800139198058,57.0896557306459],[-3.030880805947888,57.08966071777723],[-3.031197068849373,57.08968195583767],[-3.031828783395313,57.089727750665105],[-3.032144235094944,57.08975230743595],[-3.032224784917429,57.08975901054368],[-3.032454564561258,57.089779035529915],[-3.032913582985073,57.08982084645061],[-3.03314282178612,57.08984263238693],[-3.033223241973287,57.089850593634125],[-3.033267990654023,57.08985505823833],[-3.0333574652653,57.089864054551484],[-3.033402191195996,57.089868586260444],[-3.033584559237261,57.08988720557888],[-3.033665044280213,57.08989553546769],[-3.033825937507399,57.08991241254661],[-3.033906345692534,57.089920959736865],[-3.03400714406295,57.08993181577196],[-3.034306795741538,57.08996566289897],[-3.034895811952283,57.09003530077841],[-3.035144782971849,57.09006191104821],[-3.035290177595278,57.09007782047732],[-3.035373938729501,57.090087199137635],[-3.035516030266241,57.0901034639413],[-3.035799945303643,57.09013667314067],[-3.035941768809284,57.09015361753697],[-3.036025222608536,57.0901637978482],[-3.036160933114468,57.090180680309025],[-3.036432088031934,57.09021506750251],[-3.036567532447788,57.09023257223572],[-3.036650346718912,57.09024347611331],[-3.03693519036415,57.090282444087585],[-3.037503560285098,57.09036313200491],[-3.037787086600284,57.090404851953664],[-3.037977174670519,57.09043381306434],[-3.038314470512079,57.09048731574538],[-3.038986896260174,57.09059821571657],[-3.039322026231169,57.090655613017894],[-3.03946647846426,57.09068127603452],[-3.039526329963263,57.09069192589967],[-3.039675960709803,57.09071898517961],[-3.03997333969145,57.09077362286209],[-3.040121790869861,57.09080132636834],[-3.040853440132351,57.090939981462384],[-3.040903218341502,57.090949382124],[-3.040920541774052,57.09095265953755],[-3.040955181945928,57.090959224837306],[-3.040972498685103,57.090962512723465],[-3.041165781332638,57.090999276216195],[-3.041192852321186,57.09100443323258],[-3.041307394464522,57.09102629912479],[-3.041359886582307,57.09103633775304],[-3.041562596099995,57.09107592111326],[-3.041964540204185,57.09115602350465],[-3.042165035767902,57.09119678375711],[-3.042197071837978,57.09120342576408],[-3.042515554983719,57.09127152263576],[-3.043149862516235,57.09141129439374],[-3.043465686947952,57.0914829692779],[-3.04349691672674,57.091490264484875],[-3.044052471668681,57.0916267068941],[-3.044177638680732,57.09165897450733],[-3.044660772861155,57.09172336713151],[-3.044918536003977,57.09175892201963],[-3.044976859482886,57.091767239674546],[-3.045570293971378,57.09185835187021],[-3.04675050462592,57.092052573606026],[-3.047337281139188,57.09215568320737],[-3.047443957231563,57.0921756337021],[-3.047819898388246,57.09224872048856],[-3.048050011186958,57.09229517208401],[-3.049821651401238,57.09216569352775],[-3.053432966367724,57.09201104882774],[-3.055246435841122,57.091987797941],[-3.055267718624709,57.0919881622288],[-3.055317568207703,57.09198621204545],[-3.055359444657724,57.09198478136428],[-3.055614859270154,57.091977136462646],[-3.056125875203707,57.09196400139812],[-3.05638147655446,57.09195851123432],[-3.056423208122021,57.0919577911278],[-3.056784129479263,57.0919537133598],[-3.057506049513588,57.09194985385067],[-3.057867048274346,57.091950072108624],[-3.057908973183406,57.09195034706137],[-3.058001103866029,57.091951397776555],[-3.05833757421844,57.09194162477485],[-3.058652987719061,57.09193742452038],[-3.059218845763708,57.09193517078463],[-3.060350371161468,57.091941219166344],[-3.060916038836922,57.091949521283674],[-3.061209164595621,57.09195656215772],[-3.061372688804453,57.09196289222405],[-3.061546854695238,57.091963269681116],[-3.061576585998054,57.09196334219223],[-3.061746421442006,57.09196381943005],[-3.061790398479303,57.09196396111157],[-3.061884939642837,57.091964315443654],[-3.061905383046903,57.0919643997154],[-3.061946269647897,57.09196458203709],[-3.061966712844839,57.091964680087024],[-3.062046598131682,57.09196509014391],[-3.062087479825148,57.09196531529112],[-3.062180994323007,57.091965876244764],[-3.062201929718583,57.0919660097348],[-3.06224380018231,57.09196629116472],[-3.062264735250479,57.09196643910461],[-3.062344460692293,57.09196702999977],[-3.062375737415208,57.09196727793847],[-3.062438289942345,57.09196780606794],[-3.062469565746624,57.09196808625871],[-3.062549130830904,57.09196884008911],[-3.062766569513873,57.091971680388035],[-3.063201359325295,57.09197891980513],[-3.063418710472028,57.09198331892346],[-3.063496822085691,57.09198518049254],[-3.06382561454138,57.091994805878386],[-3.064482781735996,57.09201762355157],[-3.064811156537976,57.09203081584073],[-3.064888986749835,57.092034367862205],[-3.065200234664999,57.09205018969919],[-3.065822124885184,57.09208503793705],[-3.06613276724349,57.09210406434061],[-3.066210644396397,57.09210924118587],[-3.066420041548392,57.092123901201596],[-3.06675217186169,57.092148329856705],[-3.06675672143473,57.092148553390466],[-3.066966711247558,57.09215960777012],[-3.06726668880215,57.09217645305061],[-3.067893309729935,57.09219867513553],[-3.068359858425802,57.092218839144714],[-3.068392912812428,57.09222052476952],[-3.068839658128473,57.09224665057403],[-3.069731678434167,57.09230550921009],[-3.070176953580126,57.092338242051845],[-3.070210036878052,57.09234092413909],[-3.07065904475552,57.092380776201345],[-3.070961544970598,57.092409959719824],[-3.071021604774683,57.092411603992424],[-3.071069673510032,57.09241316059456],[-3.071523669820926,57.09243128550047],[-3.072430572706601,57.09247434071211],[-3.072883479446177,57.092499271025545],[-3.072931425149502,57.0925022743397],[-3.073452716515912,57.09253951642823],[-3.073588709326981,57.09255043400798],[-3.073680675433194,57.09255422200249],[-3.073759253228929,57.09255756125149],[-3.073795275630879,57.09255913917184],[-3.074328661446398,57.092587254378415],[-3.074681386071926,57.0926089979238],[-3.074761786136243,57.09260964208025],[-3.074892646054412,57.09261097299528],[-3.075154342409103,57.09261419938966],[-3.075285178849592,57.092616094869044],[-3.075398775204389,57.09261798591539],[-3.075524454603012,57.0926204635451],[-3.076907871485492,57.092372647992484],[-3.079004822739477,57.092078412174345],[-3.07902886170184,57.09207594130469],[-3.079805323473072,57.0919963152601],[-3.079902843576188,57.091986305841424],[-3.082651066646322,57.091832320303574],[-3.088156160190081,57.091775932442054],[-3.093601463035961,57.09222009800021],[-3.098834541544631,57.093152384020335],[-3.103708880682464,57.09454669251679],[-3.108087962465602,57.096363983524675],[-3.11184908244697,57.09855336722514],[-3.114886790294802,57.1010535286096],[-3.117115842797201,57.10379443632029],[-3.117520278131091,57.10465975441111],[-3.119740244597641,57.10569499569313],[-3.121568761975031,57.1066932373052],[-3.123031823019217,57.10762838637949],[-3.124077378324646,57.10829660506627],[-3.124120081746737,57.10832382489595],[-3.124143962756265,57.10833906610783],[-3.124358670336125,57.108476331958414],[-3.124391160753468,57.10849716816654],[-3.12445602505758,57.108538894240844],[-3.124488398944312,57.10855978410705],[-3.125436180747791,57.109173235006956],[-3.125590319863419,57.10923861010609],[-3.127720809910041,57.11031945599076],[-3.131599861393826,57.11266796796177],[-3.134660339526466,57.11535077349351],[-3.136806855673818,57.11828441435363],[-3.137972393776101,57.12137760338688],[-3.138120427755503,57.1245340674632],[-3.13793743872286,57.126115862345635],[-3.137289489049817,57.128429000758494],[-3.137281575325495,57.12845733993185],[-3.136954901047016,57.129623598185844],[-3.136330060087598,57.13105458850892],[-3.134659156939264,57.133841906919464],[-3.133613062723626,57.135198237256716],[-3.132376347908042,57.136492790516314],[-3.131609393019993,57.137319875326675],[-3.131626386717875,57.13761140167473],[-3.131485347409769,57.13992987643736],[-3.131276573175635,57.141086627302414],[-3.131272521416897,57.14110005855841],[-3.130730282352349,57.142339331849236],[-3.129328652109202,57.14476371041798],[-3.127310015293572,57.147055902035945],[-3.124714883000739,57.14916977980124],[-3.12159539114979,57.151062796318314],[-3.118014265130891,57.15269684358588],[-3.114043550091267,57.15403902315936],[-3.109763163154518,57.15506230927257],[-3.105259279402026,57.15574609475781],[-3.101115614088102,57.1560414726038],[-3.101099991416128,57.15597673242236],[-3.099565548623361,57.15613988256265],[-3.099323747331972,57.15614463128471],[-3.098407893232547,57.15739664064617],[-3.095781137877283,57.15980566106801],[-3.092495117107972,57.161962685377624],[-3.08863011537992,57.16381494170959],[-3.084280627614867,57.165317105619614],[-3.079553045579974,57.16643241091037],[-3.074563047476092,57.16713356495358],[-3.072017389804768,57.16737778231902],[-3.071086898924085,57.16742672076354],[-3.07103200101981,57.16742967750151],[-3.071000662262442,57.16743135626495],[-3.069830967121004,57.16749353575299],[-3.069684176470822,57.16750097917166],[-3.069390478658273,57.167515154164434],[-3.069243571501465,57.16752188573823],[-3.068219934743496,57.167566290021206],[-3.067382613816061,57.16760261543125],[-3.064941706777049,57.167610284130284],[-3.060084438750943,57.16743017127895],[-3.055329028074471,57.166863350254026],[-3.050779251347025,57.1659221902277],[-3.047255171786507,57.164847134862555],[-3.043716529141272,57.16402831419684],[-3.043727138320159,57.164014781295144],[-3.04339786897369,57.16396603893041],[-3.043131475443478,57.16390086740431],[-3.042813200191754,57.163820785374654],[-3.042757448676871,57.16380636531019],[-3.042180932583185,57.16367294405855],[-3.039592668481577,57.162919950924554],[-3.039099977647668,57.162744359577125],[-3.037834129180559,57.16224512178744],[-3.036766360137174,57.1617805361923],[-3.036670420814432,57.16174499660117],[-3.031338938978459,57.16245643146269],[-3.026659753212686,57.16264144366642],[-3.026649127974482,57.16256207869827],[-3.026055391862056,57.162602434858464],[-3.026061355290676,57.16267141410029],[-3.025397649543208,57.16268835011371],[-3.025073309864008,57.16266918047797],[-3.024919996870844,57.162679599433446],[-3.024746302540529,57.16267651701403],[-3.024747899717498,57.162649946710616],[-3.020314100431035,57.16238779539979],[-3.019989635472832,57.162340197393654],[-3.018730264192085,57.16225900335567],[-3.017603983684813,57.162099434437614],[-3.015100187447829,57.16299214418381],[-3.012771696004679,57.16368385554349],[-3.012714206272493,57.1636978037293],[-3.012079157052193,57.16384332893667],[-3.010798432234985,57.16411986247703],[-3.01015275705759,57.164250870700755],[-3.010103408351964,57.16426025141094],[-3.007533166904662,57.164625915943326],[-3.002317947460171,57.16512867898576],[-2.999673002512456,57.165265774799146],[-2.99959034402804,57.16526643318467],[-2.998417818774987,57.165253166004625],[-2.996077454762351,57.16518147404475],[-2.994909618844332,57.16512304933507],[-2.994851637425758,57.16511901721627],[-2.994207828057908,57.165055703681155],[-2.992645558051697,57.16501172092489],[-2.991552870698791,57.16496116061223],[-2.991428643036163,57.16495314955473],[-2.991162395435788,57.16493478785388],[-2.990630484718746,57.16489571712944],[-2.990364821635169,57.164875008108105],[-2.990215677339237,57.164862709703876],[-2.990096280617939,57.16485262150552],[-2.98985762626104,57.164831970956484],[-2.989738368628416,57.16482140860606],[-2.989556041923998,57.164804888332],[-2.988285567568771,57.164661721551],[-2.985769228654945,57.164321662107376],[-2.98477268838412,57.164164173022996],[-2.984771383403537,57.16416649777372],[-2.984645875246642,57.16414570081714],[-2.984402432005532,57.164106220645664],[-2.983278007136783,57.163899415448576],[-2.981658153910316,57.16370499627871],[-2.980222788851653,57.163495529584246],[-2.980172958094959,57.16348693528103],[-2.979417525787945,57.16334563875844],[-2.977920125020298,57.163043368368506],[-2.977178157250687,57.162882394658396],[-2.977103294717532,57.16286500156546],[-2.976761157775023,57.162783011865145],[-2.976080388947859,57.16261484630921],[-2.975741757124807,57.162528670472305],[-2.975675161520414,57.16251122124053],[-2.974368011618376,57.1621284897157],[-2.971822272287443,57.16130080554907],[-2.970583685640124,57.160855854280044],[-2.970516860410989,57.1608294295957],[-2.969591880298879,57.1604355886162],[-2.968013461657041,57.15971284284698],[-2.968120273554805,57.15964397052764],[-2.965745570305832,57.158563701513444],[-2.962164639346481,57.15628147574171],[-2.959335505320067,57.15370634456951],[-2.957337471247822,57.150910637775134],[-2.956226454935095,57.1479728649797],[-2.956046222898435,57.14517405984509],[-2.95405420116051,57.143082560874724],[-2.952349376085116,57.140140161513536],[-2.951599428959292,57.13708230799418],[-2.951462490074289,57.135615910998965],[-2.95148077646487,57.13529620103525],[-2.951485070875147,57.13427054462633],[-2.951485330673733,57.13423662542397],[-2.951486085821584,57.13416878779408],[-2.95148658117042,57.13413486936652],[-2.951506315579299,57.1330431338707],[-2.951509100595669,57.132896435831334],[-2.951511146178988,57.13278529469143],[-2.951511001879632,57.132757736498895],[-2.951198169582759,57.13230676767935],[-2.950059753372142,57.12972539024227],[-2.950028158396825,57.12952853729682],[-2.948964073701347,57.127908154375035],[-2.948878307287549,57.12767746839939],[-2.948455194651261,57.12763467369466],[-2.944144893732834,57.12693250918981],[-2.943461823846411,57.12692807183496],[-2.943164327168054,57.126921325695065],[-2.941393233766067,57.126828984854335],[-2.937879623558518,57.12654115324042],[-2.936137116257742,57.12634566320639],[-2.936037182715869,57.12633136014207],[-2.93437299104163,57.12617643474619],[-2.933464874966619,57.12607755766504],[-2.933375232902722,57.12606636661029],[-2.93298034242373,57.126014277783526],[-2.93219304048238,57.12590482868926],[-2.931800629125181,57.12584746843731],[-2.931748729273926,57.1258395083603],[-2.931608852339746,57.12581769254276],[-2.931329457794555,57.12577339102845],[-2.93118994018819,57.125750905332495],[-2.931100211651679,57.12573620974915],[-2.930670599079015,57.125662356701916],[-2.929815243083794,57.12550830006342],[-2.92938949979248,57.12542809649851],[-2.92926932187167,57.12540445312463],[-2.928623094335997,57.1252689145128],[-2.927341670576809,57.124983210405006],[-2.926706474776983,57.12483304502152],[-2.926667748025696,57.124823359516704],[-2.926010630588849,57.12464933239382],[-2.92471121384582,57.12428562618687],[-2.924068915110364,57.124095947106454],[-2.924031961496738,57.12408445108405],[-2.921651949899315,57.123184628287255],[-2.919161365797918,57.12205434762895],[-2.916625457878412,57.1211388119989],[-2.91306721759938,57.119402257258436],[-2.911998253813178,57.11879881174602],[-2.908290164330895,57.11971834359753],[-2.907654061223223,57.1198168468373],[-2.906830714562236,57.12003280635191],[-2.902266819410486,57.12081144511608],[-2.897543578966245,57.12122218172336],[-2.896402642150724,57.12127557314122],[-2.896184727658033,57.12130915119599],[-2.893283429032852,57.12163210663642],[-2.892394288763879,57.12179698185978],[-2.889839142614008,57.122054784465675],[-2.889783534972408,57.12206297723179],[-2.889708195463711,57.122073973266865],[-2.889557421663403,57.1220957715191],[-2.889481987372549,57.12210657373614],[-2.889131656217411,57.122156259681226],[-2.88887041585185,57.1221942201029],[-2.888694827411062,57.12221917282407],[-2.888061389428283,57.1223071683637],[-2.887713955399039,57.12235325777299],[-2.887639363502429,57.122362688522145],[-2.887316869026151,57.12240161639416],[-2.886670511093803,57.122475953308346],[-2.886346647696555,57.12251136234315],[-2.886210891406328,57.12252543790543],[-2.8861878991538,57.12252781260405],[-2.886141908475794,57.122532544264146],[-2.886118910050337,57.12253490122562],[-2.886057454858713,57.12254117483081],[-2.885851967867104,57.122561420875606],[-2.885440538974214,57.1226004970427],[-2.885234597088229,57.12261932716343],[-2.88511246868172,57.122630062289616],[-2.88498587369375,57.12264091591735],[-2.88473253220883,57.12266208840308],[-2.884605785703946,57.12267240727394],[-2.884514953144329,57.12267960630487],[-2.884463317894213,57.12268365339046],[-2.884360024113887,57.12269165875995],[-2.884308365583921,57.122695617043824],[-2.884134229397893,57.122708807362166],[-2.883905302656554,57.12272669481187],[-2.883830177284985,57.12273263023192],[-2.883786189551372,57.122736072679075],[-2.883454825248862,57.12276175701463],[-2.882686787208224,57.1228113346927],[-2.880940367846049,57.12290155024804],[-2.880049337557034,57.12293437608832],[-2.879930647521247,57.12293699723671],[-2.879284937460614,57.12294438053563],[-2.877993480257095,57.12294539933134],[-2.877347733595956,57.122939034823645],[-2.877250074913464,57.12293703245394],[-2.877011037343586,57.122931187468176],[-2.876533143257444,57.12291761304261],[-2.876294286765623,57.12290988360328],[-2.876127358037873,57.12290382110999],[-2.875827853880653,57.12289375904226],[-2.875521750760673,57.122884541168006],[-2.875467264605617,57.122882851192074],[-2.875358302876678,57.12287937324507],[-2.875303827303062,57.122877585273976],[-2.875034381270946,57.12286849823697],[-2.873294421312943,57.122759187492775],[-2.869711778314271,57.122428523907615],[-2.86555502039529,57.12172844392215],[-2.860989668041744,57.12058212872219],[-2.856798703571987,57.11907096785348],[-2.853079899166004,57.117230233498546],[-2.849919978332448,57.115102885150215],[-2.847392574863381,57.112738563128936],[-2.845556521858154,57.110192428832676],[-2.844739378184105,57.108213744183864],[-2.844700486250467,57.10814954464773],[-2.844414356632402,57.107623755054135],[-2.844410891788172,57.107616591673924],[-2.844353425118465,57.10749429742422],[-2.844241656736524,57.10724928150734],[-2.844230843920391,57.10722484465979],[-2.843894959513877,57.10657014674794],[-2.843287095402028,57.10413589585359],[-2.84329822353412,57.101274118228865],[-2.84414676977779,57.09844984191351],[-2.844983742004586,57.09708454137275],[-2.845208262716183,57.096456192984554],[-2.845280087969375,57.09634881482241],[-2.845812763785149,57.09573276699114],[-2.846842728864752,57.09441413540345],[-2.846977112527103,57.09427430753399],[-2.847347678808522,57.094002855701085],[-2.847529501881509,57.093594658250076],[-2.849002190017121,57.09148818267174],[-2.851189695291671,57.0892523767874],[-2.852559847445063,57.088231154426175],[-2.851557772195342,57.0870788276093],[-2.850111455156638,57.08440430814527],[-2.84944510982329,57.08163997582249],[-2.849574710792837,57.07885282480753],[-2.850042364667912,57.077462216588025],[-2.848937583253766,57.07631872950501],[-2.847326560957129,57.07380170859298],[-2.846419241190329,57.07118235712531],[-2.846235560186438,57.06851867274074],[-2.846779431506119,57.065869623906714],[-2.84803866819232,57.0632938433645],[-2.848691136741053,57.06247417993914],[-2.844214429487427,57.06149327289116],[-2.841906461007776,57.06086925561061],[-2.841835697948225,57.06084620367204],[-2.841548203465035,57.06075036119519],[-2.840976875010463,57.060555492392574],[-2.840693041069171,57.06045646608331],[-2.840652981007103,57.06044217284176],[-2.840368929759134,57.06033851547393],[-2.839804838082765,57.06012801208342],[-2.839524797680401,57.06002116607856],[-2.839485872660782,57.06000598447967],[-2.839235070880794,57.059906206041234],[-2.838736965217703,57.05970409157117],[-2.838489661350124,57.059601755553274],[-2.8384517076894,57.05958574065464],[-2.838200361891166,57.05947753770033],[-2.837701580606232,57.05925848998615],[-2.837454145132237,57.0591476452417],[-2.83741732834968,57.05913082290276],[-2.837161240410248,57.059011359302716],[-2.836653606341899,57.05876960241574],[-2.836402060222432,57.058647309147105],[-2.836366712109294,57.05862976700036],[-2.8361297322111,57.05850982225163],[-2.835660141389494,57.05826742131653],[-2.835427530469619,57.058144965146354],[-2.835393318857793,57.05812659764034],[-2.835165087324396,57.05800163541279],[-2.834713173779498,57.05774929328527],[-2.834489491825933,57.05762191341945],[-2.834456750469285,57.05760289803191],[-2.834224325332841,57.05746505988308],[-2.833764801828065,57.057186773338685],[-2.833537703452499,57.057046324962556],[-2.833506597631246,57.05702667858551],[-2.833332721588854,57.05691503121015],[-2.832988335705889,57.05669020620528],[-2.832817825859319,57.05657702858499],[-2.832789368531122,57.05655782257416],[-2.832653661527968,57.05646498456825],[-2.832384512531508,57.056278339195906],[-2.832251070533951,57.056184531834354],[-2.832223594595339,57.05616495085303],[-2.832057038750182,57.05604416083679],[-2.831727682165786,57.055801070795404],[-2.831599149015892,57.05570451354742],[-2.830660366099589,57.05507801732769],[-2.829863214576694,57.054500006415566],[-2.829754903666856,57.05441450915828],[-2.829177795761235,57.05396037120284],[-2.829159249709445,57.05394464205417],[-2.826664048559724,57.05397023096574],[-2.822009740453746,57.05365414272176],[-2.817485441708906,57.0529802719252],[-2.813183317492532,57.05196234460373],[-2.809190971174583,57.05062109860332],[-2.805589683079694,57.04898385261138],[-2.803896553943321,57.04809503040874],[-2.803654384940521,57.047948358620815],[-2.803341100846612,57.04775301145611],[-2.802725024360373,57.04735746509013],[-2.802422231937963,57.04715726594017],[-2.802213131656647,57.04701487117637],[-2.801921624951142,57.04681038267807],[-2.801349557198971,57.0463969087325],[-2.801068996267313,57.04618792326251],[-2.800952703294365,57.04609862454037],[-2.800806337441593,57.04598773564109],[-2.800697383929114,57.04590309891393],[-2.799927822900287,57.045246439352695],[-2.798496079781483,57.043899227156906],[-2.79818163058216,57.04357131117325],[-2.79431416524984,57.04208601668279],[-2.790703998955651,57.040191093144315],[-2.787664783160009,57.03801886097151],[-2.785267164289389,57.03561988958778],[-2.783566824089881,57.03305001256451],[-2.782603181468287,57.03036902300483],[-2.782302873853105,57.02890720719604],[-2.782291850855013,57.02870410936857],[-2.782287392502561,57.028602543688024],[-2.782243837489674,57.02730317001253],[-2.782225531711764,57.026760036337556],[-2.782120506031949,57.02475959053111],[-2.782359910210217,57.02295527270708],[-2.783496593554631,57.01940938092967],[-2.783865523862675,57.01869327528701],[-2.783861150564298,57.018662066568325],[-2.783813599290685,57.017919258196386],[-2.783849243830235,57.014918550615526],[-2.783850060756154,57.01487001609175],[-2.783852175315967,57.01477295016068],[-2.783853472948617,57.01472441875342],[-2.783868943659936,57.01423624956124],[-2.783877360544306,57.01205928629272],[-2.784100262964716,57.01060501285948],[-2.784974660088614,57.0077353439146],[-2.786688962234625,57.00498076885145],[-2.789197762364785,57.00241396016069],[-2.792434734509554,57.00010261787032],[-2.796314391891135,56.99810769115845],[-2.798403021866787,56.997196456244474],[-2.798408737941395,56.99719435354884],[-2.798479222257626,56.99716856934498],[-2.79862043321646,56.99711719947745],[-2.798691159859477,56.997091613813524],[-2.803528357399523,56.995351338670474],[-2.806181496027822,56.9945765026792],[-2.811668540967426,56.99331087496198],[-2.81143443548316,56.99234950371347],[-2.811575799482035,56.989501849218556],[-2.812542446082642,56.986702452431196],[-2.814309743695561,56.98402212398006],[-2.816832834612428,56.981528647146476],[-2.820047775833466,56.97928506895775],[-2.823873176288663,56.9773481089267],[-2.828212259792295,56.97576672520578],[-2.832955310925878,56.97458088168258],[-2.837982440767465,56.97382053872725],[-2.843166615960558,56.973504910676425],[-2.845781741447903,56.97345995816617],[-2.846831447444355,56.97348756773547],[-2.846901993409336,56.973489505853664],[-2.847043069470048,56.973493547395556],[-2.847113599566408,56.9734956508193],[-2.847517927454937,56.97350818392587],[-2.848056820263659,56.97347164703371],[-2.848171952235623,56.9734708662879],[-2.851030038781084,56.97358782771822],[-2.851178054874242,56.973601039071625],[-2.851796603519414,56.97363303590936],[-2.851794334748888,56.97364611700792],[-2.855101486669967,56.973846683713646],[-2.855828660589149,56.97394521396148],[-2.855821235570882,56.97396155727959],[-2.856070236304187,56.97397924161405],[-2.856079656127867,56.97395057783711],[-2.856292031160828,56.97397139262141],[-2.857403471097546,56.97406800622929],[-2.85807657131436,56.974147055420374],[-2.858110884784081,56.97415021006624],[-2.858641391113498,56.97418132550649],[-2.858715612241856,56.97418979065764],[-2.859016593975242,56.97423347381637],[-2.859457456363896,56.9742740007115],[-2.861594314683888,56.97452352534722],[-2.861785104516868,56.97449140246171],[-2.864144329938938,56.97431350158321],[-2.86413413773895,56.97428634243973],[-2.865306385950414,56.974155138523734],[-2.867406119399461,56.97399624076972],[-2.867578273254511,56.973989343644334],[-2.867602549131154,56.97398829055244],[-2.869876033762861,56.973996855279104],[-2.870300794429124,56.9739791512918],[-2.870366584532865,56.973978693490885],[-2.872552955938725,56.974043049939105],[-2.876890720806787,56.97432966334135],[-2.87904213231828,56.974551921433864],[-2.879132912598717,56.97456476786355],[-2.879571392439339,56.9746303609797],[-2.879584392156959,56.97463241148615],[-2.880273437581912,56.974684231327124],[-2.880417500205552,56.97468202787571],[-2.880648193541093,56.97469838010446],[-2.880917687007797,56.9747326787064],[-2.881300214538775,56.97476144304031],[-2.882064285203775,56.974859608752986],[-2.882061632726098,56.974865765846396],[-2.884729008792453,56.975106814553726],[-2.886675058130015,56.975349686465414],[-2.886782397395779,56.97536688391753],[-2.888682119322281,56.97578661373168],[-2.890233689540408,56.976072278544656],[-2.890663920776123,56.976177028894625],[-2.892191075169069,56.976719202940856],[-2.893387618073217,56.97706226183388],[-2.897810245889062,56.97719056843097],[-2.902365637927516,56.97775202190066],[-2.902503886720303,56.977760948266685],[-2.902726818043392,56.977795265284435],[-2.902743453870024,56.9777985795176],[-2.903207519933849,56.97785576386664],[-2.904307906595771,56.978103394024714],[-2.904303414213532,56.978109346437364],[-2.905044680507411,56.978257008865874],[-2.905597972116135,56.97839369279329],[-2.906523146761312,56.978601870477235],[-2.906700304552849,56.978573170327486],[-2.907202521503843,56.978475170166256],[-2.908864715119269,56.978103727875606],[-2.910216254543874,56.97783866717629],[-2.910365677992358,56.97781332393133],[-2.912280933334852,56.97755607268192],[-2.912705048649127,56.97751363777495],[-2.913254759178082,56.97740724259627],[-2.9158001414992,56.97703674760375],[-2.915923720093683,56.97702444252958],[-2.917786062738486,56.976898402304535],[-2.918147666438055,56.976885300315296],[-2.920260244568734,56.97667870894679],[-2.920317092168396,56.97667568545359],[-2.922518717229407,56.976639476450444],[-2.925622379581661,56.97670196139136],[-2.925620102951173,56.976735700536594],[-2.92947824981262,56.97685399736321],[-2.93131653349288,56.97707538821513],[-2.931293641650578,56.97713207031473],[-2.932908432370723,56.97731278652549],[-2.932926032912885,56.97726920145952],[-2.934629350388138,56.977474287379536],[-2.935956661394707,56.97776211773978],[-2.936353072514584,56.97776662073671],[-2.936452189498653,56.977771849892974],[-2.936988952051974,56.97776056149483],[-2.938028832637169,56.97775664703596],[-2.938242781066762,56.977759534403816],[-2.939115809932814,56.97778399973139],[-2.942573558303775,56.9779312234091],[-2.947302839069612,56.97852439803651],[-2.952455517653126,56.9796277704968],[-2.957195226135483,56.981188522138304],[-2.959978338920218,56.982498999642395],[-2.96054887513207,56.982563194729586],[-2.963864829049436,56.98314152327095],[-2.970200030966715,56.984665893398216],[-2.973219329691056,56.985611948950755],[-2.973558171127257,56.985745975650275],[-2.976627546554588,56.98691239378188],[-2.976670860061093,56.98692890904437],[-2.976757389832457,56.986962015361215],[-2.976800606097406,56.9869786064156],[-2.979269316586302,56.98792955069013],[-2.979288716360442,56.98793704918929],[-2.979866101089347,56.98810204164627],[-2.980363352118731,56.98824353897058],[-2.980412671976559,56.988257631186336],[-2.980511224191665,56.988285906561295],[-2.980560456549098,56.988300089720596],[-2.980946684907836,56.98841181206722],[-2.981265919994665,56.98850220076766],[-2.981498251714165,56.98856927343562],[-2.981960925693962,56.9887054345578],[-2.982191267972257,56.98877452301927],[-2.982506345045182,56.9888708217427],[-2.982498143655258,56.988878818229324],[-2.984304243485225,56.9894770950916],[-2.988641651650378,56.99117433186921],[-2.992417900410722,56.993232901869895],[-2.995533045995955,56.99559837464383],[-2.997904573286052,56.99820819211046],[-2.999469589808275,57.00099332020562],[-3.000186504048084,57.00388007180578],[-3.000036148569949,57.00679205473443],[-2.999621280053225,57.00796248445237],[-3.000016889451578,57.00850440991389],[-3.00075830885343,57.00962717387752],[-3.001094821781993,57.01019527943809],[-3.001098118912245,57.010201550649185],[-3.001306585268999,57.01063935971942],[-3.001682870380954,57.011520147149575],[-3.001850688213207,57.0119631256577],[-3.001874526693962,57.01203515489908],[-3.002065626806673,57.01279851460422],[-3.002327238544144,57.01433135904884],[-3.002397745248625,57.015100844044824],[-3.002397897232602,57.01511261148467],[-3.00235614094999,57.01581830932793],[-3.00217114312956,57.01722573528987],[-3.002027897630873,57.01792746330996],[-3.002026396242877,57.017932874531894]]],[[[-3.045548977521691,57.305260987463356],[-3.045539996564122,57.305326621742566],[-3.045509505745476,57.30553889055615],[-3.045271926090335,57.306076723390845],[-3.04522505712276,57.306547057664915],[-3.044096202888662,57.30935257947529],[-3.042153028493484,57.31202436427403],[-3.040982763947086,57.313317953007264],[-3.040955735544801,57.31334260221021],[-3.040910857227313,57.31338328510216],[-3.040820704332001,57.313464522179544],[-3.04077542975361,57.31350507636466],[-3.040658829473673,57.31360889955482],[-3.040636748759889,57.313628504081635],[-3.040592494727905,57.313667682520666],[-3.040570321409641,57.313687256432864],[-3.040497587148421,57.31375128000658],[-3.040360919504134,57.31386951235856],[-3.040084205694158,57.31410481426208],[-3.039944159515438,57.31422188380623],[-3.039861570557576,57.31428976142355],[-3.039641127358358,57.31446633958894],[-3.039192555177772,57.314816615500796],[-3.038964426157716,57.314990313220044],[-3.038901167173096,57.31503728814128],[-3.03878007347965,57.315126058915524],[-3.038535878238197,57.31530278860138],[-3.038412776685841,57.31539074750911],[-3.038279878605988,57.31548450358279],[-3.038200185981857,57.31554148416188],[-3.038023952069083,57.31566523979076],[-3.037667529185226,57.31591107309554],[-3.037487340203706,57.31603315076036],[-3.037409438042114,57.31608499778973],[-3.037263281122708,57.3161809070147],[-3.036968525873249,57.31637162138294],[-3.036819927555693,57.316466426545055],[-3.036741781958294,57.31651558918429],[-3.036547678885677,57.31663553201451],[-3.036155565066114,57.31687353397135],[-3.036089919447146,57.31691267369928],[-3.035692919223004,57.31717459007439],[-3.035412723585363,57.31735458162596],[-3.035307644054582,57.31742031455692],[-3.035184618620159,57.317496403552795],[-3.034936991209261,57.31764782722468],[-3.034812389204212,57.31772316191765],[-3.034728128745128,57.31777353245695],[-3.034569156556667,57.31786722297184],[-3.034248773758594,57.31805337618537],[-3.034087363147189,57.318145838877854],[-3.033998120395659,57.31819624087837],[-3.033980187435117,57.31820635312349],[-3.033944292344738,57.31822656245657],[-3.033926330214903,57.31823665954452],[-3.033617545180205,57.318409965436956],[-3.033573048419162,57.318435280442706],[-3.032168476685009,57.31914680223472],[-3.028826163778479,57.32065295267128],[-3.024766337882322,57.322001058205636],[-3.020088957712557,57.32309028676863],[-3.015503319911186,57.323730237161726],[-3.015193200331133,57.324045180911206],[-3.015187926914832,57.32450268275056],[-3.014185284369292,57.32752097298795],[-3.012244556387193,57.330402354998164],[-3.009422530104221,57.333062203582514],[-3.005801926900909,57.33542238050362],[-3.001488984428669,57.337413537752255],[-2.996610343897786,57.33897716271723],[-2.994046558075256,57.33964548547286],[-2.993976009574319,57.33965999350571],[-2.993720993160202,57.33971114803079],[-2.993209443380151,57.33981119096559],[-2.992952910041475,57.339860079369075],[-2.992427223619416,57.33995765044215],[-2.991410864082329,57.3401268276356],[-2.98936018209463,57.34042964871583],[-2.988325861471099,57.34056329230555],[-2.988048237122092,57.340594119204624],[-2.987649155976266,57.340635687120496],[-2.98684922977978,57.340713528032424],[-2.986448384840318,57.340749801016976],[-2.986091979631144,57.34077963294208],[-2.985990893411087,57.340787921752536],[-2.985788628397016,57.340804162587084],[-2.985687449604808,57.34081211461103],[-2.984841865765828,57.34087713293046],[-2.984364278289636,57.34091004415776],[-2.983407537662186,57.34096836431695],[-2.982928384703385,57.34099377323684],[-2.982447151934747,57.341015488863405],[-2.982265121048127,57.34102315812876],[-2.981900914155564,57.34103741369076],[-2.98171873816028,57.34104399998699],[-2.981187552017008,57.341061617894326],[-2.980798966917431,57.34107203674801],[-2.980021451461441,57.34108794771991],[-2.979632521209008,57.34109343983592],[-2.979399969627875,57.34109525009907],[-2.979169307344065,57.34109617925601],[-2.978707981131103,57.341096304531916],[-2.978477317223694,57.34109550065092],[-2.978178202801995,57.34109333464426],[-2.97769884526857,57.341086119306986],[-2.976740715842585,57.34106420524486],[-2.976261944144766,57.34104950652429],[-2.975970897308378,57.341038289500005],[-2.975192256133158,57.340998296400215],[-2.973639324270037,57.3408985239687],[-2.972865034407104,57.34083874468951],[-2.972773438055972,57.34083047864289],[-2.97213951301661,57.34076640663661],[-2.970876747059644,57.34062499770131],[-2.970247906579105,57.34054766082253],[-2.97008951354373,57.3405264241259],[-2.969908350842627,57.34049940202179],[-2.967634802506682,57.34256400894231],[-2.96619871601889,57.34366944321892],[-2.965529057235428,57.34411026152748],[-2.963617140619899,57.345175523674676],[-2.95949459890673,57.347121177335424],[-2.954835255620895,57.34867306816037],[-2.949766439897351,57.3497887680626],[-2.944426717663493,57.35043777252413],[-2.938962102853918,57.35060232825568],[-2.933522037083399,57.35027793469488],[-2.932834708698428,57.35017296292381],[-2.931246852386249,57.35070252158873],[-2.926369695592947,57.35179608465912],[-2.923850154257207,57.35223741253491],[-2.923322837457957,57.35230522742171],[-2.922611991648497,57.352387803398614],[-2.921184289348311,57.352536056895886],[-2.920467433488539,57.35260173434777],[-2.92038620344638,57.35260819156668],[-2.919886193555159,57.35265937187222],[-2.91869318477365,57.35275737554629],[-2.918383847328046,57.35277660425949],[-2.917671159777643,57.3528125136569],[-2.916243580065592,57.35286769709804],[-2.916030169578063,57.35287519941134],[-2.915823292622956,57.35288174941303],[-2.915726175354285,57.35288550612742],[-2.915623985739195,57.35288928790729],[-2.915446280607468,57.35289556677874],[-2.913349151558851,57.35289796892306],[-2.911100124509133,57.35282365801141],[-2.910471494954876,57.352809048281856],[-2.910099752835971,57.35282969289885],[-2.909999972086564,57.35282684753182],[-2.90940791600913,57.35280422553532],[-2.909113019217884,57.35279009185575],[-2.909076784907012,57.352788333576854],[-2.908996914799384,57.352784410181606],[-2.9088896616022,57.35277895207244],[-2.908675223022062,57.35276765988368],[-2.908568037641286,57.35276182580417],[-2.90845486867754,57.35275546559026],[-2.908410211693414,57.352752922823],[-2.908320910618855,57.35274777202577],[-2.908276266528577,57.352745163995785],[-2.908181397457659,57.35273955175521],[-2.907999926365171,57.35272827022866],[-2.907637224918295,57.35270462887566],[-2.907606421276236,57.35270260523149],[-2.907246712078387,57.35267878934243],[-2.907012896031733,57.352662397283886],[-2.906858053554055,57.352650937251795],[-2.906796798447365,57.352646340871914],[-2.906674320351105,57.35263702483852],[-2.906613097361936,57.35263230518502],[-2.906549822070212,57.35262736233598],[-2.906465143849482,57.35262062713415],[-2.906295852804764,57.352606920909146],[-2.906211239981841,57.352599949886084],[-2.905816547467415,57.35256686905148],[-2.903576648511129,57.35217779202214],[-2.901556235369957,57.35205671413668],[-2.901344954617207,57.35202541288798],[-2.900249258929757,57.35184086737607],[-2.89808408148313,57.35143130964489],[-2.897014601815826,57.35120629787641],[-2.896865853372589,57.35117175851586],[-2.896828113786952,57.35116296545648],[-2.896752675015997,57.3511453288795],[-2.896714975830763,57.3511364853619],[-2.896576027800007,57.35110378021557],[-2.895582201137483,57.350848367866064],[-2.893628044152611,57.35030252416487],[-2.892667715199033,57.350012093331856],[-2.892448882809027,57.34994066758516],[-2.891708416973838,57.34968428598449],[-2.890253644647796,57.34915069390017],[-2.889611427737684,57.34890288778069],[-2.889465555819972,57.348843724856515],[-2.888805856976013,57.348561776125],[-2.887378803896981,57.34791945633396],[-2.886681908054156,57.347587505031726],[-2.886426964824244,57.34745904719249],[-2.885881111013494,57.34717106676812],[-2.884814451211891,57.346581860042825],[-2.884293645602169,57.346280633754574],[-2.883879468902929,57.34602977255735],[-2.883617863727989,57.345871303896864],[-2.881921000794789,57.34464788398118],[-2.881116796670318,57.34395154045193],[-2.880982297097612,57.343888874444225],[-2.877788626404282,57.341887246661024],[-2.877747688093112,57.341852259691045],[-2.87737866696916,57.34280245562491],[-2.875515282741204,57.34544029643778],[-2.872907850558022,57.34788695742414],[-2.869621095631479,57.3500815715748],[-2.865736683090065,57.351969532559934],[-2.863947421669169,57.35259556468362],[-2.863899338946472,57.35261951177236],[-2.861935601394755,57.35345888745818],[-2.857796867864829,57.35496856160266],[-2.853285208307336,57.35612490251695],[-2.848503124688518,57.35690163281398],[-2.843559288545484,57.357281099572134],[-2.838566061380493,57.357254675990994],[-2.833636931665027,57.35682295742271],[-2.828883925163798,57.35599574856273],[-2.824415054537613,57.35479185941838],[-2.820331845336915,57.353238648229805],[-2.816727029085113,57.351371408861176],[-2.813682430637364,57.34923256600716],[-2.812411657867321,57.34818500381479],[-2.811750747577599,57.35073859327162],[-2.810212326621032,57.3534501987881],[-2.809598557357083,57.35412636653],[-2.809559758283412,57.354324497639006],[-2.808356361732261,57.356856118075285],[-2.806484027328619,57.35926614088285],[-2.803982499292905,57.361503245991116],[-2.800904947737245,57.363519786732226],[-2.797316842012561,57.365272805497966],[-2.793294563395602,57.36672495436446],[-2.788923772387292,57.36784528927337],[-2.784297586254527,57.36860993499635],[-2.781932676628649,57.36890078682676],[-2.781771564818543,57.36891401307802],[-2.781745547087896,57.36891613756794],[-2.781693505426526,57.368920364281024],[-2.781667481495836,57.36892246650419],[-2.780642379432077,57.369004822148526],[-2.780097184545051,57.36904859243174],[-2.779399703999973,57.36910466622831],[-2.776915489399033,57.369202435363796],[-2.771947897474213,57.36919621378055],[-2.767037855504834,57.36878890792746],[-2.765689325317439,57.368561650454694],[-2.765690166150011,57.3685601940475],[-2.765199694239036,57.368515546741875],[-2.760432648828249,57.36766631678354],[-2.755957797669098,57.366437836110016],[-2.751877803745267,57.364858296628015],[-2.748286240211888,57.362963942521645],[-2.747254641436789,57.36222439775682],[-2.746925449264718,57.36205816709505],[-2.746815153361664,57.36198382242589],[-2.746824875358037,57.36197961060806],[-2.746719745849872,57.3619280938029],[-2.746572750634142,57.36182766319562],[-2.746308880195406,57.361697572876864],[-2.746060778177362,57.36153187867323],[-2.746136374658276,57.36149882352834],[-2.745362120244924,57.36107561451325],[-2.745238722333772,57.36098285684258],[-2.74316518773218,57.35959791963524],[-2.740641688345735,57.35726666285353],[-2.738795663294486,57.35475683346903],[-2.737668957690091,57.35212551563758],[-2.737377714453972,57.35007195974698],[-2.737394561087076,57.35007126163932],[-2.737231810983889,57.34958571936017],[-2.737229210580041,57.3495223149143],[-2.73723346863226,57.34903866176721],[-2.737261303424792,57.34856392589182],[-2.737285349903601,57.34856433789106],[-2.737284405149962,57.348078256658084],[-2.737294552657916,57.34800466729418],[-2.737295309671315,57.347994526854926],[-2.737342541707101,57.34758935206669],[-2.737432086114913,57.34702478727979],[-2.737435255222569,57.347004949711256],[-2.737474154262234,57.34676384909262],[-2.737902042329472,57.34537743784929],[-2.739152512356578,57.342657666562474],[-2.740459536260917,57.34098740505378],[-2.740448625667269,57.34098508236014],[-2.740636887007897,57.34072654480148],[-2.74067147511501,57.34067943520463],[-2.740741142151886,57.340585322262434],[-2.740776221080595,57.3405383189168],[-2.741047080576148,57.340178311886945],[-2.741108081905831,57.340098337760786],[-2.741231505395692,57.33993871079006],[-2.741293927550782,57.339859057944196],[-2.741556455281329,57.339528499487336],[-2.741556536180886,57.33952851827213],[-2.741645904351662,57.33941781830359],[-2.741838872346465,57.3391833687316],[-2.741936903900287,57.33906651647243],[-2.742139129271071,57.3388299696678],[-2.74351854199277,57.33751838328478],[-2.746663593309387,57.3350385111797],[-2.750531427987286,57.332878194619006],[-2.755012897995492,57.33109832272304],[-2.759981617304782,57.32974906558396],[-2.765297522237634,57.328868445181946],[-2.770810802528107,57.328481274019694],[-2.774330764778231,57.32855555402545],[-2.777979615981638,57.32850166680014],[-2.780197188617032,57.3285491018924],[-2.780240589230456,57.32855160852586],[-2.781033952076609,57.328607912638205],[-2.782614751110529,57.32874110998005],[-2.783402188170639,57.32881800328037],[-2.783433485942518,57.328821482471106],[-2.784276135152937,57.3289275959467],[-2.785950088726179,57.32916339760298],[-2.786781393996671,57.32929308602149],[-2.787089572443914,57.32934590225689],[-2.788045155675404,57.329506699342986],[-2.788353261227429,57.32955345572369],[-2.788698391942163,57.3296077959994],[-2.791157693146353,57.33011230409351],[-2.795898412950624,57.331324855632324],[-2.800226083238388,57.33292684203216],[-2.804032222123472,57.33487813024065],[-2.804871171027883,57.335470503586315],[-2.804866173090216,57.335411465312404],[-2.805390933535011,57.33272444057504],[-2.806656867010056,57.33011065580263],[-2.808635033598377,57.327629552996385],[-2.810579645069676,57.32594467629039],[-2.810582209960226,57.32594554239537],[-2.811130163231894,57.325443224811316],[-2.811199528965644,57.32538816053457],[-2.811617060089505,57.325089570374296],[-2.812763068275915,57.3242456264143],[-2.812785506607271,57.32423147680259],[-2.813193201493094,57.32398378526467],[-2.81382565949821,57.32361352687137],[-2.814439760818238,57.323227434056925],[-2.815409015558085,57.32266818629041],[-2.815446765612271,57.32264818777079],[-2.815964787391109,57.32238526087385],[-2.81702112213187,57.321871626738876],[-2.817298351690369,57.32173980632636],[-2.817463812994156,57.32166287660993],[-2.817465010364449,57.32166363030268],[-2.81783396249312,57.321494941604676],[-2.81881120656826,57.32106504599456],[-2.819307358079222,57.32085511023714],[-2.819332041874178,57.32084506806446],[-2.819634521079999,57.320724879909804],[-2.820244417593672,57.3204882307159],[-2.820551834931242,57.32037176965257],[-2.820576538274724,57.320362634401604],[-2.821011105385721,57.32020728478914],[-2.821889022025663,57.31990403203174],[-2.822332371659234,57.31975612882494],[-2.82236369464682,57.31974604265901],[-2.822910644857206,57.319577433256335],[-2.824015951701944,57.3192515458356],[-2.824049871925995,57.319241572247215],[-2.82414736292525,57.319212986201315],[-2.824532014383523,57.31910369675653],[-2.824584821950663,57.31908916631624],[-2.824726591499758,57.31905061727145],[-2.825010804162811,57.31897425345808],[-2.825153247281034,57.31893643868803],[-2.825213002443224,57.31892076647545],[-2.826104387631637,57.318704261429765],[-2.82790912485242,57.31829997654285],[-2.828822478051375,57.31811219637831],[-2.828896880128604,57.31809824050485],[-2.829209926301885,57.318041401027834],[-2.829838043246731,57.317931099393796],[-2.830153114069902,57.31787763722632],[-2.830215975238431,57.31786734098696],[-2.832739846232608,57.31756758912238],[-2.837842900370981,57.317183444770656],[-2.842994300309459,57.317232157302584],[-2.844625690645458,57.31738660152434],[-2.845531507073267,57.31738970615599],[-2.845662609813726,57.31740140123314],[-2.84794960357549,57.31770120779022],[-2.848069438230598,57.31771254832139],[-2.850572417201387,57.31805983457638],[-2.850647453651467,57.318073691185496],[-2.850722686445805,57.31808769297483],[-2.850873027325117,57.31811589131014],[-2.850948135410793,57.31813008785627],[-2.851158600281733,57.31817017493994],[-2.851882735663412,57.318318452571866],[-2.853880682648937,57.31875661421007],[-2.857144781088891,57.31971480850641],[-2.86117824577696,57.32123719776534],[-2.864750803927684,57.32306586690827],[-2.865157004513756,57.32334642887071],[-2.86715049486221,57.32420623688095],[-2.867480544805677,57.32314595448884],[-2.86745684436625,57.3231439100656],[-2.867538726747387,57.32286612762665],[-2.867539672193311,57.32285786610936],[-2.867553368091261,57.32274892845846],[-2.867567537043681,57.32264551595203],[-2.867614482422927,57.32236333145479],[-2.867724798768813,57.32179990367987],[-2.867788169487632,57.321518660388755],[-2.867798102183217,57.32147970378055],[-2.866663025431388,57.32108537564003],[-2.8627997278382,57.319225209810455],[-2.8595194759535,57.31706213007211],[-2.856902301358065,57.314648970194156],[-2.855011988243421,57.31204467176942],[-2.854321686752726,57.31081992764014],[-2.85348246397527,57.309837822790456],[-2.852027136149203,57.30735079534074],[-2.851254724529944,57.30477574508268],[-2.851181452852576,57.30216728086835],[-2.851808726682637,57.29958070252473],[-2.853123109217425,57.29707083175144],[-2.853949440332377,57.29584185687671],[-2.853957673136999,57.29583192842543],[-2.854639169517999,57.29510113955174],[-2.856122142704831,57.29367617317445],[-2.856923616304544,57.292981994275245],[-2.857005092927527,57.292918098409686],[-2.857043561483704,57.292888061272464],[-2.857120723842449,57.292828071960464],[-2.857159417644826,57.292798119785516],[-2.857273572124223,57.292710136193286],[-2.857417571705983,57.29259385720673],[-2.85751821360184,57.29251259368165],[-2.857568609554177,57.29247213917946],[-2.857864592747063,57.29223592798149],[-2.857922299256745,57.29219017881511],[-2.858038231887202,57.29209887396547],[-2.858096458007284,57.29205331828173],[-2.858217382506862,57.291959328147605],[-2.858361175420597,57.29184933104554],[-2.85865179032528,57.29163051667666],[-2.85879861230738,57.29152169940294],[-2.859037617501325,57.291347319807535],[-2.859311735964413,57.29115290655942],[-2.859869638944661,57.29076819128023],[-2.860153423422196,57.2905778892067],[-2.860230396777307,57.29052768555422],[-2.860453544293339,57.290385184787176],[-2.860905259556376,57.29010272573551],[-2.861133827292596,57.28996276743158],[-2.861224144300852,57.28990860901325],[-2.861542830479648,57.289722846928576],[-2.862189748976931,57.28935626434591],[-2.862517981286256,57.2891754437991],[-2.862605314908125,57.28912867107729],[-2.863310315109254,57.28877243670954],[-2.864757310082898,57.28808273773182],[-2.865499305049926,57.28774927269721],[-2.865621979440615,57.287697324847045],[-2.865659787219222,57.28768099301758],[-2.865845924381341,57.28759947993926],[-2.866083813204064,57.287495005818236],[-2.866138426821427,57.28747112445141],[-2.866247839985319,57.287423487004304],[-2.866302639531979,57.28739973092384],[-2.866432054545753,57.28734387106974],[-2.86646999025917,57.28732752394385],[-2.866528957223591,57.28730216783089],[-2.866562179744115,57.28728792243183],[-2.86662869180554,57.28725947761132],[-2.866661981346461,57.28724527818986],[-2.8668265925304,57.28717524846451],[-2.866879186223067,57.28714851745688],[-2.867018489547138,57.287078529876865],[-2.867424943705859,57.28686828160785],[-2.867631813673921,57.28676065408991],[-2.867839546096281,57.28665442474438],[-2.8680749487018,57.28653610460135],[-2.868138435223365,57.28650343137166],[-2.868342836919897,57.286393938259536],[-2.868460102016278,57.28633116725351],[-2.868481697254441,57.28631962875437],[-2.868524750903414,57.28629666686942],[-2.86854629701686,57.28628519653798],[-2.868772398314542,57.286165047236594],[-2.868806938156908,57.28614674620477],[-2.868975841967786,57.286057512057816],[-2.869214364053728,57.28593398064902],[-2.869846590622982,57.28561300257806],[-2.870166571424142,57.28545474857174],[-2.870215778707443,57.28543104270451],[-2.870340475768,57.285371572235434],[-2.870590962521419,57.28525331033306],[-2.870716752215355,57.28519451889762],[-2.870736443634118,57.28518540831226],[-2.872258813620251,57.284559478951564],[-2.875426269194004,57.28340656063967],[-2.877071358800208,57.28287956831238],[-2.877087836975539,57.28287496175881],[-2.877940388887684,57.28265306074187],[-2.879667434555945,57.282235922138966],[-2.88054192930694,57.28204068424966],[-2.880560086362077,57.28203695482321],[-2.882227144637095,57.281748025846916],[-2.885608132440777,57.28126685419401],[-2.887322070328512,57.28107460991995],[-2.887393252646329,57.281068726616375],[-2.888063360499192,57.28102088470106],[-2.889270002649101,57.2809482419238],[-2.893589707096576,57.280609140373585],[-2.895885825590499,57.28051629613505],[-2.896070423421508,57.2805157892595],[-2.896147150917043,57.28051567462252],[-2.896300606064707,57.280515637453504],[-2.896377333717596,57.28051571492148],[-2.89671074202149,57.28051646869303],[-2.897312993597289,57.28051631427901],[-2.897335136271889,57.28051631655211],[-2.897379421595348,57.28051633709737],[-2.897401564244229,57.28051635536948],[-2.897772625219155,57.280516795141025],[-2.897783273067524,57.28051678118132],[-2.898232232529497,57.28051706400804],[-2.898707518267488,57.28051573645595],[-2.898899302574108,57.280515800816715],[-2.899282857000459,57.28051712972987],[-2.899474627132616,57.28051839428227],[-2.899958851958502,57.28052310265054],[-2.900384323103695,57.28052354602229],[-2.900408853502976,57.28052358136587],[-2.90045791417748,57.28052367168856],[-2.900482444452706,57.28052372666766],[-2.900679853569759,57.28052424801],[-2.901723843767198,57.280483311812425],[-2.901738271666428,57.28048320834872],[-2.902255864868663,57.28048387016195],[-2.903290761398892,57.28049393444726],[-2.903808064973259,57.28050333692142],[-2.903834621050658,57.28050404437034],[-2.903934145141305,57.28050685798534],[-2.904133160355554,57.28051280881778],[-2.904232651480905,57.280515946035294],[-2.904388693543402,57.280521121111065],[-2.90447743178518,57.28052419333228],[-2.904654876625261,57.280530595208525],[-2.904743583224772,57.28053392486358],[-2.905154049169452,57.280549930029025],[-2.905922960792686,57.280576516926445],[-2.905942223956327,57.28057718903017],[-2.905980748828252,57.2805785453707],[-2.906000010536527,57.280579229607504],[-2.906376912603923,57.28059273706659],[-2.908134235298924,57.28055981647369],[-2.908214554214678,57.280558416743716],[-2.908534094763077,57.280553267221016],[-2.908733537383424,57.28055070283207],[-2.909108309098967,57.28054710453348],[-2.909456746862431,57.28054574079728],[-2.910153598384356,57.280546975232745],[-2.910502012218024,57.280549573404485],[-2.910898564220582,57.28055478634874],[-2.910932523995323,57.2805552431854],[-2.911283988849184,57.28056012027467],[-2.911581955613161,57.28056570784612],[-2.912177655858048,57.28057978084342],[-2.912475389385899,57.28058826627032],[-2.912756494752415,57.28059765004997],[-2.913215091148204,57.28061086671182],[-2.913544595182964,57.280622144237626],[-2.914203124135391,57.280648246809584],[-2.914532149116397,57.28066307185816],[-2.914578650394902,57.28066541965085],[-2.915328279504893,57.28071260442985],[-2.916822805029978,57.28082538072071],[-2.917233507010936,57.28086154546461],[-2.917988930054629,57.28090011697459],[-2.918000561369632,57.28090093937293],[-2.918833551694455,57.28097153742794],[-2.920491842254223,57.281135551574096],[-2.921317143453225,57.28122896804165],[-2.921323799508261,57.28122981759154],[-2.922226923349104,57.28135973146686],[-2.923427010382694,57.2815521079223],[-2.92468168293008,57.281363537248495],[-2.926566651992335,57.28112690514411],[-2.926567064920028,57.2811278698832],[-2.92681333186714,57.28107627066186],[-2.927417109234624,57.28100586661555],[-2.927706101214012,57.2809711196907],[-2.929513686006517,57.28080989668549],[-2.929537198797489,57.28080851627001],[-2.9304723939092,57.28013603894117],[-2.930961017734179,57.27980150309869],[-2.931061212125543,57.2797361549573],[-2.931097080788134,57.27971247356009],[-2.931147274924871,57.27968012750866],[-2.93121639458074,57.27959780090174],[-2.931277323921697,57.279527163248176],[-2.931499326255851,57.279279737717154],[-2.931957206990246,57.27878868347952],[-2.932193085251863,57.278545054724134],[-2.932261845066421,57.27847660435257],[-2.932607691394441,57.278148904782334],[-2.933324478880021,57.277501661863546],[-2.933695419752845,57.27718211837576],[-2.933774623585602,57.2771169673295],[-2.93407632577227,57.276877308780456],[-2.93469384766805,57.27640339098469],[-2.935009667392855,57.27616913103078],[-2.93505395639372,57.27613736898395],[-2.935172730586731,57.276053225399906],[-2.935412100865317,57.27588570238147],[-2.935532696947522,57.27580232294367],[-2.935595868090177,57.27575917307545],[-2.935842591801272,57.27559466841038],[-2.936343129504589,57.27526885662106],[-2.936596943477093,57.275107549469105],[-2.936663786589569,57.27506606956135],[-2.937233417036971,57.27473018543077],[-2.938403388755446,57.27407450324213],[-2.939003729418811,57.27375470563762],[-2.939076899248641,57.27371765977813],[-2.939725057329448,57.2734062729216],[-2.941050478360926,57.27280225154327],[-2.941727741503299,57.272509616712775],[-2.941808765979703,57.27247644513172],[-2.942704870974696,57.27213418566461],[-2.944536827630575,57.27148247705406],[-2.945472680210364,57.27117302731796],[-2.945553400301797,57.271148281986754],[-2.946367514575897,57.2709146367796],[-2.948018411155871,57.27047218719447],[-2.948855194298664,57.270263382505426],[-2.94891287199804,57.27025002911701],[-2.949058208521371,57.27021682304369],[-2.949349457301562,57.270151160912576],[-2.949495369563309,57.270118704853346],[-2.949553625277556,57.27010592173807],[-2.950245058657486,57.26996383620322],[-2.951638916963621,57.26969649702867],[-2.95234134273631,57.26957124050599],[-2.952462587182383,57.26955123177775],[-2.953180425293023,57.2694422569378],[-2.954624405531117,57.26924188605787],[-2.955350548299414,57.26915048991609],[-2.955489014732962,57.269134829942004],[-2.956156881480163,57.26906700070949],[-2.957028945894282,57.268988412405385],[-2.957301763307761,57.268944892815966],[-2.957330758027335,57.26894045627842],[-2.957780902815295,57.26885580780597],[-2.960454971552806,57.26842039397727],[-2.96146390862963,57.26828091612102],[-2.961515916771351,57.26827201675072],[-2.961751220677163,57.26824119575957],[-2.961808932461127,57.26823321712286],[-2.961833866478812,57.268230370385524],[-2.963728849115334,57.26798213923756],[-2.968207065047543,57.26756924171206],[-2.970472366265566,57.26744621529802],[-2.97083804624612,57.26744002918385],[-2.972233579231122,57.26744825139055],[-2.975018430276049,57.2675282088847],[-2.976407753140558,57.26759994429257],[-2.977727500504975,57.26769858965485],[-2.980904284540709,57.268112037961636],[-2.985292741345116,57.26893808068831],[-2.986891776433402,57.26916432936078],[-2.987506102729763,57.26930998183378],[-2.988870812594523,57.26972500486169],[-2.990012569148635,57.27001092614687],[-2.990409795437606,57.270137496674764],[-2.992077221623338,57.270767307617966],[-2.992473450304083,57.27086094107618],[-2.992711438222425,57.270943288646144],[-2.99365978180949,57.27129994390919],[-2.994317420615885,57.27127397738],[-2.99559065872681,57.271260067894296],[-2.996134170451394,57.27124472655455],[-2.996140983602751,57.271315560241106],[-2.99681161468065,57.27127114291792],[-2.99680957477891,57.2712194922221],[-2.997434418627154,57.27121224767018],[-2.999574663196857,57.271262394925216],[-2.999608379924237,57.271264372559614],[-2.999638816740584,57.27126617320822],[-2.999699684192612,57.27126980492695],[-2.999730114828341,57.271271635997124],[-2.999762836816994,57.27127362150393],[-2.999967732023368,57.27128988689802],[-3.000287951266428,57.27130818056637],[-3.001609643734971,57.2713982558462],[-3.002268822974993,57.27145048452226],[-3.002360253692795,57.271458748040374],[-3.003571205827851,57.271616649391355],[-3.003683032421999,57.271625498401285],[-3.005687135155896,57.271811162259176],[-3.006425348913091,57.2718703372333],[-3.006558352653088,57.27188274765302],[-3.007649834161537,57.272015790939676],[-3.007711036546926,57.272017320732225],[-3.008717749438115,57.2720591499472],[-3.009124686143519,57.27208282594419],[-3.010544870392268,57.27227149185476],[-3.010545438716912,57.27226915398916],[-3.010638506810625,57.27227579340019],[-3.010650208238506,57.272241457179796],[-3.010733352634376,57.27224977224758],[-3.011642675330914,57.2723585543517],[-3.011645334267004,57.27234761519213],[-3.012353667924318,57.27239813900293],[-3.014718731085188,57.27266289454138],[-3.014885270946453,57.27268850956896],[-3.015589147758483,57.27280597907506],[-3.016986591480514,57.27305772243669],[-3.017680158957007,57.27319199640558],[-3.017805252566714,57.27321792504114],[-3.017994520966825,57.27325787674704],[-3.018372141532311,57.27333903215476],[-3.018560493701992,57.27338023586179],[-3.018677298848234,57.2734062397099],[-3.019174576558838,57.27353351254307],[-3.019860092469438,57.27365701051783],[-3.022459793935885,57.274263199632834],[-3.022535028519238,57.27428503726914],[-3.023410571888358,57.27455808035205],[-3.025129377462524,57.275132522045745],[-3.025972640578854,57.27543392116566],[-3.026157030914431,57.27550428336976],[-3.027943247290757,57.276291832968404],[-3.031297236616569,57.27799331606619],[-3.032865011119719,57.27890725535674],[-3.033017147569988,57.27900932322555],[-3.034359499952456,57.28005328568067],[-3.03675864525832,57.282233413831925],[-3.037815428876991,57.28336958453813],[-3.037832645520939,57.28339190086682],[-3.038230327047536,57.2839607992787],[-3.038953711125091,57.28511186371629],[-3.03927941169885,57.285694030169914],[-3.039297009909184,57.285729809180644],[-3.039698619583037,57.286807907991],[-3.040255564803564,57.28898259772513],[-3.040284749532501,57.2891886515582],[-3.04074366560215,57.28960691371859],[-3.041204183477008,57.29005531283224],[-3.041246920989818,57.29009987576969],[-3.041827374853604,57.29077152990521],[-3.042884043923477,57.29213846376997],[-3.043360256018456,57.292833744452395],[-3.043499579481744,57.29306616411869],[-3.043663176269332,57.29335559260018],[-3.043972272744005,57.29393726865083],[-3.044117772168994,57.29422951626574],[-3.044153114397935,57.29430558113765],[-3.044219016580186,57.2944526428734],[-3.044346236873773,57.29474734639627],[-3.044395707197417,57.294866461240616],[-3.044890516081105,57.29583422600818],[-3.044908379811399,57.29587899422282],[-3.045090053973929,57.29641161917038],[-3.045393785622714,57.29748182743944],[-3.04551584141428,57.29801941091381],[-3.045535745933603,57.29813601963615],[-3.045565438453319,57.298333787758786],[-3.045616747148189,57.29872963071268],[-3.045638363236701,57.298927705547726],[-3.045646123783601,57.29901522881794],[-3.045654937988305,57.299076495062096],[-3.045733422250628,57.29982186659979],[-3.045758351845187,57.300194994392584],[-3.045767530172288,57.30051831797915],[-3.045550681977526,57.30134101423818],[-3.045526390373031,57.30166183632474],[-3.045733973532487,57.303347028574755],[-3.045730587777356,57.30341299929035],[-3.045727123819818,57.30350140455374],[-3.045716172965399,57.303688697527946],[-3.045687054573751,57.30406311902835],[-3.045668886963254,57.30425024755319],[-3.04557414261672,57.30506401690669],[-3.045566050546412,57.30512968504536],[-3.045548977521691,57.305260987463356]]],[[[-2.951172462314692,57.431657559351926],[-2.951010081068458,57.43170344972414],[-2.9491374811061,57.432501560361835],[-2.947565444964211,57.43307004221072],[-2.946812212042178,57.433355051562145],[-2.946489011948482,57.43350447080632],[-2.946327556551525,57.43357911887221],[-2.946256173254327,57.433614059605965],[-2.945704366787968,57.433878202846635],[-2.945425748153104,57.43400862536687],[-2.945096509357569,57.434159325844746],[-2.945070223031749,57.43417133243641],[-2.945017604340226,57.434195316256165],[-2.944991271974535,57.43420729348427],[-2.944719620757945,57.434330593718585],[-2.944403400894677,57.434470579763904],[-2.943764674080064,57.43474631841462],[-2.943442167154442,57.434882070988294],[-2.943252617846866,57.43495985568745],[-2.942801312716549,57.43513867353568],[-2.941887797465438,57.43548802065427],[-2.941425587445326,57.43565854984592],[-2.941219260496944,57.435731956375015],[-2.94081922907407,57.435869904138315],[-2.940012028455434,57.43613959018691],[-2.939604859342708,57.436271328426635],[-2.93947266268309,57.436312729356985],[-2.939340140247363,57.43635379474935],[-2.939074401315492,57.43643526757437],[-2.938941184822535,57.43647567500558],[-2.938726291167932,57.436540158257785],[-2.938231936757563,57.43668267582469],[-2.937234603812838,57.43695865329916],[-2.936731625458086,57.43709211313873],[-2.936624215272946,57.43711941197793],[-2.93640568412931,57.43717482070015],[-2.936320693114474,57.43719621100086],[-2.936151561668695,57.43723846496824],[-2.936066886194032,57.43725946427776],[-2.935123505450537,57.437491692807725],[-2.933541535483075,57.437894165084344],[-2.933406429972635,57.43792848232724],[-2.933328594289277,57.437948119498586],[-2.933173504630294,57.437986984235614],[-2.933095867180167,57.43800630919604],[-2.931334559258821,57.43844174923772],[-2.930915111835892,57.438546213034805],[-2.929802731486049,57.4388251985],[-2.929694850052184,57.438852002588135],[-2.9294787349947,57.43890519496163],[-2.929370501373037,57.43893158324632],[-2.928296504023046,57.43919094284367],[-2.927067192528241,57.439493047805676],[-2.926960907274122,57.43951892484993],[-2.926748002958592,57.43957027679429],[-2.926641383899021,57.439595751693865],[-2.926443787846725,57.4396425182259],[-2.923940935944112,57.440269173576645],[-2.923877820675528,57.440284888994746],[-2.923751468893474,57.44031617756444],[-2.923688232380378,57.440331750715956],[-2.922473543108794,57.44062923124717],[-2.921160496892785,57.44095270931111],[-2.921098942884261,57.44096779175194],[-2.92097572169319,57.44099782170494],[-2.92091405451099,57.44101276921698],[-2.919704846533612,57.44130427153116],[-2.918964644961562,57.441485849685584],[-2.918308269336784,57.44165822095954],[-2.915934163994829,57.442164324461444],[-2.911070246926856,57.442974846234556],[-2.906033619493672,57.443374921537576],[-2.900942736498491,57.44335513982805],[-2.895917333304932,57.4429159632855],[-2.894758943069791,57.442713041306696],[-2.894507512192512,57.442725787084235],[-2.89449046173489,57.442726177612556],[-2.892130425292621,57.442677055054084],[-2.890619980519583,57.442907453404274],[-2.886121111824618,57.44324653239675],[-2.88157849392578,57.44325155932224],[-2.879306876467961,57.443170135079015],[-2.879278837962602,57.44316808503324],[-2.876858316659368,57.442891089033495],[-2.872120213087251,57.442146697451335],[-2.867639133602131,57.44103192815029],[-2.863514046275266,57.43957140823698],[-2.85983602644365,57.43779740068648],[-2.856686240502093,57.43574908751122],[-2.854134153721485,57.433471702305226],[-2.852236000577123,57.43101552388668],[-2.851033549938701,57.42843477567744],[-2.850553192554884,57.42578641898983],[-2.85049584766605,57.4244525918534],[-2.85050882753041,57.424315816522196],[-2.850509996149897,57.42429590961921],[-2.850517216666208,57.424172783465806],[-2.850524362410404,57.42404217924332],[-2.85076561238464,57.42276110541201],[-2.851585106916346,57.42023072616572],[-2.853066653878435,57.41778954977304],[-2.855179687512666,57.415487721346224],[-2.856847243516504,57.41418186568172],[-2.856845148649579,57.414181140291454],[-2.857034703439389,57.414021743322515],[-2.857215758399437,57.41386721315999],[-2.857487043174125,57.413680811019844],[-2.857880694955431,57.41337251697966],[-2.858243700501043,57.41316089211681],[-2.85930850090857,57.41242920758378],[-2.862615781432622,57.41057990598684],[-2.865430042913099,57.40809467589162],[-2.869079605422864,57.40583200727754],[-2.873377548901562,57.40392989860863],[-2.878203216774763,57.40244170993991],[-2.883421202272364,57.401409181947436],[-2.885355313032308,57.40121526322212],[-2.885792422957581,57.40112414381706],[-2.886016746299992,57.40107722549269],[-2.886188912461187,57.40104180625158],[-2.886533959741702,57.400971998255],[-2.886706840869267,57.400937609497554],[-2.886963052446047,57.400887512364754],[-2.887367921578235,57.40081151664274],[-2.888181146859267,57.40066517599272],[-2.88858950311914,57.40059483104217],[-2.888650101118607,57.40058485444827],[-2.889198726222104,57.40050005239019],[-2.889891791922932,57.40039982857077],[-2.890469939225153,57.40027177578432],[-2.890880878315342,57.400184178040334],[-2.891959242263843,57.399963188187606],[-2.892013425131621,57.399952142344546],[-2.892121861663694,57.39993015246448],[-2.892176115328252,57.39991920842735],[-2.893089562004366,57.399735921054834],[-2.893132272512099,57.39972714481267],[-2.893535801491597,57.3996292599469],[-2.893761175649844,57.39957566826254],[-2.894248258392177,57.3994621589512],[-2.894562868395147,57.39939131662951],[-2.894602155733022,57.399380201047066],[-2.894717920464062,57.39934775916313],[-2.894949916848588,57.39928336595301],[-2.895066148504334,57.399251414626036],[-2.895682425896339,57.399083640099434],[-2.895950953726351,57.39901216357784],[-2.896490345144375,57.39887182864559],[-2.896761208761649,57.39880297022496],[-2.896847832003639,57.39878146072235],[-2.89705879984521,57.3987244220988],[-2.897511711214931,57.39859578776282],[-2.898219768246638,57.3983905958801],[-2.898327266894279,57.39835971570367],[-2.898530751333066,57.39830177694249],[-2.899442524356714,57.39794559320965],[-2.903261913865737,57.39665699107528],[-2.907368981096005,57.39565919716165],[-2.909886665053376,57.395257806792735],[-2.912223146479192,57.39474203310968],[-2.916185180575545,57.39416266714856],[-2.920249241863993,57.393851483476105],[-2.922299095056319,57.39376377139737],[-2.924431290365672,57.39374387881302],[-2.927526839946219,57.39370269913734],[-2.928082910056207,57.39369527364967],[-2.92817166940827,57.393694216114014],[-2.928349197280527,57.3936923566104],[-2.928437965801965,57.39369155464244],[-2.930097112101099,57.393678944584224],[-2.932981997866805,57.39379275087517],[-2.935865836037107,57.39404392364695],[-2.937154187271577,57.3937756748695],[-2.938351139406853,57.39355428260152],[-2.938513167178284,57.39352798417419],[-2.939601495741436,57.393330379058625],[-2.940222992137206,57.393235915215534],[-2.942129087376856,57.39305416932238],[-2.942337835614587,57.39300976878579],[-2.943208631756133,57.3929055179696],[-2.943425457808737,57.39288037624329],[-2.943560343923356,57.39286524263194],[-2.943744557598075,57.392840729772864],[-2.943753413910227,57.392860132859546],[-2.945935878372808,57.39262661947013],[-2.951499213431784,57.392291326745166],[-2.957087727688079,57.39246595886534],[-2.962542311818297,57.39314554130576],[-2.967707659255527,57.39431072549573],[-2.972436687364257,57.395928370419966],[-2.974674434667851,57.39684529483499],[-2.974908753056975,57.3969593552551],[-2.974945547402363,57.39697731949388],[-2.975019036820889,57.39701330708722],[-2.975055731894049,57.39703133044179],[-2.975193985946028,57.39709943946305],[-2.976296607382164,57.39784458734093],[-2.976394745542897,57.39779762843992],[-2.979224541688849,57.399521065446194],[-2.981821052077347,57.401645957362796],[-2.983833857689419,57.403947975913624],[-2.985222251882361,57.40638069464957],[-2.985958101257669,57.40889504180311],[-2.986005393799737,57.410656899603914],[-2.986517013524555,57.41059249443218],[-2.989982761554539,57.4102594439784],[-2.99173197851944,57.41014246990135],[-2.992123263582977,57.41012759507744],[-2.995272988896756,57.410169146516104],[-3.000303340709951,57.41049420235541],[-3.000295807290899,57.41052816772135],[-3.00070267540313,57.41053484744491],[-3.000714538204235,57.41048660693125],[-3.001363520716413,57.41053308583047],[-3.002778097207668,57.410668132390626],[-3.006627402593794,57.41112877982548],[-3.010348641504041,57.411832117248444],[-3.013889487481956,57.41276825614109],[-3.015608433077644,57.41329306922561],[-3.016029715565565,57.41344014126084],[-3.017503078478063,57.41401856919036],[-3.020323961535316,57.415258807694286],[-3.021671484546927,57.415920621013356],[-3.021988497084075,57.41609435406441],[-3.022357908389231,57.41630342042791],[-3.023084093078626,57.416727850996715],[-3.023440866634366,57.41694321531218],[-3.024055075495824,57.4173261902489],[-3.024514688090743,57.41762562188072],[-3.025409489653512,57.41823493123012],[-3.025844678474966,57.41854480912107],[-3.025857123710175,57.418554080936886],[-3.025894108770685,57.41858048808516],[-3.026091529159984,57.41872440434567],[-3.026481018572676,57.41901433048059],[-3.026673087576454,57.419160340371604],[-3.026892761466713,57.41933091030079],[-3.027201440577414,57.41957931162546],[-3.027803312959731,57.42008151860284],[-3.028096506110069,57.420335324329855],[-3.028320835962312,57.420536915529496],[-3.030810840617475,57.42071142557281],[-3.031477901821951,57.420832456403424],[-3.03250486444627,57.42089577980404],[-3.032533290288427,57.42090003851184],[-3.033117833246138,57.42099386643331],[-3.034280166693547,57.42119300159039],[-3.034857957503557,57.42129830888526],[-3.034884744812355,57.42130348781212],[-3.035690465205656,57.42147211314845],[-3.0372846249401,57.42183167788321],[-3.038073065091852,57.422022617498364],[-3.03809990371723,57.42202957398876],[-3.038679599780912,57.42218740612812],[-3.039412436826764,57.42239669889246],[-3.039411204696693,57.42239795458353],[-3.039453386066652,57.422407757585496],[-3.039861737551195,57.422525040607376],[-3.040395021669557,57.42268503658083],[-3.040411822281319,57.422690296776814],[-3.040974628338537,57.42287462677519],[-3.041828079647853,57.42316675295943],[-3.041783815680787,57.42320438978728],[-3.042608063951854,57.42347248353028],[-3.042635183321599,57.423451322609814],[-3.042658745622014,57.42346011085674],[-3.042923869555102,57.4235610701503],[-3.043450424053851,57.42376575548148],[-3.043711854639107,57.423869481534425],[-3.043846623445817,57.423924052109165],[-3.044774216618393,57.42444026684507],[-3.04481515939518,57.424415251174516],[-3.047653803188687,57.42576721504399],[-3.048673374706617,57.42632888070588],[-3.048747316623924,57.42636529005085],[-3.048917216947383,57.426453016214374],[-3.048926823657054,57.426448187424775],[-3.049083293228225,57.42653876724419],[-3.049316901502743,57.426659386363006],[-3.050429651440159,57.427261786310034],[-3.050972816501448,57.42757009017697],[-3.051899376319151,57.428121572448525],[-3.0533890729876,57.42914924417866],[-3.056077017516338,57.43131009639868],[-3.058156579078394,57.43365812294438],[-3.059583794018296,57.43614382598803],[-3.060328446358223,57.43871479748912],[-3.060374691237525,57.44131681976071],[-3.059721397760039,57.4438950084568],[-3.058382215763982,57.446394971340474],[-3.057543744368084,57.44761866035068],[-3.057239644425681,57.447979413189195],[-3.055797562846236,57.4493543780002],[-3.052488573141816,57.45194679855496],[-3.048387832636514,57.45418653947517],[-3.043622162845718,57.45600427027386],[-3.038685524364913,57.45725587435612],[-3.036773717572631,57.45888898074895],[-3.035153261904875,57.45987729167713],[-3.03442892207916,57.46045743550657],[-3.034272610877156,57.46054797343275],[-3.034245890792729,57.46056341363855],[-3.034192383287937,57.46059426014168],[-3.034165595867566,57.46060966643897],[-3.034008734916195,57.46069966955204],[-3.03212007755737,57.46162885556584],[-3.032085366433908,57.4616434664913],[-3.031310492791973,57.46204564134913],[-3.031145846508938,57.46211830424651],[-3.030371690471394,57.46243998546973],[-3.027627422224935,57.463512566572604],[-3.023648575784064,57.46466070448073],[-3.01886786359311,57.465617922249145],[-3.015204216898639,57.466022442600334],[-3.01515934333381,57.46603080811131],[-3.012358425424315,57.46641027426638],[-3.012201458996377,57.46642388560004],[-3.010698319743511,57.46651674596836],[-3.007682591136572,57.466628591655635],[-3.006170007685029,57.466647576717065],[-3.0060011556582,57.46664556377187],[-3.004833615895532,57.466609529568984],[-3.003675230033905,57.466551742657074],[-3.003513651404424,57.46655755476238],[-3.003187609027229,57.46654162506515],[-3.00276084304699,57.46650612015318],[-3.002506107676978,57.46649340916216],[-3.001346141792426,57.46641332325682],[-3.001130462434781,57.466394266589226],[-3.00067355828793,57.46632447383044],[-3.000463227329543,57.46631010629644],[-3.000066944002736,57.466280427609306],[-2.999275815373226,57.466215950271646],[-2.998880970178544,57.4661811516297],[-2.998563916973362,57.46615109865491],[-2.997778656538996,57.46606613384997],[-2.996216627920253,57.46587596276568],[-2.995439860555524,57.46577075658821],[-2.995207609608507,57.46573608233004],[-2.993858478311065,57.465500929924744],[-2.990378516028138,57.464804879058434],[-2.988547945397704,57.46436966011802],[-2.987851432429788,57.46417635888574],[-2.985489796446732,57.46337974950064],[-2.981046069401649,57.46158555539754],[-2.978963990818436,57.460587981636685],[-2.978635548322693,57.46040188679073],[-2.976664631020293,57.45904533914467],[-2.973240060216952,57.45615431656975],[-2.971786383502319,57.454619856749865],[-2.971710730667682,57.45451657786624],[-2.971152246277782,57.45361800436007],[-2.970214095722583,57.45179413690658],[-2.969834421349902,57.45086884427108],[-2.96979568858806,57.45074337971521],[-2.969584045404996,57.44964216995519],[-2.969528735274261,57.44892527289621],[-2.966947258498529,57.44786986967487],[-2.963434432515621,57.44591627490217],[-2.960511337163379,57.44369829529858],[-2.958245364218777,57.44126715052152],[-2.956688695649523,57.43867897018247],[-2.956093232532738,57.43735290531715],[-2.95609153699821,57.437347294806806],[-2.955998116767367,57.436994119259104],[-2.955837361418709,57.43628604590407],[-2.955770025806553,57.435931148130294],[-2.955744269920583,57.4357623547243],[-2.955707890114829,57.43546274170777],[-2.955706153585365,57.43544351660847],[-2.955701845445576,57.43540903937642],[-2.955696631644038,57.435375861070305],[-2.955673229513615,57.435208333890074],[-2.955511782021208,57.43388779063714],[-2.955483692674526,57.43301859483899],[-2.955506610021768,57.43261980813698],[-2.95551066014567,57.432556533463746],[-2.955519587190657,57.43243000108141],[-2.955524464108873,57.43236674337226],[-2.955537196530452,57.4322145188825],[-2.955540824256832,57.432169057117676],[-2.955637636278663,57.431514317008656],[-2.955884287276383,57.43037410231696],[-2.955855347466525,57.43038157704502],[-2.955709689696359,57.430418732015525],[-2.955585594639948,57.43044999116457],[-2.954935094739916,57.43060481152128],[-2.953622419331466,57.43089932415509],[-2.953365428814063,57.43095353930108],[-2.953257033765822,57.430990657953025],[-2.953134262963367,57.43103229577764],[-2.952599890284852,57.43121177984084],[-2.952262519014595,57.43132212363782],[-2.952146889809006,57.43135893873397],[-2.951935165099941,57.43142522218995],[-2.951509929814297,57.431556102305755],[-2.951296419640095,57.431620699746695],[-2.951172462314692,57.431657559351926]]],[[[-2.99586938154329,57.49792503182567],[-2.995079072411579,57.49938202088913],[-2.99305381566724,57.50220353987077],[-2.990174564431124,57.50480113411866],[-2.986523427859746,57.50710056951747],[-2.982204634524725,57.50903611865506],[-2.977341552198562,57.5105524480916],[-2.972073165250567,57.51160620507864],[-2.966550096523346,57.512167262169974],[-2.962463030533421,57.512205337009156],[-2.958705613375352,57.51263856214592],[-2.953490290924075,57.512789929097686],[-2.949465165519388,57.51256538455205],[-2.949177740747392,57.51258631740447],[-2.948595919244821,57.512662381453275],[-2.947720312014566,57.51276354183176],[-2.947645059772573,57.51277110509642],[-2.947466222598644,57.51278853728945],[-2.947108205647435,57.51282235189167],[-2.946929025879948,57.51283873429981],[-2.9468524174962,57.5128455077882],[-2.946507265565363,57.512874032299756],[-2.945815926885536,57.51292718631372],[-2.945680067074903,57.51293732514891],[-2.94546093440468,57.51295318449289],[-2.945416260278975,57.51295663650795],[-2.944970867125475,57.512987766205676],[-2.944078683633223,57.51304356028407],[-2.94363189344761,57.513068224654376],[-2.943598550193737,57.51306982159962],[-2.94315168099504,57.513087972692226],[-2.942257197077158,57.51311780722978],[-2.941809582513166,57.513129490668945],[-2.941769373690903,57.51313024909016],[-2.941368931416697,57.51313521347465],[-2.940567940662208,57.51313996575867],[-2.940167392293636,57.51313975365716],[-2.940142516336883,57.51313957979557],[-2.939668351988531,57.51313040065616],[-2.93849091097078,57.51322973598457],[-2.934659244038512,57.51337964658467],[-2.934656144518649,57.51337983354338],[-2.934460514664359,57.51339100568142],[-2.933694463063814,57.513432295430306],[-2.933651162543386,57.51343551877477],[-2.93339349812939,57.51345899949414],[-2.933389980549463,57.51344782018886],[-2.933284480200366,57.51345306701241],[-2.933282465467086,57.5134413337447],[-2.932719662059336,57.513529661601765],[-2.932447717288433,57.513548300519375],[-2.932180619006055,57.513565430827185],[-2.931872514759384,57.51358383656262],[-2.931520946769295,57.51361486776095],[-2.930791507630928,57.51367038248911],[-2.92932878212024,57.513764023500514],[-2.928595496431671,57.51380214973394],[-2.928394722377903,57.513810185823324],[-2.927812643876941,57.51382798728565],[-2.926647685500435,57.51385263143661],[-2.926064805972794,57.5138594741151],[-2.92563616619543,57.51386047474914],[-2.925588061290457,57.513860549651014],[-2.925491851278855,57.513860624789935],[-2.925443746172421,57.513860625026936],[-2.925176826812727,57.51386041901587],[-2.922917662569839,57.51377597818917],[-2.921765231474566,57.513690313917394],[-2.920318256737446,57.5137410963564],[-2.92030726820671,57.5136503961481],[-2.920067219503668,57.51366213131703],[-2.920077807890165,57.513749533432986],[-2.91596383686529,57.51389381859278],[-2.910145809486739,57.51354397625954],[-2.909928646402052,57.513509406749016],[-2.90931449910936,57.513489260017636],[-2.90925757623328,57.51348247523722],[-2.90689679272045,57.51310072646554],[-2.905320247081638,57.51277570642863],[-2.904532195865551,57.51265022146836],[-2.901798892978473,57.512069769543245],[-2.901609182728866,57.51201867501584],[-2.901504407343532,57.51199020737527],[-2.90070302205769,57.51177055869772],[-2.89802389376057,57.51085381325886],[-2.894145069954548,57.50922813847551],[-2.890753802207687,57.50731261937511],[-2.887924050824788,57.505149080657965],[-2.885717487195872,57.502784753344336],[-2.884182151336582,57.500271242323905],[-2.883351418267989,57.49766339777254],[-2.883243254095453,57.4950181180894],[-2.883371070121518,57.493693320861716],[-2.883460457085357,57.49331278684871],[-2.883580015503311,57.4928863191597],[-2.883857005007112,57.492036964987896],[-2.884014435236902,57.49161407842335],[-2.884056594408438,57.49151343233882],[-2.884119360922644,57.49136323881954],[-2.884173551069293,57.49123033036068],[-2.884192567935237,57.49118365695775],[-2.885129736004191,57.489600580215814],[-2.887529254582944,57.48655443610833],[-2.888991567172393,57.48509135728097],[-2.889009609138899,57.485076731665394],[-2.890666582234055,57.48394289509325],[-2.89429593748503,57.481832669412555],[-2.898505411272569,57.48006253796303],[-2.903186420609963,57.478678127140526],[-2.905630352120404,57.478087441679065],[-2.9091118421677,57.477421085031814],[-2.910909614737777,57.477137112545556],[-2.913180133712363,57.47685194794986],[-2.913701129801651,57.47674582608922],[-2.915363999427197,57.4765600962501],[-2.917031293940309,57.476420811222944],[-2.917535942676686,57.4763926415256],[-2.917611833267796,57.476385590784325],[-2.920104314809569,57.47616822986267],[-2.920119604704412,57.476219104267805],[-2.923344389094614,57.475953454799516],[-2.923810859177892,57.47595321175795],[-2.923839379720727,57.47595255905599],[-2.924261541245544,57.47594295479646],[-2.925109268958205,57.475935287688365],[-2.928514785540224,57.47595108037005],[-2.928588433138319,57.47595422806346],[-2.929994847265753,57.47577219987253],[-2.934227117652311,57.47552540631389],[-2.93635791612408,57.47547501404006],[-2.936418897178537,57.47547567486366],[-2.93839647112907,57.47556068089535],[-2.938955769221322,57.47560287352077],[-2.939429469800268,57.47561401018542],[-2.939576068154306,57.47562077748782],[-2.939583862892502,57.47562132024943],[-2.939893278394776,57.47560999134498],[-2.940083519639988,57.475603613765244],[-2.940130011744097,57.47560219879926],[-2.940711282104385,57.47550031768765],[-2.946139216190911,57.475060633109045],[-2.947960381120009,57.475076382246144],[-2.948708640995772,57.4750390247255],[-2.949921984441721,57.475022200272555],[-2.949921222934167,57.47500843816715],[-2.951187299602617,57.47498809471893],[-2.953255973634595,57.47502407125937],[-2.953361382747825,57.475029445711506],[-2.954869117404362,57.475174100895565],[-2.956544786159593,57.47503091499092],[-2.962135333992801,57.475064322987336],[-2.967636471439039,57.475601954267646],[-2.968576992270727,57.47578568059784],[-2.968600953306884,57.475731035475704],[-2.969325700518144,57.47582325677969],[-2.969852038533675,57.47589512207829],[-2.97004907051855,57.475923870967314],[-2.970376890665725,57.475973643760085],[-2.971030578100101,57.47607678348362],[-2.971356445446347,57.47613015042415],[-2.971594310569397,57.476170538882684],[-2.972808864083393,57.47640494774454],[-2.975200741549665,57.47692361551404],[-2.976378068254041,57.4772078751084],[-2.976657044943173,57.477282340777556],[-2.9770232344333,57.47738313270273],[-2.977750894062483,57.47758954707114],[-2.978112364271725,57.47769516954105],[-2.978461371459346,57.47780016947048],[-2.979381585858893,57.47809834617891],[-2.980775131423816,57.478583458705586],[-2.980754112552167,57.47860097839798],[-2.981100984167217,57.47868880560082],[-2.981966210455639,57.47900524678455],[-2.983776359096783,57.47977061800305],[-2.987184018817974,57.4814282363133],[-2.990135844317725,57.48332268733684],[-2.992575594118785,57.48541792308309],[-2.99366102839997,57.48651096618945],[-2.993749392394129,57.48661694347051],[-2.994623503547452,57.48792946115995],[-2.995984133655778,57.490611524018554],[-2.996557635441087,57.49337467271321],[-2.996330008036468,57.49615232265248],[-2.996015344011219,57.497536374812086],[-2.995883589449115,57.49788720435172],[-2.99586938154329,57.49792503182567]]],[[[-2.94608035602694,57.54665791552587],[-2.946070080582309,57.54668129711695],[-2.946049413370436,57.5467280454353],[-2.946039021603053,57.546751412162536],[-2.946037126509352,57.54675564837362],[-2.945528036697477,57.547674717604146],[-2.945059654764097,57.548380169189606],[-2.944924923912531,57.54835431177325],[-2.944578740249722,57.54920021246474],[-2.944481924333534,57.54933296888677],[-2.944213381216828,57.54967968566405],[-2.943881572430774,57.550084039561824],[-2.943641907831988,57.550363070205435],[-2.943562324865925,57.55045170742972],[-2.942986694576888,57.551036724789604],[-2.941190881821051,57.55270952119231],[-2.938235972198066,57.55472729490067],[-2.936571935072254,57.55557817328824],[-2.93649075925494,57.55562494848276],[-2.936250849885981,57.55576033532935],[-2.936175051425319,57.555802228113194],[-2.935678503697225,57.55606544059688],[-2.934665387460978,57.556580493772074],[-2.934148818666074,57.55683233453223],[-2.934105881068694,57.556852405820514],[-2.933695249996167,57.557038213691506],[-2.933344956632377,57.557191617953805],[-2.933343225847748,57.55719047610443],[-2.933192891807618,57.55726104226888],[-2.932755088222602,57.55744953454413],[-2.932441551142411,57.557581259736764],[-2.932396895340423,57.55759956449116],[-2.931764788395689,57.55784632261637],[-2.930479783598443,57.55832368044482],[-2.929826886101962,57.55855427997002],[-2.929763915468123,57.55857540458538],[-2.928426601302157,57.558979405856576],[-2.925688596480561,57.55971974907751],[-2.924287909566406,57.56005608964928],[-2.924213098584127,57.56007188144021],[-2.923477066921202,57.56021663459773],[-2.921993169068577,57.56048742157584],[-2.921245303545712,57.56061345525604],[-2.921190362678687,57.56062195879707],[-2.91949767558547,57.56083340022727],[-2.91608054518137,57.561160604700355],[-2.914356111667747,57.56127636610303],[-2.914299338851246,57.56127857397222],[-2.914078299589258,57.56128637879909],[-2.913636047751098,57.56130041206994],[-2.91341483519385,57.5613066405134],[-2.913363053122883,57.56130791354882],[-2.912261011939627,57.56131545026146],[-2.910058403318187,57.56129144101109],[-2.908957838226139,57.56125989508246],[-2.908907637632507,57.561257561733186],[-2.908150096284237,57.56121297560058],[-2.90663958950387,57.5611052761655],[-2.905886624822282,57.5610421629202],[-2.905834686905135,57.56103715493423],[-2.905081554168087,57.56095488471069],[-2.903583133493904,57.560771809346654],[-2.90283784627651,57.56067100430146],[-2.902785842147784,57.560663282708646],[-2.902212697042907,57.56057222144884],[-2.901072838950646,57.56037913615067],[-2.900506125945497,57.56027711236968],[-2.900460785271231,57.56026846205316],[-2.899956154368608,57.56016723429105],[-2.898953233005716,57.55995608511242],[-2.898454942748463,57.55984616374569],[-2.898409558176685,57.559835689483016],[-2.896900333752023,57.55943791698419],[-2.893963970142603,57.558562847303754],[-2.89253683542037,57.55808555201461],[-2.892465995017965,57.55805911347944],[-2.892130626536217,57.557930627963465],[-2.89146588943891,57.55766925121348],[-2.891136520861189,57.557536360010836],[-2.891096001112401,57.55751958772506],[-2.890635134804024,57.55732175878466],[-2.889726692615087,57.55691747757823],[-2.889279116803693,57.55671102540722],[-2.889240225723969,57.55669243549552],[-2.88855816324763,57.556347530428795],[-2.887231093373899,57.555637713991686],[-2.886586085990611,57.55527280300834],[-2.886514861887373,57.55523017674719],[-2.886273209076016,57.55508232432715],[-2.885795993845162,57.55478380758276],[-2.885560431413063,57.55463314328132],[-2.885519677572186,57.55460648971306],[-2.884313674278219,57.55371049389706],[-2.883964680037093,57.553414384028116],[-2.883490314934428,57.55317254873595],[-2.880339894814662,57.55097610922687],[-2.87949968249504,57.55015281043431],[-2.878954492401174,57.549752024200686],[-2.876641911066767,57.54779847354461],[-2.874817233228817,57.545700923120684],[-2.873510837956793,57.543494393258115],[-2.872990492395307,57.542368392548745],[-2.872989952850952,57.54236678834636],[-2.872729573576387,57.54101420035418],[-2.872591537446668,57.53830338553301],[-2.873215983827566,57.535612424511726],[-2.874588437742265,57.53300298123614],[-2.876677298198324,57.53053483957799],[-2.879434579615422,57.528264533714406],[-2.88279701865583,57.52624405641717],[-2.883190292678123,57.52606975905532],[-2.883949172866129,57.52560119353845],[-2.888004170907881,57.52378118797545],[-2.892542778597309,57.52232893260371],[-2.89745085404311,57.521280933541135],[-2.902605003815392,57.52066353161031],[-2.90522768080998,57.520465083382874],[-2.905424946644802,57.52045867235139],[-2.907758356968574,57.52047072479921],[-2.912399286301441,57.52066964737156],[-2.916943431694827,57.52121464503848],[-2.921302125748852,57.52209508564645],[-2.923424232438305,57.52261740288702],[-2.923808229662556,57.522729994434556],[-2.925543882320606,57.523315924351316],[-2.925681115071007,57.523368830565715],[-2.926856735052163,57.52361212858465],[-2.926895896058248,57.52362225199781],[-2.92901140963803,57.52427545038484],[-2.933043185808848,57.52574061151679],[-2.936635435168553,57.52750607235143],[-2.939711502852805,57.52953419032542],[-2.941111588230338,57.530608823740074],[-2.941342998902371,57.53081734479034],[-2.941451255427733,57.5309145104162],[-2.943042353107512,57.53281152157591],[-2.945370578712771,57.5367515450943],[-2.945404260936712,57.53684491395295],[-2.945800491090731,57.53749013241061],[-2.946324044139581,57.53855981444656],[-2.946397708131342,57.53875957390122],[-2.946547642490357,57.53923183717252],[-2.946800483666574,57.54017999072947],[-2.946903389296625,57.540655881112706],[-2.94691724650463,57.54073930103708],[-2.94695708940842,57.542043315879134],[-2.946685158217583,57.54464070285453],[-2.94637335926048,57.54593407387267],[-2.946315490773214,57.54608633833577],[-2.94626506114723,57.54621427329057],[-2.946160741890185,57.54646973480957],[-2.946106852236043,57.546597261370984],[-2.94608035602694,57.54665791552587]]],[[[-2.864755778076319,57.492879685984356],[-2.864783442607006,57.49331660506963],[-2.864248066284999,57.49589990657114],[-2.863023962040939,57.49841430742488],[-2.861136767476465,57.50080687030319],[-2.860622151488942,57.50126200304905],[-2.858784302706618,57.50313432390134],[-2.855692779952665,57.505362137570536],[-2.851997496278877,57.50730541394252],[-2.851529849260141,57.50748447344859],[-2.851353810734272,57.50945640455673],[-2.850134114367558,57.51242136387571],[-2.848000391471763,57.51523266686643],[-2.845013886488149,57.517809356428835],[-2.841260452493046,57.52007720937497],[-2.839718804100017,57.520738887297874],[-2.839191021511819,57.52113486626145],[-2.837230554930843,57.52235677491738],[-2.837180891494373,57.522382616097104],[-2.837042431602186,57.52245383755269],[-2.836764000445299,57.522595420593746],[-2.836624029181232,57.52266578217588],[-2.836577145042283,57.522689080477555],[-2.834670357593756,57.52350624336029],[-2.832969486914406,57.52413165267291],[-2.832897585918037,57.52407505354421],[-2.831735769325098,57.52459190966333],[-2.831620326338521,57.524627706791726],[-2.830655681634145,57.52498236621053],[-2.828934145014444,57.525433560799705],[-2.828955889811922,57.52545385840431],[-2.826896498838628,57.526092341110164],[-2.825326939220845,57.526405095888514],[-2.825342038288189,57.526421474401836],[-2.824698808528685,57.52659307995026],[-2.824570367662344,57.52662946373255],[-2.824346494502447,57.526690147005596],[-2.823980079926248,57.526793058424246],[-2.821536949088928,57.52735117032903],[-2.816290935630747,57.52829247837551],[-2.810827408279019,57.528753235964466],[-2.805297443660156,57.528720705371086],[-2.799853963372055,57.528195785134514],[-2.794647487478547,57.527192990619135],[-2.789821956961771,57.5257400494328],[-2.785510739148425,57.52387713234875],[-2.781832933083222,57.521655737797545],[-2.778890066285513,57.51913726471776],[-2.77761390638406,57.517811998266275],[-2.777377652509589,57.517506955388164],[-2.777119189001332,57.517176107704536],[-2.777086331853665,57.51713435731983],[-2.777065682562559,57.51710800218372],[-2.776706146694409,57.516647063354114],[-2.776690394180176,57.51662679832911],[-2.776658981351002,57.51658624760373],[-2.776643321035973,57.516565961903375],[-2.776249711954466,57.51605432588237],[-2.775336651241339,57.514896619046226],[-2.775287032501007,57.51483302528656],[-2.775188704437199,57.514705634552286],[-2.775139995111124,57.51464183757837],[-2.77510427042488,57.51459453118961],[-2.774917934572796,57.514360623736415],[-2.774683384411929,57.514050334862915],[-2.774235958543863,57.51342526523972],[-2.77402308252276,57.513110484566745],[-2.773973011128391,57.51303191394768],[-2.773738728429378,57.5126344424789],[-2.773304708578544,57.511834075008224],[-2.773104970737788,57.51143117912526],[-2.772966601626135,57.51112356707829],[-2.772859754889669,57.510870040248946],[-2.772659743144095,57.510361428384556],[-2.7725665779538,57.51010634337127],[-2.772511199322301,57.50994219862786],[-2.772459976034654,57.50978215101879],[-2.772439516155985,57.50971457732383],[-2.771946654402479,57.508914155988656],[-2.771738816887575,57.508651711422964],[-2.771719081220756,57.50861813772703],[-2.771647795621468,57.50842878278442],[-2.771207128131814,57.50771307424121],[-2.770363344789762,57.505066757788605],[-2.770263914397397,57.50238228304707],[-2.770408346002682,57.501010552364676],[-2.770455565276009,57.500820806489365],[-2.770464889460949,57.50077919636984],[-2.770475740017383,57.500731833065224],[-2.770505283839253,57.500605632573574],[-2.770523080498365,57.50053206182939],[-2.770559801797514,57.50038500197391],[-2.7705787264331,57.500311512862275],[-2.770643184880917,57.500068582797795],[-2.7706967723268,57.49988082581936],[-2.770811309776845,57.4995059637628],[-2.77087225951801,57.49931885869278],[-2.770901511981535,57.49923432215715],[-2.77091967802421,57.49918266419137],[-2.770956571289719,57.49907940637888],[-2.770975298511015,57.499027806532],[-2.771063363663406,57.49878887286538],[-2.771229283993535,57.49838713876561],[-2.771595119199202,57.497588183009206],[-2.771795033370865,57.49719096125717],[-2.771895130730869,57.4970087157457],[-2.772190577436388,57.49652221850837],[-2.77283243599718,57.49555907194151],[-2.773178846670963,57.49508242235852],[-2.773277633584714,57.4949571348391],[-2.773507443775428,57.494678882044894],[-2.773812558834958,57.494325694233986],[-2.773813301408858,57.49432588020726],[-2.77391967838569,57.49419081051867],[-2.774028590851525,57.49406771778014],[-2.774380521607275,57.493692799969],[-2.774468729166202,57.49360404790031],[-2.774517672629695,57.49355328209654],[-2.775037932475624,57.49305332269465],[-2.777819969240152,57.49056892019698],[-2.779557235488078,57.48928843226703],[-2.779642854691132,57.48923579325077],[-2.780315923666273,57.48884592114966],[-2.781703724227537,57.48808832114451],[-2.782418455783453,57.487720592784584],[-2.782459728550584,57.487700583286845],[-2.783116997693287,57.48739816133896],[-2.784459717699634,57.48681205277502],[-2.785145168644094,57.48652836523439],[-2.785208022806236,57.48650371980887],[-2.785510859312625,57.486387733027385],[-2.786121249586287,57.48615941955251],[-2.786428803384879,57.486047092836415],[-2.786480116715697,57.486028797823266],[-2.787255273831816,57.485768577111756],[-2.788830844934168,57.485271365563214],[-2.789631259573812,57.48503437441316],[-2.789680999341837,57.48502058835788],[-2.789975000727094,57.48494106670961],[-2.790565854945319,57.48478516010887],[-2.790862707816659,57.48470877514319],[-2.790914133769265,57.48469587629859],[-2.791098459401193,57.484650375115955],[-2.791290248820628,57.4846037887857],[-2.79143370612549,57.48456937905503],[-2.792182046381289,57.484392147311894],[-2.79222159378199,57.48432969561187],[-2.794430100797251,57.48201209819217],[-2.797238924143672,57.47989142546485],[-2.800588639042656,57.478012470626425],[-2.803067324199565,57.476975833725476],[-2.80294108816844,57.47581923710469],[-2.803116127161179,57.47265630282163],[-2.803464188983809,57.47107901869136],[-2.803492282908888,57.47100689533559],[-2.804190160977199,57.46970962910115],[-2.805938880044002,57.46718612490045],[-2.806989702089694,57.46595988541608],[-2.807047792441324,57.46590363993279],[-2.807700743519025,57.465324038218085],[-2.808874727884656,57.46436542079063],[-2.808931396789956,57.46438557257554],[-2.809200822889771,57.46409413792344],[-2.809249501683529,57.464057336905206],[-2.809318202272842,57.46400578561829],[-2.809493593101681,57.4638751522737],[-2.809818020903245,57.463641594003136],[-2.809987079649848,57.46352391878921],[-2.810411045784748,57.463240841249714],[-2.811429593964973,57.4625882388239],[-2.811975497000157,57.4622555146533],[-2.81203619103122,57.462220314949185],[-2.812687162370238,57.46186326531972],[-2.814024963618464,57.461169252240815],[-2.814711793574876,57.46083228841226],[-2.814753549863158,57.46081292087901],[-2.816389664917317,57.460143991027465],[-2.819801955434145,57.45891958331238],[-2.821578136787534,57.45836410102307],[-2.821614368481436,57.458354325008344],[-2.822336322738723,57.458171040688676],[-2.823795662305454,57.45782329650063],[-2.824533048027593,57.45765883635845],[-2.824577622961665,57.45764956184188],[-2.825092495380361,57.45754764770754],[-2.8261281754053,57.457353000073766],[-2.826648983239215,57.45726026652502],[-2.826794795778758,57.457235729933736],[-2.828209306332067,57.457033961823],[-2.831065670109901,57.456698027263315],[-2.832507528355064,57.456563860180566],[-2.832660935158502,57.45655329783342],[-2.832883855769498,57.45653877095432],[-2.833330039366481,57.4565113361904],[-2.833553302371954,57.456498428304315],[-2.83361207866361,57.45649524583044],[-2.83415616785032,57.45647062966867],[-2.835245547588087,57.456431010512205],[-2.835790838073684,57.45641600763923],[-2.836210964855802,57.45640816340636],[-2.836423407351237,57.4564061788687],[-2.836828309937764,57.45639441719876],[-2.837519913839693,57.45638207903285],[-2.837725610467529,57.456380711910555],[-2.838674988606606,57.45638897806491],[-2.840571333172306,57.45643461842215],[-2.841518301100262,57.45647199266286],[-2.841609564164063,57.45647700652716],[-2.842645298198773,57.456551652750846],[-2.844706064855111,57.45673575981209],[-2.845731099380759,57.45684522082578],[-2.845799511795958,57.45685373562065],[-2.846981555815165,57.45702572840896],[-2.84795938410064,57.45718899024725],[-2.848103890247061,57.45719947210653],[-2.848137348483026,57.45720487023764],[-2.848514861406386,57.45728173078199],[-2.849319061149735,57.457415991981925],[-2.850474525138732,57.45763426325978],[-2.850718961120414,57.45768594497818],[-2.852196500564155,57.45804391296322],[-2.855166930701479,57.458859221266884],[-2.856626366180611,57.45931116712276],[-2.856694640948153,57.45933485795698],[-2.857581224049059,57.459664812526285],[-2.859313027703735,57.460354887482715],[-2.860158248914278,57.4607150084357],[-2.860237217378578,57.46075094891148],[-2.861494533429211,57.46138600398747],[-2.863880903653354,57.4627226480936],[-2.865009957529537,57.46342423953759],[-2.865108989744932,57.4634926202628],[-2.865120970175207,57.46350090258167],[-2.865144913074547,57.46351747475806],[-2.865156875543611,57.46352576461566],[-2.865219360628607,57.463569118277086],[-2.865762874624066,57.46396847364588],[-2.866808265660695,57.464782713508185],[-2.867310142227222,57.46519759834444],[-2.867346506981651,57.4652295517712],[-2.867542256190244,57.46540957230776],[-2.867586610267975,57.4654479635024],[-2.867601930452834,57.465461332384635],[-2.86781720399089,57.46565456748412],[-2.868238692582944,57.46604388622491],[-2.868444907543206,57.46623996979372],[-2.868458561350777,57.466253341064906],[-2.869023530144406,57.466859776076205],[-2.870066946826282,57.46809389010623],[-2.870545392392623,57.468721570042796],[-2.870555757204775,57.468736778335064],[-2.870900012830931,57.46929838731188],[-2.871519209557077,57.47043259244761],[-2.871794148706314,57.47100518894226],[-2.87180122342672,57.47102221646585],[-2.871993602573944,57.471562297546974],[-2.872316668828328,57.472647789712745],[-2.872447354160043,57.47319320095221],[-2.872455028622528,57.47323535837749],[-2.872483303205482,57.47340775900056],[-2.872533682041663,57.473752821722826],[-2.872555786237255,57.473925483824345],[-2.872574844324088,57.47409863877885],[-2.872576430214504,57.47411204593781],[-2.872591636132041,57.474259752398844],[-2.872617530734757,57.474555280196135],[-2.872628219383643,57.47470310153329],[-2.87263108574812,57.4747533857976],[-2.872638887315742,57.475006180112786],[-2.872641280194233,57.47551178688986],[-2.872635871322226,57.47576459935308],[-2.872632539884953,57.47583468890004],[-2.872630119536089,57.47588095185697],[-2.872624836353527,57.47597347043876],[-2.872621973518708,57.4760197260636],[-2.872617060224425,57.476093410726456],[-2.872606909646946,57.47622053240819],[-2.872583266502871,57.47647468555921],[-2.872569773913065,57.47660171702801],[-2.872543363314205,57.47682288769092],[-2.872540042787499,57.476850051992706],[-2.872533248900071,57.47690437505023],[-2.872529775539123,57.47693153380594],[-2.872507209928283,57.477104161297746],[-2.872001879160544,57.47828058963987],[-2.872141979222905,57.47829625182529],[-2.871117856029533,57.48095410273766],[-2.869156258379099,57.48368927208848],[-2.866391759144269,57.48621528936535],[-2.864816682589973,57.48741710982106],[-2.864806824440932,57.48742345654205],[-2.864021801476032,57.48788369468889],[-2.864297074839369,57.48858428163436],[-2.864483354939084,57.48914587043464],[-2.864494685103963,57.48918765321854],[-2.864645122900909,57.48999779118781],[-2.864809165912021,57.491622074481405],[-2.864822763493201,57.49243622029],[-2.864820045339882,57.49247647352532],[-2.864755778076319,57.492879685984356]]],[[[-2.783591250410926,57.583694243576275],[-2.783137206364411,57.58371988618815],[-2.781845866400027,57.58380026570203],[-2.78133389194203,57.58383250989754],[-2.780456461468574,57.58388775237963],[-2.777194261165449,57.583920959497675],[-2.770720004935793,57.58364627426353],[-2.767508010245812,57.58333838478004],[-2.766742456914394,57.58322265988942],[-2.764138621185693,57.58270010445372],[-2.759128327532993,57.58143039393194],[-2.756721894935394,57.5806832472198],[-2.756595662509253,57.58063612606106],[-2.754880364731172,57.57990168377472],[-2.751643713405176,57.57831844559768],[-2.74932857042818,57.576844371499966],[-2.747917403795952,57.577714459100065],[-2.743799407574557,57.57955233991621],[-2.73918640765587,57.581012212085135],[-2.734197499528601,57.58205636836574],[-2.733765358954564,57.582106018160665],[-2.73195047198342,57.58255269485346],[-2.726620076857909,57.58332588471329],[-2.726357942647805,57.58335162195882],[-2.723204423764274,57.58385723377618],[-2.720905467916043,57.58413279154725],[-2.720343037859291,57.58417815693111],[-2.720090937367672,57.584197437470216],[-2.719586218271872,57.5842339331336],[-2.71933359969571,57.5842511482557],[-2.718558564728208,57.58430074389526],[-2.716013056169009,57.58435862741982],[-2.713492964182054,57.584312627087165],[-2.712749279775875,57.58434084646742],[-2.707637123635718,57.58411105198361],[-2.702651232792775,57.583462642271066],[-2.697909745749486,57.58241097964244],[-2.69672084440096,57.58202327063078],[-2.698013286527317,57.582633094087456],[-2.701170108875135,57.58460757454207],[-2.703761353210846,57.58680680650661],[-2.705732286474675,57.58918442376594],[-2.707041219896839,57.591690286604965],[-2.707660392228295,57.59427153330174],[-2.70757661112183,57.59687371823981],[-2.706791494477646,57.59944193312343],[-2.706224712779305,57.60071069003204],[-2.706194738874419,57.60076125869059],[-2.706167345103282,57.60080704967327],[-2.706112101034069,57.600898552221025],[-2.70608425073497,57.60094426378594],[-2.705816930277029,57.601379075873695],[-2.705793885999908,57.60141628512181],[-2.705747494941797,57.60149064924527],[-2.705724148160253,57.601527804120465],[-2.705613999931694,57.60170184152997],[-2.705318790019078,57.602174799927425],[-2.705041145399433,57.602623337282274],[-2.705035220630752,57.60263289077574],[-2.705001094363683,57.60268781541109],[-2.704983948750779,57.602715262964246],[-2.704861474837108,57.60291028091666],[-2.704798045200002,57.60301205081909],[-2.704782171252826,57.60303834400067],[-2.704639202008661,57.60326978506619],[-2.704609629774735,57.60331659101773],[-2.704581765905632,57.603362271809175],[-2.70454051577137,57.603429013634326],[-2.703999333771587,57.60429327694011],[-2.703440973774672,57.605184160733856],[-2.703440306239311,57.6051853309698],[-2.703424111901765,57.60521327599891],[-2.703280677648374,57.60544923937586],[-2.703163394277181,57.60563350631113],[-2.703162773186787,57.60563461138274],[-2.703089234647582,57.6057620248247],[-2.702890282525643,57.60609788352231],[-2.702769645061406,57.606293717587185],[-2.702751775936389,57.60632164489175],[-2.702685015239444,57.60642396909592],[-2.70257248192455,57.60659316728367],[-2.702423039285938,57.60682387059115],[-2.702345938964844,57.606952530852105],[-2.702245006342714,57.607115592291336],[-2.702188799886777,57.60720357426084],[-2.70213250436291,57.60728962129305],[-2.702107558066345,57.60733135774146],[-2.70209383486901,57.60735421072961],[-2.702066503531429,57.607399517529245],[-2.702052781895532,57.607422161204354],[-2.702006604103097,57.60749802236232],[-2.701984014034294,57.60753545892695],[-2.701937427050135,57.607611505521554],[-2.70184299164883,57.60776337278423],[-2.70179514322705,57.607839193451284],[-2.701501434106703,57.60829785996554],[-2.701497804970074,57.60830373788303],[-2.701193516518262,57.60879642076144],[-2.701173983905885,57.608827851923365],[-2.701134703457366,57.60889067413315],[-2.701114955243909,57.60892206579139],[-2.700914131280485,57.609239359362],[-2.700767023743052,57.609477993477995],[-2.700566154324882,57.6098038054001],[-2.700540991878656,57.609844295845754],[-2.700490308698692,57.60992521194206],[-2.700464787918676,57.60996563766654],[-2.699940941099437,57.610788965500824],[-2.699927151828784,57.610811833699884],[-2.69988450119943,57.610881591064526],[-2.699798138514196,57.61102091632432],[-2.699754426454724,57.61109048421879],[-2.699651255558881,57.61125249031082],[-2.699580875981995,57.61136331916473],[-2.69957761839374,57.61136861965662],[-2.699517968925542,57.6114705462678],[-2.69939286198894,57.61167153954689],[-2.699376649871943,57.61170793593414],[-2.699220418914452,57.611966972687604],[-2.698978276245241,57.61237332277041],[-2.698954252160442,57.61241331544884],[-2.698905855487088,57.61249324003949],[-2.698881482897848,57.612533171951604],[-2.698870770377086,57.61255058546122],[-2.698850007306553,57.61258411471938],[-2.698808235455319,57.61265112913441],[-2.698787226674219,57.61268461429118],[-2.698539283012887,57.61307724298385],[-2.698417796974212,57.613273190265176],[-2.698392744932887,57.613313281663636],[-2.698342289272424,57.613393400709064],[-2.698316885652603,57.613433428355876],[-2.69831428556083,57.61343749384805],[-2.697136789536179,57.614862079778],[-2.694340369602523,57.61758054064993],[-2.690709929403089,57.61999861055768],[-2.686354705232971,57.62204342956104],[-2.681405838371756,57.623653375295106],[-2.676012429882876,57.624779920998535],[-2.670337032572752,57.62538910543296],[-2.664550734194973,57.62546256095988],[-2.661651638452442,57.6253640277342],[-2.661625648143375,57.62536191822949],[-2.661597380869345,57.625359616549545],[-2.661337127408367,57.62533833154495],[-2.661058734772675,57.62531563020413],[-2.660354157582012,57.62526011095607],[-2.660327597682066,57.62525882784316],[-2.654836582475856,57.6249559951012],[-2.651831120858053,57.62463902628903],[-2.651658718832786,57.62461185446383],[-2.649328809062365,57.624141102807464],[-2.644825081111979,57.623019311776375],[-2.64068155267636,57.62155145133359],[-2.636989917743354,57.61977002120416],[-2.633831831435662,57.617714459071976],[-2.631277100233735,57.61543026442974],[-2.629382143738526,57.612967987741555],[-2.628188756439008,57.610382109521666],[-2.62794528687379,57.6089951522339],[-2.627877748903498,57.60891400238947],[-2.627720843089823,57.608727444087606],[-2.627711538087201,57.6087165592898],[-2.627682219010015,57.60868207056541],[-2.627636093033633,57.60862750673556],[-2.626719888650382,57.6072586143713],[-2.625691857700149,57.60521567677616],[-2.625840909707904,57.60519406551763],[-2.625694681000589,57.604960182042],[-2.625572231561071,57.60497793613312],[-2.625311313944354,57.60445938668192],[-2.625280618034668,57.604297897439174],[-2.625277464733409,57.60429285370485],[-2.625224529509617,57.6041236754662],[-2.625247115107479,57.604121638978704],[-2.625102940293978,57.60336311721565],[-2.624989753197555,57.60337332305067],[-2.624408723270214,57.60151619672016],[-2.624361441199113,57.59870075636227],[-2.625136597519718,57.595916123657425],[-2.626714855303717,57.59323111378164],[-2.627902276758569,57.59195408094463],[-2.628746715273054,57.59086889509275],[-2.630827745432528,57.58864315346493],[-2.631538964713863,57.58809008601573],[-2.631728137624639,57.58786040277083],[-2.631773152845912,57.58781346827971],[-2.631855822577958,57.58772839297045],[-2.632022848587404,57.587558721359734],[-2.632107204859125,57.58747412505607],[-2.63220651715455,57.58737579536845],[-2.632256769740407,57.587322094967675],[-2.632287940043059,57.587288956857236],[-2.632307813324758,57.58726793697504],[-2.632895372218533,57.58669856890028],[-2.634145672641545,57.58558417261917],[-2.634808412698575,57.585039143678586],[-2.63484018655213,57.58501497354813],[-2.636666810589147,57.58384942143901],[-2.640660171631349,57.58170078458904],[-2.643383921306688,57.58066401372991],[-2.644569498042592,57.58013675122224],[-2.648579850963139,57.57881473747967],[-2.652896322433804,57.577808827669834],[-2.655752390006467,57.57738717667271],[-2.655931710204682,57.57733777378009],[-2.661005610952663,57.576453480526844],[-2.666276960663855,57.57601509114644],[-2.671610952525191,57.57603381438125],[-2.67687118730417,57.57650917121479],[-2.679465857040606,57.57686018768373],[-2.679527432054813,57.57687139892365],[-2.680286858482182,57.577020761893586],[-2.681791398281519,57.57733902647952],[-2.682536512339788,57.57750792826263],[-2.683600530459438,57.5777655656533],[-2.683696982067587,57.57778792554012],[-2.684043631983504,57.57787080565758],[-2.684672928185499,57.57802587896057],[-2.685043755777491,57.578115859264535],[-2.685114731822392,57.578133188392336],[-2.685256532931191,57.578168024115385],[-2.685327357995663,57.57818553071083],[-2.685635931345289,57.57826227222412],[-2.685909046437124,57.578329961278875],[-2.686572785797338,57.57849367550843],[-2.686811099740727,57.578553679878624],[-2.687608226685322,57.578758507152095],[-2.687769711960834,57.57879820070646],[-2.687899259337909,57.57883040356172],[-2.688157838294985,57.578895401778624],[-2.688286869878335,57.57892819714138],[-2.688762242356737,57.57905035542925],[-2.690254927023989,57.579502333812655],[-2.689600837212584,57.579206544427336],[-2.686230164200335,57.577129694594255],[-2.684640424453189,57.57577658060822],[-2.683157813832334,57.57508403348883],[-2.679710358134454,57.57285338698536],[-2.676978595300063,57.57035298770005],[-2.675034052361161,57.56764844492073],[-2.6739275622611,57.56481070921866],[-2.673588846322609,57.5633676894902],[-2.67358002225403,57.56326101375564],[-2.673578176870412,57.56323804180769],[-2.673574595540034,57.563192095448024],[-2.673572859593135,57.563169121036296],[-2.673540956553975,57.562733129679],[-2.673539164280157,57.56271495183919],[-2.673538121195769,57.562704251742076],[-2.67352930274781,57.56261274607278],[-2.673518769523407,57.5625070468008],[-2.673517592266363,57.56249508378642],[-2.673515267444325,57.56247115692407],[-2.673514119879313,57.562459193076165],[-2.673488284008309,57.56218630156435],[-2.673483774992688,57.56215254456005],[-2.67346771801891,57.56204984953846],[-2.673409719297903,57.56137969288289],[-2.673384810135891,57.55991249014529],[-2.67343045658306,57.55916208680128],[-2.673432079156283,57.55915040069361],[-2.67382906083495,57.5577636559367],[-2.674384001396629,57.556494545536154],[-2.673958639028386,57.555347273301074],[-2.673712061249817,57.55273796260509],[-2.674174030042012,57.55013711591379],[-2.675334575801368,57.54760003247729],[-2.675884500123438,57.5468747376475],[-2.67601775181982,57.54657418110718],[-2.678070185855415,57.543923512731226],[-2.680883801317316,57.54148323979508],[-2.684386173672802,57.5393160556873],[-2.688165272438058,57.53762196330842],[-2.688236835998238,57.537566297213246],[-2.692194329668784,57.535393292995444],[-2.69677834948675,57.53361187573506],[-2.701856601283794,57.5322734265032],[-2.707282590153911,57.531416545548495],[-2.712899822010832,57.53106594208059],[-2.718546321344916,57.531231725630995],[-2.724059267066377,57.53190911620899],[-2.729279682195731,57.53307857861815],[-2.734056982256621,57.5347063882996],[-2.738253320890026,57.53674559663732],[-2.740190002870177,57.53786137956934],[-2.740318582092093,57.537949391010294],[-2.740494170118298,57.538068561037086],[-2.740610858778428,57.5381486844007],[-2.74084254204987,57.53830963667528],[-2.740957536658246,57.538390465589295],[-2.740983467335438,57.538408907580525],[-2.741141666855786,57.5385244432916],[-2.741353790419731,57.538622088176915],[-2.742720019213827,57.53913293984799],[-2.745096826787986,57.540211168586474],[-2.745147674593146,57.54023898429643],[-2.746961671393897,57.54141701808628],[-2.748950355182894,57.54295884372752],[-2.749346543406967,57.542809779983436],[-2.750613986123622,57.54240919389963],[-2.751863114174361,57.542004818045946],[-2.751885221213044,57.54199767371998],[-2.751940151026658,57.54197995306335],[-2.751967631710573,57.54197110688468],[-2.752210006896416,57.54189325420676],[-2.752756082741752,57.54171713931191],[-2.752792145033943,57.54170554186023],[-2.752864323689295,57.54168239574332],[-2.752900440052534,57.541670847078066],[-2.753348856598333,57.54152786895613],[-2.754041403016355,57.54130736123399],[-2.754061598517193,57.5413008730558],[-2.754105043632171,57.541286963426465],[-2.754192011862493,57.54125921490382],[-2.754235534978065,57.54124537601044],[-2.754435442773622,57.541182031087544],[-2.754483046215793,57.541165907158096],[-2.754970416142636,57.54100394878541],[-2.755215390866849,57.54092409260658],[-2.755369722746495,57.54087475168133],[-2.755409893900893,57.540861931346186],[-2.756162602790362,57.54062229604154],[-2.758224349819254,57.54006546106594],[-2.762519836661042,57.53909871063919],[-2.767053619669248,57.53846136093369],[-2.771737432513968,57.53817038540636],[-2.776450714312298,57.538237674778415],[-2.778486916109574,57.538423514200524],[-2.781220920568702,57.53808332706444],[-2.786493545852819,57.53788864589644],[-2.791757076904793,57.53814481856271],[-2.796879111834518,57.53884539964579],[-2.801730795628686,57.53997276576225],[-2.804073315950729,57.54064023198216],[-2.804381692346567,57.54074574595021],[-2.804461835090712,57.54077169711259],[-2.80446452725743,57.54077257822687],[-2.804524111613918,57.5407921713729],[-2.804643127649446,57.54083149138141],[-2.804702559328759,57.54085121824398],[-2.806251469949478,57.5413677308522],[-2.80646299560209,57.54143944967266],[-2.806884029125746,57.541584580988285],[-2.807093537003093,57.54165799348655],[-2.807135631257295,57.541672985989564],[-2.808010140774619,57.542006647849846],[-2.80971759484369,57.54270343789529],[-2.810550539992408,57.54306656664021],[-2.810874641105478,57.54321738053106],[-2.812354747468786,57.54399752132102],[-2.815124086139241,57.545650306005484],[-2.816413316894359,57.54652295406193],[-2.816416206972662,57.54652518106575],[-2.816476788585383,57.54657218138677],[-2.816597394526694,57.54666638835449],[-2.816657418854535,57.546713595001684],[-2.816664732677537,57.546719386494054],[-2.817187395026299,57.54716034787421],[-2.818184146280072,57.54805786927023],[-2.818658233089869,57.54851442931846],[-2.818666956392132,57.548523436374474],[-2.819299022026524,57.54925435945348],[-2.820438793831431,57.55074371586246],[-2.820946496925446,57.551502150916775],[-2.820951713396061,57.55151119857388],[-2.821005102742229,57.55160563054577],[-2.821109948877947,57.55179480409079],[-2.821161405658331,57.55188954566556],[-2.821166640030531,57.55189938368204],[-2.821549219756601,57.552786175388654],[-2.822145487930459,57.55457601897614],[-2.822359168314324,57.55547907165931],[-2.822360957842627,57.555491734697256],[-2.822408789329123,57.55621296439282],[-2.822396577767206,57.557655159764096],[-2.822336531386065,57.55837612593248],[-2.82233492213052,57.558386286967085],[-2.82210332822627,57.55929565723448],[-2.821468639158998,57.56109694448014],[-2.821065535824825,57.561988860630116],[-2.82106039613305,57.56199813734494],[-2.820945032004305,57.562197830366586],[-2.820705681839517,57.562595718758466],[-2.820581695719049,57.56279391411276],[-2.82057507210275,57.56280410771363],[-2.820221248623138,57.563300856353514],[-2.819459479161214,57.564282224094036],[-2.819051531971421,57.56476684287439],[-2.818915151200064,57.5649168585646],[-2.818867692410976,57.564976854386614],[-2.81858640187729,57.565313108558655],[-2.818554948795169,57.56534873347934],[-2.818517207902179,57.56539283661412],[-2.81847717758038,57.565439266122745],[-2.818347633665609,57.56558840264898],[-2.818314975182374,57.565625775928055],[-2.818249338666351,57.565700441393716],[-2.818216360632979,57.56573773358006],[-2.818173475552374,57.5657859425102],[-2.818135459625026,57.56583006262477],[-2.818084706952627,57.56588969799487],[-2.8180509847814,57.56592907063926],[-2.817948050903485,57.56604849201],[-2.817864636129491,57.5661456876528],[-2.817757715538988,57.56626784920681],[-2.817540467615826,57.5665112945924],[-2.81743014026733,57.56663257840307],[-2.817398312898459,57.566666909998666],[-2.816543317630327,57.56748022258298],[-2.815170948112486,57.5686402808222],[-2.815161600814476,57.56863708800442],[-2.815040620575409,57.56878016241832],[-2.81501631891844,57.56879993966379],[-2.814998652128638,57.568890491541225],[-2.813737767906314,57.571492599677306],[-2.811765967333489,57.57396396583188],[-2.809127559044402,57.57624887723771],[-2.805881918097282,57.578295813440405],[-2.802102145504068,57.58005861246337],[-2.79787342702408,57.581497512171424],[-2.793291103661865,57.58258005544099],[-2.788458525319939,57.583281818309125],[-2.785993009732829,57.58353494907838],[-2.78576174045344,57.58354913753141],[-2.784360183147697,57.58364597471243],[-2.784168080167458,57.58365863985075],[-2.783783613792884,57.58368277428308],[-2.783591250410926,57.583694243576275]]],[[[-2.785868023890425,57.718827075957485],[-2.783522629613629,57.71869314005815],[-2.782354342658012,57.71860408352854],[-2.782319018486315,57.71860070886546],[-2.781194826395532,57.7184719027489],[-2.779063852511339,57.71818654387247],[-2.777445914338805,57.717980930609194],[-2.773272511642314,57.71712296168655],[-2.769078369372407,57.71589556691593],[-2.765253897789492,57.71436093864181],[-2.761877089641787,57.71255039160804],[-2.761471350991794,57.712259682613265],[-2.760480662865581,57.71230913620541],[-2.759110727295342,57.71234737131264],[-2.759090589743847,57.71234749212787],[-2.757444126023733,57.712314068508704],[-2.754165274904163,57.71216090896837],[-2.752532895221808,57.712041173383376],[-2.752516076920194,57.712039485876794],[-2.751843674148004,57.71196436195145],[-2.750505185215841,57.71179943930049],[-2.749839099320908,57.71170964077372],[-2.749815531536661,57.71170618740234],[-2.748880793384812,57.71155342446362],[-2.747170917795789,57.711244553332556],[-2.747121632233064,57.711236883132656],[-2.747104167937967,57.71123466653909],[-2.74708486362608,57.711231160903466],[-2.746108873141226,57.71107926476909],[-2.74571188153108,57.710981820003354],[-2.744112373903502,57.710691317714314],[-2.744090448490983,57.71068605710772],[-2.742926752628251,57.71037736237811],[-2.740701400225835,57.70972841393562],[-2.740719382631098,57.70971074847386],[-2.739481715045407,57.7093457650591],[-2.739471573750869,57.709342231299864],[-2.737728482343919,57.7086446824089],[-2.736482013179649,57.70807479330862],[-2.735883398807562,57.70831140347914],[-2.73360228277433,57.709070006612514],[-2.733592269579187,57.70907276842344],[-2.731889786417541,57.70947994188829],[-2.72841082550254,57.71019060081703],[-2.726634356176754,57.71049408423021],[-2.726627661785337,57.710495011949774],[-2.725995335118546,57.710575678321305],[-2.724725311316426,57.71072383376743],[-2.724087614617882,57.71079132278693],[-2.724077564144303,57.71079227856022],[-2.721328068590247,57.71093020012742],[-2.71582402431219,57.71096265460164],[-2.713069512493253,57.710857187294316],[-2.713049340388645,57.71085551345682],[-2.71262020363862,57.710801982934846],[-2.712462467485853,57.71080079692897],[-2.712380082871685,57.71079317653916],[-2.71185797491865,57.71074031204077],[-2.710817152506715,57.7106257558991],[-2.710298438290913,57.71056406428326],[-2.710291708423545,57.71056320381121],[-2.709664199265078,57.710458555209335],[-2.709655252198142,57.7104578954661],[-2.709003800118795,57.71039277736357],[-2.707625560939422,57.71030215841485],[-2.707617153129546,57.71030130718611],[-2.707245092511051,57.710261300804646],[-2.706502759093962,57.710176791939915],[-2.706132486383413,57.710132289467],[-2.706125756868489,57.71013143775481],[-2.705273035545554,57.70998673542758],[-2.704953507155627,57.709946256238375],[-2.704936674523501,57.709943664249316],[-2.704216156336393,57.709823257361435],[-2.702785979721032,57.7095652110328],[-2.702076321897035,57.70942757171328],[-2.702059472130895,57.70942407220161],[-2.701765528201516,57.709361309536206],[-2.701179907184821,57.70923282631728],[-2.700888230065154,57.7091671057837],[-2.70087305854663,57.70916359681594],[-2.700514790441715,57.709078059825934],[-2.699802092794641,57.708902523560425],[-2.699447663321623,57.70881252430635],[-2.699437543212987,57.708809876511594],[-2.699431021124399,57.70880816048861],[-2.698730617949616,57.70864734147556],[-2.696840190868477,57.70813535737509],[-2.696831749092515,57.708132700128836],[-2.695137945308444,57.70752237634864],[-2.694714121040986,57.707348699779125],[-2.690200999540795,57.70572113896164],[-2.689315319115048,57.705263342015],[-2.688280036669553,57.705608787881076],[-2.687917747729856,57.70570077052734],[-2.687899348074075,57.705706831808946],[-2.682687211301114,57.7071042215074],[-2.679966772449177,57.707680743132514],[-2.679955060737466,57.70768261156181],[-2.679027294257716,57.70781527127502],[-2.678539245117491,57.70787710250033],[-2.677766078080206,57.70801803221673],[-2.677717517928382,57.70802367287056],[-2.676242238156386,57.70815334829099],[-2.676218641944138,57.70815595795111],[-2.676208590916335,57.70815690992201],[-2.676170388109917,57.70815966336621],[-2.676031851010869,57.70817183960736],[-2.675848712705714,57.708182847453514],[-2.675108767339458,57.7082361742692],[-2.674287333748917,57.70838722604904],[-2.66900232190634,57.70887396232404],[-2.666323217604428,57.70900351235365],[-2.666313149559822,57.70900356537969],[-2.664658878573155,57.70896855219595],[-2.66136485135195,57.70881138072194],[-2.659725103010373,57.70868922279646],[-2.659716696679661,57.7086883683817],[-2.658236442472271,57.70850033279141],[-2.655313885897232,57.708053223908784],[-2.654114346791934,57.70783775828947],[-2.653733386348326,57.70777790521094],[-2.651254271276283,57.70716433020047],[-2.650980249923628,57.707113001807656],[-2.650973506103105,57.70711124899345],[-2.650927518709311,57.707096727499916],[-2.650557683134929,57.707020975675206],[-2.650550939190531,57.70701921385666],[-2.650133169419753,57.7068868379055],[-2.649545012468841,57.706741253091835],[-2.648011342428796,57.706420469541],[-2.646807074895439,57.7063695738009],[-2.645717271379316,57.706408774414435],[-2.645599706840473,57.70640309571354],[-2.64437965090073,57.7063199307427],[-2.642526167589032,57.70615641523924],[-2.642528333858059,57.706149379516596],[-2.641842185845091,57.70609873289202],[-2.641428695195391,57.70605497071954],[-2.640748841062651,57.705975137600745],[-2.640735386120723,57.70597340027135],[-2.64013391750593,57.705889395667825],[-2.638937214157034,57.70570951021723],[-2.638341979784653,57.705613629427376],[-2.638331881128343,57.7056118928705],[-2.636236756249407,57.70516644995512],[-2.635051691493465,57.704863664976536],[-2.634824446719363,57.70481804415281],[-2.633172727669661,57.70433647929115],[-2.633138542195465,57.704374818198424],[-2.63217712975769,57.70412914272977],[-2.630212640576128,57.70353728339646],[-2.630202511329721,57.70353373187432],[-2.628578925293424,57.70284668035317],[-2.626970025875458,57.70228690130133],[-2.626961575315417,57.70228335916805],[-2.625674114687052,57.70168477394039],[-2.625401662962366,57.701544475787735],[-2.625382770268596,57.70154507388689],[-2.625367671183529,57.70154514853375],[-2.623708421125181,57.70150934158456],[-2.620404678760929,57.701350023253816],[-2.618760194382744,57.701226512262785],[-2.618734983265664,57.70122393185419],[-2.617968968848059,57.70113555192287],[-2.616445494907158,57.70093972619397],[-2.615688036469835,57.700832280239354],[-2.615671214213074,57.700829667381775],[-2.614422329296414,57.70060689248973],[-2.611961076777608,57.70010957045131],[-2.611372890187714,57.69997637442364],[-2.609672014640945,57.70026714421559],[-2.607885541011898,57.70051545894061],[-2.607881186694491,57.700515928992466],[-2.607196089780617,57.700581996155066],[-2.605821359546291,57.700698846716996],[-2.605131726789757,57.70074963006653],[-2.605127201493302,57.70074991220945],[-2.604317794914468,57.70078976162192],[-2.602696322193126,57.700848409812835],[-2.601884256986775,57.70086720855615],[-2.601865972207255,57.700867394376104],[-2.60178133106136,57.70086814015281],[-2.601612042806257,57.700869402882525],[-2.601527395715072,57.70086991979905],[-2.60152353711312,57.70086993814815],[-2.601166798060346,57.700869603441994],[-2.60045341395132,57.70086487023404],[-2.600096768974981,57.70086047173268],[-2.600088881030741,57.7008603295041],[-2.599424054893004,57.70084037657991],[-2.598287827898872,57.70087300471276],[-2.598282794936413,57.700873028517556],[-2.597446909315784,57.700865827798864],[-2.595776847728141,57.700829126457904],[-2.594942672786321,57.70079962585659],[-2.59492588152118,57.70079880658438],[-2.594393281350947,57.70076822196998],[-2.593330179057816,57.70069795887148],[-2.592799677197582,57.700658280404554],[-2.592789596774836,57.70065743838156],[-2.592324870514052,57.70061502967081],[-2.59139783044426,57.700523233279036],[-2.590935516807716,57.700473845615385],[-2.590920388623988,57.700472110814225],[-2.59076027079697,57.70044403096289],[-2.590706878436127,57.700440281376174],[-2.588420755677147,57.70019214912702],[-2.588338347845234,57.70017995700628],[-2.588102400345012,57.700144052533304],[-2.588081936409186,57.70014085173554],[-2.587300707080358,57.70033057675705],[-2.58534626465005,57.70072858405685],[-2.585207382103037,57.700751673833935],[-2.583159247003981,57.701016836315766],[-2.582994068783961,57.70104342825289],[-2.582987372402257,57.7010443483821],[-2.582354885328032,57.70112429775031],[-2.581740862441446,57.701195217502224],[-2.5810280665342,57.70132990449857],[-2.578407727654233,57.70170070358844],[-2.578372379702803,57.70170409891573],[-2.577092122753858,57.70179997828446],[-2.574521603798823,57.701938642300874],[-2.573231345562774,57.70198142674107],[-2.573163574238943,57.701982272821134],[-2.572795096081095,57.701984705250645],[-2.572058128778901,57.701985233792385],[-2.571689639723798,57.7019833299044],[-2.57161982944974,57.70198255855101],[-2.5702719343441,57.70193855748526],[-2.567587133635498,57.701792621259706],[-2.566250231025898,57.70169068562342],[-2.566192592948513,57.701685015184914],[-2.564046904404453,57.70139443799255],[-2.559845762834047,57.700664498912104],[-2.557790325189961,57.70022513994218],[-2.557754784499764,57.70021604472438],[-2.554866925830487,57.69927480969283],[-2.550780977868969,57.69761924330215],[-2.550734373562692,57.69760227219842],[-2.549853611073366,57.697258611322795],[-2.549851247432214,57.69725762454703],[-2.549388973167308,57.697057479812614],[-2.548477975065756,57.69664854099804],[-2.548029251294936,57.696439747014715],[-2.548027054418084,57.696438687622965],[-2.547754656752387,57.69630438464505],[-2.547215470153528,57.69603259038397],[-2.546948681226022,57.69589509912457],[-2.54694665202332,57.695894030006635],[-2.546234651165598,57.69549511671677],[-2.544857785491326,57.69467462203474],[-2.544192920473918,57.69425304115247],[-2.544191056350749,57.694251782649076],[-2.543973725938466,57.694101830747684],[-2.543545036443288,57.69379950022406],[-2.543333677339445,57.693647121621986],[-2.543331981146711,57.693645871367025],[-2.54317479276954,57.69352802175083],[-2.542863987821373,57.69329098018206],[-2.542710371238587,57.69317178823829],[-2.542708673745122,57.69317044815616],[-2.542155770261326,57.69270365262392],[-2.541708257549533,57.6922987958187],[-2.541342811783217,57.69199626813873],[-2.540930087197394,57.6916363079328],[-2.540928726633019,57.69163505621021],[-2.540807129673131,57.6915212847953],[-2.540567051514989,57.691292803404416],[-2.540448570301412,57.69117809343078],[-2.540447208432174,57.69117675188381],[-2.540334963562524,57.69106257988083],[-2.539454478054989,57.69029199772763],[-2.539440860068392,57.690278582147464],[-2.538757162916386,57.68939939913819],[-2.538706524701056,57.689396119282904],[-2.538457356691328,57.68942940466069],[-2.537546193477289,57.68957335699709],[-2.537536143842569,57.68957429795692],[-2.537272491800065,57.68958767857146],[-2.537148953362184,57.68960418008255],[-2.536186728526697,57.68964277629239],[-2.535281245479931,57.68968871833345],[-2.534583104756941,57.689750776594195],[-2.534176585086384,57.689754003859925],[-2.533311941787631,57.68989557411093],[-2.531230107267905,57.690197558635575],[-2.530180104096695,57.69033059798694],[-2.530119817129281,57.690337147390096],[-2.527099705979858,57.690514832654024],[-2.521049147938839,57.69057529661682],[-2.519489381765613,57.69043810184169],[-2.51723274627758,57.690401940341495],[-2.517220992910746,57.690401081188575],[-2.514600636655287,57.69009356174258],[-2.510482569306871,57.689421404820806],[-2.510480252409099,57.68942212631078],[-2.509915492172266,57.68959028126613],[-2.50877428056832,57.68991480831543],[-2.508197829465895,57.69007118030358],[-2.508195322619228,57.69007182813055],[-2.507704780793794,57.690193414835356],[-2.50721512289103,57.69030968646647],[-2.50635021090354,57.690581366397524],[-2.504065513111439,57.69107898590477],[-2.503681619320425,57.691181686941036],[-2.503324872099793,57.69124028976983],[-2.501885961755925,57.69155365279154],[-2.499481801701031,57.69187151412064],[-2.498393117828776,57.69205030514776],[-2.497822814207556,57.692090824010926],[-2.497207003337786,57.69217222493407],[-2.495169660909337,57.692279289958385],[-2.492909385504058,57.69243980253366],[-2.490341116907743,57.69239323803583],[-2.48988580047789,57.69240647060282],[-2.489463717970726,57.69237731821074],[-2.487380772151688,57.69233950011506],[-2.486811309795062,57.6922778223777],[-2.485934854217925,57.69232674923609],[-2.48574316896884,57.69232974025763],[-2.485365225871722,57.692333354932934],[-2.48491684429304,57.692334935800716],[-2.483874918122385,57.69246710608441],[-2.481540335008598,57.69267142244776],[-2.481506808829872,57.692673068112505],[-2.478883409814187,57.69269147603425],[-2.478241220905359,57.69266901979448],[-2.477480119413098,57.69269584074559],[-2.474579954308206,57.69266339120809],[-2.474546380893209,57.69266145122822],[-2.471663965064128,57.692356254447986],[-2.469113938744135,57.691959226175854],[-2.468560508629536,57.69189235375204],[-2.468223331666382,57.69182054832028],[-2.466042997473314,57.69148101603582],[-2.465570398849452,57.69135612817546],[-2.462080165449801,57.69115210202083],[-2.461137976117493,57.691036971457045],[-2.460561646555006,57.69105367761217],[-2.46008469037174,57.69104795505166],[-2.458646773477832,57.69114212865225],[-2.458640064469283,57.69114215298856],[-2.456609508626447,57.69108348797472],[-2.454486258158248,57.69095262756939],[-2.451856197855486,57.690923107080636],[-2.447271745608323,57.690527193649686],[-2.445681026975123,57.6903282993186],[-2.444817290506631,57.690403538054206],[-2.443186093885608,57.690476994609966],[-2.441885178493934,57.690813961220655],[-2.43809719720595,57.691517332472394],[-2.436163772260353,57.6918081468219],[-2.436133454527082,57.69181167367939],[-2.434297933703861,57.691968743622304],[-2.43253099795351,57.6920665418166],[-2.432458698326123,57.69207554476329],[-2.432431712984782,57.692077244902904],[-2.432077514131121,57.69209752019302],[-2.430487107504522,57.69217940989285],[-2.429786296035758,57.692195915912244],[-2.429189174431646,57.69223175164384],[-2.429121930453733,57.69223333621492],[-2.427416762732073,57.69222704509945],[-2.424016443303552,57.692121717629995],[-2.422321300259229,57.69202268154911],[-2.422233989639115,57.69201515847567],[-2.422005002852053,57.69199455593197],[-2.421547584586158,57.691951654116686],[-2.421319153128071,57.69192935484711],[-2.421282207626688,57.69192560654636],[-2.418381032336705,57.69148340238322],[-2.41277375105083,57.69032769430401],[-2.411412023274429,57.68996866562487],[-2.411099908344444,57.6899182089188],[-2.410945428069076,57.68987771149442],[-2.409840120643986,57.689832332174014],[-2.409562528816307,57.68984113046374],[-2.409407003136702,57.68983401524836],[-2.409018849317045,57.689838158457356],[-2.408785981786009,57.68983977749464],[-2.408780950180959,57.68983979376314],[-2.406730934783056,57.68977910547367],[-2.406034635301391,57.6897354703441],[-2.405817945015584,57.689729052328744],[-2.401747169967871,57.689473862475175],[-2.399726418668614,57.68927937714035],[-2.399719700044488,57.6892785001482],[-2.396572809540895,57.688684752577494],[-2.39386343882993,57.68800446784436],[-2.393173580571697,57.6883476356421],[-2.392638692561768,57.6886025362515],[-2.392634353281671,57.6886045168668],[-2.392147820074434,57.68881827934153],[-2.391160105094783,57.68923587291817],[-2.390658923423055,57.689439703906245],[-2.390656585137134,57.689440618350844],[-2.390254857094524,57.68959293322462],[-2.389613574950863,57.68982858141292],[-2.389548139836049,57.689855316680166],[-2.389339320366444,57.68993926591195],[-2.389333140733902,57.68994171018165],[-2.388900995008479,57.69010703998834],[-2.38802713423103,57.6904302850412],[-2.387585419271697,57.69058820022151],[-2.387582244134172,57.690589296821855],[-2.387097302606983,57.69075058937064],[-2.386117438241454,57.69106423782568],[-2.385622515557422,57.69121659365488],[-2.385619171431392,57.69121758293296],[-2.38538799740135,57.691284708603426],[-2.384923710048189,57.69141700953742],[-2.384690596750553,57.69148218465435],[-2.38468725181215,57.69148310204901],[-2.384029791567942,57.69165384109067],[-2.382701590736595,57.69197981278024],[-2.382030850594494,57.69213504528889],[-2.38202415648589,57.692136502691056],[-2.381289968743987,57.692285716631716],[-2.379809338738993,57.69256556646959],[-2.379062897135217,57.69269620222325],[-2.379059547996387,57.692696742222594],[-2.378861440195205,57.6927279730492],[-2.378464520562308,57.6927891253222],[-2.378265708743651,57.69281904676638],[-2.378262526566166,57.69281951438625],[-2.378084553328374,57.69284510525565],[-2.377728091832815,57.69289523770188],[-2.377549603584589,57.69291977927726],[-2.377546253466647,57.69292022941591],[-2.376904414161055,57.69299932967429],[-2.376252807982331,57.69307244789975],[-2.3755224007356,57.69320321603707],[-2.375519051590478,57.693203764924895],[-2.375182957029868,57.69325679724128],[-2.37450876974043,57.693359088425524],[-2.374170677075698,57.69340834728267],[-2.374167327056319,57.693408815296124],[-2.373170229402881,57.69352692087886],[-2.372957895603313,57.69356868292029],[-2.369347870201771,57.69434829978624],[-2.367484641913729,57.69468411377404],[-2.367482129408289,57.69468448037129],[-2.36580783756229,57.69488017981274],[-2.362430657402058,57.695179019632995],[-2.360727777496626,57.69528215923809],[-2.360725094361383,57.695282247735385],[-2.360254344303667,57.69529422195561],[-2.359312400995737,57.69531107944665],[-2.358841207930149,57.69531596271381],[-2.358838523986813,57.695315970332345],[-2.358166340355203,57.69531066365588],[-2.357391605757529,57.695296224674074],[-2.357360667023462,57.695329859940486],[-2.356734207244449,57.69594851215086],[-2.356729218901103,57.69595300841475],[-2.356275572262598,57.69633921201351],[-2.355332209924828,57.69709878178821],[-2.3548424938002,57.69747214769771],[-2.354832498887399,57.697479370603986],[-2.354219552860048,57.697896011555386],[-2.35294875867204,57.698709187773815],[-2.352290910204222,57.69910572259337],[-2.35215743243484,57.69918154609149],[-2.350801661917139,57.69987040668939],[-2.350581719659584,57.69997029595318],[-2.350433111847518,57.70005951644436],[-2.348092893257514,57.70127480696964],[-2.347882582315397,57.70141370760621],[-2.346773547107277,57.702076192172235],[-2.346765201206271,57.70208070622733],[-2.345888385385852,57.70252208990273],[-2.344338538462077,57.703247959162496],[-2.343924907266788,57.703505175432035],[-2.340885350782975,57.705164313004275],[-2.339264813944262,57.705941008375994],[-2.339249771136223,57.705947327383925],[-2.338945543916924,57.70607214380855],[-2.338331836545981,57.70631802203227],[-2.338022356421935,57.706439083806025],[-2.337965506237964,57.70646079335711],[-2.337451814766613,57.706649354564554],[-2.336411696401043,57.70701613553211],[-2.335885269673061,57.70719435518788],[-2.335860174400719,57.70720250594355],[-2.335091988869524,57.707437401114014],[-2.333533526839667,57.70788517855632],[-2.33274325162008,57.708098060942184],[-2.332696373242948,57.70810987027569],[-2.331821233015171,57.70831425634043],[-2.330050623380189,57.70869603659277],[-2.329155155065053,57.70887343049582],[-2.329130024333538,57.70887797808157],[-2.328141871930094,57.709038828039496],[-2.326148927517168,57.70932766218936],[-2.325144137164774,57.709455646118116],[-2.325118989559761,57.709458414452676],[-2.325000738744676,57.70947119488627],[-2.324823397325159,57.709490006713445],[-2.324111980071338,57.70969924277087],[-2.324058384215609,57.70971105713443],[-2.323884821564515,57.70974871118426],[-2.323536920927608,57.70982297951972],[-2.323362582950093,57.709859593803145],[-2.323327406017626,57.709866860617666],[-2.320856684902166,57.71026349539813],[-2.320737648744525,57.710277371511786],[-2.319288282472015,57.71054732597597],[-2.319281577688729,57.71054824113621],[-2.318888803493819,57.710588333393495],[-2.318877942298606,57.71059109235807],[-2.318062062166774,57.71077713498047],[-2.317234808060789,57.711143606157236],[-2.315908784296151,57.711674260724635],[-2.315883689257971,57.71168330572613],[-2.315867596467789,57.71168909881259],[-2.315835398373839,57.711700675022136],[-2.315819293070075,57.71170645814523],[-2.315814273976131,57.71170825816025],[-2.315783051546242,57.71171944050953],[-2.315673930578936,57.71175845163559],[-2.31480905650953,57.71204767446417],[-2.313048042069423,57.71259745254272],[-2.312151902613901,57.712858007360836],[-2.312138507249548,57.71286162436746],[-2.309654292131726,57.713403833510284],[-2.304555978216694,57.71426931960691],[-2.301941907069911,57.7145925913759],[-2.30191842500194,57.71459445288912],[-2.299687060231945,57.714690557255345],[-2.29522026770409,57.714722875096406],[-2.2929848597666,57.71465908813692],[-2.292971425523469,57.71465822105007],[-2.291960997678111,57.71457622863256],[-2.289951355572213,57.714379460535575],[-2.288952143076636,57.714264685029754],[-2.288938701832189,57.714262910320045],[-2.287669020181569,57.71406657814246],[-2.285162504069879,57.71362101943628],[-2.283925672750635,57.7133717929179],[-2.283913903489147,57.713369133647056],[-2.28287289878655,57.713111134764716],[-2.280826299664356,57.71255765434477],[-2.279820706816129,57.71226217337306],[-2.279812294667379,57.71225949730709],[-2.27885503873217,57.71193098343908],[-2.278678948602859,57.71186594242337],[-2.277736799826474,57.7116392831751],[-2.276396726956982,57.71138941749764],[-2.271769946770773,57.71006107667975],[-2.270649009907456,57.70960548656746],[-2.270348171689127,57.709498098490705],[-2.27033639117904,57.70949363254003],[-2.269621165017949,57.709185916806575],[-2.269619548136188,57.709187056453956],[-2.267588730506921,57.70836156685076],[-2.265881768123147,57.707408293351364],[-2.265875208884923,57.70741215465966],[-2.265734785637427,57.707343808254976],[-2.265453884025405,57.70716932484931],[-2.263956080698379,57.70633278191165],[-2.263382542913108,57.70589076929103],[-2.263390739803963,57.70588772166334],[-2.263077376872364,57.705693053004],[-2.262462357812974,57.705200958919576],[-2.261594857835067,57.70467983650759],[-2.261571224298843,57.70466013335717],[-2.261009885548123,57.704156729017186],[-2.26047860432539,57.70364286887498],[-2.258548150772308,57.70322382200322],[-2.257805157394596,57.70303091872875],[-2.257018795647877,57.7029185818628],[-2.257015436156992,57.70291804975649],[-2.256772292985834,57.702878463761266],[-2.2562871561431,57.702797323393256],[-2.256045162495405,57.70275576902483],[-2.25604163461613,57.70275514741083],[-2.25557576092362,57.702668978820384],[-2.254648949331526,57.70248934780248],[-2.254188011594735,57.702395885410624],[-2.254184650932538,57.70239517358563],[-2.253887948245801,57.70233056800176],[-2.253296903879394,57.70219833431135],[-2.253002562240594,57.70213070621569],[-2.252999201061368,57.70212991351957],[-2.252466794263144,57.70199835539186],[-2.251410904583894,57.701725353027356],[-2.250887421606623,57.70158390912742],[-2.25088422755128,57.7015830082586],[-2.25028558921885,57.70140572274519],[-2.249812251188281,57.70125871557427],[-2.24868051529165,57.70112497413795],[-2.248010710620834,57.70103805461636],[-2.248007015944727,57.70103753191439],[-2.24763481166029,57.700982412780974],[-2.247360226077601,57.700939921782705],[-2.24729845745271,57.700940562437054],[-2.247290068735669,57.70094057885846],[-2.245924037456615,57.70089303939795],[-2.24518117211627,57.700891959157495],[-2.245114050353949,57.700890301937825],[-2.2449185923823,57.70088486408523],[-2.244527808412952,57.70087276713204],[-2.244332482428308,57.70086610803189],[-2.244263676888349,57.70086354640662],[-2.242554417535211,57.70075248374969],[-2.239166202822316,57.70043708668452],[-2.237487255877297,57.70023275308596],[-2.237299163592249,57.70020435427488],[-2.236798382076429,57.70012421407192],[-2.235801731664622,57.6999556150139],[-2.235691583046768,57.69993596562898],[-2.233783141296898,57.699725119063864],[-2.232599458383603,57.69957013575627],[-2.232587703008453,57.699568351954035],[-2.231123952200491,57.69930673294177],[-2.230385589756689,57.699154211643396],[-2.230205880133988,57.69913587818523],[-2.230187403000699,57.69913231893003],[-2.230016110976211,57.69909748840528],[-2.2295787142522,57.69911198705702],[-2.229560259988742,57.699112020588515],[-2.22804604546737,57.699078112371],[-2.225029525759783,57.69893721873131],[-2.223527226629675,57.698830233593554],[-2.22350876135002,57.6988284608211],[-2.22260705873319,57.69872813852222],[-2.222228649278374,57.69868019839792],[-2.221633574646145,57.69870355767426],[-2.221600021800926,57.69870361653284],[-2.219138970729622,57.69861078100969],[-2.218568399206916,57.69856649742844],[-2.218553287034577,57.69856641403393],[-2.2174745163142,57.69851252454692],[-2.21515390298006,57.69871823036203],[-2.212467294645183,57.69883876151784],[-2.212440452235117,57.698838806659374],[-2.211952557457536,57.69883582726572],[-2.210977136519747,57.69882226762304],[-2.210489610563741,57.69881168737685],[-2.210461085348058,57.698810845655906],[-2.210305322562226,57.69880586017986],[-2.20999389046713,57.69879511320139],[-2.2098382211645,57.698789351699205],[-2.209816406523431,57.69878848970392],[-2.208999225297188,57.698745408054684],[-2.20736978577327,57.698637872373354],[-2.206557528421038,57.69857341840449],[-2.206528993175734,57.69857077037451],[-2.204013081032763,57.6982281247662],[-2.199110288436518,57.69733897163629],[-2.19452270605376,57.69605530250575],[-2.190783244113479,57.69457530721705],[-2.190228562059005,57.69442070783679],[-2.187943645991541,57.69365288059648],[-2.187896580400257,57.693634078883804],[-2.186093916179871,57.69280101214745],[-2.182767217876,57.69102780704618],[-2.182511662832765,57.69096678338753],[-2.182481426280116,57.69095784478884],[-2.181192407960855,57.690481297062455],[-2.180933776951326,57.69041523304424],[-2.178573062299314,57.689680296312666],[-2.178371422489334,57.68960513006395],[-2.177139025098557,57.68903033626579],[-2.175785940150023,57.688555734323565],[-2.173158608186224,57.6874158993107],[-2.173150201103361,57.687411428679006],[-2.171664862960867,57.68641304142434],[-2.172698406410052,57.68907879005596],[-2.173048689248091,57.690882069555286],[-2.173048710695024,57.690886551688166],[-2.173009559935807,57.691523350979224],[-2.172847054194785,57.69279386074306],[-2.172723695598931,57.693427571159916],[-2.172707221931593,57.69349046969346],[-2.172478732661313,57.69417115348295],[-2.171924599472788,57.69552108795969],[-2.171598952113228,57.69619033823916],[-2.171557363377098,57.696264049485485],[-2.171328363056171,57.696639844008764],[-2.17083968981457,57.69738567293029],[-2.170580016340538,57.69775570721324],[-2.170513331700738,57.69784473088613],[-2.16911797702736,57.69930506433682],[-2.166694696200449,57.70135460910081],[-2.166321107719705,57.7017891621483],[-2.16628888584143,57.7018238672245],[-2.165920511760429,57.70219823375552],[-2.165151216491223,57.70293726020167],[-2.164750294848964,57.70330191992006],[-2.164742774003421,57.70330840595825],[-2.164545736848183,57.70347425394706],[-2.164144925618547,57.70380360123773],[-2.163941151509155,57.70396710051844],[-2.163933126119798,57.70397338955241],[-2.163527287822015,57.704277626047755],[-2.162692293613209,57.70487679101931],[-2.16226313753216,57.705171719342594],[-2.162254103289693,57.705177668238136],[-2.161891998854571,57.705408104198085],[-2.16115355051565,57.705862346049706],[-2.160777206568556,57.706086151858756],[-2.160770176969304,57.7060901938517],[-2.160577767829322,57.70619899419806],[-2.160189582842367,57.70641486099617],[-2.160011274724735,57.70651237467418],[-2.159727421160815,57.7066798485],[-2.159710383083151,57.70669160182462],[-2.158361491337074,57.70751341275423],[-2.158354794916914,57.70751702304437],[-2.156812743003384,57.70825187984776],[-2.156572244369166,57.708353000676055],[-2.156109783865637,57.70859278118979],[-2.155555418552988,57.70881397944619],[-2.155080350775596,57.7090229567225],[-2.153865075678528,57.709532906164526],[-2.153246460705596,57.70978039034267],[-2.153206249659147,57.70979571794063],[-2.152994019809845,57.709875300392945],[-2.152567286764894,57.71003270072974],[-2.152352783580209,57.71011051860662],[-2.152347756591491,57.710112312138804],[-2.151613400576073,57.71034938630617],[-2.151608816585757,57.710351032671],[-2.151213641252374,57.71047918501116],[-2.150967841902027,57.710640450672194],[-2.15094775600085,57.71065304983536],[-2.150249927590532,57.71106429815879],[-2.149347534843139,57.71156411284535],[-2.149344758934317,57.71156267717366],[-2.149087895854557,57.71172519218316],[-2.149079523158997,57.71172970217751],[-2.148845556469762,57.711842138484116],[-2.14880805819298,57.71186290702259],[-2.148064017136154,57.71225026704021],[-2.147933372667233,57.7123141941821],[-2.146811509497178,57.71281688183507],[-2.144397929376341,57.71380580397792],[-2.143213361439819,57.71424611078427],[-2.142905767555624,57.714364577268746],[-2.14174331389305,57.71479270942945],[-2.141153665601753,57.715000230463076],[-2.141140255921488,57.715004736589364],[-2.140975815932577,57.715059289384065],[-2.140645770385504,57.71516737631208],[-2.140480164833105,57.715220910442405],[-2.140381260635686,57.71525246738726],[-2.140247449097551,57.71529471385316],[-2.139979100111582,57.7153785417003],[-2.139844562666974,57.71542012307995],[-2.139759063883005,57.71544626634941],[-2.138927468005889,57.71568421412749],[-2.138275644638925,57.715858298307154],[-2.137970078667215,57.71597778842061],[-2.137264439203808,57.716246317757324],[-2.136908379361704,57.71637814551042],[-2.136903350804389,57.71637995640056],[-2.135527471804836,57.71682572027995],[-2.132702205957147,57.71764468114961],[-2.131252822828449,57.71801787646723],[-2.131240914939602,57.71802057455146],[-2.129493252730426,57.7183107597805],[-2.128531604575869,57.718505531739204],[-2.128083196220714,57.71860359280764],[-2.128078163665248,57.71860448716084],[-2.127493438148613,57.718702097853495],[-2.126317712127453,57.71888583038871],[-2.125726711963611,57.71897195217426],[-2.125706578327491,57.718974675899496],[-2.123680814052701,57.71917884722014],[-2.119597741668219,57.719452683927685],[-2.117540449150924,57.71952234802623],[-2.117530377472485,57.719522357410575],[-2.115339101682052,57.7194475358149],[-2.113439186718474,57.71931544482375],[-2.112701093448292,57.71928804127831],[-2.111516926471005,57.719221415306116],[-2.111505173496008,57.71922052747435],[-2.110459530607571,57.719123403733825],[-2.110378465163254,57.71911445254275],[-2.108591015392367,57.719227391041734],[-2.108575907993579,57.719227404050244],[-2.104734729930327,57.71899240442696],[-2.103606002744966,57.71885143589597],[-2.103469080684584,57.718842617837936],[-2.103095740015477,57.71887904968199],[-2.102986647485359,57.71888453716747],[-2.101030478518191,57.718906068455254],[-2.100149361993775,57.71894335407575],[-2.100137611859223,57.718943363405806],[-2.097687737431809,57.71884912574287],[-2.097331223903013,57.71882126615203],[-2.096659350289912,57.71880231880568],[-2.096573144802954,57.718808064621754],[-2.094522371851259,57.71887691743459],[-2.094519014675609,57.718876919951285],[-2.093941515453021,57.7188677417201],[-2.093727591986322,57.71889614259677],[-2.093028482236251,57.719016827538674],[-2.093021770153352,57.7190177217309],[-2.092652404455797,57.71906456167173],[-2.091911785333358,57.71915375699589],[-2.091540531996192,57.71919611236865],[-2.091532141262579,57.71919701668256],[-2.091388857497299,57.71920661071389],[-2.090222319673141,57.719361450935544],[-2.088275109885629,57.719555463510204],[-2.088248256344019,57.71955726977149],[-2.087214456530354,57.71960948112101],[-2.085142795175817,57.719679575192885],[-2.084104932715882,57.719697456856004],[-2.084079753234549,57.71969747362651],[-2.083994081614976,57.7196965018296],[-2.083933737696407,57.7196980520929],[-2.083697099012158,57.719702457321084],[-2.083581768196631,57.719709391212035],[-2.083572200406752,57.71970957718974],[-2.083244051497512,57.71971423667561],[-2.082745952461708,57.71971870038962],[-2.082605381156973,57.71971964472625],[-2.082584230563842,57.71971973940304],[-2.081513179982718,57.71970623480782],[-2.081190402532386,57.71969664162849],[-2.08109301628878,57.71969891554596],[-2.080813750947148,57.719701679983096],[-2.080711567780866,57.71970089586542],[-2.080185538665786,57.71971995652857],[-2.080133836759873,57.71971998935818],[-2.078676052218699,57.71967714014878],[-2.078546775799493,57.71968379154284],[-2.078541739904469,57.71968379467631],[-2.07832961869454,57.71967513879021],[-2.078036475650039,57.71968590448751],[-2.078033118386446,57.719685906563],[-2.075344006070954,57.71957155739262],[-2.074868607097927,57.71953056718642],[-2.074506870874664,57.71951109210303],[-2.074483030321679,57.71950912111016],[-2.074213510532772,57.71947996928877],[-2.073297333866697,57.719480504739614],[-2.069672838384879,57.719270724402676],[-2.069657727424115,57.719268945290686],[-2.066816337099835,57.71878951575897],[-2.066485189424571,57.71871577705831],[-2.066037235255378,57.718702606102255],[-2.066022126283479,57.718701706838026],[-2.064551203004485,57.71857860297064],[-2.061603958225704,57.718259665574216],[-2.061530895355953,57.71824990740671],[-2.061473624862794,57.718251814800915],[-2.061463553445408,57.7182518197274],[-2.059412511729478,57.71818550750559],[-2.055340979405309,57.71791918018579],[-2.053320503720936,57.71771916582374],[-2.05331378821789,57.7177182704499],[-2.049934175994344,57.71705473215535],[-2.048840793268624,57.716765485323556],[-2.047829965787555,57.716591070449304],[-2.043552969123964,57.71567480510508],[-2.041473585270313,57.715137717863335],[-2.041461832141802,57.71513412889706],[-2.038355580216697,57.71390969740919],[-2.036470485629005,57.71434404919598],[-2.035848272801796,57.71452395916907],[-2.035070291741384,57.714735113723286],[-2.03497582042935,57.714759123318096],[-2.034852741944403,57.714790076985636],[-2.034606119778204,57.71485144927146],[-2.03448257609978,57.71488186788878],[-2.03443089287516,57.71489445763656],[-2.033660551016531,57.71506982974962],[-2.032104465415774,57.71539978596157],[-2.031318722418924,57.715554369872365],[-2.031311841871004,57.71555562017573],[-2.0311540927928,57.71558381982913],[-2.030838079543179,57.715639380659056],[-2.030679815378221,57.71566674183429],[-2.030672934718665,57.715667911262365],[-2.030312338256556,57.71572681956166],[-2.029588760583981,57.715840283816156],[-2.029225779452205,57.715894839757844],[-2.029212017663086,57.71589681916407],[-2.028797089000146,57.715953472028104],[-2.02796466253414,57.71606109066634],[-2.027547164852933,57.716112056423704],[-2.027540115887886,57.71611286642808],[-2.027450198144241,57.71612306119401],[-2.027270259543705,57.7161431868819],[-2.027180238688055,57.7161531178037],[-2.027174364510084,57.71615375686122],[-2.026879371350804,57.71618431860313],[-2.026470312923847,57.71625409094149],[-2.026467795469891,57.7162544507825],[-2.022724007367072,57.71655312044297],[-2.021991489874593,57.716566829953955],[-2.020540412119448,57.71668873148766],[-2.019392632918193,57.71676356816177],[-2.019357469946006,57.716765205284176],[-2.019188717113364,57.7167766551264],[-2.019185192359447,57.71677684432127],[-2.018942572182428,57.71678449995725],[-2.01872640679268,57.71679378990092],[-2.018723889089604,57.71679388910177],[-2.018110507753234,57.71681202339065],[-2.018002686978198,57.71681415251529],[-2.017809210522512,57.71682025559783],[-2.017585752107184,57.716822384814435],[-2.016882918608489,57.716836259010066],[-2.016268709306519,57.71684236057542],[-2.01626384166429,57.71684236124268],[-2.015866446879849,57.716838753961355],[-2.015055235923101,57.71684646921978],[-2.013677243598553,57.716829272060885],[-2.013674390116041,57.71682917358848],[-2.013289110002281,57.71681349221229],[-2.012519327614174,57.716777384147704],[-2.012021362227126,57.716750013696],[-2.011791517842526,57.71673552318835],[-2.010790501235999,57.716654897300614],[-2.009433096877108,57.71675164946806],[-2.008242446204511,57.71680511671036],[-2.008230460236252,57.71672866086935],[-2.006891920730541,57.71680761102681],[-2.006900969281889,57.716865343329346],[-2.006181487812017,57.716897639050856],[-2.004549033167528,57.7169282181008],[-2.00448692855737,57.716927762755375],[-2.003096264022014,57.71687730025722],[-2.002107769889446,57.71689480513675],[-1.999493035748051,57.716704520589815],[-1.999492058025813,57.71671285776799],[-1.999487519946384,57.716712705388275],[-1.999164670688167,57.71668062018105],[-1.996538749426693,57.71648945792769],[-1.995528546642682,57.71632018564625],[-1.995529093650503,57.716319250814266],[-1.995505207929168,57.716316876250076],[-1.99462431329641,57.716168655193165],[-1.994626319445709,57.71616524090599],[-1.994314828458542,57.71611215877997],[-1.994253444570416,57.71610284569589],[-1.994251490564495,57.71610618487546],[-1.994022265400219,57.71606777118193],[-1.993181338129332,57.715940181533604],[-1.990888271250415,57.715544097953604],[-1.989755057024011,57.71532399137288],[-1.989750861207434,57.71532308385707],[-1.989606991788273,57.71529155051915],[-1.989319805679986,57.71522777154151],[-1.989176488995528,57.71519552590304],[-1.989170614913447,57.71519418708874],[-1.98867106331426,57.71507514677339],[-1.987679481707668,57.71482841445292],[-1.987187451885633,57.71470072250677],[-1.987184095404557,57.71469981498418],[-1.986246358108308,57.714425877444214],[-1.984405389299209,57.71384660687309],[-1.983502156834878,57.7135412734242],[-1.983476146559306,57.71353184775494],[-1.983141708074671,57.713407458332505],[-1.982478576212841,57.71315437050746],[-1.982149882874494,57.71302567213499],[-1.982146526866709,57.7130243243375],[-1.982111402555098,57.713010207044256],[-1.9812449396746,57.7126372721488],[-1.979561310640678,57.711862051444676],[-1.978743510108721,57.71145951112598],[-1.978649556439539,57.71141009330207],[-1.978504450333936,57.71133283325837],[-1.978216011291307,57.711177371260916],[-1.978072678354166,57.71109916931118],[-1.978045835376524,57.71108434404917],[-1.976878823223875,57.71036747625341],[-1.97659385761484,57.71017247654267],[-1.97584540401135,57.709709140552455],[-1.975087279908798,57.70920407534345],[-1.975084763909609,57.709202269425155],[-1.974411546449383,57.70868171915387],[-1.974051359991581,57.708381091716554],[-1.973674296618191,57.708092798655116],[-1.973554386775958,57.70798992722266],[-1.97344713779219,57.707896655597416],[-1.972916829920352,57.70742909005196],[-1.972532361682601,57.707071869300435],[-1.972527331229378,57.70706693696356],[-1.972136710477676,57.70665957316132],[-1.97139478488166,57.705834715821105],[-1.971043479344103,57.70541722251058],[-1.971036774216059,57.70540867886145],[-1.97098032911465,57.70533586331652],[-1.970868635638261,57.70518996975818],[-1.970813387259238,57.70511689174583],[-1.970786568611475,57.70508096555213],[-1.970470866097285,57.704622186174845],[-1.969886583773067,57.70369610923495],[-1.969618002887548,57.70322881188606],[-1.969571097719817,57.703138528894094],[-1.969545633199533,57.70308896570315],[-1.969495234617351,57.70298976210067],[-1.969470300554097,57.70294012168934],[-1.969466950479843,57.702933375202015],[-1.969375884509503,57.70274148967773],[-1.969201677445705,57.702356690521384],[-1.96911853627241,57.7021637769],[-1.969111001652498,57.70214537039389],[-1.969002016395841,57.70185654793764],[-1.968801804868515,57.70127714433189],[-1.968710578321476,57.70098656320972],[-1.968688257128061,57.700907556246165],[-1.968681745345746,57.700886840642795],[-1.968680072596688,57.700881001749174],[-1.968666883810015,57.70083414030621],[-1.968640968331058,57.70074038081206],[-1.968628241637596,57.70069348276097],[-1.968626569285042,57.70068720373424],[-1.968553071808156,57.70037127886874],[-1.968427038454669,57.69973823287877],[-1.968374502201429,57.69942111203639],[-1.968373668816276,57.69941481525018],[-1.968332216298528,57.69884984971086],[-1.968319006316551,57.697941259766665],[-1.968258347182897,57.69797316980381],[-1.967666422238083,57.69826984406906],[-1.967661890671507,57.69827200766913],[-1.967020124638293,57.698563282040205],[-1.965710095872601,57.69912822847232],[-1.965082889121083,57.69938508702558],[-1.965034348134895,57.699405440239936],[-1.965031830629974,57.699406436592554],[-1.964766603077977,57.69950927717528],[-1.964232444882992,57.69971216542742],[-1.963963514216346,57.69981221312319],[-1.963960828899445,57.699813191443496],[-1.96371701482111,57.69990035900091],[-1.963226575445296,57.70007239840827],[-1.962979950165524,57.70015727024749],[-1.962977264869607,57.70015817668835],[-1.962413607515891,57.700340266564496],[-1.961273367314809,57.700692459675736],[-1.960696784718779,57.70086256279626],[-1.960691078578119,57.70086416888504],[-1.960356823602388,57.70095570896366],[-1.959684566396136,57.701134759252135],[-1.959346564221807,57.70122226944249],[-1.959343711188664,57.7012229871245],[-1.958435169397286,57.70143423137069],[-1.95659635450836,57.70182762836319],[-1.955666082650009,57.702009780801525],[-1.955660041188077,57.702010856591514],[-1.955253961616175,57.702080111639106],[-1.954438643340741,57.70221307377982],[-1.95402940475034,57.70227678085324],[-1.954026384086426,57.702277228886246],[-1.953943027592955,57.70228946883423],[-1.953776197765383,57.7023137185142],[-1.953692724432259,57.70232572824605],[-1.953566192724795,57.70234374593081],[-1.953203374138039,57.70239309589235],[-1.952475767893236,57.70248744705926],[-1.952110980317304,57.70253244825373],[-1.952104939147773,57.702533155600065],[-1.951731385241953,57.70257451726663],[-1.950982614624412,57.70265268313042],[-1.950607398255874,57.70268948602332],[-1.950604377744805,57.70268976332356],[-1.950059930100465,57.702734832884154],[-1.949811854111564,57.70275314080839],[-1.949754622354034,57.70276078522439],[-1.947731706871702,57.70299572465922],[-1.946713466544113,57.703096465952115],[-1.946709103555062,57.70309682344745],[-1.94631465633236,57.70312658223752],[-1.946035224732532,57.70314585491183],[-1.945522511683266,57.703191322359324],[-1.945517813096273,57.70319167967236],[-1.944334265347125,57.703258854768315],[-1.943470674074656,57.70329133368906],[-1.943368390610955,57.70329542814449],[-1.943285042565554,57.703298652833105],[-1.941953312236981,57.703348384935964],[-1.940771773206817,57.70337014555611],[-1.94076472609926,57.70337014232512],[-1.939653543007033,57.70334990796073],[-1.938369782309129,57.70330368459473],[-1.93813373187837,57.703313532645794],[-1.938131383014254,57.70331343271497],[-1.93738885099096,57.70327292499373],[-1.936963643934753,57.70324459811826],[-1.93632989727093,57.70321044441501],[-1.936327380772367,57.703210263527474],[-1.936042869225621,57.70318848275329],[-1.93546273832714,57.70314135107833],[-1.935169467889866,57.70311610011253],[-1.935164602848456,57.70311565753533],[-1.93457851203284,57.70305658325352],[-1.933410629242496,57.70292731328259],[-1.932828837389686,57.70285711764803],[-1.932819108160893,57.702855846075],[-1.932495371023852,57.702811701620064],[-1.931849605222764,57.70271996839602],[-1.931527576615694,57.70267237963555],[-1.931522879994188,57.702671658556824],[-1.931195481213242,57.70261945526257],[-1.930542739800086,57.70251148857365],[-1.930217397225793,57.702455725189495],[-1.930211862239198,57.70245474312171],[-1.929822421448815,57.70238279160261],[-1.929046962053865,57.702233787791535],[-1.928660943544236,57.702156735520404],[-1.928657421540836,57.70215600600397],[-1.928530188670224,57.702129332644084],[-1.928276133489343,57.70207543170692],[-1.928149311182345,57.70204820413045],[-1.928145621559826,57.70204740264797],[-1.927504353742416,57.70189970963039],[-1.926233865860554,57.70159016075637],[-1.925604646189029,57.70142830502007],[-1.925601292464258,57.7014273958702],[-1.925518113969124,57.701404691356586],[-1.925351994589094,57.70135903470909],[-1.925269053705033,57.70133608257551],[-1.925265532366256,57.701335101461105],[-1.924783686718889,57.70119544849327],[-1.924378043335727,57.70107325188593],[-1.924156054930777,57.701013816827555],[-1.924146161720559,57.701011107325876],[-1.923869571914563,57.70093360927618],[-1.923319137193268,57.700775869614205],[-1.923045292307632,57.700695628013776],[-1.923036908829449,57.700693116939064],[-1.922911700657707,57.700655235500655],[-1.922661896248013,57.70057889903002],[-1.922537300012722,57.70054044399894],[-1.922527743176211,57.70053746510477],[-1.922452232933095,57.70051378691141],[-1.922301444459612,57.70046621985069],[-1.922226166229815,57.7004423309836],[-1.922216609598382,57.700439280207746],[-1.921967209714051,57.700358080716335],[-1.921471089778633,57.70019336955496],[-1.921224369746972,57.70010985789546],[-1.921214981468809,57.700106618518994],[-1.921008834889032,57.70003433568569],[-1.920598549484362,57.69988815576442],[-1.920394410669618,57.69981425868296],[-1.920385358281703,57.69981092963006],[-1.920145557983722,57.69972108328879],[-1.919668925373725,57.69953916314513],[-1.919432092922808,57.6994470893825],[-1.919423208909082,57.69944357173717],[-1.919067194961091,57.69929863631727],[-1.918362518303646,57.699003733106764],[-1.918013855594837,57.698853765304804],[-1.91800530798366,57.69884998728716],[-1.917666109371309,57.69869596833293],[-1.91699546578759,57.69838316767814],[-1.916664020837301,57.698224386018374],[-1.916655977219458,57.69822042859047],[-1.916331817180877,57.6980566365189],[-1.915691747473363,57.69772449687873],[-1.915375837809156,57.69755614935158],[-1.915368130608667,57.697551931576626],[-1.915057941122816,57.69737756302649],[-1.914446412747655,57.69702443413509],[-1.914145073846109,57.696845673836314],[-1.914131337463911,57.69683730213369],[-1.914060966623706,57.69679413732554],[-1.91392074112671,57.69670756811833],[-1.91385088646961,57.696664163719845],[-1.913840835936177,57.696657878351154],[-1.913420290866738,57.6963841222332],[-1.91259971998734,57.69582793456611],[-1.912199694058677,57.69554550314918],[-1.912195172789552,57.69554217660659],[-1.912012781272698,57.695405306113415],[-1.911652819113263,57.69512976020706],[-1.91147524845194,57.694991084807484],[-1.911471062838559,57.69498774948805],[-1.911029741081044,57.694616766751835],[-1.910543535216715,57.694185067170636],[-1.909882872496971,57.693991196419],[-1.909874491949816,57.693988495840365],[-1.90863330247573,57.69349492515249],[-1.907933339733874,57.693258511501234],[-1.907871332438706,57.693236002227934],[-1.907786773042374,57.69320510412898],[-1.907618008409331,57.69314303199331],[-1.907533803173296,57.693111857957014],[-1.907451688090404,57.69308125888562],[-1.906260764132828,57.69259376640545],[-1.903965046122966,57.69156376087137],[-1.902860252293359,57.69102124963402],[-1.902848527928671,57.691014953137014],[-1.902368475213403,57.69071857841928],[-1.902271936477245,57.69068356950297],[-1.902283279107948,57.69067459963457],[-1.899902855427899,57.68993409871877],[-1.898244677480515,57.68934513085417],[-1.898237976095404,57.68934243083964],[-1.895849653916748,57.688170467578246],[-1.891538690708351,57.68560239984656],[-1.889616043300712,57.684206311158256],[-1.889611025950522,57.68420181567076],[-1.889581205911121,57.68416900582462],[-1.889346739078558,57.68402409301248],[-1.889340044802531,57.684019596062576],[-1.889186444564392,57.683910848284484],[-1.888440173999217,57.68345930485507],[-1.888420094580508,57.683444915628634],[-1.888006132729889,57.68313474408025],[-1.887203178155248,57.68250526672472],[-1.886814185059534,57.68218596098394],[-1.88680582292061,57.682178767729475],[-1.886683677481255,57.682072045493726],[-1.886638580929294,57.68203201976278],[-1.88661420453714,57.6820119674022],[-1.886592463776111,57.68199307627701],[-1.886370096009031,57.68179415090814],[-1.886211875960435,57.68164837262772],[-1.885301194561955,57.68067880048229],[-1.883597161262296,57.678553455547835],[-1.882393120243871,57.67623387078941],[-1.881761743519278,57.673776476539246],[-1.881693880636557,57.67323886758061],[-1.881505150148519,57.673020007322144],[-1.881340914215386,57.672857074537994],[-1.881273267235442,57.67275110160559],[-1.881074823586344,57.67252097062777],[-1.880601417267979,57.672381816736355],[-1.880027007262585,57.672143517449264],[-1.879905413181811,57.67209259088186],[-1.879663106223504,57.67199013978251],[-1.879542393347462,57.67193861525223],[-1.878934044719718,57.671676484866296],[-1.878922243604204,57.671671266781395],[-1.878832897654193,57.67163627796931],[-1.878546304389602,57.67152138578698],[-1.877737547534626,57.67128882001486],[-1.877717454795096,57.67128160596707],[-1.876397579793973,57.67075565872922],[-1.876190283585152,57.67066425735491],[-1.874665076496763,57.67008806825266],[-1.874653360559636,57.670082667375986],[-1.873596657026263,57.669551251656394],[-1.873092588200054,57.66927483603792],[-1.872122259637272,57.66884944380014],[-1.872108874439459,57.668842253535566],[-1.870578482494623,57.66789663780862],[-1.867778103890625,57.66590054072303],[-1.866508112701385,57.66485006515442],[-1.86649976172248,57.664841972337484],[-1.865811257891392,57.66409487356685],[-1.864566475853145,57.66256968900067],[-1.864010193153641,57.661791604488904],[-1.864003529455499,57.66178080961932],[-1.863851721612094,57.661402593796275],[-1.8631567501977,57.66042370167312],[-1.863151756139874,57.66041471399356],[-1.862723502651384,57.65945351624919],[-1.862468808820913,57.65870061406398],[-1.862071978055173,57.65831789776825],[-1.86204861177933,57.658292722007744],[-1.861357044380462,57.657439404344146],[-1.860142380506852,57.65569899346586],[-1.85961927691616,57.65481190163726],[-1.859615785713739,57.654804702952596],[-1.859209861583602,57.65367471368544],[-1.859002209613941,57.65279687028661],[-1.858990038767293,57.65278797379701],[-1.85888328284598,57.65267706707408],[-1.858697141325373,57.65247674306679],[-1.858593825641169,57.65241584434934],[-1.858200884470111,57.65218009028555],[-1.858006350792369,57.65206128590988],[-1.857964229441566,57.652035100454135],[-1.857813346674044,57.65193997213608],[-1.857514064838916,57.65174859969942],[-1.857365665767417,57.6516523555867],[-1.857325055360522,57.651625641643335],[-1.857178260397616,57.65152768679871],[-1.856887243150023,57.65133068532091],[-1.856743020860134,57.65123163869367],[-1.856703754291367,57.651204279325505],[-1.856627818933221,57.65115095966647],[-1.856476693791494,57.65104401765967],[-1.85640150400698,57.6509903953128],[-1.856363076708544,57.65096277629228],[-1.856219654819089,57.65085812347244],[-1.855935650669802,57.650647716652415],[-1.855795068402148,57.65054196265859],[-1.855757985188337,57.650513635362636],[-1.85570852824371,57.65047564792475],[-1.855609980761656,57.65039953674606],[-1.855560890223833,57.65036141300559],[-1.855524477974527,57.650332978610265],[-1.855446865091549,57.6502718323751],[-1.855292581858826,57.650149199213345],[-1.85521591150735,57.650087712287934],[-1.855180338898106,57.6500589284316],[-1.855131847211796,57.650019465848466],[-1.855035252077755,57.64994040439613],[-1.854987148629541,57.64990080552723],[-1.854917512418355,57.64984314956331],[-1.854797507951993,57.64974232515908],[-1.854560015891744,57.649539828219034],[-1.854442528203949,57.6494381557138],[-1.854390104139364,57.64939210629255],[-1.854270673850837,57.64928554659148],[-1.854034577599528,57.6490715508609],[-1.853917911626104,57.64896411483654],[-1.853867837663602,57.648917259469734],[-1.85382164787563,57.64887375793095],[-1.853729721516833,57.64878661747004],[-1.853683984945263,57.64874297854825],[-1.853634917885379,57.64869585476961],[-1.853610173485872,57.64867200525232],[-1.853560820053967,57.648624266004425],[-1.853536211021445,57.64860037627387],[-1.853305911934578,57.6483760021079],[-1.853145766857585,57.648216174603455],[-1.852831534569336,57.64789481736008],[-1.852677447319031,57.64773328763616],[-1.852620732298106,57.647672321795554],[-1.852521169477686,57.6475634628103],[-1.852324795198429,57.647345033979406],[-1.852227983726834,57.64723546413806],[-1.852186462271004,57.64718763890696],[-1.852130446016327,57.647122438331266],[-1.852019387747984,57.64699179915517],[-1.85196434573153,57.646926360555575],[-1.851924167053604,57.64687807869182],[-1.851886686406165,57.646832360045096],[-1.851695696625026,57.64671154870803],[-1.851677319756458,57.64669895204526],[-1.851145193649352,57.646313409254645],[-1.850120115905135,57.64552763736696],[-1.849627163834351,57.64512740858353],[-1.849618817417411,57.64512022184245],[-1.849414869294183,57.644925746016696],[-1.849185691978577,57.64476158018724],[-1.847224358109038,57.644007694406696],[-1.84721098332512,57.644001381754315],[-1.845886089777458,57.643302374324854],[-1.845778722560704,57.64323906584364],[-1.845666637355497,57.643187987358544],[-1.845589734493349,57.6431519738394],[-1.845298128336142,57.64301216226698],[-1.844721090598549,57.64272892398859],[-1.84443565902731,57.64258549731066],[-1.844213360643913,57.64247115006378],[-1.843667653718102,57.64217716937615],[-1.842408790856212,57.64146690157172],[-1.84174246812648,57.64106774622784],[-1.841724093621619,57.64105605534137],[-1.841414738393322,57.640853182643],[-1.839716560180137,57.64040309509061],[-1.839656175648393,57.64038433585919],[-1.839036545320166,57.64018210267442],[-1.837814214554286,57.639763430165104],[-1.837716081557712,57.63972818942602],[-1.837707012584654,57.63972605341797],[-1.837530231782439,57.639680369355204],[-1.837304339301605,57.63963102424618],[-1.836988367507312,57.639559971575146],[-1.836953229979321,57.63955184251353],[-1.836830479893239,57.63952313151405],[-1.836585412289441,57.639465183755846],[-1.836463094774584,57.639435946997885],[-1.836399515937005,57.63942058641991],[-1.83525928371564,57.63911663011207],[-1.834013278856669,57.63875214893643],[-1.832363344957916,57.63857587851389],[-1.831368257715958,57.638452529200826],[-1.8312142679249,57.63843076757988],[-1.830700432745073,57.638353435956915],[-1.829677624272104,57.63819002619967],[-1.829168651202775,57.6381039481049],[-1.828986241877891,57.638071375799704],[-1.827874277047254,57.63784904345296],[-1.825615949921264,57.63734790292052],[-1.824491351321833,57.63707181882403],[-1.824474624697106,57.637067304589145],[-1.823327458989692,57.636726885933975],[-1.821282341025052,57.63606259761217],[-1.81982709196915,57.63602199366609],[-1.819489311274963,57.63600357183975],[-1.818587145694209,57.63599613356689],[-1.817473821637489,57.63589363219684],[-1.816543471991617,57.63584287297019],[-1.81490992638544,57.635709791112525],[-1.814901557157734,57.63570888070679],[-1.814186099628219,57.635590877959736],[-1.813503156256175,57.63552797685423],[-1.808614461558842,57.63464528841659],[-1.804037845478636,57.63336915757981],[-1.803816523041102,57.63328186134395],[-1.802841113370334,57.632999457819594],[-1.802836099226649,57.63299764459197],[-1.802481065745366,57.63286565126271],[-1.801777472070327,57.632596793672434],[-1.801428912067848,57.632459929525865],[-1.801422228253666,57.632457233364725],[-1.799621225923031,57.631616468941125],[-1.799526096051849,57.63156522283539],[-1.797923490576645,57.63082415522863],[-1.797903455927142,57.63081333556567],[-1.796808850801242,57.63016137356712],[-1.796303706420442,57.62982920579283],[-1.796260693070651,57.62980603127703],[-1.794701162405201,57.628836364415086],[-1.794696159290977,57.628832763386086],[-1.793851808967809,57.628164285960665],[-1.793785066098998,57.62810595979642],[-1.793772869624446,57.62809708682975],[-1.793769535983597,57.6280943956911],[-1.793744065541105,57.62807012956191],[-1.792278519863694,57.626789339496874],[-1.791549578358277,57.62608287188686],[-1.79154625024342,57.626079273475575],[-1.790982886595559,57.62540110419712],[-1.790153231651013,57.62427983788537],[-1.789562277487493,57.62370609980415],[-1.788076186809947,57.62207287924498],[-1.787410378096571,57.62123604494906],[-1.787362237561318,57.62116589280239],[-1.786815462264251,57.620207129383026],[-1.786734584048352,57.62003063791839],[-1.786484351950398,57.61981380915124],[-1.785416765542999,57.61881899353624],[-1.78491264206989,57.61831242177077],[-1.784910978749296,57.61831061349497],[-1.784622803224726,57.61798061770044],[-1.784071650388721,57.61731462324727],[-1.783808672706796,57.616978624697936],[-1.783805351507178,57.61697412785003],[-1.782919890084541,57.6153352784489],[-1.782756485475685,57.614871990133274],[-1.782260906223306,57.61398089434249],[-1.781561974326786,57.611383335161],[-1.781390261461108,57.61007078026284],[-1.781390282958011,57.61006718733592],[-1.781519167463194,57.6092446153572],[-1.781543565413488,57.60901386699768],[-1.781547062827725,57.60898872225403],[-1.781605171339035,57.60869569691592],[-1.781616356479215,57.60862430669352],[-1.78162463092974,57.608597566449426],[-1.781658710171511,57.608425710981635],[-1.781947856283271,57.607304580856095],[-1.782125353186962,57.60674646202369],[-1.782127053382464,57.60674197372625],[-1.782150274411136,57.60668173037675],[-1.782197484361512,57.60656133043803],[-1.782221473280795,57.60650117384851],[-1.782226568443644,57.606488607184566],[-1.782374514206713,57.60617402455027],[-1.782497418140522,57.60577678070157],[-1.783152374209452,57.604372133094],[-1.783154063455618,57.60436945022999],[-1.783935455246848,57.6033543837623],[-1.78403684585561,57.603155502400085],[-1.785491649767336,57.60090250086986],[-1.786358858829951,57.59980202270108],[-1.78636390962516,57.59979664173397],[-1.786663860963779,57.599491783043014],[-1.787285319087161,57.59888846784753],[-1.787606825647382,57.598590011203505],[-1.787611870869916,57.598585528422426],[-1.788076639676522,57.59819563079144],[-1.788543955369261,57.597824982067685],[-1.789071757171877,57.597177862723406],[-1.789546218782765,57.59664458958841],[-1.789721249563426,57.59646343424542],[-1.789743091575458,57.59644087123241],[-1.78977562499516,57.59640734540218],[-1.790212432123436,57.59598539258588],[-1.791127605131221,57.59515469125942],[-1.791176017328648,57.595113324986386],[-1.791619376893109,57.5946559154847],[-1.793100377600521,57.59339564985813],[-1.793110455142947,57.59338847133166],[-1.793742998120633,57.59296512686809],[-1.795054501522993,57.5921397143638],[-1.795733461664829,57.59173764584344],[-1.795808970199062,57.59169555868098],[-1.796394316297499,57.59138495874319],[-1.797592716746273,57.59077958512426],[-1.798205771091683,57.5904848110606],[-1.798217509537951,57.590479440232336],[-1.798453596206633,57.59037632163955],[-1.799464611157255,57.58976328665423],[-1.803365532548431,57.58802102470371],[-1.807713035212054,57.58661650805683],[-1.812406606516961,57.585582193363095],[-1.817337770147758,57.58494198027478],[-1.822392574444999,57.58471066151355],[-1.827454237883849,57.584893581497994],[-1.829972112850438,57.585088646900786],[-1.838170909283657,57.58607012696151],[-1.840710803586853,57.586490242527084],[-1.845634823187627,57.58754109779997],[-1.850187076635361,57.58899740251668],[-1.854252711146313,57.590822430290636],[-1.855045167803411,57.59131204141586],[-1.856474581285778,57.59104502734155],[-1.856797403604063,57.59100513113021],[-1.860524922355187,57.590776252803714],[-1.866335109973126,57.590771463865174],[-1.86664135251808,57.59076481160331],[-1.86701587727877,57.590762813227315],[-1.867471881672211,57.59076371664974],[-1.868297482845678,57.5907713923094],[-1.871709982009367,57.590992751226935],[-1.872886071590812,57.5911360413104],[-1.872963326093495,57.59114545704174],[-1.875388771024552,57.59135429111867],[-1.880716713301076,57.59232773450718],[-1.885664144003899,57.59376840203677],[-1.888024398903075,57.594601223065496],[-1.888158459820853,57.59465776981881],[-1.888348932286958,57.59473932145442],[-1.888727647819561,57.594903904347305],[-1.888915890891165,57.59498693561098],[-1.889034607402174,57.59504008138433],[-1.88958367149969,57.59529695778595],[-1.890660480830382,57.59582328936403],[-1.891047556515727,57.596018603898656],[-1.891211773757046,57.59610414149029],[-1.891243507840043,57.596120714905126],[-1.891335460182296,57.59616886501138],[-1.891523884915303,57.59623571996588],[-1.891546859965563,57.596245279011654],[-1.891917314304686,57.596404756829806],[-1.892749728241953,57.596266177444605],[-1.897907598128176,57.595642905652625],[-1.903183990550419,57.595464805769836],[-1.908446465806481,57.59573630473508],[-1.913563102117423,57.596450660991096],[-1.918405522492788,57.59758995924527],[-1.922542501324961,57.599018650752],[-1.92287475071726,57.599090039059064],[-1.923072481084928,57.59914187699175],[-1.923143841466794,57.59916069792784],[-1.923286395047255,57.59919852153271],[-1.923357588246377,57.599217524201634],[-1.92343768310529,57.599239030384766],[-1.923495779602902,57.59925497544217],[-1.92417746203988,57.59942066830955],[-1.924219430959041,57.59943090672575],[-1.924303316161158,57.59945144556139],[-1.924345232444243,57.599461745980854],[-1.924734161417487,57.59955766778193],[-1.924782511078365,57.59956932551674],[-1.924888509524474,57.59958206314742],[-1.925025023785912,57.59959879003292],[-1.925259922908039,57.599628127246646],[-1.925632563229995,57.59966831981134],[-1.925945222312436,57.599703712873755],[-1.926018987567984,57.59971245880013],[-1.927016220120669,57.599848079430345],[-1.927361406069257,57.599901135209194],[-1.92737520502635,57.5999028925785],[-1.9276853024004,57.59994322403079],[-1.927840172254104,57.59996378635044],[-1.928241584929444,57.60001817318927],[-1.928265846230756,57.600021257991955],[-1.928372017909326,57.60003372650783],[-1.92849240949301,57.60004811469839],[-1.928732992099926,57.600077366826646],[-1.928853183126172,57.60009223076469],[-1.929337428229994,57.60015312570893],[-1.929374521301059,57.60015781409324],[-1.929448687483967,57.60016723617471],[-1.929485760595897,57.60017196987189],[-1.930052302150394,57.60024467356005],[-1.93010246632915,57.60025115485666],[-1.930202757269927,57.600264200413676],[-1.930252884032162,57.600270764674136],[-1.930798343467281,57.600342671490466],[-1.931432361043217,57.600424597812214],[-1.931478898452172,57.600430062849135],[-1.931581723955174,57.60044232011817],[-1.931779403777317,57.600466234976125],[-1.932231791156795,57.600520717829255],[-1.932372864459127,57.60053805187657],[-1.933002504628406,57.60061695537716],[-1.933039640720262,57.60062161046732],[-1.933057623399187,57.600623870262176],[-1.933582150744938,57.60068994774514],[-1.933976528490349,57.600739212352366],[-1.934283324583643,57.60077591010486],[-1.934448737984534,57.60079616902603],[-1.934779174163814,57.60083758569026],[-1.934944196949881,57.60085874343433],[-1.935233084543396,57.600896615940044],[-1.935301266248673,57.60090563587875],[-1.935437558647542,57.600923829186286],[-1.935505669341667,57.60093300255521],[-1.935811619081265,57.60097457489881],[-1.935835530526765,57.60097783401397],[-1.93588334445316,57.60098437115423],[-1.935907246934078,57.600987649179366],[-1.936223066053801,57.60103109381977],[-1.936252529253623,57.60103516211152],[-1.936311441846707,57.60104332742712],[-1.936340891240012,57.60104742445093],[-1.936801237863648,57.60111170705155],[-1.937735216128451,57.601257809049905],[-1.939787293164202,57.6016138424713],[-1.940813724495974,57.60181197040813],[-1.941045719336255,57.60186139111723],[-1.941081287100164,57.60186899318597],[-1.942473590523995,57.602167557461925],[-1.946256471998217,57.60330312802842],[-1.951125526376477,57.60524787038408],[-1.955257410312177,57.60763420820569],[-1.958515070022404,57.61038308160114],[-1.95990994067693,57.61183742410809],[-1.959991499063715,57.61194568698924],[-1.9600266785143,57.611992767063605],[-1.960096541740364,57.612087033049114],[-1.96013122551476,57.61213421896052],[-1.960179691016805,57.61220070345935],[-1.960312776068197,57.61238949156045],[-1.960571012334432,57.612768624559],[-1.960696163477426,57.61295896947258],[-1.960746291556417,57.61303802954104],[-1.960780916961617,57.61309322528493],[-1.960849500511432,57.613203736064406],[-1.96088345865424,57.61325905110037],[-1.960936925579162,57.61334710344003],[-1.961032614170363,57.613509924250465],[-1.961218210253856,57.613836512231316],[-1.961308117698935,57.614000279410206],[-1.961334010265975,57.614049151207944],[-1.961866911978801,57.61550009731808],[-1.962481943851372,57.618429242463414],[-1.96219297327477,57.62137283598092],[-1.96100761710435,57.624251081389865],[-1.958957812091155,57.62698593442414],[-1.956098962355253,57.629503223104436],[-1.952508461392435,57.631734661102335],[-1.948283634868724,57.63361973365509],[-1.946025917392847,57.63446862465315],[-1.945989895010345,57.634479918419835],[-1.943595090172443,57.63508074342537],[-1.942737172928781,57.63571682191529],[-1.942730148480675,57.63573152708771],[-1.942625279859615,57.63591950704639],[-1.942418112269775,57.63626524530016],[-1.942305502806109,57.636440901963525],[-1.942271467579548,57.636495293859724],[-1.942246195533645,57.63653664292676],[-1.942206776090767,57.63660033436653],[-1.942174292020824,57.636652171443636],[-1.942105526147125,57.6367662188302],[-1.941906019100067,57.637086764465714],[-1.941803453280677,57.637246533923026],[-1.941721694215649,57.63737010270572],[-1.941129050052739,57.6381481980268],[-1.939339041906935,57.64021606960455],[-1.936471215035915,57.64251642073847],[-1.933045323176863,57.644512229373646],[-1.933245841916276,57.64590464598932],[-1.933238633203719,57.646427287706956],[-1.933231948691667,57.64692890980332],[-1.933231611928472,57.6469730291112],[-1.933231317179574,57.6470010011929],[-1.933220655981707,57.64779413675035],[-1.933447756058663,57.64792929367384],[-1.933570586986822,57.64800542789833],[-1.93359608219381,57.648021415879015],[-1.933731555684618,57.64809521035474],[-1.933953247124192,57.64821829131796],[-1.934131824195516,57.64831934337359],[-1.93444066302635,57.648498934621415],[-1.935049126414225,57.648862551092144],[-1.935348750140619,57.64904657700148],[-1.935379207990086,57.64906580538561],[-1.935676798196358,57.649259077280846],[-1.9362618151321,57.649649995155755],[-1.936549242782249,57.64984764211607],[-1.936577690099496,57.649867776617214],[-1.93678012989594,57.65001411932794],[-1.93717943630002,57.6503089750491],[-1.937376302885903,57.650457488076995],[-1.937454544064358,57.650517797709355],[-1.9386698256507,57.65161279274659],[-1.940799365875784,57.653883924677245],[-1.941149746668498,57.65444353640921],[-1.941474920562653,57.65462622379998],[-1.941495009653038,57.65463791896155],[-1.941886253877793,57.654873875261394],[-1.94265304823622,57.65535300850349],[-1.943028598314306,57.65559618554032],[-1.943035294108368,57.65560067967208],[-1.943580679008179,57.65598771520647],[-1.944631713620682,57.65677699602261],[-1.944961469718462,57.65703931930546],[-1.945161846254096,57.65668845703202],[-1.94529115642699,57.65647186424036],[-1.945301234690453,57.65645569136575],[-1.945436938205729,57.65624653820871],[-1.945717917754774,57.65583008812456],[-1.945854169318508,57.65563566829804],[-1.945869954047742,57.655027442352925],[-1.946843301899142,57.652133036885644],[-1.948687203607154,57.649363086612716],[-1.951351735278732,57.64679230464502],[-1.952881432768879,57.645565757629726],[-1.954893175782355,57.64420870696534],[-1.954991018043292,57.6441433312409],[-1.955187835040735,57.644013072006786],[-1.955286809775859,57.64394818849534],[-1.955350682631631,57.64390671249985],[-1.955364772799244,57.64389757528722],[-1.955392975593618,57.643879310838024],[-1.955407088220375,57.643870183601514],[-1.955420835030287,57.64386130488104],[-1.957063723086281,57.6429415226918],[-1.96057534303839,57.64123572967307],[-1.96450126277373,57.639813300244334],[-1.968762598409445,57.638702797146834],[-1.973273763707626,57.63792651827703],[-1.977944177658092,57.63750004634221],[-1.982680075499178,57.63743194308881],[-1.987386384580274,57.63772357586035],[-1.989720256010764,57.6379590235186],[-1.989769468685703,57.63796595625266],[-1.990013557510239,57.63799827303232],[-1.990038656293086,57.63800160704715],[-1.990088844245518,57.63800829583861],[-1.990113933415119,57.6380116506152],[-1.990863583122387,57.63811221648964],[-1.99327150177247,57.63854146326357],[-1.994262212040369,57.63876403781663],[-1.996629357717194,57.63902233420561],[-2.001702162260935,57.64005689155732],[-2.006395769058693,57.641518340506394],[-2.010586257707225,57.643368114196036],[-2.014162944727893,57.645557391891984],[-2.01703129742736,57.64802838247916],[-2.018881655147706,57.650414411648214],[-2.018813791386878,57.65042953880107],[-2.019185128075021,57.65079135095361],[-2.019392584777392,57.65109751445985],[-2.019953225589663,57.65210512227144],[-2.020096670143929,57.652431595933336],[-2.020110192696752,57.65246237452795],[-2.020242510167783,57.65273939331714],[-2.020500175563169,57.65333897001189],[-2.020527131999816,57.653395664073535],[-2.020542947602288,57.65342919655983],[-2.020678841189232,57.65371966978474],[-2.020730083710889,57.65383227384147],[-2.02082985493091,57.65405782695815],[-2.020878383613459,57.654170776020216],[-2.021035950691669,57.65454863373129],[-2.021118377498106,57.65480281981763],[-2.021167499646704,57.65491499947435],[-2.021176581667399,57.654935801665495],[-2.021492739055859,57.65566295701277],[-2.021523585281864,57.655730858544935],[-2.021581914743974,57.655863635800365],[-2.021727091181593,57.656205723189814],[-2.021795177039574,57.656318249228654],[-2.021809774727295,57.65634878639304],[-2.021865524308101,57.65646884202382],[-2.021973934397439,57.656709353401254],[-2.022026594886815,57.656829809150544],[-2.022069557507553,57.656931220355865],[-2.022085575964569,57.656969416270655],[-2.022117302247783,57.65704584515234],[-2.022133010073363,57.65708407811932],[-2.022153821654144,57.65713526437471],[-2.022221930994296,57.65731122076645],[-2.022351570773998,57.657663828549246],[-2.022413101152495,57.65784047994697],[-2.022447353655378,57.65794457827573],[-2.022514795597933,57.658165627501525],[-2.022639371598527,57.658608557406716],[-2.022696508562938,57.65883043861666],[-2.022703229767542,57.65885918053119],[-2.022781589185946,57.659270944206426],[-2.022902838094492,57.66009596914698],[-2.022945726798675,57.66050923044976],[-2.022954532789001,57.66065429181964],[-2.022963392081925,57.66094006596906],[-2.022964141987944,57.661511620690966],[-2.022956032338904,57.66179740126481],[-2.022949234531332,57.661914440940194],[-2.022924919250928,57.66219347454967],[-2.022860109573037,57.662751001631726],[-2.022819614932673,57.66302949509722],[-2.022808759687113,57.66309165409431],[-2.022740681035979,57.66341732689314],[-2.022582397716112,57.66406712475747],[-2.022492192665341,57.664391249797305],[-2.022464758917544,57.66447884044048],[-2.022421142067047,57.66461195712276],[-2.02233017488695,57.66487782368322],[-2.022282824531418,57.66501057355885],[-2.022245675986602,57.665110633224195],[-2.022223934765017,57.66516820862607],[-2.02217974996025,57.665283281994085],[-2.022157306374975,57.665340779960005],[-2.022121492124953,57.66543105770712],[-2.022047310309863,57.66560913605833],[-2.021892209840337,57.66596444841359],[-2.021811291124726,57.666141682409744],[-2.021741147826035,57.66628882356207],[-2.021702938146774,57.66636749026976],[-2.021625190080656,57.66652463500373],[-2.021585652126456,57.66660311307282],[-2.021546306427134,57.66667982802828],[-2.021414846992454,57.66692270792032],[-2.021139215433594,57.667406387933234],[-2.020995043159981,57.66764718802693],[-2.020978630912661,57.66767332905005],[-2.020857216785402,57.66785989795829],[-2.020606755811129,57.6682315592293],[-2.020477708897992,57.66841665157717],[-2.020459451614947,57.668441984438665],[-2.020235243564136,57.66873736895967],[-2.019767390870918,57.66932368622122],[-2.019523745978866,57.66961461889101],[-2.019502301988162,57.66963905389657],[-2.019082485825196,57.670084808656796],[-2.018197245520808,57.67096312577959],[-2.017731818897225,57.67139568772164],[-2.017715229409645,57.67141016044742],[-2.017330600054388,57.67173029092321],[-2.016536346908261,57.67236152740404],[-2.016126722881308,57.67267263325255],[-2.016056836323612,57.67272339186879],[-2.015883749763647,57.672846867856435],[-2.015533636822022,57.67309220660594],[-2.015356610429349,57.67321406935693],[-2.015083518010431,57.67339876303048],[-2.015037459949272,57.67343003662287],[-2.01476111157528,57.6736220217105],[-2.014713207374306,57.67365514148218],[-2.014496082309738,57.67380453440084],[-2.01436323088548,57.67389474570575],[-2.014288309759918,57.6739449560002],[-2.013058201844206,57.674682154206764],[-2.010454053122248,57.676079613149234],[-2.009080006774228,57.67673986603589],[-2.008912527076724,57.676811835625664],[-2.008815085474627,57.67685339044376],[-2.008619628119852,57.67693611095062],[-2.008521612367955,57.67697727663852],[-2.008431081428488,57.677015008631024],[-2.008217667418178,57.67710249428512],[-2.00778824653003,57.67727562093491],[-2.007572239661598,57.67736126192178],[-2.006324022653883,57.677847887057744],[-2.006365927082859,57.677843921186565],[-2.006391077193909,57.67784167423856],[-2.007048802072012,57.677790066894396],[-2.007894125795751,57.67773287933903],[-2.00792990273027,57.677727335661814],[-2.007950022775963,57.67772598696966],[-2.00813870326917,57.67771392045616],[-2.008516307023382,57.67769093286685],[-2.008597646861945,57.67768608863636],[-2.008656620560964,57.67768265443382],[-2.009028570021321,57.67766323838533],[-2.009213842329832,57.67765468207589],[-2.009672656277545,57.6776368849261],[-2.010754599244382,57.67760289588438],[-2.011316530143451,57.677590301251136],[-2.011450664674425,57.67758850112428],[-2.012023381904176,57.6775860554613],[-2.013168638162178,57.677591636596574],[-2.01374117751923,57.6775996633941],[-2.013799023802205,57.67760100418435],[-2.01411971357939,57.67761008588186],[-2.014760710130391,57.67763153548397],[-2.015081016961735,57.67764390339005],[-2.015193357320189,57.67764882071729],[-2.015213618260626,57.67764971418646],[-2.015254138107449,57.67765151427478],[-2.015274397013848,57.677652420893914],[-2.015423625409827,57.6776591478121],[-2.015575745308809,57.67766637879323],[-2.01587985603161,57.67768158215596],[-2.016031846861556,57.67768955453781],[-2.01605615950216,57.67769088970439],[-2.016224806635051,57.67770127796741],[-2.016447427560289,57.67762922078869],[-2.016709890881219,57.67754600284684],[-2.016959875591605,57.6774683764919],[-2.018268516064036,57.677052485404474],[-2.019320712116709,57.67674476872896],[-2.019329094119695,57.676742521847146],[-2.019368944229919,57.67673185929726],[-2.019564120690552,57.67667976733782],[-2.019754174239579,57.67662984575563],[-2.020135440992369,57.676531291079144],[-2.020326654206558,57.67648265798135],[-2.020351800093434,57.67647636624668],[-2.020743598498828,57.67638159231885],[-2.021531595819803,57.67619745327166],[-2.02192779483086,57.67610808812507],[-2.021954617063737,57.676102253868386],[-2.022227190260858,57.67604444637097],[-2.02277417895472,57.67593139161869],[-2.02284482464794,57.67591688795524],[-2.023192116605982,57.67584606868483],[-2.023327573854038,57.67581812084542],[-2.023501994251002,57.675782076789915],[-2.023564712857772,57.675769193148724],[-2.023690245777985,57.67574356049437],[-2.02375306009185,57.67573081148114],[-2.023935784366854,57.6756939489673],[-2.024235148497094,57.675635289648845],[-2.024835901319797,57.67552102857665],[-2.025137290056666,57.675465426813346],[-2.025162435641369,57.67546093057282],[-2.025245047682628,57.67544628634584],[-2.025371926641233,57.675423990557455],[-2.02578777547879,57.6753497203445],[-2.02586389942581,57.67533609975067],[-2.025942648317435,57.67532212534823],[-2.026100274012468,57.67529438531908],[-2.026144559718664,57.67528662808825],[-2.026386018840206,57.67524453185285],[-2.026386256324822,57.67524492284827],[-2.026935335057124,57.67515301309001],[-2.027094055981308,57.67512821227781],[-2.027121703859785,57.6751237579531],[-2.027479486186839,57.67506790835681],[-2.028001155377278,57.67496740470116],[-2.028515816777065,57.67487327015789],[-2.028612373017453,57.674856540922576],[-2.029564966301598,57.67470801988636],[-2.031484864290335,57.6744414051101],[-2.032452168458061,57.67432331032816],[-2.032513523694678,57.67431683610243],[-2.032582362177146,57.674309652302746],[-2.032720094545531,57.6742954389327],[-2.032788988431998,57.6742884093623],[-2.03298093345113,57.67426904689299],[-2.033103568286423,57.67425692877293],[-2.033349002550212,57.67423318121805],[-2.033471801981817,57.67422155178297],[-2.033569032166736,57.67421254339274],[-2.03399651245714,57.6741759750932],[-2.034853090213801,57.67410875956313],[-2.034901768241676,57.674105282930206],[-2.035568584460097,57.67404063961278],[-2.036040670105706,57.67399859075944],[-2.036244853248596,57.673982004365115],[-2.036765710021939,57.6739441571166],[-2.037809378889459,57.67387722276321],[-2.038008911647125,57.673865073958815],[-2.03839067803711,57.67384306873398],[-2.038458016812144,57.673839260853015],[-2.038601349841278,57.673831312293025],[-2.039081487148763,57.67380841758546],[-2.040042790013343,57.673770027707896],[-2.04052395575836,57.67375453252967],[-2.040668969335145,57.67375098235802],[-2.041161313858805,57.6737428087755],[-2.042146237864246,57.673734208884945],[-2.042638817548692,57.673733782574566],[-2.042701183903068,57.673734219380805],[-2.042880987953545,57.67373599534122],[-2.043240550171078,57.67374057972892],[-2.043420308347988,57.673743388156275],[-2.043496087869096,57.673744789989094],[-2.043685750635339,57.67374887439188],[-2.044064977785001,57.67375819257268],[-2.044254542179975,57.67376342635093],[-2.04433015521157,57.67376574392645],[-2.044731471100042,57.6737806337224],[-2.045533321388459,57.67381556409217],[-2.045933855897411,57.67383560467072],[-2.046009639254481,57.67383988827901],[-2.046178165271208,57.67384987586128],[-2.046515020390123,57.67387076299448],[-2.046683349500362,57.67388166254593],[-2.046757457428623,57.673886664906085],[-2.047216468857596,57.67392110741714],[-2.048132541582114,57.67399677254344],[-2.048589603038764,57.674037995172405],[-2.048599663411076,57.674038979308285],[-2.048755278295269,57.67405460907803],[-2.0490662259819,57.674086654698876],[-2.04922155879059,57.674103070550636],[-2.049318978430728,57.67411362221709],[-2.049601491197707,57.67414558025751],[-2.050165448894066,57.674212096467436],[-2.050446893860521,57.67424665464154],[-2.050596298037131,57.67426572643324],[-2.051086274916569,57.674332470154816],[-2.052062254198491,57.6744738368703],[-2.052548256736772,57.674548459885465],[-2.052670839609307,57.67456835782652],[-2.052784889537145,57.67458710817215],[-2.053012737795862,57.67462504288387],[-2.053126536129171,57.674644227250354],[-2.053247276451141,57.67466483500881],[-2.053480200185438,57.6747055965389],[-2.053944914531368,57.674788938307536],[-2.054176704787392,57.67483151846674],[-2.054295773347357,57.67485391361678],[-2.054396306086501,57.674873015002355],[-2.054597143012241,57.67491155983114],[-2.054697447200494,57.67493100327468],[-2.054816517797016,57.67495431412718],[-2.05500886728662,57.674992687395786],[-2.055392676231697,57.675070691787816],[-2.055584135698605,57.675110322913994],[-2.055703210206121,57.67513542040533],[-2.055741151978861,57.67514344598237],[-2.055815972709833,57.6751593286768],[-2.056024857052934,57.67519091352465],[-2.056152316175276,57.67521047793612],[-2.056416774925297,57.6752516776288],[-2.056497707594973,57.6752644042776],[-2.056659452572184,57.67529007539973],[-2.056740264880608,57.675303019873276],[-2.056924231462451,57.67533275760983],[-2.057022607479932,57.67534883626271],[-2.057219173815764,57.67538131636484],[-2.057317364135704,57.67539771781439],[-2.057392217315223,57.67541035612489],[-2.057563408367083,57.67543642946447],[-2.057726869858411,57.67546180639791],[-2.058019506955096,57.67550810068584],[-2.058100400333505,57.67552101632679],[-2.058262064865237,57.675547065483144],[-2.058342836019446,57.67556019899871],[-2.058598918225203,57.67560221542781],[-2.060786149360498,57.676052816684056],[-2.061283646049095,57.67617732748973],[-2.061538238865969,57.67621913980993],[-2.061634571154677,57.676235985324034],[-2.062065793375823,57.67630880537098],[-2.064675471427925,57.67688277197034],[-2.069678540650794,57.67825683526839],[-2.072071956107146,57.67905694007746],[-2.072105517834021,57.6790703852489],[-2.07265697210154,57.679301065471776],[-2.073741456916371,57.679774542162306],[-2.07427448758617,57.680017338786655],[-2.074304699305104,57.680031692559695],[-2.074668385343309,57.68020966118254],[-2.075051982088325,57.68040298280857],[-2.075092031816799,57.680420004502565],[-2.075327554111929,57.68045610828736],[-2.076079937606057,57.68057656241631],[-2.07645481475024,57.680639147434185],[-2.076460014804162,57.680640051479756],[-2.077038266215569,57.68074686351683],[-2.078187122490069,57.680971705870704],[-2.078757727662272,57.68108973625581],[-2.078810237749908,57.6811011916638],[-2.079157812169097,57.68117946825264],[-2.079849592134192,57.68134018493378],[-2.080193797744835,57.68142262504422],[-2.080244298774962,57.68143508715076],[-2.08039228734769,57.68147207501307],[-2.080687585918766,57.681546820465876],[-2.080834895922001,57.681584578057915],[-2.080960566043317,57.68161719263763],[-2.081444560519979,57.681748015810996],[-2.082103200231609,57.6819332557989],[-2.082224355044757,57.681908062609956],[-2.082607134446288,57.68183132759307],[-2.082891305636419,57.68177646479442],[-2.083466908883183,57.68165518954674],[-2.083490374636682,57.681650682833904],[-2.0840040764776,57.681557018868475],[-2.085036861193116,57.681378637194214],[-2.085555944274777,57.68129391977125],[-2.085579411655957,57.68129031091319],[-2.086688544067284,57.68114146625688],[-2.08892314202379,57.680884581870366],[-2.090048609985375,57.68077654185918],[-2.090107287644225,57.680772008744995],[-2.090675564311128,57.68073340076379],[-2.09087608695314,57.68072163735844],[-2.09127016517399,57.680663925688584],[-2.091597241334435,57.68061791882642],[-2.09166077108786,57.68060934842039],[-2.092364021388382,57.680523048654415],[-2.093776791741615,57.680366721872936],[-2.094486312405715,57.68029669478924],[-2.094732579035977,57.68027531160849],[-2.094829093306657,57.68026708574387],[-2.095022209575664,57.6802509352558],[-2.095118811575565,57.68024301063222],[-2.095184193028215,57.680237751513246],[-2.095530042591516,57.68021190128632],[-2.096222670225191,57.68016406158431],[-2.096569448368617,57.680142072104246],[-2.096648245697754,57.680137520522145],[-2.097042390985393,57.68011727150327],[-2.097831463012796,57.68008176077736],[-2.098099672913071,57.680071396102136],[-2.098367571355569,57.68003384990813],[-2.099147371922836,57.679929887972],[-2.099538433333288,57.679880407946925],[-2.099628949886355,57.67986956663037],[-2.099891273320488,57.67983932582125],[-2.100416788673364,57.679781095093624],[-2.100679980623558,57.67975310517159],[-2.100768824717672,57.67974405184801],[-2.101085895367582,57.67971342923964],[-2.101654798497259,57.67966150050933],[-2.102149542297329,57.679604262190146],[-2.10247816992239,57.679568080592034],[-2.102530134434516,57.67956264893189],[-2.102792471427018,57.67953638663726],[-2.103317891343229,57.679486100392786],[-2.10358097429856,57.67946207643992],[-2.10367484982185,57.679453915150695],[-2.10405786789949,57.67942304364658],[-2.104825131148214,57.67936604467254],[-2.105209376418455,57.679339917195456],[-2.105283140638717,57.6793353644209],[-2.105588558734054,57.6793180301109],[-2.106199935547865,57.679286358863884],[-2.106505894316764,57.67927202192445],[-2.106571279788562,57.67926928092137],[-2.106683940959861,57.67926476252077],[-2.106909317493941,57.67925613215772],[-2.107022032859252,57.67925202019519],[-2.107048858214531,57.67925109019145],[-2.107360849061217,57.67924183633694],[-2.10798509806681,57.679226442343065],[-2.108297356279596,57.679220302202474],[-2.108491851340814,57.679217449151594],[-2.108594716550093,57.67921610928926],[-2.108800460359549,57.67921376749057],[-2.108903338961655,57.67921276555422],[-2.109258931064574,57.67920988643249],[-2.109550749333964,57.679207181284674],[-2.109813679521348,57.67920584794767],[-2.109900870536713,57.67920577191913],[-2.110308458060698,57.67920806976468],[-2.111123408714207,57.67921796824599],[-2.111530771963726,57.67922556888355],[-2.111668276627444,57.67922903102379],[-2.111823055324268,57.67923342621526],[-2.112998495728751,57.67863580835157],[-2.114460530832059,57.67768947443478],[-2.116671475361153,57.67650355028307],[-2.116710719217355,57.676486106239096],[-2.118769717071415,57.67570318508305],[-2.12308358779677,57.6743117649334],[-2.125338487458038,57.67370326186717],[-2.125379312986305,57.673694239040096],[-2.127529142312564,57.67330795342272],[-2.131906304496918,57.672694230808624],[-2.134133655102724,57.67246679114729],[-2.134177651272787,57.67246393287612],[-2.137535036108241,57.67242729257021],[-2.139768242848723,57.672523118926804],[-2.139765371070759,57.672542327792435],[-2.140320841652205,57.67256521008861],[-2.14032357253056,57.672546941785654],[-2.144196123715933,57.67271300008243],[-2.147499890996017,57.67303535014673],[-2.147557832298442,57.67304429151459],[-2.147842585576945,57.67308970136984],[-2.148410547525741,57.673183215680645],[-2.148693756234719,57.67323132014306],[-2.148792051074693,57.6732485308791],[-2.149335528034008,57.67334924775491],[-2.150415723788483,57.67356060219506],[-2.15095244284292,57.67367123981623],[-2.151033614341884,57.67368883414286],[-2.151668466407593,57.67381223833363],[-2.151853620996369,57.67385302830741],[-2.15418768425064,57.674485386666454],[-2.158644153365817,57.6759368034312],[-2.162625432271291,57.6777417801997],[-2.163567992006546,57.678326462339726],[-2.163656010902883,57.678377093038456],[-2.164226003797044,57.67873160090303],[-2.163652258426392,57.67725136489393],[-2.163311898731104,57.67511848535601],[-2.163392556672263,57.673854798118505],[-2.163383112624983,57.673624765679484],[-2.163479974785548,57.67244316029261],[-2.163481451558405,57.6724359815845],[-2.163628359495523,57.671881308314376],[-2.163986410692916,57.670777945713134],[-2.164197552052455,57.670229256191966],[-2.164202365075146,57.670218462273276],[-2.164235481558331,57.670145542571916],[-2.164302849982009,57.6699998539222],[-2.164337101918207,57.66992708497317],[-2.16438144457972,57.66983451025651],[-2.164442733159619,57.66971025507425],[-2.16456862066042,57.66946222714992],[-2.164633219560292,57.66933845440447],[-2.164638040446107,57.66932946588349],[-2.164840623472799,57.668978890117465],[-2.165272333787494,57.66828246386881],[-2.165501460620595,57.66793661329388],[-2.165514785221287,57.667917733118855],[-2.165755195016441,57.6675959852501],[-2.166074559814086,57.66719136180009],[-2.166352415961299,57.66680063100595],[-2.166470119567197,57.66663977605186],[-2.166711275979087,57.66631930878984],[-2.166834729222493,57.66615969659677],[-2.166862028364989,57.66612533940073],[-2.168512255271112,57.6645238760294],[-2.170410907985791,57.663057190996334],[-2.171644346275738,57.661889568422566],[-2.171647687661635,57.661887318320545],[-2.171776855105462,57.661801424039666],[-2.172037146677999,57.66163049172931],[-2.172168270803626,57.66154545369582],[-2.172230094719771,57.661505856506],[-2.172703936559746,57.661215282413714],[-2.173674447220469,57.66064530479716],[-2.174171115980975,57.660365901098714],[-2.174223270157465,57.66033779555809],[-2.174707066682526,57.660093295423074],[-2.174705634218101,57.6600924881738],[-2.174771963369089,57.66005867634677],[-2.174895259436623,57.65999818554817],[-2.175005829791008,57.65994230453924],[-2.175103167051209,57.65989618239542],[-2.175244028955208,57.659827072533396],[-2.176639130846441,57.659168377352756],[-2.177444847915378,57.658811237959526],[-2.177459565478818,57.65880511832527],[-2.177760524334341,57.65868286348467],[-2.17836749876954,57.658442017287456],[-2.178673514376805,57.65832342590668],[-2.178689739650471,57.65831728602876],[-2.180033966219567,57.65785832317899],[-2.18279758184439,57.657010874317],[-2.184216974707569,57.65662238647194],[-2.184264339723565,57.656610909880065],[-2.184601748682852,57.65653153762549],[-2.185279736184325,57.65637678595067],[-2.185620314791431,57.656301406486016],[-2.185669192100826,57.65629092413357],[-2.186002815978434,57.65622157932673],[-2.186672746046273,57.65608672135537],[-2.187009052296847,57.656021208176696],[-2.187013907120843,57.65602029377257],[-2.188000736752273,57.65585258862477],[-2.18999180498532,57.65555013891454],[-2.190996045239033,57.655415394079895],[-2.191010782068159,57.65541367412072],[-2.191070027732009,57.65540681957855],[-2.191188564851184,57.65539322532643],[-2.191247856306866,57.65538648561648],[-2.191264100629129,57.65538465555511],[-2.192166402469721,57.65531685455387],[-2.19259147942146,57.65527655613026],[-2.193733608585419,57.65517913592173],[-2.194306239087418,57.655135705355356],[-2.194441751045754,57.65512670292125],[-2.19462290540657,57.65511520444474],[-2.194985436517274,57.65509326453726],[-2.195166813277523,57.655082823105666],[-2.195215895340092,57.65508014230416],[-2.1955196102755,57.655065049166],[-2.195900589895086,57.65504798850853],[-2.196164031154571,57.65502351280385],[-2.19688156295819,57.65501191528884],[-2.197000606184676,57.65500844604531],[-2.197000762505102,57.65500998826353],[-2.200887441574345,57.65494709307164],[-2.206141271248013,57.65526166218286],[-2.211236904419715,57.656016348130244],[-2.212900134604042,57.65642299736026],[-2.215401509538083,57.65683657285567],[-2.215872989918931,57.656967814737435],[-2.220315987055482,57.65638104566469],[-2.222387272884485,57.65627028417793],[-2.222354747303499,57.65623977333167],[-2.222274263940078,57.65616341200209],[-2.222262128288189,57.656151765446076],[-2.221326341978514,57.65509822882258],[-2.219717604018669,57.65293499654567],[-2.219044639173012,57.65182530424147],[-2.219035815571323,57.6518067263072],[-2.218831365111561,57.651320124280076],[-2.218473179765232,57.65034158441951],[-2.218335228027223,57.64990902242459],[-2.21828035737539,57.64970744269619],[-2.218272502238338,57.64967825369705],[-2.218246480675505,57.649580423448754],[-2.218233720894709,57.64953148913503],[-2.218170655715272,57.64928468049455],[-2.218147464615625,57.64919416517858],[-2.217795831888114,57.64899996632105],[-2.217625522458215,57.6489004675851],[-2.217450937676762,57.648796865258795],[-2.217104795963075,57.64858821743284],[-2.216933239027191,57.648483171941365],[-2.216614414195953,57.64828486205502],[-2.216581075816483,57.64826406119062],[-2.21651451779051,57.648222404955064],[-2.216481298143971,57.648201549583995],[-2.215810337201219,57.64777900706793],[-2.214298063084251,57.646663222417565],[-2.211449126827531,57.64418019443449],[-2.209370954874533,57.641437551233494],[-2.208148644697253,57.638511419583956],[-2.207854368198552,57.63551692195708],[-2.208496153716617,57.63253808761252],[-2.210055773927854,57.62965847541822],[-2.210568141526899,57.62909011594161],[-2.208912123413123,57.629471173630165],[-2.208866067008333,57.62947920669498],[-2.208748207290181,57.62951478432125],[-2.206103637213379,57.63015806514388],[-2.206031711555367,57.6301716649194],[-2.203721404900641,57.63051102717642],[-2.199034057066529,57.631009320686026],[-2.194262062099015,57.631143576273665],[-2.189503215905551,57.63091104244883],[-2.184855041577222,57.630316483790295],[-2.180412746408338,57.629372091015924],[-2.176267371449085,57.62809720989849],[-2.172503815807277,57.6265179621335],[-2.169199128301031,57.6246667020369],[-2.166420904283532,57.62258136094977],[-2.165404130273357,57.62168949509686],[-2.16430403793621,57.621256783187334],[-2.160374550782789,57.61907584070462],[-2.157188285099106,57.61657010765327],[-2.154836662434116,57.61381160250144],[-2.153387064067948,57.61087959795491],[-2.152880917151682,57.60785832811362],[-2.152867207727251,57.60633614077262],[-2.152958011256358,57.605728187883756],[-2.152963082947414,57.60569359520529],[-2.152984151684546,57.60555154388623],[-2.152985616607485,57.60554173823788],[-2.152988481612775,57.60552269184304],[-2.152989923549814,57.60551316905442],[-2.153171042363288,57.604324818866985],[-2.153330871722588,57.60317183542776],[-2.153381171703014,57.602786902317476],[-2.153384322361709,57.602763238584615],[-2.153390740083746,57.60271591566831],[-2.153394007146934,57.6026922564848],[-2.153400991677652,57.60264256649065],[-2.153402576925443,57.60263138164168],[-2.153405773436226,57.602609013015226],[-2.153407384699203,57.60259782923771],[-2.153409823452115,57.60258103821777],[-2.153839629284553,57.60114223905404],[-2.155126810989066,57.59832087231558],[-2.156317840267793,57.59681927118493],[-2.156787774312622,57.59582610681427],[-2.158995678762674,57.59312570105353],[-2.161998870460927,57.590656490806154],[-2.165715770791094,57.588485423401465],[-2.169555010098954,57.58687687296919],[-2.169623799568067,57.58692422371775],[-2.170085462658625,57.58671259077776],[-2.170033098853857,57.58667654683001],[-2.170045503947622,57.58667134886193],[-2.170653166487183,57.58645234156484],[-2.171065377495426,57.586263370103225],[-2.171198917279947,57.586219432263846],[-2.17152916607409,57.586113556688],[-2.171914640982738,57.585993180981006],[-2.171918141994384,57.58599641466815],[-2.172030055190393,57.58595607736336],[-2.172184020026913,57.585908780059086],[-2.172196923470852,57.585903141684206],[-2.172426717979605,57.58583150693998],[-2.172693210770131,57.58575017541099],[-2.173228923314224,57.585590147246286],[-2.173498143094602,57.58551145059899],[-2.173526202289705,57.5855034265767],[-2.173872158153724,57.58540725402806],[-2.174568141228337,57.585219259613645],[-2.174918168501154,57.58512743772539],[-2.174946899487171,57.58512012206226],[-2.175262953208555,57.585041798802585],[-2.175898023141069,57.58488869947824],[-2.176217039401685,57.58481392339866],[-2.176246441862406,57.584807226284425],[-2.176663218955032,57.584715829016076],[-2.177501196295841,57.58453908824835],[-2.177922396662066,57.584453744719546],[-2.177952137494667,57.58444796293333],[-2.178304277561228,57.584381880325644],[-2.179011210460622,57.584253946690346],[-2.179366003366416,57.58419209564782],[-2.179396248985265,57.584187022410845],[-2.17985431973909,57.5841140275752],[-2.180774151504806,57.583975090946716],[-2.181235912681097,57.58390914912676],[-2.181266329934562,57.58390505427501],[-2.181649166116088,57.58385607906986],[-2.182416875143121,57.58376297701309],[-2.182801748085835,57.5837188501489],[-2.182832837667964,57.58371549049933],[-2.183239284110932,57.583674369620276],[-2.184053943391427,57.58359753486985],[-2.184462156346445,57.583561820986866],[-2.184488234869459,57.58355971682388],[-2.184542098928599,57.583555390393705],[-2.184655143839456,57.583546527681406],[-2.184875761097051,57.58352964414688],[-2.184986122009539,57.58352139960088],[-2.185012535862611,57.5835194744777],[-2.185219867678512,57.583505071552324],[-2.185634849872073,57.58347765782797],[-2.185842500264847,57.58346464702796],[-2.185869083065664,57.583463071788515],[-2.185925944952309,57.58345975510759],[-2.18603968948289,57.583453226138694],[-2.186096572127135,57.58345001385067],[-2.186122988223014,57.58344854659267],[-2.186174848068414,57.583445709936285],[-2.186278583946399,57.58344012339432],[-2.186330459979222,57.583437373508765],[-2.186357043709036,57.58343598679502],[-2.186496180474117,57.58342904379889],[-2.186774557010115,57.583415781997765],[-2.186913796785611,57.58340946319256],[-2.187356042687454,57.583390391802126],[-2.188031683977334,57.58336863287493],[-2.18951366376286,57.583337042508695],[-2.189519230573691,57.583412357518796],[-2.192425179359047,57.58330236715283],[-2.19811084323431,57.583612741958895],[-2.203614318136186,57.58444010031404],[-2.206412807089694,57.58515611193366],[-2.207698982337967,57.58538853245975],[-2.207796641556462,57.585415947864014],[-2.208058560191243,57.585491071847265],[-2.208579876204939,57.58564380380085],[-2.20883927360874,57.58572141178155],[-2.208885514174891,57.58573553652647],[-2.209498843288726,57.58593231089365],[-2.210709314999631,57.58633973956443],[-2.211306457876048,57.58655039402227],[-2.211488480327578,57.58661763719514],[-2.212094671836387,57.58685246068014],[-2.2121794018052,57.586886853979614],[-2.212328392880029,57.58694237752325],[-2.213533144618697,57.58740457475171],[-2.213529023392127,57.58740767325314],[-2.21476604448566,57.58796762236951],[-2.215980610392622,57.58823936339594],[-2.22087617738055,57.589922047519636],[-2.223871325348286,57.59140227255796],[-2.227011853993007,57.592753189322316],[-2.230855279290647,57.59510413508742],[-2.233878048361524,57.59777845108635],[-2.235987681195184,57.60069448398445],[-2.236693503916036,57.60260819307346],[-2.239003361504412,57.60146734970409],[-2.242596516812096,57.60011274383068],[-2.244476124525575,57.599498951906014],[-2.244511694146645,57.59948899346074],[-2.247077222178591,57.598910777302684],[-2.252351082130513,57.597990455800975],[-2.255059443759629,57.59764834423015],[-2.25520223707868,57.59763692673657],[-2.255247112281043,57.59763335711112],[-2.25580967217764,57.597588928274],[-2.255859004172305,57.59758505481952],[-2.256320664453428,57.59754909404054],[-2.257488239291309,57.59745590990145],[-2.257517600473926,57.59745358073141],[-2.25757633047855,57.59744895034179],[-2.257605699300576,57.59744664912225],[-2.257949571103477,57.59741987145999],[-2.258200315563005,57.59739914772548],[-2.258258151511338,57.597394423144145],[-2.25837385378071,57.597385082518784],[-2.258431720102065,57.59738046647469],[-2.258604776434632,57.59736682746509],[-2.258858589410082,57.59734788837979],[-2.259366725123356,57.597312098206636],[-2.259621047889893,57.597295247116705],[-2.259649475861004,57.59729348205254],[-2.262888452241294,57.597261859788965],[-2.269317090328137,57.5975341294756],[-2.272506810597523,57.597838025221435],[-2.272644866793692,57.597858744414204],[-2.272951844095624,57.597902829750424],[-2.273446511829196,57.59797405281383],[-2.273484806544893,57.597979581198025],[-2.274636084425106,57.598146385942975],[-2.276239776059537,57.598425973285174],[-2.279386681287306,57.599070335292694],[-2.280555372430142,57.59933731189319],[-2.280878908735702,57.59941913851038],[-2.28098368437693,57.59943209563713],[-2.281677645539127,57.59952634889687],[-2.281757710452803,57.59953820693563],[-2.282154930289513,57.59959988223929],[-2.282946413878119,57.599728480572026],[-2.283340677666361,57.59979540356648],[-2.28335575626078,57.599798073479725],[-2.283834828413356,57.599890889602584],[-2.286605437366712,57.59987753404396],[-2.291361552880423,57.6002240967861],[-2.295976053201293,57.60093316131723],[-2.30035362612299,57.601990083077624],[-2.304403840875037,57.60337301414877],[-2.308042992905566,57.60505340291568],[-2.308627291396043,57.60541353547346],[-2.308772982009869,57.605489883199695],[-2.309925555858269,57.606124419415735],[-2.310487269984154,57.60644931868422],[-2.310499044914182,57.6064564756324],[-2.310810931085965,57.60665160109216],[-2.311424181794008,57.60704656124558],[-2.311725546295549,57.60724639598986],[-2.311737329347699,57.607254442065205],[-2.311978188255684,57.60742528884833],[-2.31424247665631,57.60821190722738],[-2.317732217837256,57.6098304016376],[-2.318496632818828,57.61029820841872],[-2.318836547096168,57.610439668854795],[-2.318963035263267,57.61051193573467],[-2.319081925800416,57.61058057554059],[-2.319318367375975,57.61071851684429],[-2.319435918413637,57.61078781834454],[-2.319530638497518,57.6108442483093],[-2.320318657949032,57.61134984011948],[-2.321823554035166,57.61239066445347],[-2.322540429878772,57.61292589781912],[-2.322582574428473,57.612959932075775],[-2.322674896008106,57.613035305283894],[-2.322858125304613,57.61318654523854],[-2.322949033018162,57.613262411987094],[-2.323172191402059,57.61345071813127],[-2.323393652622271,57.61359400595192],[-2.323734450827187,57.61382195010225],[-2.323857391554776,57.61390697615754],[-2.324458599294573,57.614350042051264],[-2.324861162192105,57.61466656897708],[-2.325216538074335,57.614873026165235],[-2.326691318068989,57.61586127114689],[-2.326728569782826,57.61589019674509],[-2.327208284711875,57.61628438788591],[-2.328128602363098,57.61708570627819],[-2.328569202169759,57.61749283608535],[-2.32861615413797,57.61753896365055],[-2.329649655550377,57.61876437325161],[-2.331364236330798,57.62128424518876],[-2.332045294881786,57.62257871231701],[-2.332091787641417,57.62270164719006],[-2.332230718948931,57.62311941012807],[-2.332471658151029,57.62395798993397],[-2.332573665227067,57.624378806873366],[-2.332594028701954,57.62448177988483],[-2.332620551910057,57.62463415003056],[-2.332663833378078,57.624780252497544],[-2.332681909542424,57.624852691778734],[-2.332771869970975,57.62529698677999],[-2.332910493030047,57.62618742705369],[-2.332959154649194,57.62663357237312],[-2.332961116539212,57.62666491530764],[-2.332970503911862,57.62694563787912],[-2.332972919273569,57.62750710318025],[-2.332965947008135,57.62778784591068],[-2.332964515854601,57.62781435634628],[-2.332934660898146,57.62815010919458],[-2.332851551754334,57.62882078038257],[-2.332798297133944,57.62915569870782],[-2.332754805569869,57.62937964231521],[-2.332732230793494,57.62948933833753],[-2.332600015012874,57.6300975109647],[-2.332594513940287,57.63034530443993],[-2.332591412809525,57.63037234921226],[-2.332509186478704,57.63086637218196],[-2.332294014098288,57.631851229793035],[-2.332161066682791,57.63234206435117],[-2.332133544349046,57.632427099919305],[-2.332039284997396,57.63269426769902],[-2.331968519825639,57.632879453149314],[-2.332465257728786,57.6332322608455],[-2.332623832633108,57.63337934561777],[-2.333746966308981,57.63410889336836],[-2.336265388840101,57.6363388495619],[-2.338154010192794,57.63874119181855],[-2.339372736217183,57.64126508070065],[-2.339795377712032,57.64336024571181],[-2.341506583810132,57.643257816267365],[-2.343128254653182,57.643229955675245],[-2.343127482727408,57.6432191670075],[-2.343607957894456,57.64320928154638],[-2.344099002517827,57.64321326808663],[-2.344154622876063,57.64321231172177],[-2.344236643193731,57.643214385178645],[-2.345399112313861,57.64322381380205],[-2.345835039977599,57.643239876733226],[-2.345875437061138,57.643241223729646],[-2.345928577740314,57.64324304109848],[-2.346034848072394,57.64324676634234],[-2.346087977725605,57.64324867421739],[-2.346142772769789,57.643250688788434],[-2.348178104963763,57.64339309416057],[-2.352201073643353,57.64381022237926],[-2.35609882707063,57.644487932231605],[-2.357483830444026,57.64483405529193],[-2.357467964784784,57.64485230870257],[-2.35788824209183,57.644921889423955],[-2.358848894749677,57.645175174086226],[-2.359812915664107,57.64541606254059],[-2.360333663051884,57.64556765770695],[-2.360335960499548,57.64556516091595],[-2.362625595460794,57.64617083910119],[-2.366900093018776,57.64779019777997],[-2.367475034879687,57.64809026828178],[-2.368295064258188,57.64827614765929],[-2.373166228419826,57.64996466581962],[-2.375464628102929,57.65092274874418],[-2.375508077965597,57.650944356740304],[-2.375760844348835,57.65108831194005],[-2.376014865185269,57.6510671148526],[-2.376037904109721,57.65106520111488],[-2.376083986896686,57.65106139081562],[-2.376107030759218,57.65105949425403],[-2.376287827773712,57.65104468312024],[-2.376356617746414,57.6510403568064],[-2.379403880131414,57.65053525984954],[-2.38112988661114,57.650302184156345],[-2.381200177246306,57.650294795278185],[-2.381698768470823,57.65024656775749],[-2.382698439040697,57.65015821117516],[-2.383199518604391,57.65011808209305],[-2.383264810645434,57.650113392928326],[-2.383425497644788,57.65010227625971],[-2.383747064345092,57.650080875910966],[-2.383907944053355,57.65007059223031],[-2.384365874710092,57.65004252272215],[-2.384675472691514,57.65002510510323],[-2.385432782957034,57.649986306013545],[-2.385835294754445,57.64996830440793],[-2.3860240372468,57.64996108989731],[-2.386920391868693,57.64993973697508],[-2.387408396688546,57.64993512278171],[-2.387722114251619,57.64989882649687],[-2.38776167170557,57.649894276536635],[-2.387840806961445,57.649885227805036],[-2.387880384763463,57.64988072903366],[-2.38839874064252,57.64982215730349],[-2.388417257637546,57.64981997125377],[-2.38845799191238,57.64981519078877],[-2.388902425351092,57.649763342984635],[-2.389188206252214,57.64973139820718],[-2.389760760095944,57.649670181240936],[-2.390047533738513,57.6496409089981],[-2.390142931702124,57.64963163215366],[-2.390404240919479,57.649607364789034],[-2.390927542098482,57.649561049029074],[-2.39118953409117,57.64953900063083],[-2.392004413128302,57.64947395811394],[-2.392031122077015,57.649471832702226],[-2.392870641840803,57.64940531041761],[-2.392902728292402,57.649402784881154],[-2.392966910240123,57.64939776708811],[-2.392999005736306,57.64939527483148],[-2.393231369826348,57.64937735429409],[-2.393326336035168,57.6493695405642],[-2.394521782378491,57.64929462410308],[-2.397008051998621,57.64918714038968],[-2.398256698392358,57.649158216301274],[-2.398268425623633,57.64915817933104],[-2.399133761969454,57.64916743474189],[-2.400862391190413,57.649209875088644],[-2.401725685288399,57.64924306003111],[-2.401951993195376,57.64925491533139],[-2.401986124618948,57.64925672220566],[-2.40205438050574,57.64926037338384],[-2.402088504969031,57.649262217687784],[-2.402539456138008,57.64928683909778],[-2.402591498410755,57.64928972446538],[-2.402695565920945,57.64929558225595],[-2.402747591158633,57.649298554678886],[-2.403192730097117,57.64932436340246],[-2.403759554914171,57.64930837918525],[-2.406308788808108,57.64934064310791],[-2.4065158235699,57.64935175280516],[-2.406613542354591,57.649357151556664],[-2.406808919289312,57.64936825593274],[-2.406906577440979,57.649373961557366],[-2.407423615693596,57.64940499055849],[-2.407461464797489,57.64940728526995],[-2.40753715319097,57.64941192078803],[-2.407574992480654,57.64941426159467],[-2.407734937028105,57.649424254714724],[-2.408592520748324,57.64948992058265],[-2.410300221446701,57.649644912989146],[-2.411150339509677,57.64973423962348],[-2.411260059491267,57.649747355907586],[-2.411735399738706,57.649808092810616],[-2.412682579072018,57.64993696760706],[-2.413154418340112,57.65000510552665],[-2.413234978439896,57.650017417236214],[-2.413351903194536,57.65003553277024],[-2.413585504501944,57.650072218419155],[-2.413702181057408,57.650090788534506],[-2.413789463331016,57.650104865353605],[-2.414883799557023,57.65030365934863],[-2.41704435042145,57.650741184671176],[-2.418110567117151,57.650979916477574],[-2.41817727187005,57.65099632191778],[-2.418618728859095,57.651109102756976],[-2.419495323552869,57.6513415190116],[-2.419930461407087,57.65146115439202],[-2.42002392628002,57.651487781651696],[-2.420238645888398,57.651550032402774],[-2.420351603745425,57.6515833529364],[-2.420663916372484,57.65159687052726],[-2.42194407521906,57.65166555656382],[-2.422582926410306,57.651706484525704],[-2.422779129834896,57.65172110713935],[-2.422801831648074,57.65172290890901],[-2.423682797104827,57.651725407581914],[-2.427291761672687,57.65194668029646],[-2.432032780456983,57.65252151343713],[-2.432103249036103,57.65250363520558],[-2.435247260423437,57.65180841932593],[-2.4368522116469,57.651503656385614],[-2.436935490943175,57.651490353066684],[-2.437282226055634,57.65143713524745],[-2.437977749712216,57.65133471028433],[-2.438326538327487,57.65128550312919],[-2.438371702698214,57.651279409136535],[-2.439312044259841,57.65116782827956],[-2.441203117206619,57.650973796371495],[-2.442153850056377,57.65089134516335],[-2.442208422905159,57.65088747142975],[-2.443820744863679,57.65085006834668],[-2.443857896891583,57.65084779404165],[-2.443857018459038,57.65084040586469],[-2.444132213024503,57.65083100111094],[-2.444794668408425,57.650790444773435],[-2.444809070108624,57.65078985513465],[-2.44588349943311,57.650771136887926],[-2.446273904864586,57.65075778832762],[-2.447636755163157,57.65074097359079],[-2.447918934562013,57.65074364730775],[-2.448501680722947,57.650754607773614],[-2.449892093043098,57.650793745593575],[-2.450664447274573,57.65082509143364],[-2.450705523044526,57.650827271333526],[-2.450734976657848,57.65082884225997],[-2.450974233593127,57.650841690353126],[-2.452648623868941,57.65097771848757],[-2.455963284645136,57.651339633563275],[-2.456637705864561,57.65143251294349],[-2.456729907450796,57.65143908206769],[-2.457307032668013,57.65148294106758],[-2.457595240007123,57.651506215184014],[-2.457667179362888,57.65151236804628],[-2.457920218952404,57.651535076188715],[-2.45842562083307,57.65158256549071],[-2.45867798315218,57.651607346652874],[-2.458708298589368,57.651610452286384],[-2.459082107131881,57.65165111575113],[-2.459827903280529,57.65173699069292],[-2.460199890975758,57.651782202180264],[-2.460318642259612,57.651797398903675],[-2.46253691876979,57.65217013672133],[-2.464394261047209,57.65255992793326],[-2.464678239064626,57.65255594680547],[-2.464720125609003,57.65255579278818],[-2.465019190526641,57.65255612359229],[-2.4656172617688,57.652559644583675],[-2.465916268140353,57.652562834771],[-2.465963192593081,57.65256355999901],[-2.46646303762349,57.652575290402865],[-2.467461852696059,57.652606740714866],[-2.467960822957014,57.65262646062899],[-2.46799603096716,57.65262813569809],[-2.468768533879931,57.65267459069507],[-2.469011820109817,57.65269229215412],[-2.469857313520202,57.65263487768738],[-2.47142456648857,57.65256829318848],[-2.471464435539255,57.652567605510704],[-2.472675833816281,57.652570193655066],[-2.475095119285001,57.65262225076557],[-2.476303009551081,57.65267171980101],[-2.476340739368071,57.65267400281102],[-2.477034152623912,57.652723838745736],[-2.478416499952478,57.65283897403051],[-2.479105434591955,57.65290427342975],[-2.479172215609762,57.65291137674263],[-2.479627925318366,57.65296338879738],[-2.480536474794957,57.65307418054991],[-2.480989314721436,57.653132960268344],[-2.481055956432086,57.653142138034504],[-2.48189920598196,57.65327096354781],[-2.483571997554239,57.65355206941464],[-2.484376315875342,57.653699719516005],[-2.485039321918066,57.65338673102165],[-2.489177591721493,57.65195094476436],[-2.493664536451968,57.65085695729773],[-2.498402636111449,57.65012853882197],[-2.503288937806119,57.64978151493935],[-2.508217282488274,57.649823424608655],[-2.508909295404254,57.64988461286499],[-2.513599511067562,57.64915094285429],[-2.518543209419932,57.648792240505905],[-2.523531398882471,57.64883196680294],[-2.52845304113394,57.64926923629283],[-2.533198578895242,57.65009431582856],[-2.537662358811697,57.65128883620067],[-2.5377764427323,57.65133179974742],[-2.53952562310879,57.65128777597088],[-2.54047404241903,57.651203085857944],[-2.540546821310067,57.65120277455151],[-2.540805173868003,57.65120273702068],[-2.541321849333278,57.65120479603268],[-2.541580172270806,57.65120689257547],[-2.541784418956157,57.65120939440032],[-2.54333379727011,57.651267621564195],[-2.543698793261065,57.65127225241099],[-2.543898328955425,57.65128237016932],[-2.54475247291816,57.65133757176564],[-2.545831779767658,57.651422440076836],[-2.545915659276516,57.65142114606749],[-2.545992175318029,57.6514264384407],[-2.546080766285461,57.65143269473972],[-2.546257884807428,57.65144546035744],[-2.546346412363169,57.65145196967628],[-2.546403041295841,57.65145621600515],[-2.546473378970233,57.65146157178373],[-2.546927986530755,57.651496713643944],[-2.548052235334124,57.65160469857265],[-2.548315529971324,57.65163498565728],[-2.550746549244565,57.65202398449697],[-2.550990223974582,57.65205077348396],[-2.553787115852569,57.65249730081409],[-2.553955718523795,57.652533048241956],[-2.554195678662687,57.65258507714165],[-2.555575609874233,57.65289093633854],[-2.557206608273903,57.65337407077238],[-2.557566602568596,57.65345590732792],[-2.559499874898444,57.65397671149881],[-2.559540403131051,57.65398944873008],[-2.560302876253841,57.65424403771534],[-2.561801306652109,57.65477474127502],[-2.562126229682801,57.654896646163955],[-2.563021622701141,57.6551669507979],[-2.563031748458067,57.655170498643535],[-2.563230420317005,57.65524788463512],[-2.565834509820379,57.65529636741693],[-2.570078970620921,57.655671445169006],[-2.574876163360519,57.656444504137724],[-2.577220648588678,57.656927600464044],[-2.577347579179727,57.656959797528934],[-2.57749442687311,57.65699751569648],[-2.577787432432231,57.657073714632794],[-2.577933590302672,57.65711219540314],[-2.578220861577115,57.65718875899961],[-2.578511705592119,57.65726817685252],[-2.579090456283569,57.65743003205659],[-2.579378362995037,57.65751246942105],[-2.579472815821163,57.65754015135641],[-2.579811606493736,57.657642194977385],[-2.580484687655657,57.65785046317371],[-2.580691669993388,57.65791557112134],[-2.580952370982893,57.65799892684928],[-2.581008640975301,57.658016762591956],[-2.581050503630649,57.658030075677594],[-2.581173043757283,57.65806917463915],[-2.581804568961217,57.658277833258644],[-2.583049063595673,57.65870966590889],[-2.583662408129918,57.65893295790534],[-2.583705405865767,57.65894936790004],[-2.583741125427065,57.65896301676647],[-2.584366062942592,57.65921382262354],[-2.585196098912695,57.659563395276976],[-2.585201179132537,57.659563473635814],[-2.585278460319812,57.65956490341934],[-2.585783015252674,57.65957832059583],[-2.586791142562752,57.65961329408796],[-2.587294715163903,57.659634850410534],[-2.587488774896717,57.6596447367498],[-2.587542299283886,57.659647509937294],[-2.587649331203064,57.659653148284434],[-2.587702838735341,57.659656013444106],[-2.587725650861711,57.65965725477042],[-2.587831266296849,57.659663183063905],[-2.588042425056158,57.65967539797682],[-2.588147968382379,57.65968168459639],[-2.588168266751148,57.659682928553984],[-2.588213999114692,57.65968575013647],[-2.588282924683984,57.6596900388566],[-2.588537722805468,57.65970696795978],[-2.589046805950132,57.659742914883815],[-2.589301091001963,57.6597619327066],[-2.589354788285536,57.65976617363592],[-2.589843270015766,57.65980871090251],[-2.589917378419596,57.65981576761811],[-2.590083401060239,57.65981022621609],[-2.590079309176154,57.6597932971381],[-2.591375827650296,57.65970325887535],[-2.593802996924112,57.6596299625036],[-2.594203590951459,57.659633460949955],[-2.595958969434353,57.65969829222907],[-2.599447396288318,57.65992617398422],[-2.601180453914387,57.660089225037915],[-2.601299686709571,57.660103937185006],[-2.604240712817788,57.6606241844545],[-2.604968434310816,57.66079430568675],[-2.605023754676701,57.66078843093742],[-2.605330902832192,57.660753521074724],[-2.6060462927084,57.660676559729204],[-2.606174978396866,57.660662995845065],[-2.607285150287588,57.660548390766465],[-2.609719212704585,57.660394899035175],[-2.609767125231417,57.66039376972289],[-2.610145246686108,57.66040004269041],[-2.611007887350934,57.660365024147275],[-2.611058146049853,57.66036389199001],[-2.611640874569847,57.66035620180474],[-2.612806477513451,57.660351679836],[-2.613389352282222,57.660354848049856],[-2.613537473213346,57.66035703399115],[-2.613683848613907,57.66035838781575],[-2.613770307580769,57.660359306993776],[-2.613943215522136,57.66036138427598],[-2.613993259288907,57.66036202552817],[-2.614139696638121,57.660364019128075],[-2.614286391915972,57.6603655790825],[-2.614383003183879,57.66036675571326],[-2.614673005416449,57.66037073561726],[-2.616150096522083,57.660426067313466],[-2.619089417971889,57.66060634318426],[-2.620551653005516,57.66073128768433],[-2.620598667502958,57.66073645537259],[-2.620828931569653,57.66076266956326],[-2.621288750952542,57.660816827596264],[-2.621518306289495,57.66084477144116],[-2.621990534607072,57.66090412680236],[-2.622160274229353,57.660920114649606],[-2.62225133254052,57.66093022834308],[-2.622297115800253,57.66093395207304],[-2.623668273639971,57.66107702562233],[-2.623740178842695,57.661086210273474],[-2.623828864938891,57.66109767514503],[-2.623869119675928,57.66110294122378],[-2.623877840316378,57.66110323507687],[-2.623918246878275,57.66110807484263],[-2.623948684092036,57.66111173644724],[-2.624009545767467,57.66111908999303],[-2.624039970229184,57.66112278193424],[-2.624088775644816,57.661128729944956],[-2.624328588876828,57.66115895137771],[-2.624698579372432,57.66120711763142],[-2.624985237244621,57.66120338182971],[-2.625886554995203,57.661225329616144],[-2.629878736313547,57.66059723646136],[-2.634913866263543,57.66023498520022],[-2.637457164432235,57.66015663989513],[-2.637881245417592,57.66016087872222],[-2.639718120503156,57.66023348128308],[-2.64336594348297,57.66048621026589],[-2.645176902048826,57.66066633741651],[-2.645255853741075,57.660676623681766],[-2.646552901308082,57.66087555453125],[-2.649112983950287,57.66132865025939],[-2.650376022518291,57.66158281581773],[-2.651160207527031,57.66176022592691],[-2.652257808856611,57.662126166392305],[-2.653796984949821,57.662471288509614],[-2.656166089513991,57.66327022454666],[-2.656608175106003,57.6632908571154],[-2.659809262159911,57.66361036356882],[-2.660226640434819,57.663675023626716],[-2.660459887478311,57.66371115922446],[-2.660488511040972,57.663715601546315],[-2.662718632141,57.664155819326936],[-2.667030691006793,57.66519840754239],[-2.668116549234017,57.66556761363345],[-2.668377361083642,57.665503735915166],[-2.668695561062712,57.66543243933636],[-2.669036989692145,57.66535828856861],[-2.670952015510099,57.664955438109665],[-2.674875482854318,57.66441201493224],[-2.680052718375238,57.66404420409889],[-2.685273638394511,57.6641129458747],[-2.69041092074337,57.66461656238056],[-2.695339270172722,57.665542771607],[-2.696189855983978,57.66578806412203],[-2.696627623867264,57.66579053027743],[-2.69680951218578,57.665798914000455],[-2.697011625249912,57.66580754178563],[-2.699380752695517,57.66600074576205],[-2.704043474783052,57.66656610524286],[-2.706502482354181,57.66707048594482],[-2.707477470129751,57.667109324985155],[-2.709564577954403,57.667352103669685],[-2.710461258865362,57.66738207386952],[-2.713536712408565,57.66769518184246],[-2.713699886858743,57.66763270512086],[-2.718422679073787,57.666371328238306],[-2.723456851374753,57.66552385597156],[-2.72521044125429,57.66538532297232],[-2.725538344578643,57.66531257884323],[-2.7255617186399,57.665307953469714],[-2.725913163146946,57.665240779876214],[-2.726618751468859,57.66511063890798],[-2.726972895355504,57.66504767151801],[-2.726994611055486,57.66504395366493],[-2.728335364412517,57.66484684017879],[-2.731042702356459,57.664512797149726],[-2.732409291181406,57.664375867041684],[-2.732434393959917,57.66437392514018],[-2.733253333245235,57.66432155831687],[-2.734895020736486,57.66423846207272],[-2.735717770180585,57.66420773309213],[-2.735766353934423,57.664206561176776],[-2.736052128954412,57.66420097618904],[-2.736623814915001,57.664192418064815],[-2.736909725896838,57.66418944492781],[-2.736961679446595,57.66418914218822],[-2.737852960632499,57.6641966494656],[-2.739633519615762,57.66423702938738],[-2.740522798659922,57.66426990206117],[-2.740569779207993,57.664272312738696],[-2.741072723029484,57.66430223146776],[-2.742076698592091,57.66437018628074],[-2.742577730555162,57.66440822238005],[-2.742587804655221,57.66440907046451],[-2.74500794038259,57.66471276884834],[-2.748912814657136,57.66536971093435],[-2.748885989766415,57.665415505258885],[-2.75009192504721,57.66556026003354],[-2.750175880303027,57.665578095805785],[-2.751230506574537,57.66579560357193],[-2.753956863752442,57.66651612389698],[-2.759122235845878,57.668209037581704],[-2.760149170002662,57.66870197743049],[-2.762712926211259,57.669276825049764],[-2.767169917270347,57.670751367669126],[-2.771142593205162,57.67258080572821],[-2.771823231615832,57.67301028548805],[-2.771912426488902,57.67301263799351],[-2.772141030077206,57.67302488717436],[-2.772448668133594,57.673042908642735],[-2.773063271825357,57.6730819888921],[-2.773370237511244,57.673103047676435],[-2.773862569223971,57.67313929922699],[-2.774049267976196,57.673153619539804],[-2.774058541883553,57.67315435941317],[-2.774357389158634,57.67312391005366],[-2.775131291446273,57.67305506493621],[-2.775246784620156,57.673046272819136],[-2.777893767733885,57.672958260948356],[-2.783180513227304,57.67300682829154],[-2.78838690878369,57.673501270288526],[-2.793382836041311,57.674429230955084],[-2.797702816412512,57.67566972551226],[-2.798049032865982,57.67564502827449],[-2.803248724451618,57.67549320772246],[-2.808429377713219,57.67577564650473],[-2.810122188357226,57.67601427886439],[-2.812643715739187,57.675714881949375],[-2.813871218944524,57.67567494891324],[-2.816576445727258,57.67515413041767],[-2.820377338864024,57.67468079367988],[-2.820708493206584,57.674660879634345],[-2.82133047146268,57.67462261560158],[-2.821349715442655,57.674621437697986],[-2.82138820592686,57.67461909379438],[-2.821407452431125,57.67461792779438],[-2.821549268423333,57.674609380593374],[-2.822383438197552,57.67457037603685],[-2.824054367581583,57.674514713627595],[-2.82489112822394,57.67449805573967],[-2.824969749547344,57.674497543014986],[-2.82566009515559,57.67450065504358],[-2.827039962564829,57.674522092632785],[-2.827729484948594,57.674540418201616],[-2.829089378817381,57.67459160600597],[-2.829269013565413,57.67459888637641],[-2.829628126875905,57.674614480080976],[-2.829807605448609,57.674622793415544],[-2.829926611272816,57.67462865083415],[-2.830048720660793,57.674634902330986],[-2.830292850910896,57.67464788347566],[-2.830414871776236,57.674654613123685],[-2.830436024771292,57.674655821649175],[-2.831429138636277,57.67472870271537],[-2.833405474038199,57.674906109796524],[-2.834388697446201,57.67501063600387],[-2.834812070740205,57.675062735365756],[-2.834833272132702,57.67506535208031],[-2.834875668569516,57.675070600236985],[-2.834896863598998,57.67507323167119],[-2.835214556292262,57.67511279013849],[-2.835275827669727,57.67511999928238],[-2.835538123745215,57.67515204449056],[-2.836061723681614,57.67521838410327],[-2.837497017983104,57.67543677424886],[-2.837997496049604,57.6755259930188],[-2.838189701617976,57.67555351933182],[-2.838464128152039,57.675594160890526],[-2.838597838338452,57.67561461894754],[-2.838759838772297,57.67563771825634],[-2.839156559277087,57.675697090124395],[-2.839239014377159,57.6757100169738],[-2.839410874350934,57.67573749552155],[-2.839754036541472,57.67579343530138],[-2.83992533876669,57.67582189653497],[-2.840083565024921,57.67584868285574],[-2.840295271011453,57.67588535196835],[-2.840717757266584,57.67596019108083],[-2.840928537550796,57.67599836108372],[-2.84103630656168,57.67601830456075],[-2.841233199266986,57.676055477455506],[-2.841626106626049,57.67613113288461],[-2.841822121292198,57.676169615421664],[-2.84190466162438,57.676186133022824],[-2.842452510876619,57.676301676803796],[-2.843250027729566,57.676478597539614],[-2.843246642884539,57.67648297670043],[-2.84332277822265,57.676492963555866],[-2.843399636730156,57.67651023668002],[-2.843586344934638,57.676552911001394],[-2.843742700132729,57.67658924845606],[-2.843742648586023,57.676589312112334],[-2.843887149869111,57.67662239166274],[-2.844047417806691,57.676660228035786],[-2.844144515932276,57.676683348144536],[-2.844254788066445,57.67670982950476],[-2.844822997929553,57.67685318704725],[-2.845949009740995,57.6771511954692],[-2.846506811955889,57.67730584644045],[-2.846549184494334,57.67731813853246],[-2.846725726631909,57.677370089524565],[-2.847077634654149,57.67747512323305],[-2.847253000546443,57.67752820595264],[-2.847356357488704,57.67755993188916],[-2.847541262348099,57.67761753141878],[-2.847909687116454,57.67773398866974],[-2.848093207033818,57.677792846395064],[-2.848161128739835,57.67781494634179],[-2.848249401185974,57.677844405727036],[-2.848554465355635,57.67793545786978],[-2.848545751832481,57.67794383605297],[-2.848719769603171,57.678003385785324],[-2.8486493809379,57.67806241536372],[-2.84877555176174,57.67809642604893],[-2.848850934873687,57.67802394363329],[-2.849001640291812,57.67806892348808],[-2.849853550751347,57.67834117671427],[-2.849897667267344,57.678356240592066],[-2.850709389258896,57.678651646721654],[-2.852299222834619,57.67926737784009],[-2.852317964296073,57.67927464658064],[-2.854588590834229,57.68015653022997],[-2.856514487195023,57.68103011021076],[-2.856708913520259,57.68113271375087],[-2.8573853903078,57.6815111527249],[-2.857798311987525,57.68175606376784],[-2.857797939545483,57.68175624394074],[-2.85816831186087,57.68197524933262],[-2.858175258679959,57.68197963333047],[-2.85869603978509,57.682288505609506],[-2.859330212315984,57.682687419956075],[-2.859458294604485,57.68277291789898],[-2.85958702638381,57.68285994544103],[-2.85999093288205,57.68313649249126],[-2.860240891996003,57.683312035332314],[-2.860335736052893,57.683380368014085],[-2.861089835020441,57.68397148986584],[-2.862507809637897,57.68518401396968],[-2.863171683476485,57.68580541722915],[-2.863231167267476,57.685866632240874],[-2.864137129993461,57.686975613933335],[-2.865662553476578,57.68924873651178],[-2.866294707537199,57.690445074480124],[-2.866320010112045,57.690509755129916],[-2.866332550298051,57.69054210777538],[-2.86635610425257,57.69060344157869],[-2.866499695284196,57.691029031472034],[-2.866748467089248,57.69188341960932],[-2.866853646631029,57.69231221784962],[-2.866862601250815,57.69235706069848],[-2.866957666066811,57.69329834803301],[-2.866963045171905,57.69518107427987],[-2.866874077773478,57.69611875291621],[-2.866855723269477,57.69621378380857],[-2.866534098782121,57.697264951732116],[-2.865618263566211,57.699440123742185],[-2.8650337657708,57.7005124380847],[-2.865006607582368,57.70055274943544],[-2.864973953239552,57.700601210079235],[-2.86452403372115,57.70120047159556],[-2.863615166670956,57.70229544820743],[-2.863540478093819,57.70227767957681],[-2.863349207057445,57.7026083829758],[-2.863273001300611,57.702691468369004],[-2.863002643384392,57.70297353557214],[-2.862976248502375,57.702999916452136],[-2.86296303114446,57.7030131003863],[-2.86285045877084,57.70312516353202],[-2.86247035515867,57.703483577089365],[-2.861613689629278,57.704249830720435],[-2.861160036589309,57.70463326098017],[-2.861141922755265,57.704647747556834],[-2.861015557137541,57.704747357403576],[-2.860760340755005,57.70494566094076],[-2.860631489982953,57.70504435462627],[-2.860618285789958,57.70505432537664],[-2.860410583396673,57.7052077101854],[-2.859989176332835,57.705512099651436],[-2.859775471639174,57.70566310428899],[-2.859768884252865,57.70566765834962],[-2.857970814743541,57.70672481709714],[-2.854083781304271,57.70867293646792],[-2.851994819500074,57.70956388861319],[-2.851941567822893,57.709583101738254],[-2.850826276505625,57.709952409563],[-2.848545152654903,57.7106432505631],[-2.847379321558698,57.710964782264845],[-2.847327596676473,57.710977704392654],[-2.846536378138144,57.71116225676457],[-2.844937235998024,57.71150932971561],[-2.844129313204102,57.71167185008235],[-2.844094220119535,57.71167836307424],[-2.843128419398334,57.71184031483817],[-2.841180309383248,57.71213274152685],[-2.840198001642797,57.712263216194025],[-2.839973202637387,57.71228924930413],[-2.837539143474534,57.71247252968337],[-2.835671265932744,57.71253904978366],[-2.834551929961715,57.71261577582865],[-2.832996308488332,57.71269008049165],[-2.832401650220591,57.71281628189698],[-2.830259841312525,57.71318401384866],[-2.830231395286703,57.71318779355233],[-2.829630521488631,57.71326138935601],[-2.828424122340469,57.713396713280545],[-2.827818597367133,57.71345844135604],[-2.827802685911032,57.713459901829076],[-2.827415092051195,57.713482829411994],[-2.825540223051036,57.71364546972712],[-2.824852945503333,57.713799416235496],[-2.824834567434032,57.713803129093904],[-2.822305021644116,57.714195906447266],[-2.820458072629047,57.714400189830116],[-2.819835168979758,57.71456988010576],[-2.819823482503645,57.71457265061462],[-2.818576122095182,57.714836968195826],[-2.816045888663194,57.71531140269002],[-2.814763018465553,57.71552151895397],[-2.814749632849998,57.71552340166708],[-2.812734322762902,57.715737258557084],[-2.812366873010423,57.715763865233846],[-2.811885002529896,57.71595031317814],[-2.810567972826998,57.71641117341222],[-2.810556305351852,57.71641485018019],[-2.80847338155846,57.71697096864094],[-2.806098059164375,57.71749844422993],[-2.805257019861245,57.717740707846815],[-2.805248667999308,57.717742557516694],[-2.803531642830352,57.71806565721464],[-2.802468688456339,57.718231609427306],[-2.801976783824113,57.7183199723756],[-2.801970089962373,57.718320904076315],[-2.801560071851099,57.718373457609175],[-2.800042225958437,57.7186103969428],[-2.798269842927493,57.718832035273834],[-2.79825979203275,57.71883298794798],[-2.795261882038395,57.71897055004572],[-2.794266354022828,57.718968292606554],[-2.792401166238545,57.71905467988193],[-2.79238773881815,57.719054763951625],[-2.79101627382056,57.71903333453516],[-2.788281205721879,57.71893056525598],[-2.787308015259868,57.71887251523311],[-2.787080395022084,57.718872634212644],[-2.787045128658745,57.718871955271595],[-2.785868023890425,57.718827075957485]]],[[[-2.736796485449568,57.07488813199798],[-2.736822376851325,57.074873187630615],[-2.737401534922107,57.07453948722704],[-2.737548957110235,57.074452788837284],[-2.737653981355952,57.074392662849206],[-2.737831466079587,57.074250156735545],[-2.74273020185162,57.07114445264328],[-2.745508735205274,57.069745458570374],[-2.745531641469584,57.069736338965214],[-2.74565445079343,57.06968791528103],[-2.745900880570217,57.06959168456966],[-2.746024501025116,57.06954387754083],[-2.746050687231714,57.069533848962735],[-2.746754334705925,57.069278790120435],[-2.748184668300253,57.06878863287291],[-2.748911354879153,57.06855353420434],[-2.748929385032895,57.06854803644354],[-2.749576405845873,57.06836090150539],[-2.750885047621446,57.06800245893855],[-2.751546668993831,57.067831151153676],[-2.751584412881645,57.06782193243592],[-2.751857546303915,57.067756829664106],[-2.752405926322911,57.06762932276816],[-2.752681172952109,57.06756691863474],[-2.752727142927786,57.067556760800535],[-2.753730810083467,57.06735536946783],[-2.755759969776048,57.06698842934539],[-2.756785464051497,57.06682288020149],[-2.756824928000846,57.06681726079739],[-2.757519392220973,57.06672707305755],[-2.758914826498635,57.06656314518027],[-2.759615797144816,57.0664894049699],[-2.759688219156399,57.066482668521665],[-2.76044745066395,57.06642191226789],[-2.761970273802565,57.06631969349326],[-2.762733866240234,57.066278230939666],[-2.762809659074699,57.06627508345057],[-2.762917135854975,57.06627066811004],[-2.763444812430933,57.06625363423778],[-2.763629313205065,57.066249293141624],[-2.763718967716873,57.06624524613492],[-2.764307082970058,57.06622445393275],[-2.765484300210672,57.06619432315294],[-2.766073402560543,57.0661849845673],[-2.766119570722616,57.06618470224297],[-2.766707445019976,57.06618681498941],[-2.767882682355181,57.06620244641448],[-2.768470046172717,57.06621596485614],[-2.768516251557923,57.066217478050426],[-2.768731854926769,57.06622531132403],[-2.769162855011589,57.06624251512899],[-2.769378251745411,57.06625188566101],[-2.76953011487074,57.06625903781506],[-2.769613668184198,57.06626308942795],[-2.769780735949654,57.066271423973106],[-2.769864250402689,57.06627570690541],[-2.769925332935837,57.06627892481498],[-2.770708077188575,57.066330474242186],[-2.772268155062416,57.066453881707965],[-2.773045489344415,57.066525739677814],[-2.773101682130847,57.06653169019592],[-2.773609317337079,57.066589973613354],[-2.774620975813519,57.066715204364314],[-2.775124999307284,57.06678215172656],[-2.775179581185421,57.06678989896901],[-2.775766580985271,57.066879558616726],[-2.776934104264235,57.067070628152536],[-2.777514628079322,57.06717203810019],[-2.777594094702332,57.067186807524074],[-2.777907542834264,57.06724699109959],[-2.778532151909926,57.06737078480612],[-2.778843312903691,57.067434394948435],[-2.778859877333826,57.06743788529419],[-2.779231110421979,57.06751894101068],[-2.779969863692,57.067685929540694],[-2.780337383954301,57.067771862375864],[-2.780395398381155,57.0677858832993],[-2.780997101996027,57.067939275419015],[-2.782188693992175,57.06825912831607],[-2.782778582691925,57.06842558920472],[-2.782835006641388,57.06844230496603],[-2.782994830094197,57.06849027897491],[-2.78331349387836,57.068587186806965],[-2.783472334215409,57.06863612063262],[-2.783528777723858,57.06865373429644],[-2.783689825105123,57.06870465020471],[-2.784010855474925,57.068807468697614],[-2.784170838469073,57.06885937128494],[-2.784205713301493,57.06887083131904],[-2.784666565221166,57.06902796947648],[-2.785578518918384,57.06935043074637],[-2.786029621490807,57.06951575387684],[-2.786052897439882,57.06952459117951],[-2.786550118646594,57.06972096514876],[-2.787530808139379,57.07012365591897],[-2.788014276541968,57.07032997282684],[-2.78803425540649,57.07033883050449],[-2.788598011661746,57.070600449762345],[-2.789703414940665,57.07113720389197],[-2.790245062051454,57.07141233895761],[-2.790255070950622,57.07141765685003],[-2.790742605770293,57.07168784908925],[-2.79169634690553,57.07223918443923],[-2.792162553188313,57.07252032771151],[-2.792180942732109,57.07253189877413],[-2.79285841674205,57.07298739692973],[-2.794157424779717,57.07392147982165],[-2.794778958212642,57.074400065135485],[-2.794794070104344,57.074412545964115],[-2.795150855439418,57.07472062407099],[-2.795841217047081,57.07534440117937],[-2.796174793387689,57.07566010050367],[-2.796188276021925,57.075673480858114],[-2.796490134935297,57.075999244712605],[-2.796644968120081,57.0761540362073],[-2.796704022266262,57.076215654759274],[-2.796977332393098,57.07651421870676],[-2.797265029580712,57.076843676760994],[-2.797333076882635,57.076905911126495],[-2.797346560386635,57.07691929135032],[-2.797462356022739,57.07703624208088],[-2.797690760390299,57.07727106317566],[-2.797803369107412,57.07738893354568],[-2.797916479257103,57.07750949736972],[-2.798052378833613,57.07765770873172],[-2.798429306980648,57.07807844009122],[-2.798628335202025,57.07830882211445],[-2.798760657297713,57.078467798399565],[-2.798830551840752,57.07854982588114],[-2.798880522060436,57.07860903161931],[-2.798905919657031,57.07863941304171],[-2.799079630534997,57.078854635219855],[-2.799416656039611,57.07928748070239],[-2.7995799705677,57.07950510403503],[-2.799699787153346,57.07967092699348],[-2.799761746366062,57.079756285827656],[-2.799974524498151,57.080276027457145],[-2.800203086354285,57.08056423236888],[-2.801479286343795,57.0832658264979],[-2.801699165340565,57.084510738885015],[-2.801704662161623,57.08453574536819],[-2.801761766941168,57.08483907723292],[-2.801790752150383,57.08502391886745],[-2.801852954141437,57.0853540253356],[-2.801854913841125,57.08536837716145],[-2.801857983789606,57.08540988446782],[-2.801969738702601,57.08604255436258],[-2.801845026125892,57.087172403902834],[-2.801913788061008,57.08717216855748],[-2.801914076945954,57.087197181110334],[-2.801883074683857,57.08780695592401],[-2.80187614430363,57.08786809595054],[-2.801743221325514,57.08857912530154],[-2.80141367833171,57.08984104076985],[-2.801393955780596,57.089936048170614],[-2.801280838225336,57.09042157924325],[-2.8012182030117,57.090663925246275],[-2.801216669329639,57.090669325052005],[-2.801207702208207,57.0907005331072],[-2.801189566388449,57.090762931856304],[-2.801180397689794,57.09079412255019],[-2.801131164509014,57.09095973961015],[-2.80105539359129,57.09113455772082],[-2.800875781849814,57.09183767746888],[-2.80086971492651,57.09185478465577],[-2.800679746818509,57.09232294149912],[-2.800254180930388,57.09325306951908],[-2.80001858207312,57.09371504053553],[-2.800002846031628,57.09374298044768],[-2.799991250352953,57.0937634815878],[-2.799967969053689,57.0938044687327],[-2.799956283433011,57.09382495473745],[-2.799950080517929,57.09383578335666],[-2.799861509973569,57.09398576229658],[-2.799679548462489,57.094284851370794],[-2.799586157460999,57.094433961497934],[-2.799579769599525,57.094443874971375],[-2.799172118290572,57.09501363399643],[-2.798286513448169,57.09613673150965],[-2.797808558167096,57.09669006949402],[-2.797799199269629,57.09670001075498],[-2.797523580465479,57.09698043230796],[-2.796954265544262,57.09753578707744],[-2.796660569239053,57.09781072021127],[-2.796412823570221,57.09803346457397],[-2.795544657421194,57.0987368243234],[-2.793530531126909,57.10021297459709],[-2.792439191372571,57.10093160603236],[-2.792261848047564,57.10103675413252],[-2.79196811396712,57.10120643574463],[-2.79137264581578,57.10154159121268],[-2.791070911739426,57.10170706503083],[-2.790962542186812,57.10176497273548],[-2.789396326077522,57.10250272458528],[-2.786106254387802,57.10386559533323],[-2.782528197027169,57.10499337917514],[-2.780134308418785,57.105543171774094],[-2.780078985822523,57.10547183629148],[-2.779463749233363,57.10560511124347],[-2.779524345862659,57.10568324897512],[-2.778718554256832,57.10586829193312],[-2.776763127995618,57.10624053279819],[-2.776745355584464,57.10624324807193],[-2.776011764773266,57.10634550620113],[-2.774536725158312,57.10653159385439],[-2.773795277047289,57.10661542328399],[-2.773757880308692,57.106619166562886],[-2.773365138696163,57.10665581691336],[-2.772952420527246,57.10669154531958],[-2.772638704233489,57.106722360199285],[-2.772174031192188,57.106759922284596],[-2.772171756920374,57.10675159139666],[-2.77070664641572,57.10695382291028],[-2.765637278933302,57.10721260287302],[-2.7605552355366,57.107042667620085],[-2.758821818497357,57.106835441324826],[-2.75745211924592,57.106778095925016],[-2.757445498242639,57.106777237589],[-2.755849746231518,57.10652352756805],[-2.754574034667762,57.10628212752299],[-2.753138250775616,57.10604577157106],[-2.753135087050278,57.106045101468375],[-2.751389842289522,57.105765979321475],[-2.751350063589151,57.10575813273197],[-2.750826863704809,57.10564942803742],[-2.749787550750896,57.10542241687108],[-2.749271437908287,57.105304110458455],[-2.749234943230964,57.105295345251086],[-2.748956569974726,57.10522680370419],[-2.748402205545731,57.10508692670111],[-2.748126214405968,57.10501559125554],[-2.748089702178469,57.105005927494965],[-2.747928149407529,57.10496257410475],[-2.747605923954571,57.10487490996277],[-2.747445251278838,57.10483059921326],[-2.747397107532226,57.104817141780295],[-2.746774755051863,57.10463389676127],[-2.745545072335172,57.1042530512185],[-2.744937742423367,57.10405545084226],[-2.744842335752251,57.10402287834408],[-2.744244187553737,57.10380576187894],[-2.744080502248334,57.10375016624056],[-2.743915857031574,57.103693506791814],[-2.743683128673836,57.10361236706078],[-2.743214408929404,57.10344274443498],[-2.742287882589952,57.10309489535844],[-2.741830076108962,57.10291666898824],[-2.741765591577022,57.102890648678226],[-2.741747842650131,57.10288347672415],[-2.741712362482768,57.10286911987834],[-2.741694631242302,57.10286193498661],[-2.741633272631641,57.10283703699319],[-2.741055402072648,57.10259149346284],[-2.739920289727899,57.10208667582492],[-2.739363048084764,57.10182740190351],[-2.739270780607356,57.10178250282936],[-2.739176495747802,57.101737285472154],[-2.738965034833909,57.101634099363345],[-2.738545410230685,57.10142576118349],[-2.738337246545266,57.101320609123455],[-2.738159022756271,57.1012290141727],[-2.737863060760354,57.10107305989384],[-2.737278388045575,57.10075717794621],[-2.736989677328131,57.10059725031105],[-2.736793003901972,57.10048554957287],[-2.736439267942227,57.10027820196455],[-2.735743982160843,57.09985754338725],[-2.735402432612678,57.099644232792926],[-2.735288526085958,57.09957078915881],[-2.734100316566289,57.09870366598697],[-2.731924181739913,57.0968979409642],[-2.730936251156645,57.09595934249282],[-2.730893556640749,57.09591243834729],[-2.730802790692812,57.09581257325934],[-2.730741133808652,57.09574400079726],[-2.730619132924271,57.095606842036666],[-2.730558667180526,57.09553812178612],[-2.730484270366802,57.09545263952091],[-2.730346384301203,57.095290036677675],[-2.730076598559113,57.09496336656327],[-2.729944698840902,57.094799299305095],[-2.729891796532646,57.09473166700324],[-2.729427271597855,57.09406568248299],[-2.72860439686006,57.092728308465595],[-2.728673538945373,57.09271570245119],[-2.728442198806895,57.09245120864633],[-2.728435243475004,57.0924385579962],[-2.728230610128213,57.09203183498373],[-2.728189660897603,57.09194224029106],[-2.727756494733371,57.090506246765514],[-2.727700978017606,57.090136988761984],[-2.727139099320075,57.090540280060324],[-2.723062383381085,57.09261570072942],[-2.718399161202262,57.09428571666576],[-2.713283884439026,57.095502153526645],[-2.707864087916291,57.09622991561212],[-2.70229613358066,57.09644800451191],[-2.696740686091514,57.09615010883969],[-2.693986322659188,57.09587228300313],[-2.693938956507897,57.09586519678001],[-2.693538934282389,57.09580238600437],[-2.692741932160757,57.095671287948605],[-2.692344952371921,57.09560300068652],[-2.692202527882182,57.09557742094328],[-2.691083395128783,57.095351677653525],[-2.688878073249856,57.094856724559556],[-2.687791886279146,57.09458751530741],[-2.687656190390594,57.094550601493864],[-2.68688782507767,57.09432759635133],[-2.68537380204575,57.093859820755085],[-2.684628145215079,57.09361504990623],[-2.684577706608311,57.0935974883166],[-2.68394910784915,57.09340108807155],[-2.683875935726926,57.09337512095199],[-2.683561924797741,57.09324618720079],[-2.679877216899099,57.09455218105292],[-2.675117758242369,57.09570479307816],[-2.675012425535269,57.09572004997573],[-2.674797402186561,57.09578324463805],[-2.674700778872591,57.09580173073042],[-2.674085618803634,57.09591208810985],[-2.672847805818098,57.09611956927887],[-2.672225153302163,57.09621669299144],[-2.672176791389727,57.096223680525725],[-2.670329785509962,57.0964298728078],[-2.66930061528976,57.09651173920543],[-2.667513140148043,57.096689520357394],[-2.667199361996611,57.096706910843615],[-2.667082312439583,57.09671316856961],[-2.665773312559036,57.09678058056112],[-2.664726354252456,57.096816260128264],[-2.664676856460861,57.09681708842539],[-2.663476916683196,57.09680149330215],[-2.663422200978372,57.09680624104002],[-2.66312857766225,57.096806401568195],[-2.662075675726768,57.09676136189589],[-2.661686196811537,57.09678259798271],[-2.661501445370091,57.09677683517383],[-2.660444613354704,57.09672526816833],[-2.658583454436321,57.09660149287266],[-2.657504917117685,57.096509956941404],[-2.657484249214743,57.09650781947949],[-2.656610518680509,57.0964040306401],[-2.655603423092487,57.09626873305076],[-2.655361889320015,57.09624779216546],[-2.650400892728393,57.09536238250406],[-2.645759946224498,57.09406080689343],[-2.641556026125276,57.09237587181652],[-2.637895041211947,57.09035005164479],[-2.634869172302928,57.08803440651496],[-2.632554544394737,57.085487291721066],[-2.631583515849376,57.08416357102359],[-2.631557632388918,57.08411810235629],[-2.631162454532345,57.0832845560049],[-2.630520500617243,57.08160068941761],[-2.630380436839844,57.08111808765887],[-2.628229918738589,57.08021116700172],[-2.627135951309891,57.07970689767944],[-2.626994529983094,57.07963573901103],[-2.626393760906897,57.0793176679934],[-2.625222688228421,57.07866531536515],[-2.624652384605937,57.07833103403758],[-2.624544037898787,57.078264199379404],[-2.624166514304282,57.07802286451213],[-2.623427354955098,57.0775330869033],[-2.623065719133524,57.0772846442552],[-2.62296555015252,57.07721327592428],[-2.6223386618548,57.076734970321006],[-2.620739344696665,57.0754261265384],[-2.619939287254774,57.07469916215773],[-2.619841236050269,57.07459970812421],[-2.619705457683564,57.07445718440936],[-2.616809476617306,57.07362021063693],[-2.612344803475954,57.071732474876036],[-2.611613614614262,57.07129493693559],[-2.611479436925581,57.07123712195574],[-2.611384296493214,57.071194719095836],[-2.610854817479961,57.07097013410876],[-2.610114339735411,57.07063672439344],[-2.609881620703065,57.07052556613539],[-2.609709222790691,57.07044205038802],[-2.609412187461639,57.070296114679834],[-2.609340202774655,57.07026354113659],[-2.608643876739523,57.069929982600286],[-2.608485889980126,57.069849900254034],[-2.607964764821708,57.06957381987091],[-2.607668192233589,57.06940961734875],[-2.607230303298465,57.06917372465416],[-2.606016149804853,57.068483868759984],[-2.605425943791343,57.06813013508627],[-2.605242668212603,57.068014237656605],[-2.604904862548106,57.06778693494341],[-2.604200754423299,57.067373181754114],[-2.604084102176328,57.06729739516394],[-2.604055439864834,57.06727648868965],[-2.601552296367165,57.065883375869525],[-2.598712718774639,57.0637513581466],[-2.596477923989359,57.06141552527922],[-2.594896127707769,57.058926396301665],[-2.594001399790918,57.05633779472388],[-2.593812938063076,57.05370568528048],[-2.594334668270061,57.05108695999543],[-2.595555155930762,57.048538212124285],[-2.596337670747962,57.0472883462119],[-2.59683560350646,57.04665072087143],[-2.597113877381894,57.04635376648045],[-2.597656259017367,57.044817263128394],[-2.597858134694111,57.04436079179547],[-2.597882823382953,57.044293639388464],[-2.59793547620681,57.044185907947394],[-2.59801507685493,57.044005914011905],[-2.598114745305698,57.04381910574693],[-2.59841341606369,57.04320797949643],[-2.599718963468484,57.04108124508186],[-2.600346341596027,57.04023840864604],[-2.600334612750235,57.040235627689164],[-2.600549276195922,57.039966578603824],[-2.600767477958149,57.039686487074384],[-2.600785286031027,57.03966367641701],[-2.600815949669842,57.039624505794535],[-2.601960109932854,57.03842305193733],[-2.604566383878256,57.03612747777521],[-2.607775464624261,57.03407141236395],[-2.611514441846191,57.03230150752804],[-2.61569842391664,57.03085791524687],[-2.620232460449978,57.029773383636275],[-2.625013689205288,57.029072512190716],[-2.625627808451,57.02903491156482],[-2.626811821150969,57.02879784660385],[-2.631785664702804,57.02803778545482],[-2.63501499093288,57.02783286057834],[-2.638694851467946,57.02687932121441],[-2.641173481866085,57.02636581099345],[-2.64197770450516,57.02623850171938],[-2.642117192613571,57.026216370602036],[-2.642150271709972,57.026211007837894],[-2.642186434453014,57.02620516970672],[-2.642258784322271,57.02619353858193],[-2.642294971448711,57.026187745588295],[-2.643324761493742,57.02602358523611],[-2.645583860266507,57.02575560948516],[-2.650214965713877,57.025389411599036],[-2.6552221581714,57.02541271165214],[-2.660479520272451,57.025878492597755],[-2.665529865527668,57.0268014885989],[-2.670240463313209,57.02815744365495],[-2.674487475052238,57.029910721955524],[-2.67815920286816,57.03201524265087],[-2.681159021476802,57.03441568397025],[-2.683407926015498,57.0370489339458],[-2.684335976115729,57.03841543171818],[-2.685684539210511,57.04103681609721],[-2.686180805434138,57.042398852502345],[-2.686782379361634,57.04514833838751],[-2.686599348282231,57.04791550256788],[-2.685635908530879,57.05063421521636],[-2.685542835971922,57.050775120424284],[-2.68596099843634,57.05059715297066],[-2.687035866526765,57.050158594587785],[-2.687581488937949,57.04994527941401],[-2.687676435234595,57.04990973278439],[-2.687754929630498,57.04988052661041],[-2.687912225769096,57.04982236127989],[-2.687991027459399,57.049793402117565],[-2.688178758725738,57.04972483979443],[-2.689098435924377,57.04928570373511],[-2.693743610300504,57.0477226047538],[-2.698799297012294,57.046600185985035],[-2.70412601716256,57.04594940230538],[-2.709576848975282,57.04578819996284],[-2.715001462737096,57.04612102877065],[-2.717688368216411,57.04641062566103],[-2.718584661028385,57.04655024945735],[-2.720831641416623,57.0469987136683],[-2.725182957498661,57.048068143714914],[-2.729204576294491,57.04946958815277],[-2.732811777904363,57.051173532508514],[-2.735928544566497,57.053144095183384],[-2.73848915709973,57.05533977602133],[-2.740439579441951,57.057714332975486],[-2.741738594595299,57.060217732307905],[-2.742358700408727,57.06279722927689],[-2.742286686914964,57.06539845965243],[-2.742076892773004,57.066697646597135],[-2.7420443807939,57.066807112140225],[-2.741479966864663,57.068095729060516],[-2.740009203892114,57.07061371639299],[-2.737874283112508,57.07298645931989],[-2.736651929514787,57.073952688807104],[-2.736649340528182,57.0739664890269],[-2.736597347973794,57.07421056467027],[-2.736591104164371,57.07423674276901],[-2.736499986629129,57.07456977507421],[-2.736474028572297,57.07465381325909],[-2.736425379417454,57.074839830737645],[-2.736396535008231,57.07494079271645],[-2.736324279284983,57.07516881978778],[-2.736442246982959,57.07508971425921],[-2.736519517429702,57.075046086416386],[-2.736552634365742,57.07502744209314],[-2.736618966859751,57.07499020558299],[-2.736652182417722,57.074971613396016],[-2.736743852235639,57.07492044969912],[-2.736783765446271,57.07489548325576],[-2.736796485449568,57.07488813199798]]],[[[-2.724788705859468,57.33076608256656],[-2.722089696507453,57.33154228220253],[-2.720765793549424,57.331842081546306],[-2.72052469509046,57.33189547847289],[-2.720040977073233,57.332000219041966],[-2.719798357537637,57.33205156267846],[-2.719166087601547,57.33218227885725],[-2.716426411043862,57.33260705843189],[-2.710852969924872,57.33319686709687],[-2.705175075363774,57.33326241899889],[-2.699560156746949,57.332801779309435],[-2.694173787592243,57.331828527331815],[-2.689174759882198,57.330371364820884],[-2.684710407042397,57.32847325295336],[-2.680912249983465,57.32619014599117],[-2.679957437862358,57.32536795641897],[-2.679236325689954,57.324960808716384],[-2.676115582582355,57.32247014299437],[-2.673810443090066,57.31973185543997],[-2.672385879780736,57.31682335156457],[-2.671900363560487,57.315336590833084],[-2.67188199059978,57.31522733668485],[-2.67186476863529,57.31512957285029],[-2.671860644721322,57.315110359015684],[-2.67181138035508,57.31484702447455],[-2.67172721391376,57.31431968411962],[-2.671692311634665,57.314055678316144],[-2.671670413172233,57.313846842096574],[-2.671725628781596,57.312446966808906],[-2.672237378258489,57.309668860997164],[-2.672693882130819,57.30829062896455],[-2.673012002020026,57.30763120169746],[-2.674046665003003,57.306083347352086],[-2.67662019725192,57.30311576417027],[-2.678159034560598,57.301696025122716],[-2.678316829491685,57.30157696669452],[-2.679747933011203,57.30063853459567],[-2.682831104456256,57.29887492059073],[-2.684483171440967,57.2980497337026],[-2.684663256809431,57.29797131062577],[-2.685878555396053,57.29748956016265],[-2.688201252474832,57.296653704224404],[-2.688266315658384,57.29670668827071],[-2.689081160271233,57.29634938357492],[-2.689271577433278,57.296289839563734],[-2.689675653928092,57.29616751981549],[-2.689834865239807,57.29612088999771],[-2.689979350540881,57.29607795737877],[-2.690194821672762,57.29601504668363],[-2.690292843425304,57.295986930605295],[-2.692259366244549,57.29550864476545],[-2.692299060099459,57.295500623806],[-2.693872370187359,57.29483229266442],[-2.696360134642974,57.29407133968002],[-2.696692690400431,57.293948884596254],[-2.697012752245252,57.29387170478978],[-2.698220239036577,57.29350232146622],[-2.699329699241948,57.29327398549268],[-2.69935310230179,57.293307317452104],[-2.702067261827509,57.292652707564834],[-2.702860699668057,57.29254719228362],[-2.702888011212416,57.292541570188185],[-2.705558386034167,57.29222995835702],[-2.70554060274171,57.29219076410393],[-2.707780874218289,57.29189275803089],[-2.713652701542155,57.29169308599886],[-2.719496931389981,57.292060009949275],[-2.722388828764159,57.292384756390526],[-2.722480543043127,57.292399770001545],[-2.722991167160503,57.29248825761638],[-2.724006875143595,57.2926741133612],[-2.724511959225919,57.29277148153486],[-2.724611075443946,57.29279157127324],[-2.724867243664816,57.292844804959614],[-2.725377921152387,57.29295355719681],[-2.725632430445851,57.29300907575425],[-2.725734754780472,57.29303193083624],[-2.726011064546151,57.293095235480756],[-2.726561527274779,57.29322453780172],[-2.726835680270397,57.29329053548743],[-2.726990890438192,57.29332881308612],[-2.727244739977999,57.29339282229792],[-2.727750410049126,57.29352314968173],[-2.72800223060498,57.29358946786177],[-2.728113007819513,57.2936192698578],[-2.72833928111465,57.293681315002246],[-2.728790051566988,57.293807269569086],[-2.729014548740955,57.29387117899777],[-2.729094150488306,57.29389426193303],[-2.729128414270491,57.293904225727466],[-2.729196898652151,57.29392419674677],[-2.729231119251683,57.29393420397168],[-2.729277348157753,57.2939477607145],[-2.729611758444431,57.294048544651126],[-2.73027620141993,57.29425425924447],[-2.730606234159248,57.29435918992402],[-2.730695765765497,57.29438841244311],[-2.730770189076904,57.294412847962434],[-2.730918798184185,57.294461929906426],[-2.730992983980595,57.29448657633139],[-2.731170506285516,57.29454590107464],[-2.731714185049939,57.29473560741366],[-2.732787488032011,57.295126341573145],[-2.733317112431617,57.29532736951222],[-2.733421657397322,57.29536871946729],[-2.733457287468878,57.2953828513623],[-2.733528478075517,57.295411166421474],[-2.733564038610647,57.295425349585656],[-2.733687142689776,57.295474585938955],[-2.733833668696093,57.295533868445915],[-2.734125505943014,57.295653303880776],[-2.734270817186609,57.29571345681146],[-2.734425426950712,57.29577819282901],[-2.734504576832821,57.29581154065109],[-2.73466250322044,57.29587849454965],[-2.734741279726383,57.29591210062661],[-2.734856091280895,57.29596138430353],[-2.734924358439798,57.29599084703117],[-2.73506060592015,57.2960499664717],[-2.73512858617009,57.29607962316622],[-2.735227015745384,57.296122795091506],[-2.735509082284596,57.29624932802095],[-2.736067992530612,57.29650573229504],[-2.736344836252421,57.29663560366286],[-2.736396103736184,57.296660195458095],[-2.736638611276956,57.296778848707206],[-2.737119266351348,57.297018717010495],[-2.737357413890395,57.29713993208124],[-2.737441085727212,57.297183368532],[-2.737650165555705,57.297293836315575],[-2.738064703741308,57.29751674657283],[-2.738270162098934,57.29762918905838],[-2.738354571577138,57.29767620483287],[-2.738679422863943,57.297862382442176],[-2.739319198765231,57.29823967290759],[-2.739634123364266,57.29843078581383],[-2.73978318356638,57.29852388077397],[-2.740162619150442,57.298769568359575],[-2.740905086240913,57.299268105734654],[-2.741268117669617,57.299520955620004],[-2.74140620262144,57.29962075191789],[-2.74148738457447,57.29967992760553],[-2.741626329419803,57.29978208061014],[-2.741703612343806,57.29983835762231],[-2.741739225931124,57.29986413236674],[-2.741803944074466,57.29991129168436],[-2.741931660619845,57.30000499528389],[-2.741995238620105,57.300051959066565],[-2.741998102676142,57.3000540891285],[-2.742113750489785,57.300141186970684],[-2.742343118180113,57.300316123644585],[-2.742456838052297,57.30040396247976],[-2.742579923761354,57.30050025321721],[-2.742864768179134,57.30073060290323],[-2.743421201517823,57.30119594820008],[-2.743692790342027,57.301430943868894],[-2.743799099291516,57.30152616486139],[-2.74391604249172,57.30163255979608],[-2.744163154182789,57.30186094685652],[-2.744287748700971,57.301978112086545],[-2.744335133263031,57.30202345682691],[-2.744343931816547,57.302031887203796],[-2.744361512141952,57.30204875308472],[-2.744370293913836,57.302057188588755],[-2.744379771800675,57.30206630423859],[-2.744561474484485,57.30224581655459],[-2.744917281010207,57.30260703487028],[-2.745091384798925,57.302788740891174],[-2.745117510139461,57.3028167840736],[-2.745259464929816,57.30297290186799],[-2.745537764472897,57.303286596023746],[-2.745674109188905,57.30344417239735],[-2.745809616560278,57.30360481230586],[-2.745815880335836,57.30361222320889],[-2.745849925987287,57.30365276921967],[-2.745917645673283,57.3037339520825],[-2.745951319707029,57.30377458893461],[-2.746063620208591,57.303911013981086],[-2.746256662309266,57.304155169548885],[-2.746629334186584,57.30464646193409],[-2.746808963814511,57.304893598790585],[-2.746880080762762,57.30499585338982],[-2.746922249383648,57.305057160899054],[-2.747005760981747,57.305179940466104],[-2.747047103956579,57.30524141252445],[-2.747109760777227,57.305335641436415],[-2.74724406486868,57.305545742905366],[-2.747503029195953,57.30596768004137],[-2.74762768933339,57.3061795157279],[-2.747677621102639,57.306268142680665],[-2.747829373183817,57.306554422709496],[-2.747895545134497,57.30668754180646],[-2.747928365084726,57.30674877563109],[-2.748029919000382,57.3069437339165],[-2.74809806153397,57.30707855742388],[-2.748230463435154,57.30734876186906],[-2.748294722776224,57.307484142810836],[-2.748357898333126,57.30762167102833],[-2.74835498274522,57.30762206331044],[-2.748498409309029,57.30791858761776],[-2.749017072346898,57.309172370211066],[-2.749234940842879,57.30980428562259],[-2.749248019301781,57.309851539603166],[-2.749429835269058,57.31129429281807],[-2.74936328903994,57.31417689096378],[-2.748442660976162,57.31701635280132],[-2.746691624636712,57.31973906706995],[-2.744155406203283,57.322274434721315],[-2.740899629563342,57.32455669971595],[-2.737008637502759,57.326526650927256],[-2.732583275692189,57.328133184466616],[-2.730448324761377,57.32866263207697],[-2.729877609230371,57.32895914503617],[-2.724788705859468,57.33076608256656]]],[[[-2.587430095160916,57.273375179682674],[-2.587223682573046,57.273576881856236],[-2.586629015293894,57.274158256318316],[-2.586548755983708,57.27423581207248],[-2.586386823171203,57.274390489308985],[-2.586305149664865,57.27446761078954],[-2.585978349280496,57.27477268542036],[-2.585952471275474,57.27476455153867],[-2.584969237482968,57.275608689398695],[-2.582129242816261,57.27769525661617],[-2.57876278193629,57.27953794103318],[-2.574940314813621,57.28109813536156],[-2.570741886629891,57.282343146167335],[-2.568361164582441,57.28282273730502],[-2.568317725255823,57.282759489602114],[-2.567442524868431,57.282934182866484],[-2.56748692806546,57.28299883622444],[-2.566255449936452,57.28324688123766],[-2.561575013536504,57.283790397955784],[-2.561093328478555,57.283807742786955],[-2.560399991960061,57.28388306450075],[-2.555281907751293,57.284002024319044],[-2.553959940211698,57.28392136492736],[-2.553976435545043,57.283842091604356],[-2.553674672317797,57.28382923419007],[-2.55365931811862,57.28390302058346],[-2.550191347379657,57.28369134769531],[-2.54525058878078,57.28295849762212],[-2.543741705241515,57.282591200680656],[-2.541427442316336,57.28217409802101],[-2.539652303655262,57.28179131192311],[-2.539477496009964,57.281747138358526],[-2.539011169096738,57.28162445445011],[-2.538085832371993,57.28137124836642],[-2.537626822707502,57.281240726244434],[-2.5374768985651,57.28119646145213],[-2.535533254951583,57.280523628934944],[-2.531837345041112,57.27903834033128],[-2.530085087744266,57.27822588960742],[-2.529976451132911,57.278167958409874],[-2.529433714301506,57.277864597576745],[-2.528375199025743,57.27724438448856],[-2.527859420518053,57.27692753245908],[-2.527658552961018,57.27679812284508],[-2.527427820893732,57.276646121959864],[-2.526972565040474,57.276339417774146],[-2.526748041236559,57.276184714495976],[-2.526105145240761,57.27573160299915],[-2.525330028960333,57.27519752705123],[-2.525277608782805,57.275161216044175],[-2.525173113416906,57.2750884487369],[-2.525121038228267,57.275051992436964],[-2.524396589834885,57.27454212062602],[-2.522407109173498,57.273246379726885],[-2.522057833063443,57.273158136393086],[-2.52135166117699,57.27297418705664],[-2.521000583939577,57.27287995108003],[-2.52095896434628,57.27286844573963],[-2.520168458302739,57.272635050399735],[-2.518612025440043,57.27214534831517],[-2.517846099424557,57.27188904154082],[-2.517746106382523,57.27185351254316],[-2.517600039209306,57.27180101219621],[-2.517308938778911,57.27169517745002],[-2.517163905525389,57.27164184305314],[-2.516628826919291,57.271442824657456],[-2.516557328101608,57.27141608129776],[-2.516414590434203,57.27136239186943],[-2.516343351584889,57.271335445801085],[-2.516309386992003,57.271322526839676],[-2.516020001024517,57.27121911847201],[-2.515865468383467,57.271163222047605],[-2.515540292081953,57.2710441680233],[-2.515378354957407,57.270984119484325],[-2.514936616677325,57.27081822666135],[-2.514778147261027,57.27075796834983],[-2.514462519549919,57.27063645285553],[-2.514305361259392,57.270575195676024],[-2.514035417611495,57.27046867482506],[-2.513411304394666,57.2702099092594],[-2.511864997556084,57.26953668762126],[-2.511071143280641,57.269168139152626],[-2.511053295693657,57.269159309587565],[-2.510702708535364,57.26898074278188],[-2.510011256694845,57.26861816986674],[-2.50967039201961,57.26843416381044],[-2.509654184171454,57.268425156721975],[-2.509173215157085,57.26814625076894],[-2.508233602945338,57.267577615518945],[-2.507774959680995,57.26728788638798],[-2.507758729427044,57.267277181363454],[-2.507482869502332,57.26709020592029],[-2.506940451431659,57.26671233729632],[-2.506673893248298,57.26652144415547],[-2.506659321306241,57.26651071433848],[-2.505903602833517,57.26590391429438],[-2.504485940370202,57.2646589777809],[-2.503823994338224,57.26402084226152],[-2.503809694693216,57.26400563752756],[-2.503440551829306,57.26358670385425],[-2.50274272797656,57.26273905952247],[-2.502414046242505,57.26231034908673],[-2.502249594389771,57.26207915608267],[-2.502239233432193,57.262064569122536],[-2.502115775732964,57.26189040756859],[-2.501481091545696,57.260787972958546],[-2.500412415430282,57.25840143934954],[-2.499973196436884,57.25575946761075],[-2.500277401627653,57.25293678040165],[-2.50063567577943,57.25153196360705],[-2.500709604340431,57.25134967322635],[-2.500734081317314,57.2512902786242],[-2.500783776869552,57.2511715806527],[-2.500808995442645,57.251112277283084],[-2.50092016884265,57.25085483015789],[-2.500934797071793,57.2508212457465],[-2.500964291365558,57.250754107625774],[-2.500979157429776,57.250720553916345],[-2.501012105543225,57.25064681169581],[-2.501020038209638,57.2506053564874],[-2.501067124598175,57.25034898771641],[-2.501075443935756,57.25030480002161],[-2.501092485547693,57.25021644746796],[-2.501101207821097,57.25017228260907],[-2.501151888738832,57.24992151934485],[-2.501175479743893,57.249795522574146],[-2.501554326342894,57.248592780339706],[-2.502640367918615,57.24615609810649],[-2.504400432442823,57.243770864317774],[-2.506825135090107,57.241496026195804],[-2.509837061865004,57.23943781227481],[-2.513371418778035,57.23764045789652],[-2.517352217065239,57.2361425709238],[-2.517621088582346,57.23607035418046],[-2.518459414798464,57.235827026509426],[-2.51893835279214,57.23563327254608],[-2.519127442506533,57.23557938349264],[-2.52024631640737,57.23528895630665],[-2.522520955281126,57.234754287561564],[-2.523138323182128,57.234623824124654],[-2.523137650982974,57.23462291963718],[-2.523635024553895,57.23451422289844],[-2.52476951845311,57.23429195810495],[-2.524875441461519,57.234273540744546],[-2.525023436110414,57.234248221959625],[-2.525319855718388,57.234198336829714],[-2.525468280682908,57.234173770483615],[-2.525590085817256,57.23415394767456],[-2.525630655529305,57.23414737588667],[-2.525711825754716,57.234134288528246],[-2.525752426268192,57.23412777295772],[-2.525802670863752,57.23411974754187],[-2.526217994114875,57.23405658326111],[-2.52705152862203,57.233936136354515],[-2.527469740001046,57.233878853707665],[-2.527577215675804,57.23386493713119],[-2.529423874320829,57.233685046885036],[-2.533142820796304,57.233439583600536],[-2.535015119851872,57.233374009507294],[-2.535073094034694,57.23337376280146],[-2.538581999624158,57.23356230760574],[-2.545446924715962,57.234337595058],[-2.548803015064169,57.234924344874884],[-2.548894438041664,57.23494639449683],[-2.550470722575475,57.23544009981541],[-2.550638963695769,57.2354777309749],[-2.551984721311711,57.23579785271716],[-2.552651059256584,57.23596600420256],[-2.552711269789706,57.235982088702094],[-2.553083648845206,57.236084748056825],[-2.553823521161414,57.23629512226356],[-2.553925094241891,57.23632489422067],[-2.554141170883648,57.236379492953986],[-2.554451238794167,57.236459974348996],[-2.55503693986114,57.236616066739884],[-2.557273474005336,57.23733538045216],[-2.561511681516631,57.23895480481065],[-2.565230708398288,57.24091375854345],[-2.567238736543437,57.2423675555755],[-2.56895616275445,57.24331578839265],[-2.569085950903456,57.24340374302541],[-2.569106129704054,57.24341701688634],[-2.570430253625834,57.24442139892684],[-2.570826345782686,57.24477024043103],[-2.572227963359687,57.245163048331335],[-2.572311732462449,57.24519014591783],[-2.57236402392995,57.24520708186219],[-2.572397104477516,57.24521780869468],[-2.573209154231646,57.245530108933764],[-2.574654122567703,57.24596572242512],[-2.57474950436763,57.246000885950075],[-2.575828917151034,57.24643451875152],[-2.577334247416293,57.247092101851955],[-2.577325791926971,57.24709778999289],[-2.577550394683461,57.247170242508346],[-2.577658873437172,57.24721915955003],[-2.577903045752057,57.247340562916925],[-2.577919468591358,57.247347736612724],[-2.578930608168155,57.24782732280056],[-2.579172851525234,57.247951969024584],[-2.579826954732856,57.24830790215828],[-2.58137641185626,57.24919954100352],[-2.582163286899537,57.249686330675466],[-2.582230279738612,57.24973091751476],[-2.582345078171668,57.249808188436745],[-2.582573095326167,57.24996341268616],[-2.582686313902439,57.250041365929434],[-2.582795233275171,57.25011721678536],[-2.583557634135927,57.250693732489154],[-2.584996205766371,57.25187756078882],[-2.58527768906869,57.25213038294],[-2.585645486414943,57.252428018743196],[-2.587398236855446,57.254018141263586],[-2.587528449081784,57.25415144616007],[-2.587544876494836,57.254165942722906],[-2.587607357921429,57.254221530679],[-2.587741858397441,57.25434217287848],[-2.587816241523193,57.25444607002653],[-2.588198843582344,57.25483774565412],[-2.588271059321687,57.254921913475854],[-2.588174365160941,57.25494628244415],[-2.588293913689707,57.25511325965037],[-2.588397850296921,57.25508545389066],[-2.590033989186193,57.256881743200445],[-2.591468048865076,57.25921864507257],[-2.592297567605852,57.26164000976743],[-2.592506771076453,57.26410013334164],[-2.592091586231514,57.2665525704391],[-2.59105973465241,57.26895101339363],[-2.589430583895136,57.27125016156251],[-2.588469793586901,57.27236933515487],[-2.588079908027843,57.272752228689086],[-2.588031503635055,57.272799428409215],[-2.58793417161935,57.27289366932731],[-2.58788524399552,57.27294071052489],[-2.587828237537834,57.27299513577123],[-2.587430095160916,57.273375179682674]]],[[[-2.508168517444934,57.327368845538054],[-2.507617188372605,57.327402705308195],[-2.507220381397691,57.327394549119276],[-2.505430887565533,57.327305116242684],[-2.505312848089538,57.327295709221126],[-2.504605066493869,57.32723081744116],[-2.503195357556821,57.32708453673825],[-2.50250898751258,57.327005138620684],[-2.502257810878687,57.3269730650607],[-2.501188058432165,57.32681589542609],[-2.498713152336616,57.32640379200839],[-2.495301042054838,57.32559945582351],[-2.491242588168636,57.324332733623855],[-2.487555408086059,57.32276884111925],[-2.484313293646107,57.320939098500325],[-2.481581094450976,57.31888014365377],[-2.479413425978972,57.316633200664064],[-2.477853572162246,57.31424324777118],[-2.476932633000184,57.311758118060155],[-2.476634999335896,57.310497887133494],[-2.476615989669854,57.310315471710965],[-2.476663490074066,57.30896341738039],[-2.47713296821754,57.306278494884296],[-2.478341741193152,57.30366213505361],[-2.480262271289063,57.301173610357466],[-2.482850914432693,57.298869293081424],[-2.486048921371248,57.29680137143181],[-2.489783787919991,57.29501666319331],[-2.493970890779472,57.293555573067074],[-2.498515400461699,57.292451175183814],[-2.503314426481947,57.29172846707696],[-2.505764261676112,57.291465110171565],[-2.506589158916009,57.29141094819567],[-2.508971000540206,57.29134799896251],[-2.513726754239149,57.29140749830664],[-2.518417712085699,57.29183535640483],[-2.522947072825689,57.292622737698395],[-2.527221390287886,57.2937534062935],[-2.531152442230352,57.295204032628945],[-2.534659063831266,57.29694468217145],[-2.537668807196302,57.29893942714834],[-2.539041039757039,57.299995474091624],[-2.539173770311197,57.30011504245512],[-2.540298518174433,57.30132701564095],[-2.542198282569172,57.303828789286165],[-2.542973279430125,57.30511859502941],[-2.543017565992108,57.305217027132244],[-2.543027320034105,57.30523877201087],[-2.543031525097072,57.30524817302426],[-2.54345499352836,57.30672589689731],[-2.543843160782248,57.3096988884443],[-2.543314548071176,57.312665534515865],[-2.541883587278128,57.31554360602678],[-2.539589746704928,57.31825331022919],[-2.536496453510959,57.32071950476917],[-2.532689352767128,57.32287378795391],[-2.528273943796804,57.324656396931466],[-2.524562990948011,57.32568724718176],[-2.523962016375143,57.32589865675261],[-2.523791554625863,57.32593978067905],[-2.521586974499389,57.32637347264103],[-2.518798510882116,57.32680406931257],[-2.518121471265295,57.32692042104444],[-2.517442126262404,57.32700424575285],[-2.517446639684755,57.32701279900391],[-2.517086701575313,57.32706837056852],[-2.516673051190953,57.32709913744681],[-2.515426105237257,57.32725297989856],[-2.515221375290557,57.32726868815488],[-2.515205533950609,57.32720827849245],[-2.512450194906874,57.32741314864048],[-2.508168219741531,57.32740196775139],[-2.508168517444934,57.327368845538054]]],[[[-2.41141752302183,57.33714037755864],[-2.408300520005338,57.33467238552975],[-2.406933306416644,57.333367770618324],[-2.406776805480342,57.33318420883609],[-2.405825838054037,57.33176635138494],[-2.404376129564119,57.32886456023398],[-2.403877355599301,57.327380631434636],[-2.403840184904908,57.327171361252866],[-2.403764106896801,57.3263312762931],[-2.403757405688366,57.32461345234179],[-2.40383029072803,57.32375357703061],[-2.403839662581107,57.32369965898977],[-2.403985014831966,57.32308889064587],[-2.404352717404127,57.321874175831944],[-2.404575065261324,57.321270229136886],[-2.404609074488293,57.32119196023829],[-2.405629898279144,57.31956253992764],[-2.408226720384623,57.31643884056849],[-2.409802681418233,57.31494456018898],[-2.409827373167117,57.314925624944536],[-2.410313195348166,57.31457181805199],[-2.411316302980517,57.31387751918886],[-2.411833588199137,57.31353702696808],[-2.411868207863583,57.313515346023934],[-2.412238583028251,57.31329109360223],[-2.412992986460428,57.31284942023634],[-2.413377014703433,57.312631999210645],[-2.413419912637923,57.31260851204651],[-2.414080212612334,57.31226636318866],[-2.415434584359017,57.31160224348668],[-2.416128656261243,57.311280272281316],[-2.416161692533546,57.311265781594045],[-2.416366373236446,57.31117744034119],[-2.416778281019418,57.3110025146702],[-2.416985508106973,57.3109159302438],[-2.417018553986702,57.31090234655769],[-2.417998967756977,57.310528765160285],[-2.42000701548483,57.30982085404525],[-2.421034651008559,57.309486522954906],[-2.421071044722467,57.3094756308356],[-2.421328035908317,57.30940030772998],[-2.421844426009287,57.30925212023128],[-2.422103824949,57.309179255828525],[-2.42220310649081,57.30915196545361],[-2.423274986086087,57.30888284975226],[-2.425451363612651,57.30838653931265],[-2.426555863567914,57.3081593440241],[-2.426595615540971,57.308152032028104],[-2.426888806671947,57.308099742721765],[-2.427476932476735,57.30799812230643],[-2.427771867313288,57.30794879101427],[-2.42781162901924,57.30794235894187],[-2.427828960330525,57.30793956089474],[-2.427863628568768,57.3079339750151],[-2.427880965495735,57.30793118718259],[-2.428058238796165,57.30790273778982],[-2.428449644962873,57.307842736677166],[-2.429235053205054,57.307727939989505],[-2.429629055383759,57.307673144398414],[-2.429726835227464,57.30766023469964],[-2.429895238531851,57.30763850346964],[-2.430232454226288,57.30759599210362],[-2.430401266624603,57.307575211966494],[-2.43068834660038,57.30754072416524],[-2.43302551127392,57.307353153054336],[-2.437725329193908,57.30715937375306],[-2.442428391599512,57.30732853170272],[-2.447039535272724,57.30785720447613],[-2.451465446905561,57.30873469860774],[-2.455616550464333,57.309943261779395],[-2.457612532406934,57.31062764267249],[-2.45781439165691,57.31070829365135],[-2.457877177280811,57.3107335027642],[-2.458002528685148,57.31078408063619],[-2.458065094465828,57.3108094493956],[-2.458108140144316,57.3108269890381],[-2.458744965316871,57.31110244539903],[-2.459729930092603,57.31118494036923],[-2.459920429730359,57.311206064033236],[-2.459941464238877,57.311208404110644],[-2.459983527653558,57.311213098978364],[-2.460004556559737,57.31121545376865],[-2.460068057678317,57.311222587702204],[-2.460292320688605,57.31124865778672],[-2.460740160581868,57.311302471176845],[-2.460963737484134,57.31133021448488],[-2.460990340199862,57.31133362040532],[-2.461316906728658,57.31137732541224],[-2.461968338455998,57.3114683050233],[-2.462293203713334,57.31151557963625],[-2.46230484593664,57.31151734244642],[-2.462897379420244,57.31161353665611],[-2.464075421093892,57.31181779712179],[-2.464660929624047,57.3119258634434],[-2.46470053628647,57.311933622200314],[-2.464944955364935,57.311982680407304],[-2.465432341675368,57.31208286635905],[-2.465675308930741,57.312133994109445],[-2.465703606688721,57.31214008763143],[-2.466449799221296,57.312312310808665],[-2.467925766107244,57.312676264977945],[-2.468655540906288,57.31286799631473],[-2.468747120672556,57.31289357105092],[-2.471400036220302,57.31381685355961],[-2.476335656844047,57.31591812593654],[-2.478618374603255,57.3170961300695],[-2.478740599441095,57.31717246008571],[-2.478866569565807,57.3172520621087],[-2.479116786520824,57.31741205545866],[-2.479241033349042,57.317492446789075],[-2.479392781599847,57.31759180370439],[-2.479666842401768,57.31777613294343],[-2.480205905541085,57.31814863039058],[-2.480470907843469,57.318336798637326],[-2.480529058154285,57.31837923643902],[-2.480831985105963,57.31860769781975],[-2.481424485915009,57.3190696358511],[-2.481714059686242,57.319303112564434],[-2.481726129424856,57.31931318111277],[-2.481826871410389,57.31939826398995],[-2.48202658142035,57.31956903718785],[-2.482125549439876,57.31965472751133],[-2.48216124229434,57.31968602193918],[-2.482657185850532,57.32015143441354],[-2.483596796942896,57.321097460573654],[-2.48404046352792,57.32157807464931],[-2.484056265048239,57.32159655456566],[-2.484087729117608,57.321633571897436],[-2.484150346759717,57.32170768336015],[-2.484181500331965,57.32174477749126],[-2.484534215750521,57.32216728678984],[-2.485384827301689,57.32343064904297],[-2.486728083865963,57.32601189149458],[-2.487344157611889,57.328672667537475],[-2.487219088873734,57.33135337255238],[-2.4863555186434,57.33399394230269],[-2.484772646212307,57.33653519974064],[-2.483607550873536,57.33776105882976],[-2.483140329761177,57.338359223182046],[-2.480627918039129,57.3405958171746],[-2.477539461067864,57.34261060329892],[-2.476469435737638,57.34313096605488],[-2.47486354964739,57.34408884914003],[-2.473029357410005,57.345028194658155],[-2.472934950811057,57.34506965461889],[-2.472004516763312,57.34547816151806],[-2.469833066284521,57.3462858755431],[-2.465280955182434,57.34770537426727],[-2.460370597769471,57.348717664941454],[-2.4552257099067,57.34929723835564],[-2.449975941489402,57.34942948906251],[-2.445374176099836,57.34914893243063],[-2.445382566528794,57.349108726054446],[-2.442713523041512,57.34896815993367],[-2.438199194062186,57.348377713872445],[-2.433882012035587,57.3474518488462],[-2.429846812187209,57.3462087626162],[-2.427910055088561,57.34551057873973],[-2.427346546769557,57.34527500360044],[-2.425395011963347,57.34431609009799],[-2.421797454116739,57.34224332956662],[-2.420880829531458,57.34151061632596],[-2.420193560020161,57.3412789680352],[-2.41962286921488,57.341141834764464],[-2.419609981045066,57.34113731599957],[-2.419551810002694,57.34111794521361],[-2.418549853219476,57.340756564938324],[-2.418444723521504,57.340715593220075],[-2.418166339194623,57.34060470043399],[-2.417613904283133,57.34037980401157],[-2.41733985372525,57.34026580054731],[-2.417167910552685,57.34019271977794],[-2.416781046690058,57.340023155966406],[-2.414643425799328,57.339057113540456],[-2.4133294872928,57.338394829203004],[-2.413167326130788,57.338303745232714],[-2.41141752302183,57.33714037755864]]],[[[-2.437749531023104,57.40000720695414],[-2.437684787092177,57.399984010627094],[-2.437574307330145,57.39994217736112],[-2.436179404861663,57.39935172133624],[-2.432523788165797,57.39762672684893],[-2.429327480520135,57.39559199550572],[-2.426701805423711,57.39330184097599],[-2.42554897212582,57.39210331132081],[-2.425503959880747,57.39204642281676],[-2.425467576995056,57.39200042182804],[-2.425439256945779,57.391964397799605],[-2.425382934599996,57.391892317544944],[-2.425354918843455,57.391856244300925],[-2.425261349121548,57.39173502342198],[-2.425164191522327,57.39160636003415],[-2.424973575937335,57.3913482369503],[-2.424880118002998,57.391218777235224],[-2.424815508526755,57.391127191265085],[-2.424750853170266,57.391033990864045],[-2.424623459809771,57.390847208887074],[-2.424560721797306,57.39075362731307],[-2.424408980437074,57.39052330526199],[-2.423939859951682,57.38982188576755],[-2.423893380840734,57.389751473870014],[-2.423789306623576,57.38959171038688],[-2.423737967167943,57.38951169616548],[-2.423576145868047,57.3892555937783],[-2.423542737822632,57.38920217287691],[-2.423476543674597,57.38909521886323],[-2.423443757570347,57.389041685751245],[-2.423392822519851,57.388957634735874],[-2.422941285529706,57.38821683469909],[-2.422918294677343,57.38817883002278],[-2.422872626596407,57.38810276577558],[-2.422849949367246,57.38806470620479],[-2.422799495544259,57.38797937758157],[-2.422180859674238,57.386526219146894],[-2.421397360365083,57.38358465552923],[-2.421525705529212,57.38061362752687],[-2.421921184099593,57.37950000332214],[-2.421929312342513,57.37930609174013],[-2.42193577520238,57.379186884800895],[-2.421962011932766,57.37879245386792],[-2.421970400758643,57.37868445301687],[-2.421989583785888,57.37846851366119],[-2.422000377973195,57.37836057515623],[-2.422042050639587,57.37798574550707],[-2.422048575900225,57.37792367682588],[-2.421910836599793,57.377276476710236],[-2.422077682078744,57.374621864136856],[-2.422343730082134,57.373297905617285],[-2.422431013598133,57.37304216083789],[-2.422464283585119,57.3729475258387],[-2.422532699647551,57.37275845399412],[-2.422567845713739,57.37266401714778],[-2.422642002146449,57.372470143814205],[-2.42268055257333,57.372361837623814],[-2.423350795242234,57.37103575491571],[-2.425057792826248,57.36845435171081],[-2.427473547834647,57.3660438576243],[-2.430541391241885,57.36386068532496],[-2.434189427522983,57.36195591721189],[-2.4383322276859,57.36037411714363],[-2.442872830747735,57.35915228506494],[-2.447705004005387,57.35831899766004],[-2.452715724003959,57.35789374334369],[-2.457787810402037,57.35788646651742],[-2.462802647872653,57.358297336236525],[-2.467642957611826,57.3591167436901],[-2.470005018094368,57.35962674852531],[-2.472828488687632,57.36037637748466],[-2.475041106767183,57.36108343041878],[-2.476099078565222,57.361484205946994],[-2.477833649061083,57.362124114742436],[-2.478090554772503,57.3622385591321],[-2.479238420623219,57.36267333199897],[-2.48066265879304,57.36341384727622],[-2.480666476363022,57.363414787711015],[-2.480692630354492,57.36339764232275],[-2.480811118254658,57.363450419227526],[-2.483259750294658,57.3640535868164],[-2.483666561939631,57.36412455422007],[-2.483761869977139,57.36414135191235],[-2.484161136057763,57.364212440606536],[-2.484400288335019,57.36425611104948],[-2.484759584341456,57.36432336606423],[-2.487095144114445,57.36487207644791],[-2.491583965255888,57.366155714582504],[-2.495657573197081,57.367794651616],[-2.499220403783444,57.36975046512252],[-2.502188830391917,57.37197729584964],[-2.504493126904874,57.37442292001316],[-2.50607910725325,57.37702997322415],[-2.506909409029688,57.37973729300937],[-2.506964380951084,57.38248135090053],[-2.506242561709506,57.38519774276212],[-2.504760726949306,57.38782269767901],[-2.502553513618814,57.39029457841705],[-2.499672617566707,57.3925553289312],[-2.496185595441089,57.39455184416967],[-2.494214869245233,57.3953798903823],[-2.49418951797823,57.39540436663169],[-2.491341703231424,57.39742052111734],[-2.487995017560812,57.39919942079282],[-2.484216458112161,57.40070541719876],[-2.48008170934961,57.40190832945657],[-2.475673621930808,57.40278404284975],[-2.47108054628007,57.403315002071785],[-2.466442146588431,57.40348877873285],[-2.461591740248497,57.403930994616594],[-2.456456391162379,57.403965164468886],[-2.45137286237869,57.40357099083359],[-2.446463050224064,57.40275791575686],[-2.441844756058428,57.401545455844115],[-2.437748797577594,57.4000077762379],[-2.437749531023104,57.40000720695414]]],[[[-2.425562828746709,57.08774274936706],[-2.424797154461408,57.08853647453777],[-2.423124194797632,57.09007840454629],[-2.422216905564234,57.09082660751263],[-2.422206923757116,57.09083400733247],[-2.420811990564814,57.091737149965596],[-2.417816505275208,57.093436057279206],[-2.416215952516124,57.09423181702149],[-2.416189347507297,57.094243394787746],[-2.414660774947452,57.09483434604433],[-2.411490214758802,57.09591799879842],[-2.4098482321921,57.09641069743623],[-2.409813015315847,57.096419885529265],[-2.408053127711038,57.096812853349704],[-2.407889733712079,57.096843477092634],[-2.407379471880871,57.09696833721477],[-2.407329750486331,57.09697936836548],[-2.406732349141251,57.09710460739924],[-2.406053525208592,57.09723874185433],[-2.405313627398014,57.09745749159084],[-2.404837930438514,57.0975927224358],[-2.404735742346922,57.097620630594115],[-2.403011343012211,57.09802644255824],[-2.402229618604894,57.09818230219979],[-2.401918241072293,57.09825301157483],[-2.401288161413283,57.09839196153096],[-2.400971805359772,57.098459669344464],[-2.400953344911845,57.098463501295726],[-2.400772564892269,57.098500369051145],[-2.400410223854719,57.09857295035109],[-2.400228662846437,57.09860866389339],[-2.400210215850956,57.098612226197744],[-2.400071153773578,57.09863870067362],[-2.399792600391405,57.0986909725035],[-2.399653109091065,57.098716769856544],[-2.399634495109427,57.098720161928554],[-2.399285910288076,57.0987813521475],[-2.39858632838896,57.098899504514705],[-2.398235331382879,57.09895646664966],[-2.398216547104363,57.09895939192835],[-2.398143339148306,57.09897069327591],[-2.397996828148849,57.098993112016124],[-2.397923525106115,57.099004229408685],[-2.397679742936467,57.0990408724882],[-2.396707761838232,57.0991698455252],[-2.394751210003196,57.09939547965207],[-2.393766640886778,57.099492140547476],[-2.393515153467979,57.099512567194374],[-2.39302712094151,57.09954816352661],[-2.392049319608544,57.09961141129275],[-2.391559551007686,57.099639062713315],[-2.391346411849201,57.09964934905931],[-2.390380744983633,57.099680459266914],[-2.388447718459362,57.09971181327588],[-2.388413530617957,57.09971182201853],[-2.385806751412365,57.09985900742948],[-2.38565422504981,57.102366474508344],[-2.384656008659243,57.10515907542416],[-2.382857552009635,57.10783039229957],[-2.380304087636612,57.1103129823016],[-2.377059959864007,57.112544151693754],[-2.373206991389199,57.11446754690097],[-2.371139512973785,57.115345680972375],[-2.371025987949759,57.11538644043274],[-2.37086398949869,57.11544386529299],[-2.37053876615612,57.11555767842453],[-2.37037554126988,57.115614066692665],[-2.369982239600695,57.11574818508179],[-2.369928360411819,57.1157664796301],[-2.369820472921714,57.11580295577488],[-2.369766464620684,57.11582113737125],[-2.369350095633039,57.11596070256786],[-2.369272804848871,57.1159864509201],[-2.369117964336279,57.11603771630004],[-2.369089417219844,57.116047109476824],[-2.368664857128773,57.116219536742165],[-2.368581465606729,57.11625345722184],[-2.368537240290432,57.11627138377451],[-2.367950758487732,57.116508281417005],[-2.36787758110266,57.116537669898136],[-2.367730929512216,57.11659622699435],[-2.367657455307243,57.11662539560906],[-2.367436390938172,57.1167126490782],[-2.367366213086916,57.11674019549134],[-2.367225592656092,57.116795087737586],[-2.36715515007689,57.11682243357038],[-2.367061386226252,57.116858631251624],[-2.366958466014909,57.11689804361591],[-2.366752075697577,57.11697644017646],[-2.3666486055928,57.11701542437182],[-2.366294887247799,57.11714761047493],[-2.366252256698865,57.11716348822272],[-2.365774362793198,57.117340881160764],[-2.365759532990628,57.117346409518234],[-2.365745316304451,57.1173517033836],[-2.365257989719425,57.11753296418883],[-2.365158618662581,57.11756963700921],[-2.364976943056128,57.11763616042749],[-2.364808238568878,57.11769827619097],[-2.364704350215046,57.1177369059269],[-2.364636664671633,57.11776194029413],[-2.364627779749977,57.11776520900454],[-2.364471570854493,57.11782197538471],[-2.364157974586963,57.11793453715637],[-2.364000587219532,57.11799033254497],[-2.363673593025627,57.118104817816096],[-2.361425096757797,57.1187641968097],[-2.356767842184707,57.119886294992995],[-2.351847946836,57.12060406053001],[-2.346783290410911,57.120900292642425],[-2.344229819278065,57.12094147208379],[-2.344167048728466,57.120939838702206],[-2.343425898264838,57.12091144883477],[-2.34194669875861,57.120836551698694],[-2.341208650430806,57.120790044463334],[-2.340978939224625,57.120772711902106],[-2.340895233219595,57.1207662770407],[-2.340727882945876,57.12075317415584],[-2.340644238678268,57.12074650613244],[-2.34041191689633,57.12072765488328],[-2.340378010280562,57.120725018739044],[-2.340304937948978,57.12071924683376],[-2.340158841524008,57.12070752523413],[-2.340085817431477,57.12070157553986],[-2.339360282414925,57.12064155720844],[-2.339291457981528,57.12063578284112],[-2.33915385455122,57.120624076178224],[-2.3390850755549,57.120618143882695],[-2.338834145270991,57.120596205296884],[-2.338624600388264,57.12057844330236],[-2.338398505533161,57.1205584033772],[-2.337946849314692,57.120516618298815],[-2.337721287971479,57.120494873147415],[-2.337311356999069,57.120453755682206],[-2.336830456143827,57.12040149028078],[-2.335871723556994,57.12028920976256],[-2.335544542078013,57.12024899507567],[-2.335208327353461,57.120205712323056],[-2.335053367048539,57.120185787382354],[-2.334974836275067,57.120175579413676],[-2.334811011855761,57.1201540530356],[-2.334732114193408,57.12014383196873],[-2.334575100505607,57.12012326917882],[-2.334496639933337,57.12011288330223],[-2.334409008850737,57.12010115993781],[-2.334225598485905,57.12007601614606],[-2.333859319904934,57.120024586730096],[-2.333676451699302,57.11999830110735],[-2.333531926651458,57.11997704435735],[-2.333237160106046,57.1199320905916],[-2.332649211624428,57.119839216479804],[-2.332552455496328,57.11982375787552],[-2.332266428109222,57.11977754263138],[-2.332095448865956,57.11974936771541],[-2.331402992808861,57.11963302997907],[-2.331260421005052,57.119608691404466],[-2.331114677122597,57.119583416548274],[-2.330938941713368,57.11955339152682],[-2.330834283695862,57.119535302011535],[-2.330677470244955,57.11950788495914],[-2.328402807768712,57.11900591595848],[-2.324015598536604,57.11782398762923],[-2.319999234428174,57.11630120911536],[-2.316442519251593,57.11447126498569],[-2.315661524577001,57.11392881592018],[-2.314487319770178,57.11335960933258],[-2.311279109250385,57.11124317996373],[-2.308702824261958,57.10888498470858],[-2.306818794760214,57.10634037134094],[-2.305671091465154,57.10366905334263],[-2.305286488449248,57.100933703881616],[-2.305287196122547,57.099557996719334],[-2.305332614974751,57.099237308926064],[-2.305334011554019,57.09922751789147],[-2.305336824376465,57.09920793665911],[-2.305338240619636,57.0991981464613],[-2.305406010189643,57.09873291349614],[-2.305416304974972,57.09865102829961],[-2.305425876692374,57.098579130941374],[-2.305446079753454,57.09843538035806],[-2.305456711093008,57.098363527132804],[-2.305472315260676,57.098263101722104],[-2.305491652405041,57.098126677829256],[-2.305496079765362,57.09809612239761],[-2.305505125988752,57.09803501993638],[-2.305509744851506,57.09800447290679],[-2.305523470478541,57.097915553688324],[-2.305541133419441,57.09778807312765],[-2.305555809812572,57.09768205873192],[-2.30557108140556,57.09756181497763],[-2.305575187583913,57.09752385303539],[-2.305600846003574,57.09727896503658],[-2.305602553075847,57.09726292473087],[-2.305606019924453,57.0972308458075],[-2.305607779700739,57.09721480718982],[-2.305647057198406,57.09686212867408],[-2.305657600655197,57.096754777036345],[-2.30565765554029,57.096589949106594],[-2.305709567776095,57.09587963898572],[-2.305740965270669,57.09566467935381],[-2.306213689117041,57.094129593188605],[-2.307638703015563,57.09112688151021],[-2.309994223203844,57.08830314305546],[-2.312751673562297,57.0861075365242],[-2.314235783238169,57.08478670445615],[-2.317230176207494,57.082818280673365],[-2.320708126716661,57.08110172203841],[-2.324598888139116,57.0796719390809],[-2.328823358522604,57.0785579886578],[-2.329564177171926,57.07842954672188],[-2.330489540655115,57.078171747717214],[-2.330537288947919,57.07816174940306],[-2.331443502510676,57.077988304931246],[-2.333272908263603,57.07767041565768],[-2.334196101731399,57.07752597061614],[-2.334215871321415,57.077523214007094],[-2.335308299685536,57.07739220555976],[-2.3375069349275,57.07717078075605],[-2.338613141249895,57.077080364929664],[-2.338642815587995,57.07707849713824],[-2.339042801807865,57.077056007115864],[-2.33984366079419,57.07701633976414],[-2.340244533672871,57.07699916242946],[-2.340325333219105,57.07699623922048],[-2.340423214027302,57.07699285710997],[-2.340619010790789,57.07698640966805],[-2.340716926747723,57.07698334433659],[-2.340749908092237,57.076982365380275],[-2.34183966934318,57.076969656704044],[-2.342881962457871,57.07697625319693],[-2.342951817030891,57.07675418641083],[-2.342966132775482,57.07671230577096],[-2.342951571808868,57.07574894705835],[-2.343671707542135,57.073048576058476],[-2.3451363533134,57.07043908886189],[-2.347311385804947,57.067981006485255],[-2.35014623389568,57.06573132640368],[-2.353575061201199,57.06374220414319],[-2.357518305548205,57.06205974617263],[-2.361884515110884,57.06072294533388],[-2.364161218359051,57.060145335592765],[-2.364192317785807,57.06013896594842],[-2.365407692861923,57.05991898275328],[-2.367866075967494,57.05953104194583],[-2.369109086937208,57.059363084250506],[-2.369174468603711,57.0593557051346],[-2.369462791318135,57.05932462166836],[-2.370040406518887,57.05926525806702],[-2.370329699047065,57.05923697792731],[-2.370370714613217,57.05923317362979],[-2.371532855476274,57.059148419560636],[-2.373865241661772,57.05902409608141],[-2.375035489782432,57.058984526509384],[-2.376468680098673,57.058963881450936],[-2.376487980402336,57.058963609480216],[-2.37652658158098,57.05896307784458],[-2.376545882455975,57.05896281817967],[-2.376882836291048,57.05895839204237],[-2.377049941044239,57.058956658379984],[-2.377384174188028,57.058954113464644],[-2.377551302586895,57.05895330221159],[-2.377834876607265,57.058952708408746],[-2.378499394875973,57.05895861314124],[-2.379827456088158,57.058984999718845],[-2.380490999550247,57.05900548157206],[-2.380510792720437,57.05900631083992],[-2.381831833154223,57.059106367346985],[-2.382090626917055,57.059101281929806],[-2.384263367612986,57.059136691995555],[-2.388673223954273,57.05936763796547],[-2.391324168701928,57.05972476115508],[-2.393015763472965,57.0597811239079],[-2.393897628891451,57.05982347181713],[-2.394230389829875,57.05984436839193],[-2.394384563799369,57.05985354937039],[-2.394459098171348,57.05985808127224],[-2.394608128364935,57.0598673296202],[-2.394682624187304,57.059872046066346],[-2.395423137514569,57.05991985691235],[-2.395529423463002,57.059925949684946],[-2.395854050138027,57.059943691333295],[-2.39592489269001,57.05994764715485],[-2.396066545820512,57.059955725357284],[-2.396137356399653,57.05995984773821],[-2.396995127063267,57.060010802409],[-2.397043168885315,57.060013645477426],[-2.397539472731648,57.0600471719314],[-2.398529988845494,57.06012240474467],[-2.399024201327121,57.06016411111997],[-2.399052258490732,57.06016671678048],[-2.399721374159923,57.06023663564282],[-2.401053740727041,57.06039146455182],[-2.401716992023465,57.06047637480137],[-2.401748366459909,57.06048076591168],[-2.402111058061906,57.06053393341055],[-2.40264280542401,57.06061543070072],[-2.402619435952576,57.0606606954201],[-2.404430472003337,57.060872797164485],[-2.409010402038781,57.06181394783254],[-2.413283468819063,57.063114909341614],[-2.417155079001429,57.06474689256736],[-2.418979229778417,57.065641549265415],[-2.419050429666596,57.06568208631387],[-2.419138303372973,57.06573250543316],[-2.419313332576956,57.06583371245461],[-2.419400488074352,57.06588450035777],[-2.419431364629312,57.065902633075126],[-2.41984307387532,57.06615368830039],[-2.420648951304076,57.06666402204426],[-2.421043119058128,57.06692330073377],[-2.421064059474311,57.066937612599325],[-2.421453588159479,57.06721471358672],[-2.422212609136132,57.06777694530655],[-2.422582101289521,57.06806207616096],[-2.422611227293824,57.068085505111554],[-2.423115962087506,57.068517539657805],[-2.424079450653349,57.06939656780033],[-2.424538203728317,57.06984356175456],[-2.424558900405888,57.069865150257186],[-2.424602107144253,57.069910532949585],[-2.424688046089905,57.07000143148426],[-2.424730778296342,57.070046947326865],[-2.424753318926232,57.070071125703876],[-2.424983410322692,57.07032797376915],[-2.425428485894812,57.07084552539492],[-2.425643469906558,57.071106229010255],[-2.425700855100545,57.07117888819079],[-2.425755429348297,57.07124880086178],[-2.425863491018604,57.0713888750094],[-2.42591697843779,57.07145903648702],[-2.426013293626667,57.07158689995862],[-2.42643467691405,57.07221116561352],[-2.427257527625523,57.07358517224554],[-2.427634973625953,57.07431986750859],[-2.427649141184518,57.0743527696444],[-2.427688568498497,57.07444659193643],[-2.427765575739503,57.074634461159384],[-2.427803155657652,57.074728508091496],[-2.427831319280206,57.0748008526868],[-2.428094613525257,57.07569934245635],[-2.428415025657531,57.07731479243111],[-2.428459342396697,57.07753024218313],[-2.42856233581063,57.0781181488202],[-2.428604959444229,57.07841256315738],[-2.428608628023519,57.0784446205834],[-2.428623910657213,57.07859976760049],[-2.428649546568553,57.078910182360644],[-2.428659899805402,57.07906545010508],[-2.428663954211006,57.07914528776174],[-2.428669788170743,57.07946144644514],[-2.428661020988332,57.08009367978148],[-2.428646419500929,57.08040975443612],[-2.428643398426599,57.08044821278821],[-2.428637207397064,57.08051549919188],[-2.428636964611865,57.08053336470496],[-2.428621947816341,57.080855812302055],[-2.428617178054363,57.0809157464355],[-2.428483367208579,57.081732554029365],[-2.428079484884395,57.083356120254464],[-2.4278094060819,57.08416287816549],[-2.427801391711283,57.08418186001995],[-2.427766364104549,57.08426309218219],[-2.427694924161539,57.08442537582089],[-2.427658511819541,57.084506427296596],[-2.427648533069707,57.084528200627105],[-2.427199928371731,57.08534131018982],[-2.426163672620874,57.08694083271983],[-2.4255760163035,57.08772724455426],[-2.425562828746709,57.08774274936706]]],[[[-2.405079592539262,57.16006304666407],[-2.405075955349223,57.16031215904898],[-2.405055968833091,57.160810233232915],[-2.405039619331889,57.16105919502985],[-2.40503814280538,57.16107537812215],[-2.404988731089223,57.16145452601731],[-2.404860428442253,57.16221134654514],[-2.404781536899102,57.16258901914757],[-2.404764115755264,57.16265914247329],[-2.40462522098422,57.16312538795579],[-2.404302506994876,57.164053267312546],[-2.404118686663249,57.16451490107148],[-2.404115458189322,57.16452208885429],[-2.403716893117597,57.16526784008336],[-2.402802647203925,57.16673784943373],[-2.402713201705428,57.16687784368848],[-2.4025809891191,57.167079390124734],[-2.402575457463488,57.167078319160865],[-2.402379779872578,57.16737382842638],[-2.401666728835181,57.16835852780917],[-2.401283477610702,57.1688451670189],[-2.401270414788658,57.16886048879692],[-2.400780523205748,57.16938874809632],[-2.399737760311032,57.170426600459415],[-2.399184887745623,57.17093619300537],[-2.399170140585559,57.17094881604349],[-2.398664732662222,57.17135633949807],[-2.397613616489237,57.17215575803928],[-2.397067907806851,57.17254765279129],[-2.397039996995557,57.172566596298076],[-2.396242703379185,57.173068568191134],[-2.394582064118865,57.17403918756747],[-2.393718718228161,57.17450783418267],[-2.393698977908795,57.17451778632458],[-2.39307592525117,57.17481642561489],[-2.391802961405921,57.17539631946524],[-2.391153049273599,57.17567757367384],[-2.391146462293268,57.175680280100046],[-2.390905072555895,57.175777599872724],[-2.390419072333823,57.17596983886708],[-2.390174461863973,57.17606475807637],[-2.390153046928376,57.17607290928708],[-2.389920018394798,57.17616000258553],[-2.38945124964599,57.176332010506066],[-2.389215509445833,57.17641692511811],[-2.389192440225302,57.176425081291825],[-2.388435764086963,57.17667716361869],[-2.386898569622176,57.177158901437195],[-2.386118051921344,57.17738855663895],[-2.386078470461777,57.17739946688418],[-2.3850077601377,57.177668949729075],[-2.382833649229683,57.178165736194835],[-2.381730246649368,57.17839303938581],[-2.38170053097815,57.17839851051016],[-2.38161000186874,57.178415020199665],[-2.381428769404432,57.17844775523235],[-2.38133806605078,57.178463980575266],[-2.381329811076004,57.17846544291771],[-2.381288972615148,57.17847264547249],[-2.381207261355908,57.17848699293929],[-2.381166388557639,57.17849413785132],[-2.381143273849589,57.17849816051592],[-2.380756522767529,57.178562644471185],[-2.379980228395733,57.17868645215397],[-2.379590685205452,57.17874577586438],[-2.379552699288224,57.178751289447106],[-2.378879454390534,57.17884084277211],[-2.378846845431887,57.178844788809165],[-2.378674491578677,57.17889159362531],[-2.377149062095017,57.1792797745208],[-2.376377230176962,57.179463304031515],[-2.376090235998117,57.179526864878],[-2.375864528899906,57.17957580462292],[-2.375411813268832,57.179671876577416],[-2.375184804754795,57.17971900878237],[-2.375072559297382,57.17974180146313],[-2.374470670975116,57.179856882924526],[-2.374299164636032,57.17988766833871],[-2.374187212953375,57.17991124923287],[-2.37412944006013,57.17992309021789],[-2.373936857479925,57.17996182118255],[-2.373702150851073,57.18000812560378],[-2.373576839048339,57.180034358232255],[-2.37328762384778,57.18009322323418],[-2.373245198557496,57.180101613650876],[-2.37275505950034,57.18019384565016],[-2.371769689920075,57.18036991176478],[-2.371274459597433,57.1804537458405],[-2.371213190912595,57.18046354770548],[-2.370930651470829,57.180507271286416],[-2.37036418527019,57.18059198444485],[-2.370080258550214,57.180632974016135],[-2.370036816073056,57.180639021797575],[-2.369794754099439,57.18067166557947],[-2.369309750081138,57.18073496589195],[-2.369066808061141,57.18076562241915],[-2.369050947883155,57.18076755544985],[-2.368393374517644,57.180840122985714],[-2.367073342507438,57.18097070562858],[-2.366410884255606,57.18102872006226],[-2.366355678362696,57.181032932512686],[-2.366038199972847,57.181055457658545],[-2.365402498799166,57.18109716419036],[-2.365084276071806,57.18111634557235],[-2.365029223630651,57.18111937124745],[-2.364707832095296,57.18113531589634],[-2.364064536666835,57.18116379450018],[-2.3637426328325,57.18117632845227],[-2.363707246257071,57.18117751793409],[-2.363339933030673,57.18118763945137],[-2.362604982564813,57.18120344177375],[-2.362237345413234,57.18120912257655],[-2.36218226811883,57.18120964083921],[-2.361636532174971,57.181209884998964],[-2.360902865175829,57.18120363605873],[-2.360903082200888,57.1811961286322],[-2.360770046636821,57.18120582160256],[-2.360330987026731,57.18120016601281],[-2.360200294384268,57.18119820156282],[-2.359938941828557,57.18119371132853],[-2.359808281919265,57.181191185544264],[-2.359771387268592,57.18119039301338],[-2.359303134897773,57.18117672104469],[-2.358367533334718,57.18114216908447],[-2.357900184323604,57.18112128909884],[-2.357749252169516,57.1811133742566],[-2.357619861493394,57.181106309995506],[-2.357361186568453,57.18109162886148],[-2.357231902323451,57.18108401198876],[-2.357179766907998,57.18108082770004],[-2.356435879945776,57.18102608154375],[-2.354953453779662,57.180898303123556],[-2.35421491528903,57.180825270919314],[-2.353566973244991,57.18075290783367],[-2.35296762831274,57.18067964353279],[-2.350393288757245,57.18033751990656],[-2.349243921738735,57.180099784215194],[-2.348864051525216,57.180056296393346],[-2.347848541782137,57.179921701294774],[-2.34669002553592,57.1797469011416],[-2.346574065543677,57.17973962266593],[-2.346233012467953,57.179687932704475],[-2.345645194932325,57.179592424117665],[-2.345272256638147,57.1795277110249],[-2.344843184090958,57.17945767698959],[-2.343685853466686,57.17924312976604],[-2.343376543101689,57.17917876015402],[-2.342059224892731,57.17886835218264],[-2.337758712002707,57.1777319516189],[-2.336073955063075,57.17709888355247],[-2.336036555079909,57.17713255954205],[-2.333109692980706,57.176173665747335],[-2.329334043706348,57.17447570069209],[-2.326719915679708,57.17289043071934],[-2.326740270693384,57.172880527765244],[-2.326384271653698,57.17270776415262],[-2.325551604684347,57.17228950071665],[-2.32514188139656,57.17207648839452],[-2.325126927458105,57.172068442487394],[-2.324099960081007,57.17146274954012],[-2.32404946912277,57.17143008403766],[-2.324047379189269,57.171428890833305],[-2.323818014002606,57.17129635563887],[-2.323797665298131,57.17128457617618],[-2.323783329818145,57.17127626267592],[-2.322754226235203,57.17077432329125],[-2.322164662331806,57.17047225802684],[-2.322151537246349,57.17046519519306],[-2.320232194305763,57.169227023012844],[-2.319625484796116,57.16875508767005],[-2.318880283816224,57.16836340108062],[-2.318864310655773,57.16835186264878],[-2.318842471459342,57.16833605060031],[-2.318798857229651,57.16830440042042],[-2.318777082196366,57.168288562289035],[-2.318755949909261,57.168273156315244],[-2.31829061225706,57.16791607791409],[-2.317392508867877,57.16719003013234],[-2.316959748503409,57.16682106116435],[-2.31687110138697,57.16674125587387],[-2.316619235893005,57.16650655827143],[-2.316128683543666,57.16603313113459],[-2.315890001040857,57.16579440154514],[-2.315865811980887,57.16576931014875],[-2.315469355147893,57.165329261113406],[-2.314721218967362,57.16443807043029],[-2.314369538762104,57.16398692906186],[-2.314359834980555,57.16397346993588],[-2.314105716216795,57.16359639595168],[-2.313628764360279,57.16283645274684],[-2.313405930696993,57.162453583653736],[-2.313399715570952,57.16244201114039],[-2.313234041825323,57.16211001304587],[-2.312926218622922,57.16144281315251],[-2.312784068766605,57.161107611417556],[-2.312777815386713,57.16109145764815],[-2.312617080636047,57.16061202082226],[-2.312343709599757,57.15964911576667],[-2.312231072085663,57.15916564766114],[-2.312228125596707,57.1591494946188],[-2.312164105340599,57.15866582726951],[-2.312084186482676,57.157697320108625],[-2.312068285736141,57.15721248035832],[-2.312068616393412,57.15719289665887],[-2.312077567938937,57.15696846099997],[-2.312105788386193,57.156519781398835],[-2.312125057163336,57.15629553745605],[-2.312126898220892,57.15627864489627],[-2.312221197193643,57.15571498370472],[-2.312474917638248,57.154592007668235],[-2.312634337168847,57.15403269271957],[-2.312639822597723,57.15401677921769],[-2.312753520570467,57.15371552247478],[-2.312999818820406,57.15311530051173],[-2.313082791686795,57.152928227132605],[-2.313463162604583,57.151767417737155],[-2.314494615572478,57.150100480952304],[-2.314457133419635,57.15009383414446],[-2.314518654429214,57.14999134271543],[-2.314755334382045,57.149624197631205],[-2.314762844236553,57.14961330942637],[-2.314944413342515,57.149373506917634],[-2.315018871548447,57.149253162372204],[-2.315104300151586,57.1491623379465],[-2.315162116990338,57.14908597627149],[-2.316021381830926,57.14804613871258],[-2.316441574495828,57.1475779760694],[-2.316782932945474,57.1470977602112],[-2.316791111195052,57.147087858331794],[-2.317243394851069,57.14658308696348],[-2.318205055545132,57.14558988448287],[-2.31831689496119,57.145476354773685],[-2.319400346168696,57.144395180446075],[-2.320002035026328,57.14384269256183],[-2.320015322614196,57.143831429938224],[-2.320479343278917,57.14345898189477],[-2.32144107339043,57.142727175313226],[-2.321938782512085,57.142367816519766],[-2.32195520857658,57.142356554622516],[-2.322024794606787,57.142309174869325],[-2.32216455279681,57.1422146716545],[-2.322234724956099,57.14216754819222],[-2.322353995987994,57.14208800290635],[-2.322512752273886,57.14198373704096],[-2.323498232295615,57.141346327131345],[-2.324224958262439,57.14090649967666],[-2.324275927786047,57.14087762237901],[-2.324367759676291,57.140826008482044],[-2.324552178697512,57.140723181240595],[-2.324644765828377,57.140671967894995],[-2.324715475583337,57.140633167040136],[-2.325108268356215,57.14042467056945],[-2.325906364059467,57.140014883065405],[-2.32604427275128,57.13994639198487],[-2.326045769195761,57.13994555584656],[-2.326191459541573,57.139864662642296],[-2.326264538891563,57.13982434076643],[-2.326279337987718,57.13981622657893],[-2.32658590721203,57.13965245321888],[-2.327206769297185,57.13932929501249],[-2.327521062163957,57.139169910128096],[-2.32757041426697,57.13914552724966],[-2.328127359410769,57.13888246080148],[-2.329262271895039,57.13837010056503],[-2.329840239365632,57.13812080658609],[-2.32989291693452,57.13809910897906],[-2.331029984319123,57.13767027762233],[-2.333366060649874,57.136865823958935],[-2.334565071601622,57.13649020048195],[-2.33461945297635,57.13647477550125],[-2.33471546634714,57.13644775866487],[-2.334907815772326,57.136394066961415],[-2.335004151776617,57.136367391973984],[-2.335020632202522,57.13636286546357],[-2.33508709061308,57.136344713949114],[-2.335220156853132,57.136308573663406],[-2.335286764683062,57.13629058489198],[-2.335354337860044,57.13627243834149],[-2.336002918128513,57.13610766745146],[-2.337312581701875,57.135793547356855],[-2.337973665443875,57.13564419802368],[-2.337995101311215,57.135639648788086],[-2.33802804055559,57.13563267049887],[-2.338116521788329,57.13561396904335],[-2.338247441226406,57.13558664848249],[-2.338509701322549,57.13553261215456],[-2.338641041984268,57.13550589638663],[-2.33865918178677,57.13550225423152],[-2.338719605170575,57.13549019492419],[-2.338840537774585,57.1354662043137],[-2.338901046995151,57.135454273010495],[-2.33895217034885,57.13544425362678],[-2.339664095346147,57.135314585407826],[-2.341098031543392,57.13507295822979],[-2.341820043360557,57.1349609991578],[-2.341975135606941,57.13493900837389],[-2.342015911848306,57.13493325678788],[-2.342097491134611,57.13492181013055],[-2.342138294179668,57.13491611505923],[-2.342171293366596,57.13491153357382],[-2.343627437563253,57.13474979430943],[-2.344083016878247,57.13469362096708],[-2.344099520430088,57.134691779107825],[-2.345411107237059,57.1345982259695],[-2.345410802095887,57.13459715038713],[-2.346903334738122,57.134471961256985],[-2.348496447983365,57.13438104290942],[-2.348820157514035,57.134371160379274],[-2.350355784173365,57.13439811867818],[-2.351240270731021,57.134371391433845],[-2.35356801165706,57.134390350049905],[-2.353586192370184,57.13439119711947],[-2.353863290711903,57.13440538675132],[-2.354351085022318,57.1344326201169],[-2.354521633725365,57.13443651715395],[-2.35472461631344,57.13444684048669],[-2.355420944148578,57.13444040896532],[-2.357186540833819,57.13447546121647],[-2.35733728014048,57.13448285622011],[-2.358499988091457,57.13456258366376],[-2.358636894602705,57.134574666774675],[-2.359041026525621,57.13457414276426],[-2.36197056775163,57.1348076933938],[-2.36233991259135,57.13482741297333],[-2.36338548261045,57.1349352239701],[-2.363389376263203,57.1349207787947],[-2.363861427962192,57.134958399714414],[-2.366245486380298,57.135247609296044],[-2.366333521017221,57.13526207544914],[-2.36642770617804,57.13527771892468],[-2.366615903569117,57.13530931065846],[-2.366709915800787,57.13532525891693],[-2.367459080428144,57.13545367788748],[-2.367556515961851,57.13546902932209],[-2.369836313738539,57.13592953290607],[-2.370543013464948,57.136105453209886],[-2.372344484773552,57.13642935398092],[-2.372515562637485,57.136470266913356],[-2.372985275889882,57.136587396585526],[-2.37491864347799,57.137089526515105],[-2.378160297782053,57.13819886622126],[-2.378753808470981,57.13845870127517],[-2.379623246950109,57.13878678009752],[-2.38058499449409,57.13917860363259],[-2.380622107331464,57.139194902180094],[-2.381054403656607,57.13932025986308],[-2.382499370942066,57.13979224036657],[-2.382519107654107,57.139799456443825],[-2.383525349738337,57.1401980807339],[-2.38547982951411,57.14103536727998],[-2.386428066988242,57.14147403010413],[-2.386451320827811,57.1414856363739],[-2.387356665497955,57.14197380748403],[-2.387912206015444,57.14229740678408],[-2.388017698992784,57.14234052549057],[-2.388238766468602,57.14246470526101],[-2.388798157789959,57.14279506233207],[-2.389031407353146,57.14293991308315],[-2.389321866821277,57.143094596256006],[-2.390743751413302,57.14395618289764],[-2.390755403411274,57.143964231306654],[-2.392201836506574,57.145144257745976],[-2.392667174182746,57.14559778468278],[-2.392956858560025,57.14573696324724],[-2.393946958907908,57.14623252786724],[-2.394432733711292,57.14648578881662],[-2.394462486576278,57.14650194552838],[-2.394697537135518,57.14663220374045],[-2.395162727429286,57.146895287094154],[-2.395392867161374,57.14702811225391],[-2.39552757349103,57.14710745672954],[-2.395786109090424,57.14726335315958],[-2.396296415286309,57.14757838524703],[-2.396548185870294,57.14773752093181],[-2.396692800076651,57.14783111581769],[-2.396790673530297,57.14789505836341],[-2.396985327939505,57.14802343310374],[-2.397082108893883,57.14808786530006],[-2.397309996052299,57.148241022699956],[-2.397384456632768,57.14829143542739],[-2.39753270896612,57.148392550727245],[-2.397606500718352,57.14844325330043],[-2.397636470942603,57.14846399888672],[-2.397835993805189,57.14860496001985],[-2.398229870487884,57.14888900084057],[-2.398424224291226,57.14903208054427],[-2.398462545408753,57.149060884116516],[-2.398706078168413,57.14924895527302],[-2.39918421297949,57.1496284232915],[-2.399418814984228,57.14981982018431],[-2.399470349523243,57.14986305299387],[-2.399489602376506,57.14987924240191],[-2.399528044169416,57.14991164362843],[-2.399547233109032,57.14992785544698],[-2.399588764759502,57.14996302637695],[-2.399752465588521,57.15010453440078],[-2.400074998080342,57.1503891809377],[-2.400233829719887,57.15053231946331],[-2.400245014219025,57.15054261423459],[-2.400314867972753,57.15060753008244],[-2.400453573858257,57.15073767723741],[-2.40052242598769,57.150802908545614],[-2.400569687374944,57.150848121812984],[-2.401369724389829,57.15172053378859],[-2.402791266637433,57.15350732307529],[-2.403412764354118,57.154421702835805],[-2.403434671603555,57.15446025026411],[-2.403482644922621,57.15454618365033],[-2.403577009078975,57.15471830670946],[-2.40362339990953,57.154804496383576],[-2.403650403197185,57.15485561254468],[-2.403754710929352,57.155062329358145],[-2.403954224109035,57.15547705644792],[-2.404049429461093,57.155685066738776],[-2.404083339309325,57.155763118502186],[-2.404105576691683,57.15581499022284],[-2.404149485305394,57.15591880439313],[-2.404171156535237,57.15597074684298],[-2.404204114363663,57.15605084153999],[-2.404248810065416,57.156149941797544],[-2.404383520621781,57.156474505926916],[-2.404388626382657,57.156487963949836],[-2.404429403265507,57.15659897800577],[-2.404508380096293,57.15682127651891],[-2.404546580029252,57.15693256097777],[-2.404553417259912,57.15695319979839],[-2.404635812578774,57.15722591010075],[-2.404785129939236,57.15777257889405],[-2.404852051756137,57.15804653740369],[-2.40485553427572,57.15806269553691],[-2.404936748646934,57.15855767506896],[-2.405048685301543,57.15954931705267],[-2.405079406165937,57.160045979622296],[-2.405079592539262,57.16006304666407]]],[[[-2.37558904547461,57.45845416501204],[-2.37498336723967,57.45870440665538],[-2.373751365883784,57.45918967468639],[-2.373125042998759,57.45942470087255],[-2.373037028419814,57.459456140003084],[-2.372523492809668,57.459632384827536],[-2.3719060432107,57.45983584223658],[-2.371204234527945,57.460149465142905],[-2.370962379617403,57.460255501109486],[-2.370576846330179,57.46042132230379],[-2.370419675014572,57.46048963644814],[-2.37034997376421,57.46051949286149],[-2.370077142322518,57.460633891103804],[-2.369527130795427,57.460859611783384],[-2.369249950729209,57.46097093420169],[-2.369178562692932,57.46099898939585],[-2.368800389184614,57.46114331206081],[-2.368036735460127,57.461426232813196],[-2.367651255711139,57.46156483108366],[-2.367609731444914,57.461579315442485],[-2.367235858906986,57.46170597184196],[-2.366482011244123,57.46195389898381],[-2.366102036187647,57.46207516968959],[-2.365990704433352,57.462109636037624],[-2.365567490127623,57.46223628530911],[-2.364714406781594,57.46248290287228],[-2.364284537850485,57.46260287111876],[-2.364169833498952,57.46263375255227],[-2.363949780678704,57.46269191063048],[-2.363508109950189,57.46280647566616],[-2.363286492057918,57.46286288261813],[-2.363170101177862,57.46289194452839],[-2.362947197186821,57.46294653347995],[-2.362499923380579,57.463053939864324],[-2.362275553582478,57.46310675729193],[-2.362137519529903,57.463138602198356],[-2.361722178083751,57.463230872652325],[-2.360887025599215,57.46340934387167],[-2.360467214675914,57.46349554460715],[-2.360319150117473,57.4635247214203],[-2.360133977994648,57.463560543920174],[-2.359762860983943,57.463631007815415],[-2.35957691610641,57.463665649208515],[-2.359427165509844,57.46369301529231],[-2.359128446522454,57.4637459162679],[-2.358529207453963,57.46384867017286],[-2.35822868741711,57.4638985230935],[-2.358108859195694,57.463917736150655],[-2.358005182129428,57.4639341625009],[-2.357797632283097,57.46396665239059],[-2.357693759504891,57.46398271592974],[-2.357502685004649,57.46401190370474],[-2.357118536317424,57.46406792276587],[-2.356347863330722,57.46417499937003],[-2.355961339127502,57.46422605689826],[-2.35577071053763,57.46424994103396],[-2.355622893767476,57.46426794354028],[-2.355439502096529,57.4643462672358],[-2.355389696561947,57.464367049794795],[-2.35530180291393,57.46440347409592],[-2.355125567431192,57.46447600665386],[-2.355037225597091,57.46451211491],[-2.354955866873621,57.46454513969166],[-2.352982301218265,57.46523429211899],[-2.351950592589636,57.46554115743247],[-2.350417720905032,57.466174602593654],[-2.346048094603051,57.46747297704612],[-2.343772503467989,57.468033505495576],[-2.342761873092642,57.468234530337206],[-2.342625772177773,57.46826599093514],[-2.342519718476196,57.468289858668115],[-2.340625548673447,57.468645655518436],[-2.336771514161838,57.469231999494006],[-2.334811661582658,57.46946254460386],[-2.33472888479125,57.469469501461425],[-2.334096628116131,57.469515977123805],[-2.332829272633558,57.469595848014364],[-2.332194174273341,57.46962924321223],[-2.332094700038315,57.46963343977402],[-2.329444191255376,57.469631357616954],[-2.324177325670401,57.469400724934246],[-2.321561001303369,57.46917217568928],[-2.321465029972037,57.46915950350544],[-2.319239752607719,57.46877477780661],[-2.318718344364169,57.468662349692636],[-2.318690948728527,57.46865798562452],[-2.318644152042663,57.46865049082804],[-2.318550599663314,57.468635427374046],[-2.31850384397,57.4686278587166],[-2.318344209347442,57.46860188006257],[-2.318234019965252,57.46858372376425],[-2.315479132504332,57.46812413842382],[-2.311175203590654,57.46702178038653],[-2.30707887984916,57.465552769718386],[-2.305343667942561,57.46470686843025],[-2.302420933412275,57.463346331404374],[-2.301042791173934,57.462469903350524],[-2.297556270347177,57.46270719027447],[-2.291708874351527,57.462546358640736],[-2.286004970286499,57.461834307088495],[-2.280622095096639,57.460593206288124],[-2.276804057539748,57.459242484166076],[-2.276578689670896,57.45918253053904],[-2.274863257971697,57.45865588437777],[-2.271560125381522,57.45749689806638],[-2.269972429852944,57.45686456085522],[-2.269952364164457,57.456855531410554],[-2.269070241521558,57.45642898869182],[-2.267364507987107,57.45554317590694],[-2.26654089970975,57.455083906752606],[-2.266358116342498,57.454974444782046],[-2.266289024654646,57.45493280853342],[-2.26615132346435,57.45484930513813],[-2.266082713961679,57.45480743799199],[-2.26604320744362,57.454783178505195],[-2.265494318436175,57.45442809697757],[-2.264431183095147,57.45370317950375],[-2.263916936505204,57.45333334384783],[-2.263908558305928,57.453326983732495],[-2.263876341377705,57.45330250590351],[-2.263615794094807,57.4530986375446],[-2.263105943379412,57.4526876817109],[-2.26293718615237,57.452547519256996],[-2.262132314210823,57.45202864307587],[-2.261975366481443,57.45190682375807],[-2.260651462559314,57.450683446672144],[-2.25837710704489,57.44813969487154],[-2.256872995936652,57.44543482429063],[-2.256176340257447,57.44263610644765],[-2.256304280220043,57.43981313400868],[-2.257253436486088,57.43703608584659],[-2.259000023364883,57.434373983479446],[-2.261500456338817,57.43189297700317],[-2.264692466937338,57.42965470407479],[-2.268496664638988,57.427714762667456],[-2.270540821876946,57.426825883181266],[-2.271365700812892,57.42652175030963],[-2.273654185987247,57.42581441790389],[-2.276639399871457,57.425054181989644],[-2.278065270253525,57.42413232950957],[-2.279921799697249,57.42310993166484],[-2.279940049791127,57.42310136650827],[-2.280446502707839,57.422873029085714],[-2.281291435317836,57.422507173004384],[-2.2813067869246,57.42251749182575],[-2.281427527861561,57.42244727863664],[-2.281545217998437,57.42239740928275],[-2.281578523437404,57.42238321919387],[-2.281998577026362,57.422210020037404],[-2.282198097923012,57.42213042635407],[-2.282826862801767,57.42189151020238],[-2.284447006228539,57.42130559028662],[-2.285303290660159,57.42101583031696],[-2.285396630698276,57.42098633532103],[-2.286410452889036,57.42069089557526],[-2.288473497534729,57.4201385310289],[-2.289522721621973,57.41988160565247],[-2.289567594705241,57.419871612554225],[-2.290518078605848,57.41967803097689],[-2.292439132595972,57.41932248550346],[-2.293409704147121,57.41916052130336],[-2.293461086944759,57.419152865104735],[-2.294743772513244,57.41899090644242],[-2.297328832078488,57.4187221751828],[-2.29827859252832,57.41864431224408],[-2.298444101499677,57.418627727438256],[-2.29887600189109,57.418591808137805],[-2.298876043490194,57.41859195375086],[-2.299262696409853,57.41855651008743],[-2.299623634728011,57.418529627058064],[-2.300463101955064,57.41845980251434],[-2.301189704062025,57.41841162709543],[-2.301189463231484,57.41841055262578],[-2.301592407514086,57.41838425919054],[-2.302344396756533,57.41834450514732],[-2.302395988870684,57.41834241407509],[-2.303630563570111,57.418317173664455],[-2.306099781626969,57.41831612573908],[-2.307334428302725,57.41834031822478],[-2.307400543588721,57.41834294150195],[-2.307809139541143,57.418363951709814],[-2.309293365078586,57.417801147143955],[-2.309508950523699,57.417729517702895],[-2.309529672991135,57.41772255754219],[-2.310164111998304,57.417519840334684],[-2.311005649261458,57.417264351733444],[-2.313734421104008,57.41632972466056],[-2.315643729711848,57.415766597306074],[-2.315788861504648,57.4157302218706],[-2.318213833283345,57.41524211022186],[-2.323174528450509,57.4144744750551],[-2.328295650214676,57.41413084289921],[-2.333453579155178,57.41421950866025],[-2.336799584511065,57.414561920146426],[-2.336902496326002,57.41454166712242],[-2.341718800534311,57.4140157751956],[-2.341732372308656,57.414051962201306],[-2.342239863657787,57.413962389496],[-2.342303239735025,57.413956594837764],[-2.343961369688738,57.41385891956088],[-2.34396054224887,57.41385328299957],[-2.344122026358582,57.41384680426589],[-2.344245684815109,57.41384216919886],[-2.344258850153614,57.41384139354998],[-2.344285263088347,57.41384068566788],[-2.344443117468429,57.41383476861331],[-2.344603716856156,57.41382916927882],[-2.344783607529488,57.41382336817858],[-2.34596581331649,57.41380794551807],[-2.348329271262033,57.41382239799603],[-2.349510526317173,57.41385227314675],[-2.349548495754073,57.413853964316935],[-2.351396724942701,57.41399290591468],[-2.35505282444332,57.414381481514035],[-2.356860696375947,57.41463110959146],[-2.357121983745058,57.41467574176412],[-2.360495644694369,57.41548354406695],[-2.366830677724841,57.41748018150414],[-2.369792096824387,57.41866903658436],[-2.370743572592523,57.419147984120336],[-2.372423402109062,57.42012936387355],[-2.375494988745109,57.422215625284856],[-2.377959440655947,57.4245245253846],[-2.37976217731399,57.42700503672696],[-2.380426986684249,57.42857333731671],[-2.384292015088902,57.43063351604634],[-2.387497221768521,57.43302198591064],[-2.389932548999869,57.435661735165326],[-2.391531824679995,57.438481216797776],[-2.392251499580044,57.441404001262356],[-2.392071847140096,57.44435083948508],[-2.390997528331186,57.44724181277899],[-2.389057481151118,57.44999849747348],[-2.386304156796598,57.45254609318639],[-2.382812123794237,57.45481546647824],[-2.380363125363219,57.45595800820381],[-2.379905700306659,57.45624315027308],[-2.379616753301089,57.45641858275805],[-2.379570373890133,57.45644601158636],[-2.379227832373394,57.45664257940516],[-2.37853194488809,57.45703008130707],[-2.378178598911808,57.457221015330994],[-2.378091076469232,57.457266909528904],[-2.377555862440024,57.45753549166958],[-2.376464065824457,57.45805973572413],[-2.37590748305288,57.458315397620595],[-2.375859699112667,57.45833638875734],[-2.375814913689242,57.45835599319018],[-2.375725217044792,57.45839511832978],[-2.375680305823839,57.458414639036384],[-2.37558904547461,57.45845416501204]]],[[[-2.257300979329945,57.05869802590554],[-2.2572645961047,57.058711391209464],[-2.257246396321311,57.05871806726206],[-2.256870292770133,57.058855830518475],[-2.256727390620211,57.058907587412236],[-2.25604978758254,57.05915023951356],[-2.255614716448301,57.05930078402986],[-2.255570632143481,57.05931551630878],[-2.254927302607617,57.05951975733541],[-2.253624354080063,57.05991219470585],[-2.252964735474842,57.06010039088711],[-2.252885904973812,57.06012166004296],[-2.250846395554166,57.06058205197619],[-2.246672635584827,57.06135014537793],[-2.242347814479269,57.061807404846775],[-2.237949574856858,57.06194562218407],[-2.233556892267587,57.06176232170414],[-2.229248641601127,57.061260800129226],[-2.227125448513704,57.06093123628704],[-2.227094084190992,57.06092510373825],[-2.225378147297817,57.06052859339712],[-2.222039491450367,57.059632520864234],[-2.220416779337574,57.05913296116048],[-2.220383571382118,57.05912134154113],[-2.219739627668925,57.05888415508743],[-2.21847299716618,57.05839349968765],[-2.217850311692153,57.05814003076561],[-2.216809223042957,57.057695013904855],[-2.216715724567353,57.05765474843191],[-2.216529264820628,57.05757385006464],[-2.21644252656208,57.057535937222454],[-2.216077646821464,57.057383926311466],[-2.215817075246715,57.05727309634515],[-2.215595200529455,57.057176758526985],[-2.215264615141186,57.057038800838264],[-2.215203276567659,57.05701333194566],[-2.21506715118768,57.05695650449124],[-2.214999224248641,57.056927994267475],[-2.214589998919996,57.05675530721122],[-2.214245779880145,57.05661295563511],[-2.214194515369484,57.05659166887205],[-2.214037548269501,57.056526225855436],[-2.213959244900018,57.056493376099],[-2.213666734053043,57.05636989865266],[-2.213571801787444,57.05632952144401],[-2.213438266950317,57.05627229636254],[-2.213292271066345,57.056210832008574],[-2.213113089683818,57.05613668122844],[-2.213081959834524,57.05612376691534],[-2.213019756531883,57.056097898045664],[-2.212988683078544,57.056084943489104],[-2.212290162461406,57.05579300844356],[-2.211992416448535,57.055668319057055],[-2.211578554994418,57.05552312287368],[-2.210875439520801,57.055231187758245],[-2.210801668611985,57.05520037792537],[-2.210654447095027,57.05513853197738],[-2.21058099648724,57.05510749586265],[-2.210399286838506,57.05503026718889],[-2.209387495328657,57.05480040035349],[-2.209360090788685,57.054793448246144],[-2.209007336022095,57.054701167674175],[-2.208305950264885,57.054512067218994],[-2.207957319337084,57.0544152473589],[-2.207945761336007,57.05441194276703],[-2.20679658618965,57.05405050953199],[-2.204555365770405,57.053278421278144],[-2.203463322228917,57.05286776728013],[-2.203425488145216,57.05285227888305],[-2.202219816113108,57.05230801832774],[-2.199908758729852,57.05115958946773],[-2.198803374627353,57.05055542292087],[-2.198780884736753,57.05054190307927],[-2.198324097740978,57.05025536207585],[-2.197433165194997,57.04967201405003],[-2.196999021914331,57.049375206176755],[-2.196973541846615,57.049357010409786],[-2.196428192698154,57.04894379175882],[-2.195381348353317,57.048101177061525],[-2.194888123199431,57.04767931833611],[-2.194719804851106,57.04752609949305],[-2.194694890336286,57.047503400162064],[-2.194684187289245,57.04749363405949],[-2.194604692854138,57.047420993946176],[-2.19458849604462,57.047406175689694],[-2.194510742789308,57.047334922669826],[-2.194488718048703,57.04731504453051],[-2.194465836318769,57.04729432995367],[-2.194420175313326,57.047252867295484],[-2.194397396037759,57.04723211921414],[-2.194344400498111,57.0471837013393],[-2.193929362945076,57.04678136318052],[-2.193137777959914,57.04596559509343],[-2.192761229927918,57.045552165405184],[-2.192741331344022,57.045528830820174],[-2.192534089470227,57.04527565190866],[-2.19236906311081,57.045065381954345],[-2.192367470916337,57.04506356550874],[-2.192232490513034,57.044905654849714],[-2.191968176418182,57.044588436107034],[-2.191838842688911,57.044429128035134],[-2.191795710991001,57.044374576462744],[-2.191308677737204,57.04368102138888],[-2.190441421390208,57.04227434951923],[-2.190061194760277,57.04156123344874],[-2.190052193809575,57.041541313473516],[-2.189815754354116,57.04092606276374],[-2.189422405552739,57.03968805246756],[-2.189265492823009,57.03906529348133],[-2.189261766054794,57.0390453473979],[-2.189223812488748,57.03881209531641],[-2.189159071762779,57.038345131072916],[-2.189132284464004,57.03811141891629],[-2.189130364097552,57.038090230415776],[-2.189110304879496,57.03766014643788],[-2.189107980617695,57.03679994812886],[-2.189125714703176,57.03636983379615],[-2.18912726956866,57.036351586537236],[-2.189139742681347,57.03624166832621],[-2.189104502572806,57.03609404744363],[-2.189184279924921,57.03347959160149],[-2.189961020642982,57.03089930224295],[-2.191418045289478,57.02840811407568],[-2.193524207057477,57.02605905456184],[-2.196234567935977,57.02390211633326],[-2.199491356830807,57.021983194376055],[-2.203225206457032,57.02034311277876],[-2.204546124691348,57.01984490833488],[-2.206769167720155,57.01876017206472],[-2.207370787345337,57.01850207172688],[-2.208257171522409,57.01792434728204],[-2.211837917771328,57.0161838752478],[-2.215844796417588,57.0147462533172],[-2.220192449561783,57.01364209089264],[-2.224788293902801,57.01289489658771],[-2.229534478746964,57.012520575151214],[-2.231932659937454,57.012428109573165],[-2.232126622246903,57.01242837312749],[-2.232706778772591,57.01242729639935],[-2.233328156446861,57.012432537880585],[-2.233961612303642,57.01244440392137],[-2.233983879488437,57.012442841960585],[-2.234165522795252,57.01244573641066],[-2.234563464625537,57.012454705488395],[-2.234772822536805,57.01246080806522],[-2.234930392768415,57.01246470109542],[-2.235405382019048,57.012479280471496],[-2.235756264468161,57.01249210123624],[-2.236038082095323,57.01250404812814],[-2.236235589961733,57.01251307325636],[-2.236630392579535,57.01253241884155],[-2.236827687344503,57.012542739299214],[-2.237210505110743,57.01256403273079],[-2.23756688003464,57.012585996007786],[-2.238278669942734,57.012634148536726],[-2.23841492093617,57.01264368040446],[-2.238665437840274,57.01266178544977],[-2.238700194704098,57.01266431785991],[-2.239042202244898,57.01268943847701],[-2.239265370657618,57.012706678936226],[-2.239711254666057,57.01274282350821],[-2.239933970281194,57.0127617276226],[-2.240006234228576,57.012768137946864],[-2.242158085746964,57.01304090885259],[-2.246375609210451,57.013741028548694],[-2.250383590747221,57.014742698333556],[-2.254109957801359,57.01602791516579],[-2.257487690736791,57.017573572635094],[-2.260456017193488,57.01935187836551],[-2.261830692053972,57.020295434511944],[-2.262979956954914,57.02120316109938],[-2.263047784177023,57.02125670601526],[-2.264241650891358,57.02235981254539],[-2.265314719349735,57.023535418407484],[-2.265862830835746,57.02402560974453],[-2.267751980545261,57.02646413422337],[-2.267944230604537,57.02687152632298],[-2.268670316411909,57.02782102593569],[-2.269127960644032,57.028581681770426],[-2.269142135092193,57.02860535145818],[-2.269170363675862,57.02865271216183],[-2.269184417811236,57.028676403177776],[-2.269682718300395,57.02952035846755],[-2.269987638680245,57.030028457066486],[-2.269995117574531,57.03004095011116],[-2.270010041853313,57.03006594215161],[-2.27001748723779,57.0300784411474],[-2.270047340878598,57.03012868313279],[-2.270144989162824,57.03029875350906],[-2.270304074416948,57.03058577709174],[-2.270416831840385,57.03078033226881],[-2.270455773768874,57.03084666939983],[-2.270479702995237,57.03088777196691],[-2.270684907237439,57.03124319756777],[-2.270769667675982,57.03138579753566],[-2.270791569171315,57.03142240043472],[-2.270804959165488,57.03144487867427],[-2.270918522439588,57.03163637706919],[-2.270954240281677,57.03169620851018],[-2.271008674301098,57.03178241722188],[-2.27109387608744,57.03192100576027],[-2.271260134775106,57.03219892018918],[-2.271341191648905,57.032338246085246],[-2.271516463806908,57.032648239619874],[-2.271530631800638,57.032671657375865],[-2.271633936403307,57.03283987035457],[-2.271782723180514,57.033094674298866],[-2.27206632707004,57.03360658270773],[-2.272201144188852,57.0338636874833],[-2.272208335146231,57.0338782157483],[-2.272685715087059,57.0352722882535],[-2.273232205232422,57.038084018081456],[-2.272960239355683,57.04090759508652],[-2.272849651110779,57.041189745828305],[-2.27311145860885,57.04353364800744],[-2.272686056971601,57.04617780363955],[-2.271548511537538,57.04875867576518],[-2.269723648475583,57.05121960306027],[-2.267251407272528,57.05350654706824],[-2.264185973516287,57.05556927989855],[-2.26059459241925,57.05736249032465],[-2.258676554361859,57.058186374565],[-2.258372074536505,57.05829828074092],[-2.258005319541064,57.058436957729484],[-2.257923082916707,57.05846785196316],[-2.257758267231467,57.05852936821069],[-2.257675688171207,57.05855999022416],[-2.257319162771794,57.05869133665422],[-2.257300979329945,57.05869802590554]]],[[[-2.324345377396416,57.339758897790084],[-2.324336295359793,57.33983393653362],[-2.324300026830551,57.33983265301797],[-2.321948858172458,57.33960342310106],[-2.32108186737886,57.33954716531586],[-2.321071387367954,57.33954555715638],[-2.320676165578826,57.33947932091696],[-2.320612412040221,57.33947310385174],[-2.320605923944465,57.339472051410596],[-2.319970941886511,57.3393614871056],[-2.318685468278325,57.33912213937398],[-2.318045456768434,57.338994964800065],[-2.316546946650663,57.33867816511656],[-2.314429054227428,57.338134321090195],[-2.310356151081913,57.336890722159126],[-2.306647875216828,57.33534933213768],[-2.303378127349664,57.33354089034051],[-2.301861645286207,57.33257410189401],[-2.301275089510804,57.33214163909398],[-2.299908899113629,57.330949080471385],[-2.297536755086637,57.32846343133305],[-2.295909370815802,57.32580831448164],[-2.295066293905085,57.32304852302105],[-2.294844602304289,57.32165076727319],[-2.294843797944071,57.3215921125584],[-2.294843476087538,57.32156170374371],[-2.294843022675217,57.3215008857006],[-2.294842891119111,57.32147047647217],[-2.294842427097837,57.321082876866875],[-2.295028803846331,57.31973494582587],[-2.295773250079298,57.3170694745276],[-2.297248371178829,57.31449461030713],[-2.298764379288021,57.31280157083222],[-2.299447272879992,57.31179309727062],[-2.301180222235001,57.30993475359222],[-2.301249126807816,57.30987826711655],[-2.301380747831032,57.30977042906188],[-2.301485976512869,57.309682589029464],[-2.301506869972187,57.309665153962584],[-2.303185768320973,57.308489891024536],[-2.306878077669273,57.306305177858114],[-2.311184784662348,57.30447951085518],[-2.315988165254304,57.303062760291745],[-2.321157030436755,57.302093614461285],[-2.326550195238099,57.30159854058887],[-2.332020333004885,57.301591063976545],[-2.33741801727922,57.3020713997211],[-2.34008008471613,57.30243268521868],[-2.340859807872358,57.30257650058385],[-2.342947863899399,57.30295910783647],[-2.343000367961253,57.302968780899164],[-2.34310531614312,57.30298822187233],[-2.343157760263346,57.30299798978282],[-2.343254870349525,57.303016175104894],[-2.343703962911913,57.30310028350133],[-2.346002872200312,57.303639092382596],[-2.35042486200253,57.30489773752624],[-2.354446720855479,57.30650215099869],[-2.35797690787521,57.308415809061295],[-2.360935007743584,57.310595148963856],[-2.363253564261143,57.312990556600404],[-2.364879655843147,57.31554748849358],[-2.365776103575676,57.31820771307164],[-2.365922328520393,57.320910631565845],[-2.365314833816894,57.32359465932192],[-2.364823271436469,57.32492423382413],[-2.364813951194284,57.324942244401555],[-2.364725678364166,57.32511263743616],[-2.364698186423386,57.325165091191614],[-2.36464263370696,57.32526987075515],[-2.364614563407561,57.325322214943434],[-2.36398275217214,57.326487126914145],[-2.363957717459435,57.32653283415241],[-2.363907199756818,57.326624176102214],[-2.363881716765901,57.326669810813556],[-2.363520548384518,57.32731042912802],[-2.36290145898888,57.32799822784982],[-2.362956149651744,57.328010060996284],[-2.361492511284655,57.3299890436112],[-2.359042709875422,57.33226298079145],[-2.356003082836784,57.33431822179126],[-2.352439180095982,57.336110382538045],[-2.348427907888381,57.337600752287436],[-2.344055872372072,57.33875713413909],[-2.339417500544063,57.33955454481512],[-2.337043947180748,57.339860831544875],[-2.336498629641507,57.33990863825303],[-2.335473416998427,57.3399985835488],[-2.331730575402541,57.34009539422379],[-2.324546098333462,57.33984136109428],[-2.324554437326446,57.339772458368635],[-2.324345377396416,57.339758897790084]]],[[[-2.290944936621563,57.39798831354253],[-2.285666067889955,57.397556550608364],[-2.280584098990941,57.396672940630815],[-2.275830880029969,57.3953604037117],[-2.274569037740739,57.39493952491274],[-2.274398143681735,57.3948991334319],[-2.269948132417028,57.3936216210928],[-2.265908208461688,57.39199479727773],[-2.262371644535225,57.390056243760114],[-2.259420042175759,57.3878507375854],[-2.257425606254493,57.385749651976106],[-2.257513379613821,57.38572535444974],[-2.257309804132209,57.385545391422376],[-2.257247973543662,57.38556250740749],[-2.257121456528699,57.38542921435655],[-2.256996188724525,57.38526814776111],[-2.256795447034683,57.385090684609516],[-2.256735349887537,57.38501202006466],[-2.256466131209752,57.384586594405555],[-2.256143052424768,57.384171162898966],[-2.25598659864219,57.38391754948848],[-2.25561244418291,57.38321754050802],[-2.254870266938676,57.38158277290933],[-2.254394942398262,57.37961743476659],[-2.254378145664446,57.379148349499964],[-2.254356396474861,57.37915164921793],[-2.253971060418212,57.37841063715505],[-2.253375519537644,57.37646390136589],[-2.253286178296608,57.37556617769384],[-2.253262642010932,57.375149285463024],[-2.25325098438939,57.374283031244936],[-2.253549330676342,57.372522501810934],[-2.25446955023797,57.3699353863309],[-2.256081847236924,57.367449122272426],[-2.258351242655458,57.365117436990424],[-2.259644885773649,57.363996772845304],[-2.260228176312255,57.36356564086737],[-2.260396549758935,57.36344114847981],[-2.262271548291996,57.36227899568573],[-2.266361348804399,57.360144979718996],[-2.271065758206474,57.35842018448583],[-2.276246266928849,57.357155362006225],[-2.281750412481484,57.35638773046847],[-2.287416243782499,57.35613987268742],[-2.293077075249968,57.35641907913773],[-2.298566373558201,57.35721713618071],[-2.301247531107248,57.357743855157075],[-2.301357433647712,57.35777142375143],[-2.301485063204884,57.3577982214825],[-2.30156781911463,57.35781573500146],[-2.301750680412799,57.3578547390962],[-2.301842004365981,57.35787438722585],[-2.302268258188047,57.35796688363892],[-2.302478879261463,57.358013494895886],[-2.302898922300651,57.35810827067611],[-2.303108344234612,57.35815643524019],[-2.303182284194857,57.358173764539835],[-2.303638961047269,57.35828524429863],[-2.304545897441383,57.358515588424574],[-2.304996157124882,57.358634452837144],[-2.305073455233369,57.35865564445594],[-2.30539499606929,57.358746192015275],[-2.306034351421733,57.358931053624396],[-2.306352165984993,57.3590253676928],[-2.306412488367596,57.35904373430863],[-2.306693365329284,57.359131214542096],[-2.307251912879684,57.3593091169859],[-2.307529583497579,57.359399539210244],[-2.307648259335554,57.3594390427842],[-2.30887008869233,57.35988738509141],[-2.311235375528239,57.36084087798277],[-2.312378834634951,57.36134603002432],[-2.312415054053063,57.36136353733667],[-2.313177916828292,57.361756498361714],[-2.314656075808856,57.36256774209831],[-2.315371371986967,57.36298602536544],[-2.315430367265346,57.363022796629075],[-2.315785630536059,57.3632518155273],[-2.316481875977284,57.36371610941797],[-2.31682285808672,57.3639513844892],[-2.316837410192724,57.36396177682842],[-2.317245617172717,57.3642663386715],[-2.318038102923381,57.36488442384725],[-2.318422382337643,57.365197947917096],[-2.318466095168469,57.3652352865668],[-2.318670744532521,57.365414718212364],[-2.319072201657848,57.36577612554512],[-2.319269009370395,57.36595810125738],[-2.319281749207625,57.36597020468126],[-2.31936980571511,57.366054925118554],[-2.319544218751889,57.36622487550621],[-2.319630575275803,57.36631010545897],[-2.31966965074007,57.36634917114751],[-2.319775404429701,57.36645663203143],[-2.319984209753919,57.3666723181423],[-2.320087261144504,57.366780543226206],[-2.32016361527942,57.36686208345569],[-2.320233811164807,57.366937933499266],[-2.320372875368866,57.36708998814409],[-2.320422812607087,57.367145245047794],[-2.321372567125812,57.36813557956904],[-2.322894690608547,57.37045561013927],[-2.323928090556267,57.37316484804052],[-2.323942685704591,57.37332680711176],[-2.325288350415934,57.37532657274787],[-2.326280070585621,57.37810105526269],[-2.326451626246476,57.380925259205114],[-2.325798562011857,57.3837288829102],[-2.324336955861729,57.38644212289165],[-2.322103030457881,57.38899740212054],[-2.319152278175763,57.391331069233956],[-2.315558088848896,57.3933849835604],[-2.313610327317804,57.39433510966004],[-2.313582326272355,57.39434674017515],[-2.313535666486161,57.394366119069694],[-2.311288462728414,57.39515257978079],[-2.306589198616575,57.396520519495525],[-2.301544011839783,57.397463486682256],[-2.296283759697694,57.3979570217806],[-2.290944936621563,57.39798831354253]]],[[[-2.162873879305317,57.235866590577494],[-2.162209636972877,57.23600640441043],[-2.16204908702815,57.23603806022244],[-2.161833480594946,57.236079659129395],[-2.161401227118267,57.23616123680415],[-2.1611845800915,57.2362012155683],[-2.161179614217458,57.236202111230696],[-2.160079123284744,57.2363778924933],[-2.158850009982411,57.23654936341807],[-2.158250720795199,57.23670239117117],[-2.157049958800026,57.23697822863494],[-2.1569969927851,57.23698908313757],[-2.155992060896822,57.23717529011235],[-2.155516544242194,57.237254262448964],[-2.153791242533867,57.23794183980138],[-2.153562606195815,57.23801793451875],[-2.152939518008477,57.23821530794452],[-2.151678061367216,57.23859514524893],[-2.151039692282425,57.23877760897319],[-2.150828859984249,57.23883472344716],[-2.150180004967509,57.239001071739786],[-2.14886959882184,57.239318364047726],[-2.148208048131476,57.23946930792948],[-2.148006264340831,57.23951258233855],[-2.147816582840274,57.239552532256894],[-2.147436327965893,57.23963116504068],[-2.147245754603245,57.239669847903365],[-2.147048426078773,57.239709154107025],[-2.145042492445598,57.240032359129856],[-2.141142954102666,57.24051764500482],[-2.141134270226381,57.24049712871356],[-2.140858832913093,57.240553292411306],[-2.140686798623612,57.2405729777464],[-2.139309608497321,57.240688566146424],[-2.13911201113599,57.24071425260258],[-2.138551560268462,57.2407815614294],[-2.138267701780798,57.2408128644095],[-2.138173072797656,57.240823144106756],[-2.137983705840577,57.24084340425133],[-2.137888967868119,57.24085338469848],[-2.13780930642503,57.24086164633383],[-2.135250714994168,57.2410165522264],[-2.133817401421871,57.241042519999056],[-2.133731765954805,57.241048998883386],[-2.133607893865923,57.24105811234437],[-2.133360026215732,57.24107583190793],[-2.133236030657731,57.24108443801022],[-2.133154700892138,57.24108991376174],[-2.130567082919709,57.24115347902052],[-2.125405211022887,57.24106100504013],[-2.120590517698859,57.24056003395498],[-2.120952129825955,57.24074445618072],[-2.121159521185515,57.24086949675798],[-2.121194954580711,57.240890929132796],[-2.121265694653637,57.24093385529866],[-2.121301001331338,57.24095534908976],[-2.121967711399723,57.24136252990038],[-2.121985842305106,57.24137362125528],[-2.122022070371787,57.241395820160434],[-2.12204016753308,57.2414069277107],[-2.122357595223184,57.24160207905995],[-2.123800204184592,57.24262920191397],[-2.126399182376589,57.24478491498234],[-2.128401592370194,57.24712030776264],[-2.129765982830385,57.249587171453165],[-2.130464054681787,57.252134574787455],[-2.130481253077282,57.25470991081549],[-2.129817081218184,57.25725998546583],[-2.128485119070493,57.25973211813682],[-2.126512760599618,57.262075223943654],[-2.123940653825347,57.26424087499984],[-2.12251050908095,57.26527347203706],[-2.122289302321706,57.26541131360974],[-2.122271136949576,57.265422613967154],[-2.122234771404053,57.265445198238815],[-2.122216571230654,57.26545648215305],[-2.121727156122217,57.265759400424294],[-2.121679546193029,57.26578873874706],[-2.121584091072689,57.265847302875834],[-2.121536245881455,57.265876528681666],[-2.120976314289249,57.26621705857746],[-2.120882643961612,57.26627402630274],[-2.119178059229989,57.26717184757998],[-2.115549174221876,57.26882609986122],[-2.111520608504938,57.27018204053218],[-2.107175250924067,57.271211757633694],[-2.102602537038386,57.27189405245794],[-2.101206227031094,57.271989264694554],[-2.101082838497841,57.27200402481903],[-2.100795172076661,57.272040932091514],[-2.100388217937629,57.272053548489744],[-2.099065791732281,57.272252906919995],[-2.094338069063371,57.27258033625153],[-2.089448695992919,57.27253496840836],[-2.084625208513853,57.27209936592694],[-2.079973199101227,57.27128306250618],[-2.075594489234251,57.270103931220376],[-2.07158489471164,57.268587782329625],[-2.068032121969174,57.266767799979014],[-2.065013841157668,57.264683817515376],[-2.063647388803541,57.26358118748986],[-2.062201973067831,57.26220472242046],[-2.061844711283403,57.2618771516826],[-2.061632181694382,57.26167642242449],[-2.061623879674474,57.261668341915524],[-2.060168094734949,57.259765984087764],[-2.058094692564053,57.25583156167869],[-2.057476992764263,57.25379951078759],[-2.057475306388215,57.25378063853984],[-2.057460681804869,57.25313040753444],[-2.057518258935076,57.25183107489966],[-2.057590457595809,57.25118197320132],[-2.057597029948181,57.25114514036222],[-2.058032036069288,57.24979432905807],[-2.059276145953972,57.24714432130352],[-2.061249592790374,57.2446278009018],[-2.063906276297848,57.24230337412244],[-2.065398585103758,57.24119625978107],[-2.065437410938291,57.24117164421476],[-2.067328348101499,57.24015182893599],[-2.069871532746884,57.23898518613801],[-2.069970201823862,57.239048418227945],[-2.070299059074201,57.23888837712968],[-2.070208733335179,57.238830492194026],[-2.071387203799869,57.23828984050753],[-2.073555130876467,57.237447652390784],[-2.073581007626579,57.23743922031842],[-2.073599003665796,57.23743336462104],[-2.0736350093932,57.23742166558559],[-2.073653019081394,57.237415822247556],[-2.073677323076579,57.23740794801369],[-2.074484425738673,57.237162767457136],[-2.075403030359985,57.236901703619644],[-2.075737873552366,57.2367824232048],[-2.077913396832815,57.23612855659265],[-2.078829720957816,57.23590007503129],[-2.078840333312125,57.235912589613996],[-2.081050434429865,57.23544674835521],[-2.086265124076443,57.23460806277266],[-2.091662824392074,57.23424477229771],[-2.097097264342815,57.23436672369861],[-2.102421179975987,57.23497061344832],[-2.102674262701667,57.235024014456116],[-2.10208264034324,57.23473653653684],[-2.101631090980645,57.23450875819575],[-2.101578006627963,57.2344809629077],[-2.101468114177469,57.23442288660298],[-2.101249327096223,57.234306184179054],[-2.101140432465578,57.234247558061604],[-2.10113711455935,57.234245755156294],[-2.100611669274046,57.23394679127316],[-2.099586700094705,57.23333607594593],[-2.099087175928385,57.2330243248628],[-2.098959606691665,57.232940910195836],[-2.098805515821731,57.23284044590745],[-2.098712365408142,57.232779164264905],[-2.098527068206218,57.23265615655278],[-2.09843492141677,57.232594430484674],[-2.098302169966351,57.23250469598231],[-2.098263096002437,57.23247818101082],[-2.098185133265157,57.23242507115223],[-2.098146244491692,57.23239847626528],[-2.098017639287856,57.23231018447682],[-2.097671324481289,57.23206380665911],[-2.096605639148732,57.23127787269511],[-2.095922048076879,57.230732887350804],[-2.095900633541711,57.230714389850654],[-2.09561594347697,57.230459163167936],[-2.095062357195248,57.22994372220736],[-2.094793460832878,57.229683507999034],[-2.094697148808232,57.229586564840545],[-2.094685052894785,57.22957437713192],[-2.094631206852776,57.22952004686161],[-2.093512826693334,57.228116719392276],[-2.09173124174442,57.2252275070425],[-2.09106800147479,57.22374163262795],[-2.091056308041175,57.22370031973396],[-2.091037605566683,57.22363251992118],[-2.091001155252055,57.22349684483488],[-2.090983407408491,57.22342896956169],[-2.090936588475729,57.22324486285582],[-2.090876997261588,57.222981946521074],[-2.090772134430747,57.22245527490677],[-2.09072686261256,57.22219151964054],[-2.090725178150546,57.22217984307877],[-2.090687760445024,57.221835645329975],[-2.090637304485998,57.221146724321756],[-2.090624265779199,57.22080200107524],[-2.090624195679886,57.2207732468473],[-2.090644854603369,57.220312634242404],[-2.090729679062783,57.219392589425304],[-2.090793843519399,57.218933157191465],[-2.090805285035153,57.218872074174776],[-2.090841358764495,57.21869664125118],[-2.090911766508851,57.218382294865364],[-2.090931311924858,57.21828870830866],[-2.09095510704228,57.21829017095483],[-2.091008863442468,57.21794014103649],[-2.091644784969797,57.21563064441336],[-2.092101611455547,57.21448715261295],[-2.092119572949314,57.21445308529198],[-2.092538047787639,57.213765475558255],[-2.092845607038242,57.21332111483792],[-2.091621328315039,57.212954646360316],[-2.091129114356941,57.21284036701651],[-2.090730052794235,57.21270381081572],[-2.090743819704737,57.21269196625755],[-2.088364552616407,57.211979688873164],[-2.087358951943943,57.21155015214066],[-2.086713457884333,57.21132923260051],[-2.084828706834924,57.210430319639876],[-2.084793797114628,57.21045438111796],[-2.084150585074388,57.21017960469964],[-2.083523319026936,57.20980769978441],[-2.0827924873798,57.2094591064311],[-2.082281145132646,57.20912383969126],[-2.082331674134156,57.20910114718975],[-2.080529982669638,57.20803281407304],[-2.080203906688079,57.20776179734329],[-2.079464318046417,57.207276819901296],[-2.077934415989154,57.20586943520461],[-2.07792939603882,57.20587121374422],[-2.077598384320291,57.20559605586117],[-2.077482849479697,57.20545400707005],[-2.076812197730679,57.204837006745365],[-2.07638522242931,57.204247651512425],[-2.076484479033315,57.204226472216774],[-2.075433161137364,57.202933740356],[-2.074902397390209,57.202200747648654],[-2.074140261408076,57.200841497005904],[-2.074008858882096,57.20051684145787],[-2.074003944358925,57.200504658710166],[-2.07399414648892,57.20048028952256],[-2.073989263142067,57.20046810308268],[-2.073578410789531,57.19943934946325],[-2.073566285540047,57.19940872984392],[-2.073542231854419,57.19934746784246],[-2.073530303417965,57.199316825460336],[-2.073432056527124,57.19906224851044],[-2.073312331883909,57.19875645666057],[-2.073287369807029,57.19869152150747],[-2.073238329991341,57.19856155290691],[-2.073214252249584,57.198496519459795],[-2.073165162289501,57.198361345956975],[-2.072987798674382,57.197769456758095],[-2.072706233248822,57.19658057356207],[-2.072602029149385,57.195983579722196],[-2.07255234040828,57.19554254624769],[-2.07253064289917,57.19529308917275],[-2.072500031373819,57.19479394401977],[-2.07249111718703,57.19454425594439],[-2.072490336319907,57.19446686158281],[-2.072480594058816,57.1944231364761],[-2.072474471065719,57.19439529072653],[-2.07243188768665,57.19419902912307],[-2.072328133456606,57.192838415049515],[-2.072500686167159,57.190124308309386],[-2.073426861217658,57.18745554476426],[-2.075085190907458,57.184893438663046],[-2.07743743705387,57.18249684186193],[-2.080429444451914,57.18032079399112],[-2.083992378348045,57.17841526244491],[-2.088044393350005,57.17682400974468],[-2.092492431443787,57.17558355117553],[-2.097234360644639,57.17472235222956],[-2.099665526423504,57.17438956796241],[-2.100078601871012,57.17435081828787],[-2.102713329309955,57.17422027497268],[-2.107987373787486,57.1741889026667],[-2.113203241767561,57.17461451742051],[-2.118227639639913,57.17548623647375],[-2.122932088435787,57.17678181456273],[-2.124740031974917,57.17749679196409],[-2.125788315595522,57.17782742966075],[-2.12694234451196,57.17822696092098],[-2.126958906100966,57.17823323244995],[-2.127611459838254,57.17849345451146],[-2.128892371206928,57.17903091775475],[-2.129520729087928,57.179308159178106],[-2.12953232634748,57.17931353713379],[-2.130003577201453,57.1795406346857],[-2.130929831278316,57.18000440596463],[-2.131384834539364,57.18024107981025],[-2.131398921502153,57.180248691777315],[-2.132071195265769,57.18063407987327],[-2.133372695198884,57.18142573790455],[-2.134001921174683,57.181832008286825],[-2.134014358509174,57.181840537964106],[-2.134641559896129,57.18230000168649],[-2.135424797986935,57.18291366442047],[-2.135434760841028,57.18292052519221],[-2.135624252084694,57.18304982798459],[-2.135651136550337,57.18306822227192],[-2.135704816929659,57.18310504892704],[-2.135731612843314,57.18312348129487],[-2.136303771879974,57.18351811463187],[-2.136321195781088,57.1835301532852],[-2.136356005802901,57.183554246694335],[-2.136373391923589,57.18356630145015],[-2.136559971902658,57.18369589436157],[-2.136577185247405,57.183707871038386],[-2.136611574643752,57.183731840175774],[-2.136628750695355,57.183743832636374],[-2.136778038250007,57.18384824809089],[-2.136857650147824,57.18390266133632],[-2.136923673319426,57.18394808642209],[-2.137049927619956,57.184035528848376],[-2.137296945347037,57.184206247094],[-2.137480595079204,57.1843324722673],[-2.137509131701663,57.18435214280491],[-2.137566103945676,57.18439152697893],[-2.13759453956719,57.184411240615376],[-2.137785762564072,57.184544190870156],[-2.137969363907899,57.18467093601917],[-2.137985219123303,57.1846818909751],[-2.13815967600507,57.184802576967584],[-2.138473985043996,57.185027184580335],[-2.139089471433585,57.1854816456086],[-2.139390648711871,57.18571149908868],[-2.139719184924959,57.18597075171639],[-2.139805847623537,57.186069265936986],[-2.139820793074888,57.18606382432267],[-2.140315576035354,57.18646448010239],[-2.1406819114437,57.18677468872936],[-2.140774039922879,57.18685633968989],[-2.140830602990321,57.18690684202851],[-2.140943116355151,57.18700804761706],[-2.140999066651498,57.187058750867536],[-2.141132710256449,57.187180769385755],[-2.141366297138716,57.18740107187134],[-2.141821905019301,57.1878451760164],[-2.142043925923864,57.188068977718274],[-2.142078077808015,57.188104601510645],[-2.143120623999194,57.18944832820228],[-2.144791781410014,57.19220963545682],[-2.145618242998633,57.195081341461304],[-2.145578058312946,57.19798780185417],[-2.144778715001616,57.20051530203668],[-2.1451296268911,57.20048743822147],[-2.146554927695617,57.20040827326317],[-2.14664263088835,57.20040547634613],[-2.147333570062869,57.20039129289805],[-2.148715936080228,57.20037859179476],[-2.149407363507771,57.20038007413149],[-2.149591076804068,57.20038255101762],[-2.149946997444045,57.200389429506814],[-2.150635341535254,57.20040675645169],[-2.151854458473116,57.20043557831144],[-2.152479021728734,57.200456767075906],[-2.152518748686982,57.20045852455407],[-2.153066923478203,57.20048776561267],[-2.154099243404708,57.200552256691644],[-2.154099203031441,57.20055244710078],[-2.154101540726371,57.20055239553118],[-2.154163475848581,57.20055626922048],[-2.154707261365101,57.20059524473997],[-2.154904272305371,57.20061117189815],[-2.157304521322446,57.200905583309904],[-2.162120207602876,57.20170442777399],[-2.166740754393803,57.202923175515416],[-2.169707360662313,57.20404404506768],[-2.170730718537171,57.204392425769576],[-2.170757250584956,57.20440316032369],[-2.171096530430834,57.20454416207919],[-2.171768277880938,57.20483086941769],[-2.172100745518344,57.204976575036866],[-2.172140553243283,57.204994486473545],[-2.17344070398491,57.205646174615985],[-2.173686856063261,57.20578349409162],[-2.173681411788035,57.20578636840457],[-2.174448237210042,57.20623608196673],[-2.174727755528898,57.20641422367511],[-2.177156919874559,57.2078848987866],[-2.179841620121437,57.21009402062156],[-2.181897691111886,57.212493594021595],[-2.182762084374087,57.21373467808346],[-2.182782132911478,57.21377147895069],[-2.182928459365863,57.21405735714316],[-2.183203638678631,57.21463157903452],[-2.183332491284383,57.214919922771365],[-2.183342545048054,57.21494416200938],[-2.183434238789227,57.215179953286906],[-2.183605939066081,57.215652785282195],[-2.183685945458295,57.21588982601578],[-2.183689310282872,57.21590060958883],[-2.18383361400677,57.21647520728194],[-2.184053597335952,57.217628255031634],[-2.184129274536154,57.218206705867445],[-2.184132852701377,57.218257004875866],[-2.184141644782527,57.218418073321025],[-2.184153902123884,57.218740269835855],[-2.18415736733772,57.218901397906244],[-2.184157456661393,57.218919363573434],[-2.184093924187214,57.2197301067795],[-2.18383223753921,57.22134517402166],[-2.183634077531685,57.22214949780574],[-2.183630798071302,57.22215938377216],[-2.183054590512634,57.22338979839105],[-2.181588033237804,57.22579426599333],[-2.180697665093254,57.22696831506268],[-2.180647953663969,57.22702260351777],[-2.180599942785499,57.22708673730296],[-2.180596648015489,57.22709034416659],[-2.179872042097027,57.227800902180064],[-2.178307400284748,57.22918361032825],[-2.177467361681714,57.22985575902702],[-2.177462410020384,57.22985935915605],[-2.176713394607292,57.23036478213467],[-2.175150024529616,57.23134499213324],[-2.174335669422777,57.231819778343926],[-2.174332365073538,57.23182157050857],[-2.172110986682952,57.23283174241509],[-2.167377136022861,57.23462645883572],[-2.164864681590652,57.23541099138518],[-2.164843170483614,57.23541640928221],[-2.164190646288421,57.23557159295132],[-2.162873879305317,57.235866590577494]]],[[[-2.115918218004999,57.0488831311013],[-2.116234497665825,57.04897121952903],[-2.116392202701977,57.0490157277982],[-2.116423546656745,57.04902469084316],[-2.118074553293121,57.04956610904692],[-2.121249533636465,57.0507501915748],[-2.122773502561682,57.05139286164952],[-2.122799917400399,57.05140541210862],[-2.123428625992831,57.05172010705664],[-2.124655339523738,57.05236680408262],[-2.125253344502128,57.052698806459624],[-2.125274816068872,57.05271136132995],[-2.125571866436323,57.0528897898087],[-2.12573002134896,57.05298738569542],[-2.127089629246155,57.05372065829246],[-2.130141329833789,57.05597784350965],[-2.131504732665438,57.05717168598261],[-2.131609498397669,57.057281789432466],[-2.132310906349108,57.05801908858913],[-2.133250030956825,57.05920915242798],[-2.134804542829273,57.06165048141678],[-2.135698577042255,57.06418822546994],[-2.135913396615175,57.06676962604685],[-2.135611398687616,57.06842538015868],[-2.135741242391252,57.06920290246209],[-2.135361432541754,57.07209535216359],[-2.134129327777767,57.07491646299825],[-2.132077050099973,57.077592224040856],[-2.131444749985651,57.078144129345816],[-2.131272538310747,57.07835074865494],[-2.129482487039586,57.07983341938693],[-2.129501748276757,57.079839964048794],[-2.129258296292959,57.0800524339213],[-2.129097526590701,57.080152257390736],[-2.12846550565443,57.080675705477134],[-2.127720364166013,57.081122645290826],[-2.127616955925707,57.08107152359903],[-2.126948063230816,57.08148680957598],[-2.127038590390525,57.08153156366891],[-2.125030733007431,57.08273577548359],[-2.122945209959964,57.08365049136295],[-2.121014564934684,57.08482051949955],[-2.120717534756056,57.08494705795064],[-2.120400654095114,57.08513970631745],[-2.118210650455359,57.08624964729873],[-2.117979133452804,57.08634723133557],[-2.11559914383286,57.087182982261425],[-2.113900887574359,57.08767244555679],[-2.115213145181498,57.09017963495152],[-2.115836901715392,57.09292003772078],[-2.11567948238334,57.09568009246478],[-2.114744520745937,57.0983941813675],[-2.113054072284026,57.100997787512135],[-2.110648174926691,57.103428999842556],[-2.109842169537442,57.104111526101846],[-2.109860518583597,57.10411783389506],[-2.109760826009761,57.10420371907561],[-2.10970420230166,57.10425215671329],[-2.109593056041891,57.104346566660844],[-2.109300937428682,57.104586164864074],[-2.109222329161268,57.10464845199409],[-2.108948077820752,57.10487261066321],[-2.108795174168982,57.104993164103895],[-2.108637353744271,57.105115406083804],[-2.108501467150123,57.10521881916176],[-2.107369781552532,57.10598723828367],[-2.10446556238464,57.10775143787437],[-2.104015985220462,57.10795703683362],[-2.103935399930963,57.108032879636944],[-2.103722771842378,57.10828201700806],[-2.103611996396183,57.10825402391835],[-2.103218441235702,57.10868491318997],[-2.103350440842432,57.1087182697786],[-2.103297511176004,57.10878028545909],[-2.102524836239895,57.1095781035063],[-2.10250425110042,57.109596993443475],[-2.10234718816639,57.10973814983276],[-2.102226742281879,57.109844186052214],[-2.102218706043855,57.109841483490726],[-2.102190299984724,57.10987780315513],[-2.10199050003627,57.1100520019926],[-2.10186651466554,57.1101584303516],[-2.101840983276428,57.11018001004209],[-2.10118319345764,57.110695492582394],[-2.099803024045924,57.11170020820046],[-2.099611007702963,57.11183025179511],[-2.098938830141999,57.11233907808247],[-2.097254458698961,57.11342210105764],[-2.096944508592423,57.1135921124764],[-2.096047946288222,57.11404860076384],[-2.094194881254391,57.11492404497065],[-2.093571616122144,57.11520421753786],[-2.09346209639293,57.11525104193146],[-2.093191706450937,57.115364206016295],[-2.09317191241055,57.11537231451985],[-2.092995413084061,57.115443619423935],[-2.092640683115122,57.11558494378199],[-2.09246245247839,57.11565496323099],[-2.092431109699256,57.11566710458246],[-2.092115916433875,57.11578622259019],[-2.091480520526655,57.11602043891495],[-2.091160317922207,57.11613553720642],[-2.091070386664862,57.11616705254704],[-2.091024963370024,57.11618291347168],[-2.090934021610429,57.11621455441345],[-2.09088850314579,57.11623033443051],[-2.09082335095936,57.11625283950826],[-2.090298603292108,57.11642673070984],[-2.089237565567363,57.11676376514301],[-2.088701275585075,57.116926908463896],[-2.088604496286282,57.11695507624551],[-2.086117022183302,57.11754170819642],[-2.08262343889716,57.118185961798204],[-2.08266800954377,57.11820972615343],[-2.083017772231668,57.1184019128885],[-2.083024997432093,57.11840600433574],[-2.083234984160518,57.11852714138908],[-2.083650798046808,57.11877151095822],[-2.083856625200976,57.118894743487736],[-2.083863289072017,57.11889880831537],[-2.084405979397141,57.119247278287425],[-2.085458132299108,57.11995876620756],[-2.085967595349516,57.12032178429243],[-2.085991614785975,57.12033983258402],[-2.086186093817133,57.120489142467385],[-2.086569424948244,57.12078988528645],[-2.086758277024299,57.120941318239666],[-2.086836040804143,57.12100506148502],[-2.086911743531247,57.12106768045356],[-2.08706218666816,57.121193259635604],[-2.087136927076076,57.12125621985031],[-2.087173330298257,57.1212871678358],[-2.087618293892474,57.12168809751045],[-2.088469229882091,57.12250202202069],[-2.088875201692975,57.122915017129046],[-2.088901693694673,57.12294374385718],[-2.088968415361742,57.12301692189752],[-2.089100633359486,57.12316360485646],[-2.089166129686444,57.12323710977636],[-2.089192625359622,57.123267192868674],[-2.089288411755732,57.12337787599086],[-2.089477206190313,57.123599941274975],[-2.089570214215576,57.12371132344128],[-2.089613279447877,57.123763843052316],[-2.089680218807223,57.123846594625945],[-2.08981256382977,57.124012459917324],[-2.089877969487347,57.12409557363678],[-2.089908617749202,57.12413506775496],[-2.089938609832277,57.12417397094369],[-2.089998257961522,57.124251853480615],[-2.090027914007103,57.12429083282902],[-2.090056079904635,57.12432810091626],[-2.090148341666966,57.12445282384052],[-2.090329424873031,57.12470300655286],[-2.09041824628597,57.12482846632982],[-2.09045553665841,57.12488233723063],[-2.090687595877776,57.12524033685071],[-2.09112371122425,57.125961347988586],[-2.091326349091462,57.12632163427987],[-2.091387685049078,57.126439466803575],[-2.091641756847113,57.126994378159154],[-2.092130505017457,57.128228021684656],[-2.092335007683275,57.128849516929684],[-2.092398367234223,57.129090663314294],[-2.092408240239656,57.12912882404675],[-2.09242768519265,57.129205168196776],[-2.092437257139598,57.12924335161439],[-2.092483712396379,57.1294316823345],[-2.092542074291877,57.1296627414247],[-2.092581452427063,57.129815894334854],[-2.092583827671479,57.129825104195326],[-2.092588870655686,57.129844816772604],[-2.092598876316882,57.12988424795598],[-2.092603838993732,57.12990396656187],[-2.092605991063798,57.12991258863338],[-2.092744274191642,57.131460646880655],[-2.092529440766686,57.13454664985443],[-2.091342135272639,57.13756664268887],[-2.089217479664613,57.14043070440138],[-2.086218546785305,57.14305348974042],[-2.082434560730015,57.145356907487944],[-2.077978125423822,57.14727238685701],[-2.072981929666404,57.14874282600052],[-2.067594834528876,57.14972436980971],[-2.061977395465133,57.15018763771352],[-2.059131984039916,57.150286986320026],[-2.056532617864082,57.150255533671626],[-2.054183974795175,57.150135537457416],[-2.049542057627893,57.149714883466146],[-2.045057721466901,57.14893913476484],[-2.040822513922138,57.147824123847585],[-2.036922806349206,57.14639259702584],[-2.033438099074759,57.144673755097436],[-2.031268037288749,57.143247358675296],[-2.030977886993124,57.143084554059165],[-2.030969620027629,57.14307872616349],[-2.030949045433375,57.143062678522305],[-2.029470425402653,57.14225865649651],[-2.026386310897098,57.139935018403385],[-2.024023714350631,57.137373648784084],[-2.022443006057232,57.13464016456326],[-2.021684495536792,57.13180457740286],[-2.0217674160659,57.12893949724295],[-2.022689451149745,57.12611827113815],[-2.024203326228307,57.12376110984119],[-2.024296817917038,57.12377887121823],[-2.024679848189515,57.12306409812899],[-2.024635658316611,57.123053737688565],[-2.024745804973613,57.12291475125051],[-2.02476331493687,57.12289263057201],[-2.024781719645066,57.122873990901454],[-2.024782648953329,57.122872256665225],[-2.024864541959771,57.12277780882358],[-2.024874234113629,57.12278029503012],[-2.025545981274941,57.12209995352299],[-2.025505363780292,57.12208799287449],[-2.025610651367724,57.121982209186996],[-2.026343426066277,57.121316368335656],[-2.029246136130656,57.1189198850973],[-2.03308777914256,57.1166917985291],[-2.03761452086827,57.11483281346215],[-2.042660440449979,57.113424189591235],[-2.044879927190038,57.11304860901591],[-2.045539851324385,57.112929721899974],[-2.045695788292189,57.11290576498567],[-2.046162220809978,57.112824334367005],[-2.046952040241797,57.11269494617525],[-2.047694600581247,57.11256454577894],[-2.047787644566834,57.11255006961344],[-2.047623418958231,57.11244538856247],[-2.047128574947939,57.11215434233403],[-2.046999695788091,57.11204780610512],[-2.0464803944839,57.11171677671024],[-2.045122691921059,57.11071914485084],[-2.045116907515673,57.11071421525844],[-2.044798007689836,57.11040645065402],[-2.043326528531464,57.1092307040109],[-2.043319090555542,57.109223071007065],[-2.042539195742472,57.10830008097244],[-2.042476307806699,57.10821298528932],[-2.041336682946658,57.107393715460496],[-2.039248008664831,57.10540994858522],[-2.038320204520867,57.10438174599523],[-2.038310286981543,57.10436871461884],[-2.037665074921479,57.103352844894964],[-2.036602318536528,57.101286430307105],[-2.036184762561632,57.100235887332424],[-2.036183106424864,57.10023004881301],[-2.035993263958995,57.09904163197654],[-2.035904587342058,57.09666158359569],[-2.036396045030039,57.094296118327605],[-2.037458862768963,57.09198694259524],[-2.039074189547117,57.08977476833152],[-2.041213466719715,57.08769858127053],[-2.042409894101996,57.08669922155464],[-2.042419785522989,57.08669204966713],[-2.043857014650071,57.08578325193979],[-2.046940790366348,57.084077931728615],[-2.050413997488106,57.08261137425517],[-2.052024946808325,57.08210206604811],[-2.05205876492643,57.08208048220751],[-2.054566875964559,57.080630863230475],[-2.055734116977483,57.080032307898314],[-2.055783575648851,57.08000504259532],[-2.05583774162957,57.07997916823054],[-2.056003101629559,57.079894369617335],[-2.056026855784244,57.0798835720947],[-2.056033682066716,57.079878446869564],[-2.05605840608328,57.07986496118376],[-2.057133904416319,57.07932805059047],[-2.058646355125203,57.07863744916368],[-2.059315799743352,57.078317621153886],[-2.063253028575112,57.076921231020854],[-2.063573142386929,57.07684035214851],[-2.062207883633379,57.07563978173697],[-2.060587834165325,57.0737586048271],[-2.060584526670852,57.07375321661402],[-2.059948844419079,57.07235176124339],[-2.059097962733188,57.06951148054391],[-2.058882732112639,57.068072657975556],[-2.058882719292202,57.06806457323728],[-2.059177568918812,57.0663656704816],[-2.06035158362875,57.06302887997794],[-2.061230698061882,57.0613909885855],[-2.061237278465333,57.06138200227859],[-2.06217056731245,57.06031673727962],[-2.064285280528617,57.05826204968047],[-2.06546669598714,57.05727262302802],[-2.065476575051695,57.0572654313779],[-2.066210086857145,57.056769162401935],[-2.067739769262641,57.055806191822285],[-2.067934759156471,57.05569189338891],[-2.068932468419287,57.05499662757278],[-2.069842560033699,57.054537449105666],[-2.069856427459309,57.054529967926015],[-2.069947159335071,57.054481396148645],[-2.070069025131851,57.054416658580635],[-2.070776682629144,57.05406206297209],[-2.070903483959281,57.05400214665822],[-2.072792201600853,57.05304910949968],[-2.075479007997586,57.05207557654063],[-2.075839203364935,57.05193223329165],[-2.076585315974208,57.051643867517996],[-2.076962038916105,57.05150250390538],[-2.076996628106946,57.051489906269374],[-2.077635816912105,57.051268510609695],[-2.078005314977575,57.05114692807064],[-2.079311571264505,57.050577830141115],[-2.080554799740548,57.050086107064786],[-2.080602562828992,57.05006900840456],[-2.081447532024181,57.04978597051806],[-2.083167136372728,57.04924808727984],[-2.084041773249546,57.04899324137631],[-2.084045067694512,57.048992349836226],[-2.084628276268462,57.048842200030016],[-2.08580499138234,57.048554448040825],[-2.086398504498377,57.04841684439661],[-2.086414977749538,57.04841323088061],[-2.087853042464113,57.04813913884273],[-2.088343902150924,57.0480592481059],[-2.089182965314781,57.047894957436405],[-2.089759212418886,57.04778862570539],[-2.089858059317657,57.047771487341336],[-2.090335543172399,57.047693014213884],[-2.091294642872234,57.04754397254203],[-2.09177625890313,57.04747340396618],[-2.091789439427129,57.0474715887556],[-2.092779409210813,57.04735277182028],[-2.094770861894141,57.04714851061208],[-2.095772346504003,57.047063066157364],[-2.095785529060549,57.04706216679639],[-2.096795521406474,57.04701040708724],[-2.098819429932255,57.04694082966065],[-2.099833347937642,57.0469230118803],[-2.099841588441862,57.04692300533837],[-2.10007225961155,57.04693290850099],[-2.100644172019483,57.046907085403795],[-2.100654060620113,57.04690707748939],[-2.101948140607043,57.04693376641911],[-2.103752996882349,57.04700975967608],[-2.103751645238396,57.0470192999144],[-2.104103918277896,57.0470079915623],[-2.104120385363178,57.047008876242046],[-2.104910929440484,57.04706188627996],[-2.10520246884624,57.04708534484331],[-2.105814728389749,57.047124350152224],[-2.105981245057023,57.0471385918727],[-2.106079529020175,57.047155912758],[-2.106486403933165,57.047188647578146],[-2.107271335216761,57.04726239891083],[-2.107287821548891,57.047264172481775],[-2.10808941490631,57.047361773880276],[-2.109682699391648,57.04757860694071],[-2.110474391397473,57.047697838730095],[-2.110571679627012,57.047713922771436],[-2.111315128054625,57.04784741609464],[-2.112789575153118,57.048133478272874],[-2.113520574491484,57.04828604727529],[-2.113548612539027,57.04829231909908],[-2.114095078687878,57.048420888010035],[-2.115179149331063,57.048688689120794],[-2.115716754075093,57.048827921397496],[-2.115759643374426,57.04883955094055],[-2.115918218004999,57.0488831311013]]],[[[-1.966631649755347,57.28742800179191],[-1.967892863382521,57.28660752908822],[-1.968040387714831,57.28651715887945],[-1.968394671753505,57.28618023535177],[-1.968618337024785,57.285973960567176],[-1.968653365083499,57.28594261906503],[-1.968953547767142,57.28568573266591],[-1.968975547939092,57.28565888676908],[-1.969012079321925,57.28561488874338],[-1.969122786565418,57.285484353888116],[-1.969249703574003,57.28533780558054],[-1.96929043002885,57.28528763976773],[-1.969310356045115,57.28526339091008],[-1.969479326927545,57.285064332337285],[-1.969480566033536,57.28506291827862],[-1.969489940105574,57.28504951675149],[-1.969561015186121,57.284955213983395],[-1.969592085666635,57.28491400177939],[-1.970186308256783,57.28421334238343],[-1.97148341829684,57.282842207884585],[-1.972186310761923,57.28217172188684],[-1.97220290812124,57.28215736194022],[-1.972220395122005,57.282142265582536],[-1.972255424345648,57.282112091677746],[-1.972272966568501,57.282097014130606],[-1.972552461661005,57.28185731351802],[-1.972783243849613,57.28166487617426],[-1.97325380136939,57.281283255373644],[-1.973493576650204,57.281094071883324],[-1.973536724081701,57.281060943111754],[-1.973641537467095,57.280981388968],[-1.973852754721539,57.28082290269537],[-1.973959158587392,57.280743970563805],[-1.973967240082279,57.28073804353119],[-1.975740000858455,57.279637661768454],[-1.979590978233047,57.27760692742417],[-1.983998159634825,57.27594085420651],[-1.988845191824511,57.27468341918109],[-1.994004033905291,57.273867817781124],[-1.999338502121169,57.27351557839891],[-2.004707945345666,57.273635996837285],[-2.009970628231275,57.27422589517842],[-2.012557638385984,57.274637009711135],[-2.015773671440815,57.27530607842755],[-2.016325089947904,57.275398751020596],[-2.016352472723445,57.275404604068875],[-2.01835355633395,57.27591841211491],[-2.020890466806235,57.2766860583187],[-2.020884528739827,57.276691815943174],[-2.0215821684001,57.276861945803006],[-2.021632195768425,57.27687809705702],[-2.022051604438363,57.27703738047142],[-2.02221157156667,57.27708577991736],[-2.024068562532163,57.27773933993183],[-2.024134404064327,57.277766059863794],[-2.025822990809213,57.27855249652755],[-2.026432916751172,57.278877588575206],[-2.027426323402431,57.279317536497324],[-2.029204849349943,57.28023198190714],[-2.029256653989039,57.28026287049978],[-2.030484281405617,57.28108774915671],[-2.031912595228525,57.2821726220986],[-2.032155340893893,57.28230894911765],[-2.032257565837536,57.282388132881835],[-2.032809160976965,57.28284427366251],[-2.033186776653026,57.28317822776669],[-2.033126686042225,57.28319815612834],[-2.033793111487823,57.28373921587561],[-2.033815395298188,57.28373239326723],[-2.033846227943272,57.28376192812511],[-2.033908522599817,57.28383291426337],[-2.033988405437827,57.28389776810249],[-2.034154510161565,57.28407426491735],[-2.034126990360721,57.28408186069604],[-2.034855028350541,57.2849114409673],[-2.035190903346916,57.285376573862465],[-2.036447402521737,57.286983734925535],[-2.037250680365418,57.28827685353908],[-2.037268418755617,57.28831471077482],[-2.037395361627055,57.28860588906729],[-2.0376312747831,57.2891903730213],[-2.037740244797623,57.28948367871436],[-2.037745735711284,57.2894998461104],[-2.037856390348713,57.28986860870251],[-2.037887246320344,57.289986931352416],[-2.037964049251297,57.2902568916372],[-2.038003506671985,57.29042408057926],[-2.038078692193352,57.29060358227921],[-2.038082856738157,57.290620289035324],[-2.038126783917307,57.290812046767364],[-2.03820701156797,57.29119602947513],[-2.03824331196141,57.291388254455136],[-2.038245148026285,57.2913991320761],[-2.038254033675054,57.29145360314876],[-2.038271192341721,57.291562573550976],[-2.038279465412186,57.29161707289244],[-2.038281303217633,57.29162964826067],[-2.03830089311609,57.29177965060345],[-2.038309169743435,57.29185157761658],[-2.038357097091807,57.292022618241134],[-2.038544805001684,57.29336504590949],[-2.038544812367567,57.29337222317086],[-2.038489038621414,57.29411314715807],[-2.03826479166867,57.2955899803725],[-2.038096313956263,57.29632588936743],[-2.038091352467596,57.29634205992823],[-2.037773132701726,57.297148294923694],[-2.037578764627082,57.29754961301393],[-2.037554123895335,57.29779628262718],[-2.037451982732986,57.29841763328384],[-2.037168272212621,57.299654998816116],[-2.036986700997048,57.30027101429591],[-2.036710979933848,57.30103489487069],[-2.036703158221165,57.30105642457213],[-2.036687417636103,57.301099473567916],[-2.036679498763614,57.3011209928622],[-2.036600717225467,57.30133372147916],[-2.036592158214211,57.30135697532944],[-2.036452402213325,57.301734681113274],[-2.036291635884152,57.30219030953482],[-2.036282964156925,57.30221470269727],[-2.036265496078317,57.302263475947605],[-2.036256699726779,57.30228785603546],[-2.035933597470909,57.3031768124386],[-2.035660537469784,57.30396249532176],[-2.034966947220827,57.30534236000789],[-2.033183798627702,57.30802502432806],[-2.032809346160695,57.308391861341775],[-2.032868854179409,57.30846828800329],[-2.032993322829906,57.308618400719105],[-2.033073420277633,57.30872383711508],[-2.033109486120267,57.30877170339725],[-2.033258988858492,57.30897176526102],[-2.033355644288779,57.30910411334257],[-2.03340882640194,57.3091786560299],[-2.033505962378869,57.309318244026095],[-2.033695940205012,57.30959827344404],[-2.033788782025859,57.30973871487225],[-2.033841973215464,57.30982133288876],[-2.033945423686426,57.309987198488315],[-2.034146334809624,57.31031998897358],[-2.034243795413308,57.31048691386883],[-2.034296999395819,57.31058122726215],[-2.034310713594293,57.31060584218847],[-2.034321670927011,57.31062221188602],[-2.03436007013782,57.31068750626506],[-2.034505205827245,57.31092513476624],[-2.03470453100612,57.31127529278184],[-2.034707856763736,57.31128158877463],[-2.034780838192388,57.31142418327102],[-2.034922452475078,57.31171000334148],[-2.034991085286563,57.31185322898949],[-2.034996075315524,57.31186400693488],[-2.035209728219427,57.31239250189317],[-2.035577869850043,57.313455492583415],[-2.035732356936326,57.313989988475605],[-2.035734023860789,57.31399716524189],[-2.035747966130226,57.314058919792906],[-2.035775060040794,57.3141824796626],[-2.035788211679321,57.31424428498146],[-2.035789879491583,57.31425236900718],[-2.035860059910118,57.314688836966184],[-2.035917670980526,57.31518777425353],[-2.035943764761405,57.31531284090757],[-2.035944434492632,57.315318760366296],[-2.035944653018685,57.315421445954115],[-2.035961010580516,57.315563105389316],[-2.03599177990443,57.31600090587816],[-2.035995577030853,57.31615173458304],[-2.035945031242594,57.31698506907093],[-2.035795474661514,57.31800417380065],[-2.035800777857902,57.318005257558134],[-2.03994621597434,57.319242743899835],[-2.041937093916047,57.31994179716717],[-2.041998555255252,57.319966928539955],[-2.043947762296191,57.320902591760316],[-2.047551867811976,57.32292731167299],[-2.050526385653802,57.325232084655305],[-2.052797994851109,57.327760184103475],[-2.054310620533221,57.33044937909159],[-2.05502685332589,57.333233456466544],[-2.054928931698624,57.33604382939232],[-2.054244259145445,57.338126270243755],[-2.054240208118322,57.33812588077045],[-2.054169313590546,57.33863536652486],[-2.054146134764023,57.338688374406196],[-2.054138708920766,57.33870528353812],[-2.054123796724474,57.338739094000616],[-2.054116310371382,57.33875599533118],[-2.054104720223985,57.3387820501345],[-2.0540714655373,57.33885544771491],[-2.054003815001034,57.3390020889871],[-2.053969419146902,57.33907533267841],[-2.053957826141707,57.33909959093489],[-2.053806474379389,57.33939534032788],[-2.053596514385216,57.33977992324842],[-2.053595747156979,57.339779800785074],[-2.053590647302205,57.339791469703826],[-2.053479979086068,57.33999335745918],[-2.053315214901341,57.34027665175623],[-2.053308585355154,57.340287424830336],[-2.053252581483488,57.340376859532924],[-2.053138837325118,57.34055540563993],[-2.053081097030493,57.34064451704299],[-2.05307280863674,57.340657096333125],[-2.052965576612389,57.340815141054456],[-2.052745650708263,57.34113011597602],[-2.052632956785713,57.34128704616784],[-2.05262300801789,57.341300524403785],[-2.052082505074932,57.34195552843867],[-2.050906517199786,57.343240122603866],[-2.050271025439688,57.34386971225526],[-2.050246134801783,57.343892187958105],[-2.049890317376678,57.344199252990286],[-2.049156047277095,57.34480537158704],[-2.048777594381758,57.345104425022356],[-2.048769295274582,57.34511070715955],[-2.047781508896025,57.34574137194535],[-2.04648182811203,57.34702380809286],[-2.049454712447477,57.348735324674536],[-2.050673516608947,57.34968825358982],[-2.051764101099685,57.350360333259694],[-2.054502796450234,57.35269163641145],[-2.056546278532404,57.35522274857958],[-2.057845853498712,57.35789353958446],[-2.058370456981588,57.36064054983657],[-2.058107462911162,57.36339849056664],[-2.057062944968596,57.36610180038291],[-2.056347196948794,57.36743163179405],[-2.056328783347948,57.36745804935865],[-2.055089987759349,57.36885589418334],[-2.052185805662298,57.37151568400613],[-2.048478134437503,57.37386609108909],[-2.044077312712774,57.37583708445367],[-2.039114389138177,57.37736992909025],[-2.033737241276587,57.37841893935194],[-2.028106170868307,57.37895284776845],[-2.022926313367745,57.37895547561558],[-2.022293914644546,57.379008296507415],[-2.021810655660674,57.37904474588547],[-2.021784047972303,57.379046538158136],[-2.020887382502051,57.37909365125726],[-2.019090638899283,57.37916156233546],[-2.018616000221989,57.37917253053961],[-2.018468877060485,57.37917765722918],[-2.017402855589209,57.3791962866563],[-2.017372920684615,57.37919629089808],[-2.016731519910574,57.37918969688008],[-2.015449667821405,57.37916314247859],[-2.01480921696827,57.37914318210464],[-2.014765976995294,57.37914138180977],[-2.013779932824904,57.37908430578162],[-2.0118159075113,57.37893848689846],[-2.010837928015795,57.37884974416837],[-2.010821297138301,57.3788479580951],[-2.010227799924637,57.37877810877584],[-2.009045931167429,57.37862674142219],[-2.008457559975323,57.37854522343559],[-2.008409330699135,57.378538031671226],[-2.007873409158834,57.37845285795638],[-2.006807172492647,57.37827282911078],[-2.006276857618233,57.378177974027174],[-2.006210335271377,57.378165401739786],[-2.005971613252868,57.37811917795848],[-2.005495503741462,57.378024768127176],[-2.005258116270388,57.377976582082226],[-2.005214877082446,57.3779676013033],[-2.004851809726738,57.37788953440595],[-2.004129175899633,57.37772881102703],[-2.003769609502589,57.377646154565426],[-2.003728033948419,57.377636283929],[-2.003697198865832,57.37762894307922],[-2.003635556339348,57.37761422762217],[-2.003604748895496,57.377606853014925],[-2.003589781721175,57.37760326040306],[-2.003246408170926,57.37751830375441],[-2.002563326257682,57.377344197454455],[-2.002223617954785,57.37725504782288],[-2.002193684104356,57.377246963995205],[-2.00187231554954,57.37715780569557],[-2.001233244977237,57.37697573674336],[-2.000915542942843,57.376882826079],[-2.000885609676031,57.376873843675405],[-1.999913727106258,57.376558304534036],[-1.998012081585268,57.37589216108932],[-1.997082319681036,57.37554155741813],[-1.997069017009438,57.375536167519165],[-1.996253382165908,57.37518352724789],[-1.994728258611272,57.37448052973601],[-1.994688606614445,57.37456250573343],[-1.993006549803543,57.37718761209234],[-1.992504008559791,57.37769839889987],[-1.993445893565963,57.37800454620265],[-1.997709539265268,57.379991132745126],[-2.001289456824078,57.38233880764146],[-2.002894278381646,57.383595040078255],[-2.003000235675379,57.383695239371356],[-2.004125155534282,57.384987981146026],[-2.005981551841788,57.38765339794968],[-2.00703230422526,57.39044401412584],[-2.00725066981695,57.393289290004766],[-2.006630933022404,57.39611728454648],[-2.005188574444654,57.398856476862484],[-2.002959897493311,57.40143757542085],[-2.000001132304464,57.40379527585552],[-1.996387024252888,57.40586991630114],[-1.994304560742398,57.406736752836046],[-1.994140085036992,57.406840065469446],[-1.994017398284265,57.406896469187956],[-1.99377107938272,57.40700751642376],[-1.993477007065454,57.40713751327667],[-1.993434000108523,57.40710917299179],[-1.993073383128879,57.40731825271635],[-1.99270644814758,57.40747057258966],[-1.992573699267185,57.40752637050754],[-1.992267950745357,57.407651851646506],[-1.991651163677588,57.40789897018664],[-1.991340125160535,57.40802060756204],[-1.991265055950838,57.408049257425596],[-1.990746416656751,57.40823938581015],[-1.989696222409745,57.408608958589014],[-1.989164667564282,57.40878840290685],[-1.989079775575193,57.40881587390526],[-1.988875587812127,57.40888088607967],[-1.988465515105447,57.409009333218116],[-1.988259630173428,57.40907276817668],[-1.988174254689297,57.40909863960182],[-1.988157001737372,57.409103860496316],[-1.988122484335294,57.40911429120875],[-1.988105219885149,57.409119501026694],[-1.988004496908778,57.40914985329896],[-1.987963734571499,57.409162096341596],[-1.987882146395444,57.40918652068057],[-1.98784132055675,57.40919870197686],[-1.987501877742111,57.40929964652602],[-1.986996618976784,57.409454114786186],[-1.986820117861153,57.40950932595365],[-1.986722364741196,57.40953966556589],[-1.986519115798322,57.409602253978505],[-1.986287617606426,57.40967222670021],[-1.983452823894458,57.41051306847614],[-1.979243033596101,57.411385416147795],[-1.97430267476139,57.412011551186595],[-1.969243103218574,57.41222375181189],[-1.964182750562534,57.412017050204206],[-1.959240070593041,57.411396286033685],[-1.954530749389276,57.41037599050624],[-1.950164987672997,57.40898004390054],[-1.946244918101109,57.40724111207518],[-1.944408539240918,57.40629050040914],[-1.944404531988055,57.406288082313935],[-1.94426634487461,57.406203635964545],[-1.94399194583145,57.40603381397854],[-1.94387325743828,57.40595954391988],[-1.943681870438591,57.405838450903076],[-1.942061605313418,57.40462039110859],[-1.939179611573168,57.40201984455616],[-1.937151903423924,57.39919411777147],[-1.936319130825377,57.396976982049964],[-1.936219766104435,57.396965712957716],[-1.930967553783643,57.39584059483146],[-1.926145894842,57.39425012537191],[-1.92189494167517,57.39224055785546],[-1.918338219322711,57.389870323002604],[-1.916277646679958,57.38788240131784],[-1.91499184135426,57.38829458893619],[-1.914831653289212,57.38833642182617],[-1.91393795782687,57.38852213416285],[-1.91078705912224,57.3896931844695],[-1.90875447069635,57.390322854965],[-1.90869089570378,57.39036674022178],[-1.90809069021584,57.390761724599386],[-1.906574431153364,57.39163392856678],[-1.903340524191454,57.39326175192247],[-1.902926641335973,57.39342029485206],[-1.901460725095299,57.39420705961934],[-1.901400808160643,57.39426028743061],[-1.90136703136769,57.39429016200671],[-1.901033170056714,57.3945841597656],[-1.900820404611273,57.39477283081845],[-1.899442061664724,57.395818686850994],[-1.896423096911193,57.397793601590514],[-1.894910015103432,57.39853613044379],[-1.894862302781063,57.39856893438153],[-1.894249552011198,57.39896613378599],[-1.894245884872072,57.398968376384126],[-1.893933208987324,57.399154285110676],[-1.893381619945511,57.39947316691707],[-1.893221302132918,57.3995785336512],[-1.892528015993932,57.40043350571313],[-1.889809231229947,57.40274525586502],[-1.888710178268373,57.403423442101975],[-1.888724667608549,57.40342909207201],[-1.88810372867539,57.4038930428342],[-1.886858202532181,57.40471625265174],[-1.886839863004278,57.40472700646657],[-1.886393999044421,57.40497848880488],[-1.885484536029633,57.405471936158506],[-1.885020936972267,57.40571390104661],[-1.884995933791989,57.405726454050644],[-1.884211005161315,57.40609647793464],[-1.882599731219198,57.406809267865384],[-1.881773386310415,57.40715203338747],[-1.881713396413369,57.40717534119444],[-1.881576498213254,57.40722796551994],[-1.881402428925679,57.407294165703725],[-1.881325024817587,57.40732632536328],[-1.880380663391561,57.407691083703085],[-1.880355669324892,57.40770004271639],[-1.879940560164575,57.40784409485805],[-1.879255112624656,57.40807427508643],[-1.879253283344844,57.40807268825383],[-1.878947035578244,57.40817790726994],[-1.877496405033889,57.40884231904634],[-1.877491405910936,57.40884411971772],[-1.876582325315393,57.40914922347637],[-1.87472965610213,57.40972723879899],[-1.873786068635581,57.41000014985868],[-1.873779404795903,57.41000193075509],[-1.872577998107889,57.41026417205703],[-1.872563925753477,57.41054711726251],[-1.87256283203823,57.410569170923736],[-1.872399012550455,57.41143677501636],[-1.872462895974212,57.41167662183531],[-1.872629931045307,57.41310411740859],[-1.872614541979073,57.41360319665217],[-1.872352837482633,57.41504719232049],[-1.871401943506832,57.41789360640812],[-1.869613959371094,57.42062026778632],[-1.867035367820833,57.42315601021885],[-1.863733337146074,57.42543463543576],[-1.862001938832021,57.42629699969248],[-1.861325118387503,57.4268125468521],[-1.861257646943067,57.426954041409495],[-1.861245592176054,57.426975685313266],[-1.861193997960588,57.4270665727208],[-1.861089028716981,57.42724804787682],[-1.861035653680563,57.427338635623826],[-1.861023755395011,57.42735846518411],[-1.861011648553857,57.427378561585776],[-1.860987347223733,57.42741873896689],[-1.860975152734675,57.427438819946325],[-1.860757499729545,57.42779581077233],[-1.859524152391574,57.42932378633259],[-1.858640754341968,57.43018867812409],[-1.858244839733622,57.43073651405123],[-1.855795867763575,57.433042521816056],[-1.854929121329912,57.433634188527016],[-1.85491795065222,57.433699671726025],[-1.855130613481699,57.43511342086604],[-1.854713655973378,57.43796187303656],[-1.853461776197502,57.44073829633063],[-1.851406674056437,57.443371986296505],[-1.848600531516912,57.44579585623093],[-1.845869057709495,57.44748240780156],[-1.8447281211867,57.44883268284976],[-1.841787527950584,57.451213746156625],[-1.840140137594045,57.45234073992473],[-1.840074332350742,57.45237902135266],[-1.839932811255504,57.45246033115546],[-1.839647905858843,57.45262199713349],[-1.839504521556621,57.452702353304616],[-1.839358382745181,57.452783241817194],[-1.839137800390868,57.452908032710106],[-1.838720477100683,57.45314645503686],[-1.838662137438451,57.453179615497156],[-1.838443769635015,57.45330310503089],[-1.838334041287996,57.453364570199575],[-1.838111611952494,57.45348798648869],[-1.838030203526759,57.453534426564396],[-1.837925740136505,57.453594319552785],[-1.837866160975601,57.45362830086197],[-1.837755732829089,57.453690956473984],[-1.837731430053976,57.45370471636618],[-1.837682770512181,57.45373220839891],[-1.837658413745495,57.453745940539385],[-1.837651898424593,57.45374960605163],[-1.837485776750671,57.453841737469006],[-1.837207196859993,57.45399404230822],[-1.837119572946908,57.455403961140235],[-1.836287380802888,57.45792147199378],[-1.834798643701747,57.4603495009107],[-1.832683562281193,57.46263857028215],[-1.829985122474143,57.4647420332373],[-1.826758226793716,57.46661701889399],[-1.825020202444918,57.46749228435608],[-1.824689451566509,57.46763645536499],[-1.824492340930608,57.46772105296334],[-1.82409576624558,57.467888632137594],[-1.823896302203166,57.46797161370612],[-1.823839492905846,57.46799488039837],[-1.823763609611747,57.46802577528593],[-1.82361151675632,57.46808733115088],[-1.823535307195414,57.4681179921279],[-1.823423396606308,57.46816274898801],[-1.823238680360297,57.468235568587424],[-1.822867407693235,57.468379833695444],[-1.822680851278841,57.46845127919864],[-1.822562270203147,57.46849603492162],[-1.822385978752836,57.46856166577492],[-1.822031842956477,57.46869170042294],[-1.821853998616754,57.4687561042133],[-1.821658606242061,57.46882588420615],[-1.821581577453611,57.46885322818638],[-1.821427239915461,57.46890768594218],[-1.821349931166311,57.46893479971737],[-1.821116135690605,57.46901630081539],[-1.821028253910434,57.4690469108919],[-1.82096124665329,57.46907012735596],[-1.820827413376571,57.46911625413131],[-1.820760394633845,57.46913923156694],[-1.820705287215331,57.46915802591513],[-1.820357071128845,57.469273585115474],[-1.819655476385455,57.469500063649726],[-1.819302097785246,57.46961098295504],[-1.819174034050099,57.469650053905745],[-1.818853385963315,57.46974538882183],[-1.818208275634249,57.46993223859966],[-1.817883813484896,57.470023753890096],[-1.817737385562075,57.47006395603859],[-1.81756280398233,57.47011119534101],[-1.817212624088784,57.470204567756404],[-1.817037025783033,57.47025070086654],[-1.816719849807464,57.47033279248549],[-1.816564859533358,57.47037237931343],[-1.816254130286774,57.4704506911775],[-1.816098391320053,57.47048941621183],[-1.816030638038824,57.47050603597391],[-1.814930607129743,57.47128400327877],[-1.812810359940979,57.47257492752235],[-1.811117575660185,57.47462883291246],[-1.809768564250865,57.47572945757072],[-1.809765256430387,57.47572828094875],[-1.809364354701139,57.47607174600221],[-1.809162559986778,57.476223854814144],[-1.808086847543251,57.47710141450337],[-1.807475398772491,57.47745547358538],[-1.807510585387569,57.477469020308035],[-1.807074666456028,57.47779757368043],[-1.804422482434743,57.47936563671805],[-1.801444902565714,57.48075397576694],[-1.79987967841639,57.48140061327552],[-1.799764394316998,57.48144264973446],[-1.799693926422324,57.48146820386893],[-1.799552749587006,57.48151911834876],[-1.799482040646778,57.481544478693834],[-1.799406847179556,57.48157129873232],[-1.796942878976256,57.482297330272004],[-1.791823426523933,57.483516239451774],[-1.786396560832083,57.48425492934061],[-1.783662312930022,57.48437132978849],[-1.783655285852593,57.484323428984595],[-1.782169296048893,57.48438597892047],[-1.782176421070244,57.48443456079703],[-1.780816399841527,57.48449241995617],[-1.778007684073906,57.48448408928183],[-1.777892620417672,57.484478507271334],[-1.777744220307019,57.484470947659425],[-1.777447551670125,57.48445511388788],[-1.777299283149609,57.484446839728605],[-1.777163624094594,57.48443893892328],[-1.776869620683255,57.4844225019935],[-1.775826283027685,57.48427270308434],[-1.775271647508541,57.484248583764355],[-1.775277101760951,57.48421220988963],[-1.77483574669893,57.484172953354125],[-1.773866507645293,57.484166461541115],[-1.77362329406399,57.48414461623728],[-1.772417736442858,57.484011535900535],[-1.77236924252156,57.48400517002316],[-1.772093524449341,57.48396717505016],[-1.771840173026783,57.483934896447934],[-1.771778847921087,57.48392680056112],[-1.771634750660353,57.48390718359592],[-1.771084726617438,57.4838599428308],[-1.771074561509361,57.483858577089435],[-1.770931300627764,57.48383896544653],[-1.770666413949039,57.48380202957072],[-1.770206332766203,57.48376108962844],[-1.767613571241223,57.48341350685235],[-1.767608556946107,57.483412599403486],[-1.766493560056882,57.48318663359358],[-1.76429640619866,57.48269237994709],[-1.763214251082431,57.4824240925565],[-1.763204262141373,57.48242137912182],[-1.762786107141022,57.48230376402719],[-1.761956148979105,57.482062206637785],[-1.76154434591817,57.481938264384475],[-1.761532695432208,57.48193464044826],[-1.760085482452354,57.481428969523975],[-1.757295906344269,57.48033976216211],[-1.755953545997185,57.47975622802805],[-1.755938602084163,57.479749013166085],[-1.755597139956495,57.47957947798486],[-1.754923121694353,57.47923534906286],[-1.754590565568936,57.47906075536935],[-1.754587242391399,57.47905896139487],[-1.75240617740172,57.477606422541484],[-1.748649510544777,57.47448964116934],[-1.747073883706457,57.47282541602649],[-1.747062307720106,57.47280921520605],[-1.746910626713398,57.472588339380046],[-1.746618070249238,57.47214452067253],[-1.746477194677408,57.471921577815685],[-1.746475562751648,57.471918879761375],[-1.745856678621009,57.47052822877002],[-1.745036483332393,57.46771162501576],[-1.744835142300839,57.46628567423959],[-1.744835167287725,57.466282090199215],[-1.745004302852089,57.46503903832261],[-1.745660196870785,57.46257751022967],[-1.745828308221702,57.4621566769746],[-1.745852884784411,57.4617681903601],[-1.745983007510231,57.46068105740454],[-1.746078673718062,57.46013855451913],[-1.746087262700366,57.46010174269772],[-1.746376359375865,57.45922019870458],[-1.746399481316597,57.45916569751226],[-1.746463808554342,57.458839958816114],[-1.746475792342886,57.458794171064596],[-1.746554577825395,57.45852313713218],[-1.746727470790864,57.45798248957358],[-1.746821585339589,57.45771287288206],[-1.74685725729087,57.45761862395366],[-1.746940956923079,57.45741014848863],[-1.747117513227449,57.45699432705082],[-1.747210369800567,57.45678698106536],[-1.747212061338515,57.45678339128927],[-1.747756157246209,57.45584656780921],[-1.748087226018899,57.45536964218967],[-1.748095959943686,57.45535399182909],[-1.748303651954882,57.455007449748614],[-1.748350823096779,57.45493387485777],[-1.748746126499809,57.454377733191926],[-1.749009082836475,57.454041578109376],[-1.749030653474191,57.454010501333464],[-1.7494226037328,57.453495093307126],[-1.749743590966827,57.45310767229012],[-1.750066950560464,57.45273997899359],[-1.75006861255406,57.45273819467898],[-1.751464964929444,57.45149958792048],[-1.751828306855217,57.451229146870475],[-1.751888195160549,57.45117743513559],[-1.753220888193528,57.45011333446713],[-1.753922507562019,57.44959413582093],[-1.753934242143979,57.44958607432308],[-1.754560888481302,57.44919508377324],[-1.754608661791265,57.44915952006591],[-1.756355984161125,57.448058059640495],[-1.756367689149171,57.448051785396295],[-1.757043497317085,57.44770915959839],[-1.758429399329057,57.447044705381835],[-1.759139493339881,57.44672287658866],[-1.759147847445082,57.446719299464874],[-1.759805764286505,57.44646401271937],[-1.760431401841072,57.44620137159559],[-1.761170231634793,57.445908450686915],[-1.761186933154095,57.44590220339984],[-1.761803253253246,57.44568241574503],[-1.762522952699679,57.44543794832497],[-1.762640849048225,57.445350306341],[-1.763836660119969,57.4445126399508],[-1.763871051264599,57.44449264891922],[-1.764343961578788,57.443736475670086],[-1.76495310801693,57.44311487032678],[-1.765005498059443,57.44288965571745],[-1.765377868613265,57.441819295332564],[-1.765379540869659,57.441815705389466],[-1.765857909776906,57.44102035743701],[-1.766099143843523,57.44049620262527],[-1.766100810166363,57.44049351990184],[-1.766672776759278,57.439699751828044],[-1.767980912083438,57.43811164224304],[-1.769955980306606,57.43631284889401],[-1.772674991402702,57.4343887178131],[-1.774155045163551,57.43347621775733],[-1.774158387287617,57.433474418219085],[-1.77571272226576,57.43273567281211],[-1.777478613242859,57.431996277751054],[-1.777677797297066,57.4318482490903],[-1.777680534889371,57.43184516202901],[-1.777688916547603,57.43183619414421],[-1.777881132367249,57.43163677949092],[-1.77827474756833,57.43124060537558],[-1.778476146879408,57.43104384588487],[-1.778513014005918,57.4310088692598],[-1.779316356098129,57.43032111964835],[-1.780694046287722,57.42925210435344],[-1.781029468483037,57.42766080044558],[-1.781081017243477,57.42749704513905],[-1.781122105858498,57.42727828346031],[-1.78117377412398,57.4270360277782],[-1.781177207174149,57.42702165252298],[-1.781221712335658,57.426848593244166],[-1.781316952702345,57.42650297423169],[-1.781367687850297,57.426330414493215],[-1.781369368512769,57.42632503680126],[-1.781593839051781,57.42573017047965],[-1.782116725788315,57.42454997257602],[-1.782415139655288,57.42396464053583],[-1.782421886022938,57.42395296573002],[-1.782480608005694,57.42385338738197],[-1.782600194262397,57.423654605834344],[-1.782661058525954,57.42355540263274],[-1.782664420560834,57.423550027810066],[-1.783385152085579,57.42262200350846],[-1.783399660760926,57.42259096948466],[-1.783640104523397,57.42157388607838],[-1.784026047339796,57.42048345865866],[-1.784027750091604,57.420479868509396],[-1.784570455479438,57.41954927536352],[-1.785839620610709,57.417725320231774],[-1.786566072550935,57.416831956467874],[-1.786569422917236,57.41682837804984],[-1.787952653141732,57.415604579627036],[-1.788079589875249,57.41551014556669],[-1.788176726573498,57.41542032300414],[-1.789983730102998,57.413925418047505],[-1.790956151253055,57.41320223186627],[-1.790996238206561,57.41317534121715],[-1.791779021995658,57.412687236044384],[-1.793407462245409,57.411742605795574],[-1.794253118494008,57.411286079910965],[-1.794385002761024,57.41121982287053],[-1.79490445097491,57.41097271024573],[-1.795071788925716,57.41069812829722],[-1.796769458253226,57.40844177232483],[-1.797760545776014,57.40734477564787],[-1.797767221032117,57.40733850744964],[-1.798618705370783,57.40662015839474],[-1.800443944422345,57.405230256621806],[-1.80141769682828,57.404558702137344],[-1.80143773515921,57.4045461578883],[-1.802390564636494,57.403997836045676],[-1.803389359576889,57.403469221466864],[-1.804710084252575,57.40234431625296],[-1.805299790594978,57.40200132095395],[-1.805384388587092,57.40194519246269],[-1.806844053506851,57.4010402379739],[-1.807601882387625,57.40060092505859],[-1.807603534468604,57.4006000293068],[-1.808188859152734,57.40032079839329],[-1.808835573699009,57.39994458537648],[-1.81057305193984,57.3991032789057],[-1.810608169876535,57.39908130946325],[-1.811089240271561,57.398786918333045],[-1.811332751923763,57.39864114092623],[-1.81146126186616,57.398565878260065],[-1.811541460372864,57.39852165332132],[-1.812052515183439,57.39817859221699],[-1.812620091255588,57.3978174994221],[-1.812633460280512,57.39780943483767],[-1.812954833230195,57.397621046461126],[-1.81360738660818,57.39724928975697],[-1.81393856702664,57.39706592137883],[-1.813953566098525,57.397057850071505],[-1.814825483497937,57.39662105313592],[-1.815003530183764,57.39653804945576],[-1.816186243902581,57.39593057416056],[-1.816202917844723,57.395923421254444],[-1.81625616276835,57.39590067536606],[-1.816362823898428,57.395855301017605],[-1.816416240105008,57.3958326725574],[-1.816462925201362,57.39581297848234],[-1.816610191407298,57.395751567024654],[-1.816905985249471,57.39562963661925],[-1.817054512888727,57.395569117668565],[-1.817081203823491,57.39555836811145],[-1.817583829920751,57.39536751211905],[-1.817878216843845,57.3952517615605],[-1.817920840870786,57.395235399332066],[-1.819089181603407,57.39474028371169],[-1.818611012507416,57.393987027755244],[-1.818137860534606,57.39292823990487],[-1.818036720266881,57.39274552330169],[-1.818030132639821,57.39273203979818],[-1.817862893727682,57.392357309050325],[-1.817673663387228,57.39188942986458],[-1.817161316421222,57.39074279726612],[-1.816718033843954,57.389084003973664],[-1.816716455771417,57.389066934580576],[-1.816778335771563,57.387725158887314],[-1.817271595221676,57.38506155989442],[-1.817460669748078,57.3846603725255],[-1.817524245420947,57.38439007815264],[-1.817525935580911,57.38438468199568],[-1.817919654816231,57.38344033626563],[-1.818892889091079,57.38157999872615],[-1.819472395736559,57.38066400637368],[-1.819475744062618,57.380659519802315],[-1.8197491817703,57.38031413285214],[-1.820322537195825,57.37962983342955],[-1.820622454521677,57.37929092083831],[-1.820629141802149,57.379283753145856],[-1.821120776104615,57.37879505365887],[-1.82215905516389,57.377835018988705],[-1.822705698975202,57.377363683357046],[-1.822715715784682,57.37735561297285],[-1.823043037898845,57.37710147288177],[-1.823713686857619,57.37659943370855],[-1.824057013597757,57.3763515345419],[-1.824102062953051,57.37632014879913],[-1.824314479521474,57.37617526088512],[-1.824744780947809,57.3758878753025],[-1.824962665791017,57.375745377615374],[-1.824991355206976,57.37572700280341],[-1.827144539889199,57.37457855280299],[-1.831800116343058,57.37251131696661],[-1.83707156911731,57.370933849771916],[-1.839436859705564,57.37050515383699],[-1.841525688104356,57.37011439443406],[-1.841761284332391,57.370083811545896],[-1.842784505269233,57.36989831831658],[-1.84572842733986,57.36952144648569],[-1.845752542949753,57.36951958954208],[-1.846677855648949,57.3694856973546],[-1.847559419378965,57.369402062629],[-1.847614465354356,57.369398724539906],[-1.848121003169365,57.369375417200054],[-1.848320033421535,57.3692018264324],[-1.848740169194065,57.368844843588256],[-1.848954124122021,57.36866768803463],[-1.848970805326191,57.36865422491884],[-1.84967765266972,57.36812621874562],[-1.851160272471827,57.36709926874412],[-1.851936043588842,57.36660032417474],[-1.851966040562367,57.36658239388184],[-1.853003470360815,57.36601506591977],[-1.855167274376891,57.36493233773158],[-1.856293649348886,57.364416936165355],[-1.856308635265512,57.364410674277416],[-1.856356823169734,57.36439061488068],[-1.856453334332255,57.36435059144397],[-1.856501657590659,57.36433062740388],[-1.856558269365687,57.364307327593345],[-1.857602588403218,57.3639182833316],[-1.85777904389286,57.363773296348334],[-1.857790715121417,57.36376432675752],[-1.859290021316917,57.362771036902345],[-1.859899460601388,57.362421475911496],[-1.860744583125959,57.36186716139334],[-1.861843989462014,57.36121424480486],[-1.861850651900162,57.36121065899827],[-1.862512346372353,57.360873496890726],[-1.863868831023706,57.36021922316765],[-1.864563621354494,57.35990211119708],[-1.864571945486813,57.359898518045256],[-1.865331142925685,57.35962651739293],[-1.865828948195982,57.35939390898763],[-1.865842265090319,57.35938852450813],[-1.867083354469159,57.3589324307403],[-1.867900459691409,57.358660451927115],[-1.86893855590243,57.3582674728087],[-1.869827447060495,57.357967545873926],[-1.870790876417008,57.35757089968535],[-1.870800861430384,57.35756731679381],[-1.872307554135759,57.35708718103022],[-1.872386735537953,57.357056145244606],[-1.872395055093557,57.357053458818555],[-1.872702000754803,57.35697557786283],[-1.873109395950943,57.35686111240649],[-1.873117974931729,57.356870031505096],[-1.873559920642348,57.35675789313578],[-1.873542226831433,57.35673949807531],[-1.875469928636956,57.3561978355592],[-1.876243607309434,57.356008034144196],[-1.876419679027963,57.355895542954585],[-1.877278325931451,57.354551176933036],[-1.877502598768233,57.354278412837935],[-1.87767998348829,57.35391196505556],[-1.877800021101319,57.35367704444449],[-1.877821760357512,57.35363664314601],[-1.87791658175296,57.35346670109865],[-1.878112415794856,57.35312786259887],[-1.878213428389822,57.35295896613677],[-1.87821509922609,57.35295626394229],[-1.878632952428471,57.352353274554666],[-1.879375721769267,57.35138816589662],[-1.87944355450602,57.3514034189864],[-1.879647559103984,57.351021463349795],[-1.879659235718043,57.3510079913662],[-1.879756782204326,57.35089741486439],[-1.87995465400401,57.35067699096917],[-1.880054979304687,57.35056714357143],[-1.880058314548511,57.35056355363739],[-1.880724027138672,57.3499151886732],[-1.88215204260401,57.34865033788259],[-1.882914341824661,57.34803385051222],[-1.882927666445568,57.34802398183862],[-1.883262098275962,57.34778477600373],[-1.883945530223408,57.34731252871057],[-1.884294530268501,57.34707948717399],[-1.884302855198471,57.347074114132035],[-1.884794808218066,57.34677070723984],[-1.885803392951046,57.346176136090925],[-1.886320025507563,57.34588497147349],[-1.886336668678817,57.34587600369583],[-1.88753855418431,57.345288668740416],[-1.890042302321616,57.344180034839376],[-1.891344166409689,57.34365873392627],[-1.891349156062842,57.343656932677135],[-1.89147107238219,57.34361908670941],[-1.891887093253482,57.34308615429104],[-1.89214776134768,57.34276942723494],[-1.892159430865173,57.342755954076445],[-1.89254617477139,57.34233808534199],[-1.893359301332805,57.34151378210501],[-1.893785680805686,57.341107347478435],[-1.89379567474933,57.341098373113795],[-1.894152066243215,57.34079244334409],[-1.894887311360374,57.34018858300842],[-1.895266164775144,57.339890652312995],[-1.895274489034259,57.33988438025817],[-1.895594231385171,57.339651494295794],[-1.896247441986377,57.3391914229108],[-1.89658091016643,57.33896423741769],[-1.896610867924718,57.338944490859284],[-1.896863661990557,57.3387818233744],[-1.897376287742876,57.338459765383064],[-1.897636119413492,57.338300374848195],[-1.897651095219754,57.33829140420945],[-1.898105216817187,57.33803006096568],[-1.898482906721486,57.337821214475014],[-1.898508623443778,57.33780666453069],[-1.898854831245629,57.33761383102873],[-1.899479597159692,57.33726389610721],[-1.899731168190787,57.33712599406821],[-1.899734495357362,57.33712420913713],[-1.901149273276306,57.33647768721437],[-1.901147427950573,57.33647651989673],[-1.901572327889048,57.33628009460086],[-1.902164750629481,57.33601873577153],[-1.90223293113106,57.335990043725914],[-1.902561679550466,57.33585695374803],[-1.903083577924165,57.335618758565204],[-1.903091892684735,57.33561517183917],[-1.903659462278111,57.33538095099419],[-1.904812667453425,57.334925906938324],[-1.90539830322634,57.33470508356369],[-1.905413266275365,57.33469969612112],[-1.90629569986284,57.33440308217757],[-1.906615951557193,57.33430280240808],[-1.906897389767112,57.33415854681069],[-1.906914120813436,57.334150413986514],[-1.908078561977567,57.333644106750704],[-1.908409281869746,57.33321425660496],[-1.908898318127805,57.33263702854089],[-1.908899983529726,57.33263523318783],[-1.909193213736037,57.332333539235236],[-1.909800610781266,57.3317363822878],[-1.910114777391849,57.331440919191984],[-1.910119771078088,57.33143642237437],[-1.911279437930485,57.33052453222988],[-1.913797133964392,57.32878476484098],[-1.915155159653871,57.327956883641846],[-1.915166799295936,57.32795061248287],[-1.915398457405695,57.32784202719652],[-1.915579919176794,57.32771295179419],[-1.917070780404724,57.32679049554561],[-1.917079093970539,57.32678600960171],[-1.917747210174258,57.326444909033754],[-1.919117244097357,57.3257832043693],[-1.919819162763645,57.325462599833536],[-1.919827473599641,57.32545901199189],[-1.92132120031799,57.324884168422415],[-1.921503652977152,57.32482185765162],[-1.921594200148233,57.324708216206105],[-1.921600561283075,57.32470969931233],[-1.921829184162315,57.32444342506098],[-1.921808938096504,57.32443870467502],[-1.92277541064485,57.323225659710694],[-1.9240218710652,57.321952849703344],[-1.924033514651691,57.32194296665987],[-1.925577663030134,57.3208322748361],[-1.926231670199937,57.32043070774532],[-1.927935961406613,57.319244184885896],[-1.928866177841143,57.31876622983981],[-1.929202179332503,57.31856354951717],[-1.931797729007001,57.317162098766076],[-1.933167160405799,57.316500240088445],[-1.933175467946882,57.31649665135544],[-1.93435160099725,57.316032740193705],[-1.934365087790743,57.31602789550371],[-1.934613973467133,57.31591152443829],[-1.934968388515967,57.31575042357154],[-1.93498666468317,57.31574234844511],[-1.935867852061688,57.31537882830656],[-1.937673029182208,57.31468438453394],[-1.938597019746079,57.31435346028997],[-1.938618612960778,57.31434627553596],[-1.938804222171477,57.314285418243166],[-1.939176893147613,57.31416502096217],[-1.939363954921528,57.31410548096974],[-1.939415444071537,57.31408933656853],[-1.939637733744189,57.3140276529103],[-1.939783956234486,57.31396269120335],[-1.940211026635734,57.31382107857643],[-1.940669518818401,57.313614217032885],[-1.940805400053747,57.31355957535936],[-1.941000250705097,57.3134824038103],[-1.941392003293526,57.31332960153569],[-1.941588905238396,57.313253970803835],[-1.941734080404676,57.3131990629138],[-1.941929913064423,57.31312611882951],[-1.942483531687069,57.31292304899065],[-1.942833007351173,57.31279830844642],[-1.942856260265775,57.312790234411736],[-1.94407870266604,57.31241936148647],[-1.944239482132635,57.31211419509691],[-1.944306140844903,57.31199846891322],[-1.944369066294895,57.31187426296274],[-1.944495738475646,57.31163706146846],[-1.944512383591709,57.31160742554318],[-1.944634854851317,57.31139855993587],[-1.944889171271274,57.310982506930955],[-1.945021016338598,57.31077531951429],[-1.945037653817105,57.31075017490546],[-1.945124770962647,57.31062444004097],[-1.945197374120377,57.310507699622214],[-1.94523064857852,57.31045741035228],[-1.945373363771753,57.3102498169237],[-1.945668203838363,57.309836596716124],[-1.945820328623142,57.309630969914984],[-1.945840286136086,57.30960492833035],[-1.946022071018527,57.309376698493885],[-1.946397231169478,57.30892304671229],[-1.946590606325406,57.308697624732446],[-1.946610557471516,57.30867518511725],[-1.946756232070645,57.30851621717174],[-1.946832218619325,57.30802370691256],[-1.947002299347581,57.307288513464144],[-1.947005634692477,57.30727772652033],[-1.947270560214359,57.30658818665535],[-1.947820743757191,57.305393245811686],[-1.947899551413812,57.30540387380417],[-1.947972023912705,57.305097881555625],[-1.947958965793277,57.30509595552282],[-1.947984481435418,57.30504528308272],[-1.947985330218859,57.30504169932191],[-1.948042421476146,57.30493606113634],[-1.948044111479353,57.304936328676646],[-1.948227129646142,57.3046054487626],[-1.948559909186858,57.304053984175795],[-1.948681205650545,57.30386297869839],[-1.948719810572386,57.303780285494284],[-1.948748530666266,57.30372264886967],[-1.948764237994336,57.303687510091336],[-1.948951278728166,57.30330596081613],[-1.948993287441267,57.30322728175226],[-1.949064365926581,57.30309297370451],[-1.949141111113063,57.30295230529491],[-1.949154587393043,57.302928326619785],[-1.949198318635747,57.30285174318702],[-1.949243074678595,57.302774586624494],[-1.949256268972402,57.30275034855123],[-1.949314115433521,57.3026464043688],[-1.949327757458017,57.30262241675796],[-1.949337599021783,57.302605173332374],[-1.949357346105363,57.302570697215444],[-1.949367251625123,57.302553464524046],[-1.949379063151804,57.302532988451944],[-1.949445523281465,57.30242038458505],[-1.949453067640358,57.30240788636428],[-1.949456695788549,57.30240138594549],[-1.949465099367836,57.30238637689346],[-1.949512514436299,57.30230195744387],[-1.949638916729604,57.3020866695483],[-1.949767981831894,57.30187605565468],[-1.94982387157492,57.30176636770525],[-1.949878046401908,57.301662484041444],[-1.949893852890336,57.30163285602374],[-1.950530428133431,57.30065519226335],[-1.95105306716277,57.29997960987536],[-1.951190287909522,57.29977087859214],[-1.951297605685083,57.29961236352259],[-1.951378833723455,57.299495786169146],[-1.951403402489402,57.299458495162526],[-1.951616202439849,57.29912117583568],[-1.95168052004671,57.299021153137815],[-1.951811327385288,57.29882152489619],[-1.951877817503671,57.298721919428786],[-1.952194210736262,57.2982565409004],[-1.952510413029693,57.297826022702154],[-1.953183377272004,57.29697438130522],[-1.953540138475796,57.29655325789252],[-1.953543960233221,57.29654903736894],[-1.953753300204392,57.29632577997311],[-1.954183384418692,57.29588250915069],[-1.954404128565209,57.29566249568553],[-1.954407284955617,57.29565945164447],[-1.954639841575078,57.29544233371572],[-1.955116059760646,57.29501169847169],[-1.955359721245799,57.294798181114764],[-1.955363209225612,57.29479521801082],[-1.955426094114396,57.294742207108904],[-1.955552548533967,57.294636425283606],[-1.955616118063643,57.29458365435948],[-1.955619605892873,57.29458078107638],[-1.955887583537339,57.29436679278927],[-1.956434792872937,57.29394307807741],[-1.956714024499801,57.29373335160409],[-1.95671784388844,57.29373056823094],[-1.956819892683669,57.29365699032706],[-1.957025375717923,57.29351040403478],[-1.957128809954677,57.293437395644105],[-1.957132795196293,57.29343461231406],[-1.957317530904781,57.29330795673605],[-1.957691171361577,57.29305646198742],[-1.957880076100138,57.29293162280452],[-1.957884227039014,57.29292892933337],[-1.958164112117943,57.29275202940012],[-1.958732251695346,57.2924022160507],[-1.959020506176377,57.292229302596986],[-1.9590248226701,57.292226779814584],[-1.95915189638125,57.29215334056337],[-1.95940755381103,57.29200723701551],[-1.959536137529073,57.29193457271583],[-1.959540619841303,57.291932067933914],[-1.959741951566244,57.29182148886432],[-1.960148111481821,57.29160223043163],[-1.960352939672609,57.29149355105732],[-1.96035758769386,57.29149112714299],[-1.960564829813735,57.29138489614323],[-1.960982654452818,57.29117437877074],[-1.961193237023186,57.291070092439945],[-1.961198050749661,57.29106774938707],[-1.961434941417697,57.290954632647036],[-1.961912652567246,57.29073086006375],[-1.962153473056711,57.290620204205624],[-1.962158452461421,57.2906179599761],[-1.962522320258644,57.29045861254216],[-1.963258202251533,57.290145534760605],[-1.963372275604591,57.29009839557491],[-1.963587446277944,57.28988515089465],[-1.96374656966244,57.28973106796047],[-1.963759854190105,57.28971849578689],[-1.964066993071342,57.289439639224234],[-1.964699667236027,57.28888811571185],[-1.965025202352878,57.28861544867053],[-1.965099912716558,57.28855528421746],[-1.965301157068962,57.28839690703034],[-1.965709853585906,57.28808251982027],[-1.965917305724137,57.28792650977731],[-1.966023549281552,57.287848387540926],[-1.966631649755347,57.28742800179191]]],[[[-1.988752612202253,57.46582022820841],[-1.988439985763348,57.46603523485179],[-1.988329793338919,57.466110192832424],[-1.988107932506014,57.46625947214855],[-1.987996264095373,57.46633379348147],[-1.98780868528404,57.46645728651325],[-1.987622718141361,57.46657756381918],[-1.98724691838724,57.466816352957395],[-1.987057085768756,57.46693486477822],[-1.986831987567345,57.4670729403656],[-1.986431355117994,57.46731001457375],[-1.98561462753937,57.467776303604346],[-1.985198532388628,57.46800551832729],[-1.984682158180593,57.46827999275656],[-1.984659860264042,57.468291822665286],[-1.984615223214979,57.468315459897795],[-1.984592884082468,57.46832726722154],[-1.984363074294126,57.46844850442295],[-1.984207425490833,57.468529557270074],[-1.983894185778145,57.46869056663537],[-1.983736594869594,57.46877052314875],[-1.983476583914734,57.4689007374878],[-1.983232954088336,57.46902035001753],[-1.982741348493062,57.469256955098714],[-1.982493372731328,57.469373947633294],[-1.982319835094414,57.46945420121469],[-1.982079139582083,57.46956340292184],[-1.981593961937741,57.46977933785753],[-1.981349479816175,57.46988607107155],[-1.981135836106946,57.46997755439068],[-1.980766677885949,57.470131137928135],[-1.980020522892781,57.470432677789105],[-1.979643526171063,57.47058063406654],[-1.979397562516077,57.47067435493388],[-1.979016887987484,57.47081518348553],[-1.978248437256589,57.4710911028539],[-1.977860661121637,57.4712261936276],[-1.9776198977777,57.471307542901236],[-1.977066997193411,57.47148642156311],[-1.975948753095227,57.47183251679095],[-1.975383409821476,57.471999733247245],[-1.974799238865427,57.472164674226825],[-1.974652097783321,57.47220571812901],[-1.974357064811366,57.472287015577464],[-1.974209172926229,57.472327269122026],[-1.974092762427009,57.47235856360331],[-1.974069529718092,57.472365134553876],[-1.973733475129233,57.47245758269228],[-1.973057563782314,57.472638355385065],[-1.972717707081959,57.472726679919184],[-1.97252434789526,57.47277548568582],[-1.97205010484591,57.47289036361787],[-1.971095191520468,57.4731120910346],[-1.970614521415979,57.473218940470915],[-1.970487900470346,57.47324584996868],[-1.970215342018805,57.47330229272774],[-1.969668429696995,57.47341259629326],[-1.969394075860106,57.47346645709198],[-1.969250245846725,57.473493927112436],[-1.968688068130708,57.47359527136322],[-1.967557373019622,57.47378712119286],[-1.966988855655951,57.473877626792216],[-1.966841909567494,57.47389949703479],[-1.966105863950964,57.47399938458566],[-1.964626085946447,57.47418099612378],[-1.963882354249879,57.474262720024626],[-1.963749986420955,57.474275581271364],[-1.963204513742511,57.47432356485631],[-1.962110912175067,57.4744097589495],[-1.961562783569847,57.474447969436135],[-1.961350713970899,57.4744608309343],[-1.961035449888587,57.47447831731056],[-1.960404360916209,57.47451005636888],[-1.960088536081033,57.474524309048434],[-1.959991107231579,57.47452820373873],[-1.959581445978183,57.47454184999291],[-1.95876162335036,57.474563702108604],[-1.958351462096649,57.47457190796746],[-1.958064852598674,57.47457573889358],[-1.957634405155382,57.474578496582225],[-1.956773521576137,57.47457802019281],[-1.956629496714359,57.47457760480648],[-1.956136722647375,57.47457503571207],[-1.955976545684938,57.474573785622546],[-1.955753020148957,57.474571462160775],[-1.955309839984594,57.47456367737651],[-1.95442402138926,57.47454175716522],[-1.95398138311059,57.474527621742666],[-1.953952188836866,57.47452647933629],[-1.953410330503628,57.47450048106196],[-1.952806804914259,57.474466166659745],[-1.952804792376344,57.47446619742339],[-1.952691725876392,57.474467835006685],[-1.952502518405095,57.474469996331884],[-1.952124070064805,57.47447316107114],[-1.951934829207699,57.474474164485116],[-1.951503395859977,57.47447513198602],[-1.951254190256553,57.47447468693953],[-1.9508955340676,57.474472601546154],[-1.950432090011282,57.47450289125999],[-1.944878988989504,57.474362773954404],[-1.939375323409195,57.47371724253852],[-1.934153419306263,57.47257994938497],[-1.929363503072779,57.470983618597614],[-1.925143328669269,57.468974182228486],[-1.921614198020238,57.46660944695877],[-1.92003646582694,57.46534616783699],[-1.91819509754478,57.46356167501982],[-1.917892559255205,57.463275233961575],[-1.917275187790912,57.46269007392221],[-1.916539192185101,57.461998754686746],[-1.91652756573197,57.461987815960754],[-1.916504341344008,57.46196592972292],[-1.91649274340917,57.46195498221109],[-1.91549040425538,57.4610072823193],[-1.915357361201444,57.460882500109705],[-1.915255834473065,57.4607858995714],[-1.914850919903185,57.46039501250231],[-1.914595036530781,57.460153388397565],[-1.91348381781259,57.458882347559666],[-1.911642950594291,57.45626239930637],[-1.910582824638761,57.45351976556628],[-1.91032920942932,57.45072157250043],[-1.910888130120105,57.447936289776784],[-1.912245730503386,57.44523205642517],[-1.914368633540942,57.44267501404609],[-1.9172047728589,57.4403276903768],[-1.920684673356158,57.43824747174579],[-1.924723174112424,57.43648520726799],[-1.926870464493834,57.43568944929489],[-1.928579848295519,57.43515695363667],[-1.928743909473855,57.43510651116819],[-1.929073080408986,57.435006632017604],[-1.929238190171972,57.43495719533274],[-1.930545564498095,57.434570945784394],[-1.930573548302885,57.43456269680983],[-1.930629545108978,57.43454622775441],[-1.930657558110338,57.4345380076736],[-1.930804116223031,57.434495099804614],[-1.93139595488502,57.434321647521394],[-1.931468744899989,57.43430044050572],[-1.931614519098999,57.43425822160778],[-1.931687503283611,57.43423720972528],[-1.932765886078521,57.43392859310411],[-1.932994416911708,57.433862350027006],[-1.933050317556219,57.43384369738067],[-1.933469678869465,57.433697331085924],[-1.933518328346206,57.433680415800225],[-1.933804614644049,57.43358125355399],[-1.933948226728559,57.43353206647325],[-1.934761414082487,57.433256677683524],[-1.93486020013995,57.43322267461307],[-1.934978158152817,57.433182446316565],[-1.936045535959988,57.432821789863844],[-1.939627419497636,57.43161336973205],[-1.944768028122502,57.43046945927422],[-1.950245814603159,57.42979747867441],[-1.955855156700944,57.42963320867879],[-1.96143556762613,57.42998135051396],[-1.966827383318534,57.43083194371777],[-1.971876317391987,57.43216064997946],[-1.974103773585171,57.432867035941825],[-1.975680864085223,57.43346046397262],[-1.975842185242166,57.4335203031056],[-1.975979758539097,57.43357188475353],[-1.976170504642463,57.433644172745524],[-1.976281435866744,57.43368512761569],[-1.977235283885855,57.434037885580295],[-1.977266920090052,57.434049614289655],[-1.977330142348304,57.4340731109808],[-1.977361728402402,57.4340848789626],[-1.977846352620964,57.43426587826259],[-1.977920790345292,57.434293534540515],[-1.977946548785969,57.43430312396322],[-1.977998032248336,57.43432232888211],[-1.97802375727009,57.434331944378314],[-1.978756775152474,57.43460647763716],[-1.978793401439205,57.43462021666113],[-1.980501829497469,57.435262468996775],[-1.98070158607672,57.43533752449737],[-1.980757360969801,57.435357762566014],[-1.98107733692824,57.435473239847525],[-1.981226064754186,57.435527543300275],[-1.981522427292227,57.43563701143561],[-1.981670062008007,57.43569217612076],[-1.983340813823246,57.43632365695968],[-1.984257230829144,57.436657188097335],[-1.984407760980207,57.4367113365813],[-1.984520662492922,57.43675230949281],[-1.984567293883815,57.43676938202418],[-1.984726139838143,57.43682826490156],[-1.985042559085827,57.43694701742947],[-1.985200132323659,57.437006887125946],[-1.985548205459222,57.437140767453776],[-1.98631129412102,57.43745249129175],[-1.987803042731289,57.43809905175436],[-1.988531703013726,57.43843388878419],[-1.988908104839426,57.438617175639116],[-1.98949395791983,57.43891665975408],[-1.990638098544574,57.43953057417529],[-1.991196386093818,57.439845004730365],[-1.991282995801533,57.43989621137385],[-1.991738204565377,57.44017682448803],[-1.992626656609648,57.4407479900457],[-1.99305989978857,57.44103854264315],[-1.993069410595737,57.441045199251356],[-1.99441953150854,57.44214972143363],[-1.996804508225202,57.4444536764069],[-1.998536295958926,57.44692148677848],[-1.999577220772089,57.44949965711742],[-1.999904576271153,57.45213228366241],[-1.999511103126041,57.45476227886946],[-1.998405181589582,57.457332597601926],[-1.996610654908452,57.459787478405914],[-1.994166332028225,57.462073649002086],[-1.991417922860905,57.463942433102254],[-1.991386110990678,57.463928845989074],[-1.991200222770718,57.46409587942213],[-1.990900022675339,57.46429122369534],[-1.990584352981601,57.46448393492716],[-1.990374817857743,57.464639093034826],[-1.990128985507094,57.46481648961782],[-1.99008706684961,57.464845973563044],[-1.990078164315862,57.464852715597985],[-1.989749408535801,57.465101391070135],[-1.989642678900984,57.465181193670404],[-1.989427602894148,57.46534016400222],[-1.989319256518833,57.46541933173099],[-1.989232222688847,57.4654822026611],[-1.98911324952501,57.46556709180446],[-1.9888734442835,57.46573610457988],[-1.988752612202253,57.46582022820841]]],[[[-1.986458742831095,57.545282830677266],[-1.991459461624395,57.54589248865062],[-1.996227181825929,57.546907364252455],[-2.000649076655741,57.548303445247186],[-2.004620469576647,57.55004769761161],[-2.008047304990464,57.55209884478473],[-2.010848375775576,57.55440833707676],[-2.012083224264595,57.555621175415475],[-2.012101614141763,57.55564309067454],[-2.012347481819415,57.555951314887054],[-2.012817652830512,57.55657248027199],[-2.013041955858129,57.556885421524235],[-2.013293275296991,57.55725655651871],[-2.013448320787755,57.55748560199922],[-2.013686966130015,57.55783621805277],[-2.013923209478747,57.55818319694736],[-2.014646819933582,57.55959182540251],[-2.015659627173308,57.562453493117495],[-2.015795707155342,57.56536554399994],[-2.015051247007791,57.56825090405241],[-2.013445751854403,57.57103319129532],[-2.011021545092534,57.57363873572112],[-2.007842664738675,57.57599853264825],[-2.003993177688797,57.57805007162447],[-1.99957496727814,57.57973899690116],[-1.994705037879631,57.58102055430794],[-1.992172592688283,57.58155451115879],[-1.990754784790514,57.581783919242625],[-1.988255734521337,57.5820784413661],[-1.983203147531677,57.582459125166295],[-1.978101555925588,57.582421162691006],[-1.973070545003865,57.58196544088152],[-1.968228039436682,57.581102641318346],[-1.96368752310473,57.57985298712039],[-1.960679480457156,57.57868301836328],[-1.960420401173353,57.57876749717492],[-1.956952033300873,57.57949960149174],[-1.956949347683686,57.57949592997831],[-1.956669212504439,57.57958327157289],[-1.951601027154921,57.58061743903289],[-1.948988297031396,57.58102337753803],[-1.948610795920595,57.58106450891339],[-1.948582255695819,57.58106760462716],[-1.948525165240147,57.581073769338445],[-1.94849661500929,57.58107683833601],[-1.948259119346448,57.58110225209631],[-1.948224070013352,57.581105981681766],[-1.948153956569202,57.58111340058897],[-1.948118892458231,57.58111708991071],[-1.947213478361763,57.58121181135072],[-1.947101819348238,57.58122362963956],[-1.946981813890192,57.58123608667783],[-1.946741636428096,57.58126052894259],[-1.946621464427084,57.58127251416871],[-1.946427027313805,57.581291511316294],[-1.946322891829772,57.581303288658916],[-1.94606195862625,57.58133320376935],[-1.946013886550215,57.58133869296999],[-1.944694551708299,57.58148849397048],[-1.944318122470678,57.58153286518449],[-1.944225393552271,57.58154364731587],[-1.944039823156563,57.581564928613794],[-1.943946981680625,57.58157542778025],[-1.943589889753059,57.58161524165949],[-1.940835476997201,57.58179601020197],[-1.935308882378573,57.581910225245245],[-1.929823336867315,57.58153179352272],[-1.927245006466259,57.58111259039479],[-1.927208134522679,57.58111345775243],[-1.927116159706363,57.581114313023086],[-1.926384109761207,57.58111250954533],[-1.92492085960415,57.58109168167408],[-1.924189660075984,57.58107265728041],[-1.924141168972839,57.58107082327139],[-1.923775138812923,57.581054807384795],[-1.92304382264546,57.58101845867976],[-1.922678536722871,57.58099812586431],[-1.922244510805963,57.580971374788625],[-1.921837389968674,57.58094833928141],[-1.920763576416223,57.58086859681829],[-1.918627841155325,57.58067188027058],[-1.91756592752225,57.58055491018305],[-1.91737150647812,57.58052994091293],[-1.916553567743288,57.580413059809146],[-1.915724071865646,57.580282360530695],[-1.915087853943832,57.58027908064725],[-1.914956942281133,57.58027641705101],[-1.914881026588752,57.58027598720295],[-1.913230311029156,57.58027754537825],[-1.91267411518648,57.580273095636215],[-1.909323692795051,57.58021628667774],[-1.904083539426937,57.579669318565635],[-1.898746721842328,57.578615318260134],[-1.893821616723786,57.57708904169564],[-1.889451807823454,57.57513502801237],[-1.887638697388313,57.57399190954986],[-1.886949423945382,57.573654644684986],[-1.883680973516063,57.571460594493686],[-1.883386286938057,57.57118268887887],[-1.883158642497692,57.57102755018263],[-1.880240754930767,57.56869750626861],[-1.878007355988294,57.56609459478509],[-1.876549475946903,57.563283014461],[-1.875961150193436,57.56038152381362],[-1.876257743044285,57.55746718593452],[-1.877431055159843,57.55461735234062],[-1.879449858714648,57.55190783086251],[-1.882260367514021,57.549410587124086],[-1.88578785242955,57.54719196292308],[-1.889938493987185,57.54531082160491],[-1.893365791327362,57.544213089520184],[-1.893711739880455,57.543985947990585],[-1.893786026947457,57.543937518646736],[-1.89393522815874,57.54384094018321],[-1.894010142302532,57.54379279106279],[-1.894550556437576,57.543447905103854],[-1.894949655872511,57.54318911477811],[-1.895207491395305,57.543017772045204],[-1.895273801168122,57.5429739881856],[-1.89540693080029,57.542886645373905],[-1.89547375065925,57.542843086421236],[-1.895916809192725,57.542556101651954],[-1.896264827990652,57.54232885468368],[-1.89685412118349,57.541931580597954],[-1.898317114190616,57.54094288553473],[-1.898774761691649,57.540630213795275],[-1.900501612790843,57.53961983553719],[-1.904221090340327,57.537752244789175],[-1.908425810358753,57.53621100898517],[-1.91301769560388,57.535032057934586],[-1.917889679450543,57.53424287270034],[-1.922928168768626,57.53386186267903],[-1.925474524020059,57.53377508719465],[-1.925557525612906,57.53377567501506],[-1.927756568912032,57.53379167455015],[-1.927802110047952,57.53379203890797],[-1.927893172149439,57.5337928342146],[-1.927938702194138,57.53379326522939],[-1.929445583508571,57.53380862630667],[-1.930629864067748,57.53381625754433],[-1.931533253168453,57.533819089139875],[-1.931578291988795,57.53381926280694],[-1.931668368597417,57.53381967542134],[-1.931713406385853,57.53381991436864],[-1.931993141344216,57.533821601039676],[-1.932070843804431,57.53382216668432],[-1.932227636364388,57.53382350416864],[-1.932306392449735,57.53382427582791],[-1.933653527219393,57.533839176879304],[-1.9347940735872,57.53384772141528],[-1.93482100870389,57.53384793476421],[-1.934874878264068,57.53384838481172],[-1.934901812707587,57.53384862151029],[-1.935396982831751,57.5338531866905],[-1.937228142071162,57.53387048747898],[-1.937270276326021,57.53387091387187],[-1.937354512571757,57.533871823471955],[-1.937396629630104,57.53387230682137],[-1.939192262310304,57.5338941196579],[-1.941432653837506,57.53400280095646],[-1.945866025000429,57.53438099483408],[-1.950164834387532,57.53507604879129],[-1.954251198631741,57.5360753688479],[-1.956231764597398,57.536649153442006],[-1.956259646014819,57.53665858562328],[-1.958240533109399,57.53744386516783],[-1.961966518072943,57.539162350162435],[-1.963428605316001,57.54006889371575],[-1.965796671769488,57.540699231032576],[-1.969776353832945,57.542178781727664],[-1.973315971104459,57.54395253838739],[-1.975351334030648,57.54531889167367],[-1.976266922823844,57.54524142647803],[-1.977445845374816,57.545164644586166],[-1.97877200531684,57.54510388079115],[-1.981343339428876,57.54509281484895],[-1.986458742831095,57.545282830677266]]],[[[-1.836361202772558,57.48334905627636],[-1.833819395212446,57.48105791671414],[-1.83193803507092,57.47858877503384],[-1.831168645997521,57.47731634693269],[-1.831130343001683,57.47723214685179],[-1.831056481884004,57.477071258783006],[-1.83094343082654,57.47680808314073],[-1.830732074710145,57.47628001934717],[-1.830633769447797,57.47601513121999],[-1.830524761913109,57.4756965542959],[-1.830502167184346,57.47563202697028],[-1.830495754196096,57.47561468680379],[-1.830486145368417,57.47558850237883],[-1.830437589557358,57.47545514422775],[-1.83013887111275,57.47408157640872],[-1.829936387032742,57.471326016447016],[-1.830521370345793,57.468586366985754],[-1.831879784764275,57.46592755736978],[-1.833979279343059,57.46341258702096],[-1.836769967976058,57.46110103607758],[-1.840185631711839,57.45904765469023],[-1.841106528426228,57.45864147736231],[-1.841857770139804,57.45818016251018],[-1.842064164542296,57.45808771994603],[-1.842107995842564,57.45806815628797],[-1.842195781994343,57.45802910970652],[-1.842233045431513,57.45801258400288],[-1.842313803257623,57.45797687473734],[-1.842542145299835,57.45787434715377],[-1.84258789097556,57.45785388121076],[-1.842679517338319,57.457813037356246],[-1.842725398025424,57.45779265944468],[-1.843302422786399,57.457537300508854],[-1.845315781992329,57.45677312580706],[-1.849529202760664,57.45541291378924],[-1.85406822035746,57.454402029183846],[-1.858833852099672,57.45376251249806],[-1.863722192464437,57.4535083069333],[-1.868626671305492,57.45364495421602],[-1.87344036946783,57.45416947499743],[-1.878058338722409,57.45507043460954],[-1.882379880265601,57.45632819015237],[-1.8863107334877,57.45791531870233],[-1.889765130570236,57.45979721589646],[-1.89266764687759,57.46193283156729],[-1.893972247100177,57.46305855685814],[-1.894774360013652,57.463880118474414],[-1.894992907396594,57.46410395699695],[-1.896013675779589,57.46538030866353],[-1.897677800863342,57.468002567744534],[-1.898571455238281,57.47073175278557],[-1.898673073244872,57.47350254533304],[-1.897980048654198,57.47624861193013],[-1.896508798572077,57.478904200655855],[-1.894294389561342,57.48140571476662],[-1.891389723807058,57.48369322898673],[-1.887864280256096,57.48571193016707],[-1.883802442117097,57.48741344952623],[-1.881648803105287,57.48817928969973],[-1.881223434907058,57.48830626363079],[-1.881190698278823,57.488316815151734],[-1.880614014508214,57.48849438498984],[-1.879447958246432,57.488837010495274],[-1.878858586038666,57.489002066043334],[-1.878349549854359,57.48913775493054],[-1.876046439105517,57.489640410012186],[-1.871326936361172,57.49045575751148],[-1.866434725910708,57.49088430105021],[-1.861478545865667,57.49091651086369],[-1.856568554926728,57.49055167777231],[-1.851813885387365,57.489797909727784],[-1.84732020538185,57.488671954824234],[-1.843187352749543,57.48719884060433],[-1.839507118825356,57.48541130210567],[-1.836361202772558,57.48334905627636]]]]}}]}