{"type":"FeatureCollection","name":"WindspeedBad","crs":{"type":"name","properties":{"name":"urn:ogc:def:crs:OGC:1.3:CRS84"}},"xy_coordinate_resolution":1e-15,"features":[{"type":"Feature","properties":{"x_coord":292500,"y_coord":807500,"ws_spring_":3.5898042,"ws_spring1":3.711639,"ws_sprin_1":4.089093,"ws_sprin_2":3.5347657,"ws_sprin_3":3.7927551,"ws_sprin_4":4.1856055,"ws_sprin_5":3.4330132,"ws_sprin_6":3.8228524,"ws_sprin_7":4.192494,"ws_summer_":3.1469269,"ws_summer1":3.3086486,"ws_summe_1":3.367085,"ws_summe_2":3.0746953,"ws_summe_3":3.2428727,"ws_summe_4":3.3059444,"ws_summe_5":3.0493703,"ws_summe_6":3.2226899,"ws_summe_7":3.36194,"ws_autumn_":3.8181496,"ws_autumn1":3.985583,"ws_autum_1":4.22264,"ws_autum_2":3.7348106,"ws_autum_3":3.9959126,"ws_autum_4":4.083564,"ws_autum_5":4.066057,"ws_autum_6":4.1832585,"ws_autum_7":4.383628,"ws_winter_":4.2625732,"ws_winter1":4.6307783,"ws_winte_1":4.9625096,"ws_winte_2":4.271132,"ws_winte_3":4.683239,"ws_winte_4":4.8593826,"ws_winte_5":4.2398777,"ws_winte_6":4.667559,"ws_winte_7":5.1485972},"geometry":{"type":"MultiPolygon","coordinates":[[[[-3.811092015314651,57.1677231503443],[-3.738017830274744,57.16875723106721],[-3.735912959868666,57.12386374764777],[-3.808899186307872,57.122831447910634],[-3.811092015314651,57.1677231503443]]]]}},{"type":"Feature","properties":{"x_coord":292500,"y_coord":812500,"ws_spring_":3.4409776,"ws_spring1":3.5368495,"ws_sprin_1":3.8670323,"ws_sprin_2":3.416942,"ws_sprin_3":3.6418648,"ws_sprin_4":3.9360535,"ws_sprin_5":3.3093693,"ws_sprin_6":3.5964303,"ws_sprin_7":3.8963897,"ws_summer_":2.9878404,"ws_summer1":3.143047,"ws_summe_1":3.1853783,"ws_summe_2":2.9285574,"ws_summe_3":3.047103,"ws_summe_4":3.1116195,"ws_summe_5":2.8604486,"ws_summe_6":3.0314481,"ws_summe_7":3.1408398,"ws_autumn_":3.6203754,"ws_autumn1":3.7322726,"ws_autum_1":3.8976502,"ws_autum_2":3.5282955,"ws_autum_3":3.7728553,"ws_autum_4":3.8097725,"ws_autum_5":3.7436645,"ws_autum_6":3.83591,"ws_autum_7":4.051547,"ws_winter_":4.010918,"ws_winter1":4.32753,"ws_winte_1":4.594487,"ws_winte_2":4.0246773,"ws_winte_3":4.279338,"ws_winte_4":4.453294,"ws_winte_5":3.907331,"ws_winte_6":4.286802,"ws_winte_7":4.6576257},"geometry":{"type":"MultiPolygon","coordinates":[[[[-3.813291103033591,57.212615342342794],[-3.740127408978307,57.213650971826546],[-3.738017830274744,57.16875723106721],[-3.811092015314651,57.1677231503443],[-3.813291103033591,57.212615342342794]]]]}},{"type":"Feature","properties":{"x_coord":292500,"y_coord":817500,"ws_spring_":3.4365754,"ws_spring1":3.5438995,"ws_sprin_1":3.8798892,"ws_sprin_2":3.4254177,"ws_sprin_3":3.6493995,"ws_sprin_4":3.9184384,"ws_sprin_5":3.3099854,"ws_sprin_6":3.5665996,"ws_sprin_7":3.878795,"ws_summer_":3.0039723,"ws_summer1":3.1386578,"ws_summe_1":3.2031257,"ws_summe_2":2.9239678,"ws_summe_3":3.0158482,"ws_summe_4":3.0908756,"ws_summe_5":2.794317,"ws_summe_6":2.9935231,"ws_summe_7":3.0675843,"ws_autumn_":3.5506694,"ws_autumn1":3.6899414,"ws_autum_1":3.8446336,"ws_autum_2":3.4576938,"ws_autum_3":3.669433,"ws_autum_4":3.7514102,"ws_autum_5":3.636258,"ws_autum_6":3.7423158,"ws_autum_7":3.9142387,"ws_winter_":3.9884815,"ws_winter1":4.3212395,"ws_winte_1":4.590252,"ws_winte_2":3.9742782,"ws_winte_3":4.243927,"ws_winte_4":4.4322762,"ws_winte_5":3.888646,"ws_winte_6":4.271656,"ws_winte_7":4.5773654},"geometry":{"type":"MultiPolygon","coordinates":[[[[-3.815496794678783,57.2575072019928],[-3.742243845537712,57.25854453442042],[-3.740127408978307,57.213650971826546],[-3.813291103033591,57.212615342342794],[-3.815496794678783,57.2575072019928]]]]}},{"type":"Feature","properties":{"x_coord":292500,"y_coord":822500,"ws_spring_":3.297882,"ws_spring1":3.4295154,"ws_sprin_1":3.757342,"ws_sprin_2":3.291399,"ws_sprin_3":3.505368,"ws_sprin_4":3.7276185,"ws_sprin_5":3.2144508,"ws_sprin_6":3.4279327,"ws_sprin_7":3.7158546,"ws_summer_":2.9487276,"ws_summer1":3.061565,"ws_summe_1":3.1405988,"ws_summe_2":2.8731713,"ws_summe_3":2.966641,"ws_summe_4":3.0398927,"ws_summe_5":2.7629337,"ws_summe_6":2.9748518,"ws_summe_7":3.0423224,"ws_autumn_":3.1912875,"ws_autumn1":3.3865414,"ws_autum_1":3.510304,"ws_autum_2":3.178817,"ws_autum_3":3.3043327,"ws_autum_4":3.347709,"ws_autum_5":3.1915147,"ws_autum_6":3.3277326,"ws_autum_7":3.4870849,"ws_winter_":3.535355,"ws_winter1":3.8565025,"ws_winte_1":4.1428328,"ws_winte_2":3.513961,"ws_winte_3":3.7538733,"ws_winte_4":3.9796176,"ws_winte_5":3.5021052,"ws_winte_6":3.8548672,"ws_winte_7":4.1382456},"geometry":{"type":"MultiPolygon","coordinates":[[[[-3.817708947224909,57.30239867068676],[-3.744366645829328,57.303437755018656],[-3.742243845537712,57.25854453442042],[-3.815496794678783,57.2575072019928],[-3.817708947224909,57.30239867068676]]]]}},{"type":"Feature","properties":{"x_coord":292500,"y_coord":842500,"ws_spring_":3.8029182,"ws_spring1":3.9467921,"ws_sprin_1":4.301369,"ws_sprin_2":3.783588,"ws_sprin_3":4.049773,"ws_sprin_4":4.2950745,"ws_sprin_5":3.6499374,"ws_sprin_6":3.9437454,"ws_sprin_7":4.284568,"ws_summer_":3.2356572,"ws_summer1":3.3423572,"ws_summe_1":3.445628,"ws_summe_2":3.102528,"ws_summe_3":3.188163,"ws_summe_4":3.3457942,"ws_summe_5":2.9677205,"ws_summe_6":3.184375,"ws_summe_7":3.2677083,"ws_autumn_":4.0409226,"ws_autumn1":4.1782265,"ws_autum_1":4.3989115,"ws_autum_2":3.9436162,"ws_autum_3":4.138777,"ws_autum_4":4.194604,"ws_autum_5":4.0887628,"ws_autum_6":4.212762,"ws_autum_7":4.351901,"ws_winter_":4.6898313,"ws_winter1":4.987629,"ws_winte_1":5.276484,"ws_winte_2":4.6261616,"ws_winte_3":4.911067,"ws_winte_4":5.0692673,"ws_winte_5":4.574451,"ws_winte_6":4.9699984,"ws_winte_7":5.289338},"geometry":{"type":"MultiPolygon","coordinates":[[[[-3.826622584182291,57.481960039494375],[-3.752921489701168,57.48300656653574],[-3.750773293804196,57.43811488307701],[-3.824384368206744,57.43707034881841],[-3.826622584182291,57.481960039494375]]]]}},{"type":"Feature","properties":{"x_coord":292500,"y_coord":847500,"ws_spring_":3.3163261,"ws_spring1":3.4481392,"ws_sprin_1":3.7518044,"ws_sprin_2":3.2735615,"ws_sprin_3":3.5249457,"ws_sprin_4":3.7273908,"ws_sprin_5":3.1463075,"ws_sprin_6":3.4253838,"ws_sprin_7":3.7200966,"ws_summer_":2.828,"ws_summer1":2.9295056,"ws_summe_1":3.0153265,"ws_summe_2":2.7007556,"ws_summe_3":2.7810893,"ws_summe_4":2.926381,"ws_summe_5":2.5698438,"ws_summe_6":2.7705495,"ws_summe_7":2.8688252,"ws_autumn_":3.5161862,"ws_autumn1":3.6063786,"ws_autum_1":3.8074257,"ws_autum_2":3.3980396,"ws_autum_3":3.5667622,"ws_autum_4":3.6044247,"ws_autum_5":3.5096009,"ws_autum_6":3.6163704,"ws_autum_7":3.7318122,"ws_winter_":4.016194,"ws_winter1":4.325385,"ws_winte_1":4.579173,"ws_winte_2":3.9825249,"ws_winte_3":4.251199,"ws_winte_4":4.405673,"ws_winte_5":3.9479523,"ws_winte_6":4.320592,"ws_winte_7":4.604776},"geometry":{"type":"MultiPolygon","coordinates":[[[[-3.828867424687664,57.52684946201665],[-3.755075282454419,57.527897693221945],[-3.752921489701168,57.48300656653574],[-3.826622584182291,57.481960039494375],[-3.828867424687664,57.52684946201665]]]]}},{"type":"Feature","properties":{"x_coord":292500,"y_coord":852500,"ws_spring_":3.2209697,"ws_spring1":3.3479793,"ws_sprin_1":3.6503193,"ws_sprin_2":3.1490533,"ws_sprin_3":3.4077668,"ws_sprin_4":3.6029174,"ws_sprin_5":3.0383427,"ws_sprin_6":3.3152688,"ws_sprin_7":3.5936024,"ws_summer_":2.7890012,"ws_summer1":2.897799,"ws_summe_1":2.961656,"ws_summe_2":2.6874716,"ws_summe_3":2.7694373,"ws_summe_4":2.8875742,"ws_summe_5":2.5629947,"ws_summe_6":2.7713542,"ws_summe_7":2.8606353,"ws_autumn_":3.3445535,"ws_autumn1":3.4326406,"ws_autum_1":3.6326745,"ws_autum_2":3.2458434,"ws_autum_3":3.4107575,"ws_autum_4":3.42313,"ws_autum_5":3.314239,"ws_autum_6":3.4324174,"ws_autum_7":3.576075,"ws_winter_":3.7271411,"ws_winter1":4.051303,"ws_winte_1":4.2872224,"ws_winte_2":3.726476,"ws_winte_3":3.9741256,"ws_winte_4":4.112843,"ws_winte_5":3.6674144,"ws_winte_6":4.051326,"ws_winte_7":4.312907},"geometry":{"type":"MultiPolygon","coordinates":[[[[-3.831118942564,57.57173839854536],[-3.757235882009245,57.572788409576795],[-3.755075282454419,57.527897693221945],[-3.828867424687664,57.52684946201665],[-3.831118942564,57.57173839854536]]]]}},{"type":"Feature","properties":{"x_coord":292500,"y_coord":857500,"ws_spring_":3.5109253,"ws_spring1":3.6459439,"ws_sprin_1":3.9829037,"ws_sprin_2":3.4566147,"ws_sprin_3":3.691845,"ws_sprin_4":3.8968956,"ws_sprin_5":3.3529859,"ws_sprin_6":3.6198535,"ws_sprin_7":3.8892624,"ws_summer_":3.0925686,"ws_summer1":3.231936,"ws_summe_1":3.2656531,"ws_summe_2":2.992252,"ws_summe_3":3.1130095,"ws_summe_4":3.1962836,"ws_summe_5":2.8904724,"ws_summe_6":3.1060956,"ws_summe_7":3.2119045,"ws_autumn_":3.5502915,"ws_autumn1":3.7067509,"ws_autum_1":3.886814,"ws_autum_2":3.5049274,"ws_autum_3":3.615004,"ws_autum_4":3.6790535,"ws_autum_5":3.5425487,"ws_autum_6":3.6184707,"ws_autum_7":3.8312316,"ws_winter_":3.8947597,"ws_winter1":4.2467265,"ws_winte_1":4.500621,"ws_winte_2":3.8660553,"ws_winte_3":4.144615,"ws_winte_4":4.2855105,"ws_winte_5":3.8531013,"ws_winte_6":4.24778,"ws_winte_7":4.523547},"geometry":{"type":"MultiPolygon","coordinates":[[[[-3.833377305093147,57.61662785465331],[-3.759404503641655,57.617679292439455],[-3.757235882009245,57.572788409576795],[-3.831118942564,57.57173839854536],[-3.833377305093147,57.61662785465331]]]]}},{"type":"Feature","properties":{"x_coord":297500,"y_coord":807500,"ws_spring_":3.7583518,"ws_spring1":3.9494011,"ws_sprin_1":4.2682076,"ws_sprin_2":3.7111,"ws_sprin_3":3.997397,"ws_sprin_4":4.364821,"ws_sprin_5":3.5623279,"ws_sprin_6":3.9681678,"ws_sprin_7":4.334208,"ws_summer_":3.148536,"ws_summer1":3.3506114,"ws_summe_1":3.3813872,"ws_summe_2":3.0371394,"ws_summe_3":3.2030118,"ws_summe_4":3.2959123,"ws_summe_5":2.96647,"ws_summe_6":3.1669674,"ws_summe_7":3.2705536,"ws_autumn_":3.9973838,"ws_autumn1":4.1499915,"ws_autum_1":4.4175997,"ws_autum_2":3.8438218,"ws_autum_3":4.124904,"ws_autum_4":4.2202764,"ws_autum_5":4.1768074,"ws_autum_6":4.2762384,"ws_autum_7":4.466601,"ws_winter_":4.5790987,"ws_winter1":4.946644,"ws_winte_1":5.270517,"ws_winte_2":4.505402,"ws_winte_3":5.008565,"ws_winte_4":5.181323,"ws_winte_5":4.485071,"ws_winte_6":4.990553,"ws_winte_7":5.443529},"geometry":{"type":"MultiPolygon","coordinates":[[[[-3.735912959868666,57.12386374764777],[-3.738017830274744,57.16875723106721],[-3.655374174257129,57.16987543797781],[-3.653369091149063,57.12498009275063],[-3.735912959868666,57.12386374764777]]]]}},{"type":"Feature","properties":{"x_coord":297500,"y_coord":812500,"ws_spring_":3.450761,"ws_spring1":3.586024,"ws_sprin_1":3.9277053,"ws_sprin_2":3.4115644,"ws_sprin_3":3.685529,"ws_sprin_4":3.9870129,"ws_sprin_5":3.3148055,"ws_sprin_6":3.641208,"ws_sprin_7":3.9834049,"ws_summer_":3.03558,"ws_summer1":3.2086663,"ws_summe_1":3.2409863,"ws_summe_2":2.9610198,"ws_summe_3":3.1075416,"ws_summe_4":3.1664894,"ws_summe_5":2.9099824,"ws_summe_6":3.0909946,"ws_summe_7":3.2301006,"ws_autumn_":3.5999596,"ws_autumn1":3.7482955,"ws_autum_1":3.9575195,"ws_autum_2":3.5179756,"ws_autum_3":3.7477932,"ws_autum_4":3.809119,"ws_autum_5":3.7841163,"ws_autum_6":3.8934422,"ws_autum_7":4.0889063,"ws_winter_":4.0184317,"ws_winter1":4.379555,"ws_winte_1":4.690837,"ws_winte_2":4.0326557,"ws_winte_3":4.387826,"ws_winte_4":4.5746193,"ws_winte_5":3.9868069,"ws_winte_6":4.3911767,"ws_winte_7":4.779887},"geometry":{"type":"MultiPolygon","coordinates":[[[[-3.738017830274744,57.16875723106721],[-3.740127408978307,57.213650971826546],[-3.657383301113668,57.214771004559736],[-3.655374174257129,57.16987543797781],[-3.738017830274744,57.16875723106721]]]]}},{"type":"Feature","properties":{"x_coord":297500,"y_coord":817500,"ws_spring_":2.9713442,"ws_spring1":3.0918067,"ws_sprin_1":3.4057622,"ws_sprin_2":2.9453304,"ws_sprin_3":3.160702,"ws_sprin_4":3.42476,"ws_sprin_5":2.857994,"ws_sprin_6":3.107155,"ws_sprin_7":3.393809,"ws_summer_":2.636176,"ws_summer1":2.77625,"ws_summe_1":2.8159938,"ws_summe_2":2.5846562,"ws_summe_3":2.7029855,"ws_summe_4":2.7579036,"ws_summe_5":2.5176988,"ws_summe_6":2.6852374,"ws_summe_7":2.78492,"ws_autumn_":2.9871151,"ws_autumn1":3.1218178,"ws_autum_1":3.2798793,"ws_autum_2":2.9309435,"ws_autum_3":3.1143172,"ws_autum_4":3.1656647,"ws_autum_5":3.1138897,"ws_autum_6":3.2102273,"ws_autum_7":3.3627224,"ws_winter_":3.3517463,"ws_winter1":3.6695168,"ws_winte_1":3.9321866,"ws_winte_2":3.3779626,"ws_winte_3":3.5942197,"ws_winte_4":3.7658348,"ws_winte_5":3.2638257,"ws_winte_6":3.6438591,"ws_winte_7":3.9089599},"geometry":{"type":"MultiPolygon","coordinates":[[[[-3.740127408978307,57.213650971826546],[-3.742243845537712,57.25854453442042],[-3.659398684140144,57.25966633367825],[-3.657383301113668,57.214771004559736],[-3.740127408978307,57.213650971826546]]]]}},{"type":"Feature","properties":{"x_coord":297500,"y_coord":822500,"ws_spring_":3.1800916,"ws_spring1":3.2977798,"ws_sprin_1":3.5599332,"ws_sprin_2":3.1709774,"ws_sprin_3":3.3466125,"ws_sprin_4":3.5705218,"ws_sprin_5":3.0929062,"ws_sprin_6":3.2867157,"ws_sprin_7":3.5330112,"ws_summer_":2.809647,"ws_summer1":2.9387984,"ws_summe_1":2.981956,"ws_summe_2":2.738708,"ws_summe_3":2.835543,"ws_summe_4":2.9130476,"ws_summe_5":2.63392,"ws_summe_6":2.8315082,"ws_summe_7":2.895719,"ws_autumn_":3.0198996,"ws_autumn1":3.175282,"ws_autum_1":3.3028748,"ws_autum_2":2.977243,"ws_autum_3":3.1087198,"ws_autum_4":3.1521766,"ws_autum_5":3.0283852,"ws_autum_6":3.139775,"ws_autum_7":3.2615418,"ws_winter_":3.344389,"ws_winter1":3.6073124,"ws_winte_1":3.8727736,"ws_winte_2":3.3103576,"ws_winte_3":3.5122693,"ws_winte_4":3.6927395,"ws_winte_5":3.2837822,"ws_winte_6":3.6041267,"ws_winte_7":3.8239083},"geometry":{"type":"MultiPolygon","coordinates":[[[[-3.742243845537712,57.25854453442042],[-3.744366645829328,57.303437755018656],[-3.661420524993937,57.30456144648609],[-3.659398684140144,57.25966633367825],[-3.742243845537712,57.25854453442042]]]]}},{"type":"Feature","properties":{"x_coord":297500,"y_coord":842500,"ws_spring_":3.6543572,"ws_spring1":3.8059494,"ws_sprin_1":4.097605,"ws_sprin_2":3.6573403,"ws_sprin_3":3.8781333,"ws_sprin_4":4.0947347,"ws_sprin_5":3.5213127,"ws_sprin_6":3.7635047,"ws_sprin_7":4.0571203,"ws_summer_":3.0773962,"ws_summer1":3.1872964,"ws_summe_1":3.2610755,"ws_summe_2":2.926985,"ws_summe_3":3.0377364,"ws_summe_4":3.1787853,"ws_summe_5":2.793,"ws_summe_6":2.9870882,"ws_summe_7":3.0640528,"ws_autumn_":3.8252914,"ws_autumn1":3.933394,"ws_autum_1":4.10879,"ws_autum_2":3.7065964,"ws_autum_3":3.9051425,"ws_autum_4":3.930903,"ws_autum_5":3.8371716,"ws_autum_6":3.939085,"ws_autum_7":4.051383,"ws_winter_":4.3921556,"ws_winter1":4.663437,"ws_winte_1":4.8951745,"ws_winte_2":4.3428736,"ws_winte_3":4.5764265,"ws_winte_4":4.7450504,"ws_winte_5":4.2943363,"ws_winte_6":4.6676283,"ws_winte_7":4.9183517},"geometry":{"type":"MultiPolygon","coordinates":[[[[-3.750773293804196,57.43811488307701],[-3.752921489701168,57.48300656653574],[-3.669567896397249,57.4841381427087],[-3.667522098006275,57.43924461938444],[-3.750773293804196,57.43811488307701]]]]}},{"type":"Feature","properties":{"x_coord":297500,"y_coord":847500,"ws_spring_":3.247523,"ws_spring1":3.36254,"ws_sprin_1":3.6345801,"ws_sprin_2":3.2252533,"ws_sprin_3":3.4313655,"ws_sprin_4":3.6254883,"ws_sprin_5":3.097118,"ws_sprin_6":3.3358524,"ws_sprin_7":3.604227,"ws_summer_":2.7533414,"ws_summer1":2.8468044,"ws_summe_1":2.9185467,"ws_summe_2":2.6243112,"ws_summe_3":2.713645,"ws_summe_4":2.8453338,"ws_summe_5":2.489735,"ws_summe_6":2.6845498,"ws_summe_7":2.7581487,"ws_autumn_":3.3868885,"ws_autumn1":3.4764035,"ws_autum_1":3.6450272,"ws_autum_2":3.27906,"ws_autum_3":3.4474177,"ws_autum_4":3.4829895,"ws_autum_5":3.3848872,"ws_autum_6":3.4833608,"ws_autum_7":3.59018,"ws_winter_":3.8315918,"ws_winter1":4.104685,"ws_winte_1":4.312706,"ws_winte_2":3.8019414,"ws_winte_3":4.0246677,"ws_winte_4":4.183436,"ws_winte_5":3.7668023,"ws_winte_6":4.1159334,"ws_winte_7":4.349971},"geometry":{"type":"MultiPolygon","coordinates":[[[[-3.752921489701168,57.48300656653574],[-3.755075282454419,57.527897693221945],[-3.671619752801614,57.529031278199],[-3.669567896397249,57.4841381427087],[-3.752921489701168,57.48300656653574]]]]}},{"type":"Feature","properties":{"x_coord":297500,"y_coord":852500,"ws_spring_":3.168367,"ws_spring1":3.2817206,"ws_sprin_1":3.5442746,"ws_sprin_2":3.1063724,"ws_sprin_3":3.340028,"ws_sprin_4":3.5306091,"ws_sprin_5":2.983111,"ws_sprin_6":3.253981,"ws_sprin_7":3.5234497,"ws_summer_":2.705505,"ws_summer1":2.8032537,"ws_summe_1":2.867621,"ws_summe_2":2.5937839,"ws_summe_3":2.6769447,"ws_summe_4":2.798217,"ws_summe_5":2.4633029,"ws_summe_6":2.6619678,"ws_summe_7":2.7459147,"ws_autumn_":3.372437,"ws_autumn1":3.4300435,"ws_autum_1":3.6235015,"ws_autum_2":3.2627003,"ws_autum_3":3.406238,"ws_autum_4":3.4430623,"ws_autum_5":3.3627992,"ws_autum_6":3.4685776,"ws_autum_7":3.5824218,"ws_winter_":3.7795215,"ws_winter1":4.0660963,"ws_winte_1":4.2668176,"ws_winte_2":3.7609794,"ws_winte_3":3.9859433,"ws_winte_4":4.126318,"ws_winte_5":3.7264428,"ws_winte_6":4.0647526,"ws_winte_7":4.299621},"geometry":{"type":"MultiPolygon","coordinates":[[[[-3.755075282454419,57.527897693221945],[-3.757235882009245,57.572788409576795],[-3.67367867699238,57.57392396591036],[-3.671619752801614,57.529031278199],[-3.755075282454419,57.527897693221945]]]]}},{"type":"Feature","properties":{"x_coord":297500,"y_coord":857500,"ws_spring_":3.1962647,"ws_spring1":3.314429,"ws_sprin_1":3.587815,"ws_sprin_2":3.1119707,"ws_sprin_3":3.3423343,"ws_sprin_4":3.5328007,"ws_sprin_5":3.0175197,"ws_sprin_6":3.2589612,"ws_sprin_7":3.5244575,"ws_summer_":2.7612872,"ws_summer1":2.8851683,"ws_summe_1":2.934153,"ws_summe_2":2.670423,"ws_summe_3":2.765909,"ws_summe_4":2.8689978,"ws_summe_5":2.5551443,"ws_summe_6":2.7561288,"ws_summe_7":2.8474534,"ws_autumn_":3.2366612,"ws_autumn1":3.3488803,"ws_autum_1":3.5178745,"ws_autum_2":3.1655831,"ws_autum_3":3.2927017,"ws_autum_4":3.3202567,"ws_autum_5":3.220742,"ws_autum_6":3.3086638,"ws_autum_7":3.4737945,"ws_winter_":3.5497346,"ws_winter1":3.8685386,"ws_winte_1":4.068443,"ws_winte_2":3.5428925,"ws_winte_3":3.7823513,"ws_winte_4":3.9070027,"ws_winte_5":3.501041,"ws_winte_6":3.862619,"ws_winte_7":4.118527},"geometry":{"type":"MultiPolygon","coordinates":[[[[-3.757235882009245,57.572788409576795],[-3.759404503641655,57.617679292439455],[-3.675743537401636,57.61881621019649],[-3.67367867699238,57.57392396591036],[-3.757235882009245,57.572788409576795]]]]}},{"type":"Feature","properties":{"x_coord":297500,"y_coord":862500,"ws_spring_":3.4979374,"ws_spring1":3.6219947,"ws_sprin_1":3.9249768,"ws_sprin_2":3.4620376,"ws_sprin_3":3.6475735,"ws_sprin_4":3.850348,"ws_sprin_5":3.3679187,"ws_sprin_6":3.6104355,"ws_sprin_7":3.8318489,"ws_summer_":3.0635662,"ws_summer1":3.2067857,"ws_summe_1":3.236894,"ws_summe_2":2.9712772,"ws_summe_3":3.0949788,"ws_summe_4":3.167363,"ws_summe_5":2.8821044,"ws_summe_6":3.0586648,"ws_summe_7":3.1778884,"ws_autumn_":3.5085182,"ws_autumn1":3.6870494,"ws_autum_1":3.8275132,"ws_autum_2":3.4971035,"ws_autum_3":3.5812912,"ws_autum_4":3.6599152,"ws_autum_5":3.5178924,"ws_autum_6":3.575632,"ws_autum_7":3.7818782,"ws_winter_":3.847262,"ws_winter1":4.175315,"ws_winte_1":4.4143143,"ws_winte_2":3.8032975,"ws_winte_3":4.0696497,"ws_winte_4":4.2218733,"ws_winte_5":3.8449643,"ws_winte_6":4.2113676,"ws_winte_7":4.4540544},"geometry":{"type":"MultiPolygon","coordinates":[[[[-3.759404503641655,57.617679292439455],[-3.76157942388501,57.66257020236782],[-3.677815066298966,57.6637089510098],[-3.675743537401636,57.61881621019649],[-3.759404503641655,57.617679292439455]]]]}},{"type":"Feature","properties":{"x_coord":302500,"y_coord":817500,"ws_spring_":3.0333977,"ws_spring1":3.1691298,"ws_sprin_1":3.4865506,"ws_sprin_2":3.0252056,"ws_sprin_3":3.2519596,"ws_sprin_4":3.504437,"ws_sprin_5":2.9408858,"ws_sprin_6":3.179606,"ws_sprin_7":3.4896011,"ws_summer_":2.7164302,"ws_summer1":2.8582525,"ws_summe_1":2.891761,"ws_summe_2":2.6270258,"ws_summe_3":2.7660718,"ws_summe_4":2.8470068,"ws_summe_5":2.5615969,"ws_summe_6":2.7470267,"ws_summe_7":2.8728375,"ws_autumn_":3.0007982,"ws_autumn1":3.148368,"ws_autum_1":3.340322,"ws_autum_2":2.9526663,"ws_autum_3":3.1097138,"ws_autum_4":3.187201,"ws_autum_5":3.1110964,"ws_autum_6":3.2215285,"ws_autum_7":3.3691394,"ws_winter_":3.3715763,"ws_winter1":3.6984704,"ws_winte_1":3.9614887,"ws_winte_2":3.3677597,"ws_winte_3":3.6592813,"ws_winte_4":3.8266823,"ws_winte_5":3.3079944,"ws_winte_6":3.7191112,"ws_winte_7":4.037992},"geometry":{"type":"MultiPolygon","coordinates":[[[[-3.657383301113668,57.214771004559736],[-3.659398684140144,57.25966633367825],[-3.576547990702791,57.26073365877569],[-3.574633558022588,57.21583662811932],[-3.657383301113668,57.214771004559736]]]]}},{"type":"Feature","properties":{"x_coord":302500,"y_coord":822500,"ws_spring_":3.071482,"ws_spring1":3.175529,"ws_sprin_1":3.438005,"ws_sprin_2":3.0604553,"ws_sprin_3":3.2371452,"ws_sprin_4":3.4653919,"ws_sprin_5":2.9803038,"ws_sprin_6":3.1931114,"ws_sprin_7":3.4356415,"ws_summer_":2.7124562,"ws_summer1":2.8490767,"ws_summe_1":2.884768,"ws_summe_2":2.6420166,"ws_summe_3":2.7533226,"ws_summe_4":2.8458545,"ws_summe_5":2.5551653,"ws_summe_6":2.7415624,"ws_summe_7":2.844655,"ws_autumn_":2.9187195,"ws_autumn1":3.063098,"ws_autum_1":3.1935754,"ws_autum_2":2.868875,"ws_autum_3":3.0063043,"ws_autum_4":3.0639572,"ws_autum_5":2.963592,"ws_autum_6":3.053592,"ws_autum_7":3.1756015,"ws_winter_":3.223086,"ws_winter1":3.4822273,"ws_winte_1":3.730487,"ws_winte_2":3.2058003,"ws_winte_3":3.40639,"ws_winte_4":3.5665772,"ws_winte_5":3.1518142,"ws_winte_6":3.4947343,"ws_winte_7":3.7278771},"geometry":{"type":"MultiPolygon","coordinates":[[[[-3.659398684140144,57.25966633367825],[-3.661420524993937,57.30456144648609],[-3.578468597120361,57.3056304854792],[-3.576547990702791,57.26073365877569],[-3.659398684140144,57.25966633367825]]]]}},{"type":"Feature","properties":{"x_coord":302500,"y_coord":827500,"ws_spring_":3.5230815,"ws_spring1":3.6557007,"ws_sprin_1":3.9057834,"ws_sprin_2":3.5454597,"ws_sprin_3":3.7033794,"ws_sprin_4":3.9365144,"ws_sprin_5":3.4361923,"ws_sprin_6":3.6442482,"ws_sprin_7":3.9033713,"ws_summer_":3.0830295,"ws_summer1":3.2254739,"ws_summe_1":3.2753556,"ws_summe_2":3.0043433,"ws_summe_3":3.1018848,"ws_summe_4":3.2195137,"ws_summe_5":2.8759685,"ws_summe_6":3.0936418,"ws_summe_7":3.1875627,"ws_autumn_":3.436322,"ws_autumn1":3.600864,"ws_autum_1":3.7198994,"ws_autum_2":3.3890147,"ws_autum_3":3.538403,"ws_autum_4":3.5634446,"ws_autum_5":3.4524143,"ws_autum_6":3.5504558,"ws_autum_7":3.6879146,"ws_winter_":3.8167477,"ws_winter1":4.077517,"ws_winte_1":4.3510036,"ws_winte_2":3.7768872,"ws_winte_3":3.9782975,"ws_winte_4":4.161656,"ws_winte_5":3.753383,"ws_winte_6":4.074063,"ws_winte_7":4.301273},"geometry":{"type":"MultiPolygon","coordinates":[[[[-3.661420524993937,57.30456144648609],[-3.663448327575053,57.34945619474528],[-3.580395240591732,57.35052706907444],[-3.578468597120361,57.3056304854792],[-3.661420524993937,57.30456144648609]]]]}},{"type":"Feature","properties":{"x_coord":302500,"y_coord":847500,"ws_spring_":3.4731803,"ws_spring1":3.603299,"ws_sprin_1":3.8811424,"ws_sprin_2":3.4656436,"ws_sprin_3":3.6652558,"ws_sprin_4":3.8769393,"ws_sprin_5":3.324632,"ws_sprin_6":3.5704968,"ws_sprin_7":3.8382435,"ws_summer_":2.9055026,"ws_summer1":3.0243502,"ws_summe_1":3.0812547,"ws_summe_2":2.76481,"ws_summe_3":2.861991,"ws_summe_4":3.0123138,"ws_summe_5":2.620586,"ws_summe_6":2.8279073,"ws_summe_7":2.8922174,"ws_autumn_":3.6641965,"ws_autumn1":3.7549815,"ws_autum_1":3.917448,"ws_autum_2":3.5420449,"ws_autum_3":3.7253346,"ws_autum_4":3.7533734,"ws_autum_5":3.6695302,"ws_autum_6":3.7668984,"ws_autum_7":3.8730037,"ws_winter_":4.1611457,"ws_winter1":4.405227,"ws_winte_1":4.6063266,"ws_winte_2":4.102215,"ws_winte_3":4.338236,"ws_winte_4":4.477695,"ws_winte_5":4.0685477,"ws_winte_6":4.424919,"ws_winte_7":4.655511},"geometry":{"type":"MultiPolygon","coordinates":[[[[-3.669567896397249,57.4841381427087],[-3.671619752801614,57.529031278199],[-3.588158974274597,57.53010946162233],[-3.586209423465122,57.485214405896265],[-3.669567896397249,57.4841381427087]]]]}},{"type":"Feature","properties":{"x_coord":302500,"y_coord":852500,"ws_spring_":3.1343641,"ws_spring1":3.2508655,"ws_sprin_1":3.5102284,"ws_sprin_2":3.0925713,"ws_sprin_3":3.306062,"ws_sprin_4":3.5031867,"ws_sprin_5":2.9536629,"ws_sprin_6":3.2262871,"ws_sprin_7":3.484692,"ws_summer_":2.6303246,"ws_summer1":2.7344897,"ws_summe_1":2.7921863,"ws_summe_2":2.5099835,"ws_summe_3":2.5971067,"ws_summe_4":2.725185,"ws_summe_5":2.3755503,"ws_summe_6":2.5701926,"ws_summe_7":2.6423087,"ws_autumn_":3.3581169,"ws_autumn1":3.4194176,"ws_autum_1":3.6039264,"ws_autum_2":3.2472382,"ws_autum_3":3.3936958,"ws_autum_4":3.4304504,"ws_autum_5":3.3542228,"ws_autum_6":3.4414852,"ws_autum_7":3.5653298,"ws_winter_":3.7948227,"ws_winter1":4.061385,"ws_winte_1":4.259964,"ws_winte_2":3.7571607,"ws_winte_3":3.9935126,"ws_winte_4":4.1380644,"ws_winte_5":3.740399,"ws_winte_6":4.0633297,"ws_winte_7":4.3022747},"geometry":{"type":"MultiPolygon","coordinates":[[[[-3.671619752801614,57.529031278199],[-3.67367867699238,57.57392396591036],[-3.590114126065968,57.575004383795175],[-3.588158974274597,57.53010946162233],[-3.671619752801614,57.529031278199]]]]}},{"type":"Feature","properties":{"x_coord":302500,"y_coord":857500,"ws_spring_":3.3324676,"ws_spring1":3.457254,"ws_sprin_1":3.7321372,"ws_sprin_2":3.2496796,"ws_sprin_3":3.4909282,"ws_sprin_4":3.6932728,"ws_sprin_5":3.135762,"ws_sprin_6":3.4012418,"ws_sprin_7":3.6752586,"ws_summer_":2.8552895,"ws_summer1":2.9951727,"ws_summe_1":3.0373993,"ws_summe_2":2.7679715,"ws_summe_3":2.8487313,"ws_summe_4":2.971712,"ws_summe_5":2.6354127,"ws_summe_6":2.8403082,"ws_summe_7":2.9392753,"ws_autumn_":3.3492227,"ws_autumn1":3.4742208,"ws_autum_1":3.6457734,"ws_autum_2":3.2821517,"ws_autum_3":3.4111202,"ws_autum_4":3.44725,"ws_autum_5":3.3367264,"ws_autum_6":3.434327,"ws_autum_7":3.5920665,"ws_winter_":3.6928616,"ws_winter1":4.032294,"ws_winte_1":4.232824,"ws_winte_2":3.6860766,"ws_winte_3":3.9486923,"ws_winte_4":4.0838976,"ws_winte_5":3.6506207,"ws_winte_6":4.0264273,"ws_winte_7":4.3040147},"geometry":{"type":"MultiPolygon","coordinates":[[[[-3.67367867699238,57.57392396591036],[-3.675743537401636,57.61881621019649],[-3.592075160387771,57.61989852207161],[-3.590114126065968,57.575004383795175],[-3.67367867699238,57.57392396591036]]]]}},{"type":"Feature","properties":{"x_coord":302500,"y_coord":862500,"ws_spring_":3.7021358,"ws_spring1":3.8162048,"ws_sprin_1":4.085564,"ws_sprin_2":3.6310928,"ws_sprin_3":3.8210156,"ws_sprin_4":4.020692,"ws_sprin_5":3.5290895,"ws_sprin_6":3.76478,"ws_sprin_7":3.9764888,"ws_summer_":3.1807747,"ws_summer1":3.3272166,"ws_summe_1":3.368779,"ws_summe_2":3.0851474,"ws_summe_3":3.1768157,"ws_summe_4":3.2902439,"ws_summe_5":2.960733,"ws_summe_6":3.150505,"ws_summe_7":3.2603786,"ws_autumn_":3.6525097,"ws_autumn1":3.833704,"ws_autum_1":3.958493,"ws_autum_2":3.6121426,"ws_autum_3":3.7088113,"ws_autum_4":3.7831445,"ws_autum_5":3.6248164,"ws_autum_6":3.6929638,"ws_autum_7":3.8770955,"ws_winter_":4.0115786,"ws_winter1":4.3492737,"ws_winte_1":4.5915422,"ws_winte_2":3.9505768,"ws_winte_3":4.2184157,"ws_winte_4":4.358815,"ws_winte_5":3.9883003,"ws_winte_6":4.32672,"ws_winte_7":4.5896544},"geometry":{"type":"MultiPolygon","coordinates":[[[[-3.675743537401636,57.61881621019649],[-3.677815066298966,57.6637089510098],[-3.594043333684605,57.66479222260245],[-3.592075160387771,57.61989852207161],[-3.675743537401636,57.61881621019649]]]]}},{"type":"Feature","properties":{"x_coord":307500,"y_coord":817500,"ws_spring_":3.7056842,"ws_spring1":3.8754165,"ws_sprin_1":4.1742997,"ws_sprin_2":3.7098174,"ws_sprin_3":3.927382,"ws_sprin_4":4.1971903,"ws_sprin_5":3.6011024,"ws_sprin_6":3.88267,"ws_sprin_7":4.1505084,"ws_summer_":3.206698,"ws_summer1":3.3610291,"ws_summe_1":3.4193833,"ws_summe_2":3.0860615,"ws_summe_3":3.2166424,"ws_summe_4":3.3574905,"ws_summe_5":2.9536514,"ws_summe_6":3.1950324,"ws_summe_7":3.3120544,"ws_autumn_":3.6104743,"ws_autumn1":3.7729545,"ws_autum_1":3.9670053,"ws_autum_2":3.525917,"ws_autum_3":3.6884446,"ws_autum_4":3.753344,"ws_autum_5":3.6292808,"ws_autum_6":3.7695324,"ws_autum_7":3.9069722,"ws_winter_":4.017159,"ws_winter1":4.3947515,"ws_winte_1":4.6383314,"ws_winte_2":4.009296,"ws_winte_3":4.334697,"ws_winte_4":4.5149026,"ws_winte_5":4.017192,"ws_winte_6":4.48037,"ws_winte_7":4.801165},"geometry":{"type":"MultiPolygon","coordinates":[[[[-3.574633558022588,57.21583662811932],[-3.576547990702791,57.26073365877569],[-3.493692063402065,57.261746503639024],[-3.491878189700903,57.216847734582764],[-3.574633558022588,57.21583662811932]]]]}},{"type":"Feature","properties":{"x_coord":307500,"y_coord":822500,"ws_spring_":3.7467084,"ws_spring1":3.8841121,"ws_sprin_1":4.1226897,"ws_sprin_2":3.7408695,"ws_sprin_3":3.9216256,"ws_sprin_4":4.1929235,"ws_sprin_5":3.6176522,"ws_sprin_6":3.888575,"ws_sprin_7":4.127945,"ws_summer_":3.2071774,"ws_summer1":3.3651016,"ws_summe_1":3.4009857,"ws_summe_2":3.08179,"ws_summe_3":3.2271042,"ws_summe_4":3.3683205,"ws_summe_5":2.9732432,"ws_summe_6":3.194546,"ws_summe_7":3.3095565,"ws_autumn_":3.7030654,"ws_autumn1":3.8108666,"ws_autum_1":3.9984856,"ws_autum_2":3.6001072,"ws_autum_3":3.7557056,"ws_autum_4":3.7984414,"ws_autum_5":3.7277808,"ws_autum_6":3.8308136,"ws_autum_7":3.9331448,"ws_winter_":4.0971375,"ws_winter1":4.3929377,"ws_winte_1":4.596837,"ws_winte_2":4.08947,"ws_winte_3":4.3058767,"ws_winte_4":4.5140657,"ws_winte_5":4.063081,"ws_winte_6":4.4482164,"ws_winte_7":4.703593},"geometry":{"type":"MultiPolygon","coordinates":[[[[-3.576547990702791,57.26073365877569],[-3.578468597120361,57.3056304854792],[-3.495511274946018,57.30664491017041],[-3.493692063402065,57.261746503639024],[-3.576547990702791,57.26073365877569]]]]}},{"type":"Feature","properties":{"x_coord":307500,"y_coord":827500,"ws_spring_":3.1760228,"ws_spring1":3.296893,"ws_sprin_1":3.5686564,"ws_sprin_2":3.1783023,"ws_sprin_3":3.3634708,"ws_sprin_4":3.6112983,"ws_sprin_5":3.0563207,"ws_sprin_6":3.3168285,"ws_sprin_7":3.573489,"ws_summer_":2.777907,"ws_summer1":2.909637,"ws_summe_1":2.9572518,"ws_summe_2":2.686932,"ws_summe_3":2.816773,"ws_summe_4":2.9168315,"ws_summe_5":2.5682378,"ws_summe_6":2.7723935,"ws_summe_7":2.892808,"ws_autumn_":3.0306468,"ws_autumn1":3.1840024,"ws_autum_1":3.305191,"ws_autum_2":2.9590383,"ws_autum_3":3.1202374,"ws_autum_4":3.178136,"ws_autum_5":3.0518503,"ws_autum_6":3.1751893,"ws_autum_7":3.2968209,"ws_winter_":3.361586,"ws_winter1":3.6383023,"ws_winte_1":3.8877861,"ws_winte_2":3.3298862,"ws_winte_3":3.5808215,"ws_winte_4":3.7603042,"ws_winte_5":3.3050303,"ws_winte_6":3.6779652,"ws_winte_7":3.947265},"geometry":{"type":"MultiPolygon","coordinates":[[[[-3.578468597120361,57.3056304854792],[-3.580395240591732,57.35052706907444],[-3.497336495957654,57.35154315469563],[-3.495511274946018,57.30664491017041],[-3.578468597120361,57.3056304854792]]]]}},{"type":"Feature","properties":{"x_coord":307500,"y_coord":832500,"ws_spring_":3.7508953,"ws_spring1":3.8840022,"ws_sprin_1":4.120496,"ws_sprin_2":3.7934785,"ws_sprin_3":3.9292367,"ws_sprin_4":4.163329,"ws_sprin_5":3.6756046,"ws_sprin_6":3.8934703,"ws_sprin_7":4.128015,"ws_summer_":3.2508297,"ws_summer1":3.4034085,"ws_summe_1":3.4638963,"ws_summe_2":3.171544,"ws_summe_3":3.2721996,"ws_summe_4":3.4107468,"ws_summe_5":3.0112875,"ws_summe_6":3.2424483,"ws_summe_7":3.354409,"ws_autumn_":3.5928185,"ws_autumn1":3.8034444,"ws_autum_1":3.8799858,"ws_autum_2":3.57034,"ws_autum_3":3.6793923,"ws_autum_4":3.756291,"ws_autum_5":3.5886166,"ws_autum_6":3.7005463,"ws_autum_7":3.8174005,"ws_winter_":3.9885688,"ws_winter1":4.2646594,"ws_winte_1":4.5112443,"ws_winte_2":3.9136333,"ws_winte_3":4.1479154,"ws_winte_4":4.3336635,"ws_winte_5":3.959837,"ws_winte_6":4.2890387,"ws_winte_7":4.514539},"geometry":{"type":"MultiPolygon","coordinates":[[[[-3.580395240591732,57.35052706907444],[-3.582327419994222,57.3954231329844],[-3.499167173618886,57.39644081432709],[-3.497336495957654,57.35154315469563],[-3.580395240591732,57.35052706907444]]]]}},{"type":"Feature","properties":{"x_coord":307500,"y_coord":852500,"ws_spring_":3.4828942,"ws_spring1":3.6033473,"ws_sprin_1":3.8723588,"ws_sprin_2":3.4277172,"ws_sprin_3":3.6484523,"ws_sprin_4":3.8512638,"ws_sprin_5":3.2826066,"ws_sprin_6":3.5504928,"ws_sprin_7":3.8058658,"ws_summer_":2.8819573,"ws_summer1":3.0008974,"ws_summe_1":3.065906,"ws_summe_2":2.7434623,"ws_summe_3":2.8302014,"ws_summe_4":2.9788077,"ws_summe_5":2.583413,"ws_summe_6":2.7914433,"ws_summe_7":2.857883,"ws_autumn_":3.763361,"ws_autumn1":3.8250973,"ws_autum_1":3.997623,"ws_autum_2":3.6188571,"ws_autum_3":3.7801037,"ws_autum_4":3.8231864,"ws_autum_5":3.7426658,"ws_autum_6":3.8433857,"ws_autum_7":3.9440422,"ws_winter_":4.274475,"ws_winter1":4.5448914,"ws_winte_1":4.7495728,"ws_winte_2":4.2177224,"ws_winte_3":4.460247,"ws_winte_4":4.6142125,"ws_winte_5":4.193075,"ws_winte_6":4.5401654,"ws_winte_7":4.7810397},"geometry":{"type":"MultiPolygon","coordinates":[[[[-3.588158974274597,57.53010946162233],[-3.590114126065968,57.575004383795175],[-3.506544335149856,57.57602839104643],[-3.504692296419186,57.53113198936771],[-3.588158974274597,57.53010946162233]]]]}},{"type":"Feature","properties":{"x_coord":307500,"y_coord":857500,"ws_spring_":3.4475193,"ws_spring1":3.574204,"ws_sprin_1":3.8361557,"ws_sprin_2":3.3600247,"ws_sprin_3":3.6148815,"ws_sprin_4":3.8064892,"ws_sprin_5":3.2346382,"ws_sprin_6":3.5063293,"ws_sprin_7":3.7671707,"ws_summer_":2.9053726,"ws_summer1":3.0350883,"ws_summe_1":3.092963,"ws_summe_2":2.788793,"ws_summe_3":2.868136,"ws_summe_4":3.006499,"ws_summe_5":2.6266055,"ws_summe_6":2.8351622,"ws_summe_7":2.9331136,"ws_autumn_":3.529752,"ws_autumn1":3.6413417,"ws_autum_1":3.807328,"ws_autum_2":3.4252377,"ws_autum_3":3.5598347,"ws_autum_4":3.594968,"ws_autum_5":3.484892,"ws_autum_6":3.5849075,"ws_autum_7":3.7276604,"ws_winter_":3.9157836,"ws_winter1":4.2549496,"ws_winte_1":4.4684625,"ws_winte_2":3.9063606,"ws_winte_3":4.1711707,"ws_winte_4":4.324951,"ws_winte_5":3.8824508,"ws_winte_6":4.2581034,"ws_winte_7":4.525063},"geometry":{"type":"MultiPolygon","coordinates":[[[[-3.590114126065968,57.575004383795175],[-3.592075160387771,57.61989852207161],[-3.50840194985452,57.620924387959334],[-3.506544335149856,57.57602839104643],[-3.590114126065968,57.575004383795175]]]]}},{"type":"Feature","properties":{"x_coord":307500,"y_coord":862500,"ws_spring_":3.8601499,"ws_spring1":3.9770207,"ws_sprin_1":4.274355,"ws_sprin_2":3.7851193,"ws_sprin_3":3.995604,"ws_sprin_4":4.2122984,"ws_sprin_5":3.6747298,"ws_sprin_6":3.9322224,"ws_sprin_7":4.166212,"ws_summer_":3.3054385,"ws_summer1":3.4540238,"ws_summe_1":3.5071816,"ws_summe_2":3.2019114,"ws_summe_3":3.294846,"ws_summe_4":3.4129605,"ws_summe_5":3.0430503,"ws_summe_6":3.2558186,"ws_summe_7":3.365265,"ws_autumn_":3.8216336,"ws_autumn1":4.019374,"ws_autum_1":4.1581025,"ws_autum_2":3.779379,"ws_autum_3":3.8855584,"ws_autum_4":3.9648871,"ws_autum_5":3.7940323,"ws_autum_6":3.8773339,"ws_autum_7":4.0661697,"ws_winter_":4.199189,"ws_winter1":4.5634184,"ws_winte_1":4.803451,"ws_winte_2":4.137019,"ws_winte_3":4.4295764,"ws_winte_4":4.5859785,"ws_winte_5":4.172721,"ws_winte_6":4.5418515,"ws_winte_7":4.821129},"geometry":{"type":"MultiPolygon","coordinates":[[[[-3.592075160387771,57.61989852207161],[-3.594043333684605,57.66479222260245],[-3.510265736272592,57.665820056003895],[-3.50840194985452,57.620924387959334],[-3.592075160387771,57.61989852207161]]]]}},{"type":"Feature","properties":{"x_coord":312500,"y_coord":832500,"ws_spring_":3.6351104,"ws_spring1":3.7676063,"ws_sprin_1":4.0607266,"ws_sprin_2":3.6388144,"ws_sprin_3":3.8317165,"ws_sprin_4":4.1025143,"ws_sprin_5":3.5121186,"ws_sprin_6":3.8063068,"ws_sprin_7":4.069131,"ws_summer_":3.1403317,"ws_summer1":3.3010647,"ws_summe_1":3.3461137,"ws_summe_2":3.0638402,"ws_summe_3":3.199656,"ws_summe_4":3.3015037,"ws_summe_5":2.9292989,"ws_summe_6":3.1535735,"ws_summe_7":3.2826264,"ws_autumn_":3.5701861,"ws_autumn1":3.7353363,"ws_autum_1":3.8644211,"ws_autum_2":3.5063796,"ws_autum_3":3.680949,"ws_autum_4":3.7345881,"ws_autum_5":3.617066,"ws_autum_6":3.7136428,"ws_autum_7":3.8666825,"ws_winter_":3.9700794,"ws_winter1":4.272647,"ws_winte_1":4.5354743,"ws_winte_2":3.9363346,"ws_winte_3":4.173829,"ws_winte_4":4.3760805,"ws_winte_5":3.9176278,"ws_winte_6":4.3108563,"ws_winte_7":4.593357},"geometry":{"type":"MultiPolygon","coordinates":[[[[-3.497336495957654,57.35154315469563],[-3.499167173618886,57.39644081432709],[-3.416001725962496,57.39740355215721],[-3.414272550487658,57.35250439396335],[-3.497336495957654,57.35154315469563]]]]}},{"type":"Feature","properties":{"x_coord":312500,"y_coord":852500,"ws_spring_":3.6656132,"ws_spring1":3.8076644,"ws_sprin_1":4.073869,"ws_sprin_2":3.6320179,"ws_sprin_3":3.8485317,"ws_sprin_4":4.0744324,"ws_sprin_5":3.483033,"ws_sprin_6":3.7417343,"ws_sprin_7":4.0156846,"ws_summer_":3.0556989,"ws_summer1":3.1895914,"ws_summe_1":3.2498817,"ws_summe_2":2.925481,"ws_summe_3":3.0201561,"ws_summe_4":3.1768548,"ws_summe_5":2.760543,"ws_summe_6":2.988713,"ws_summe_7":3.0502238,"ws_autumn_":3.8968596,"ws_autumn1":3.990027,"ws_autum_1":4.168547,"ws_autum_2":3.7849426,"ws_autum_3":3.9396846,"ws_autum_4":3.986382,"ws_autum_5":3.8956866,"ws_autum_6":4.005941,"ws_autum_7":4.119924,"ws_winter_":4.447874,"ws_winter1":4.7207093,"ws_winte_1":4.9216003,"ws_winte_2":4.3880944,"ws_winte_3":4.6301727,"ws_winte_4":4.7860537,"ws_winte_5":4.366283,"ws_winte_6":4.731683,"ws_winte_7":4.9753695},"geometry":{"type":"MultiPolygon","coordinates":[[[[-3.504692296419186,57.53113198936771],[-3.506544335149856,57.57602839104643],[-3.422969107180337,57.57699750820483],[-3.421220064358364,57.53209917283446],[-3.504692296419186,57.53113198936771]]]]}},{"type":"Feature","properties":{"x_coord":312500,"y_coord":857500,"ws_spring_":3.5828521,"ws_spring1":3.702022,"ws_sprin_1":3.9693553,"ws_sprin_2":3.501712,"ws_sprin_3":3.737444,"ws_sprin_4":3.9481797,"ws_sprin_5":3.3688877,"ws_sprin_6":3.6385632,"ws_sprin_7":3.8962467,"ws_summer_":2.9957204,"ws_summer1":3.1284645,"ws_summe_1":3.1889288,"ws_summe_2":2.8812358,"ws_summe_3":2.960389,"ws_summe_4":3.1035383,"ws_summe_5":2.7017999,"ws_summe_6":2.9270587,"ws_summe_7":3.0007277,"ws_autumn_":3.8030572,"ws_autumn1":3.8914342,"ws_autum_1":4.067492,"ws_autum_2":3.6940536,"ws_autum_3":3.8335567,"ws_autum_4":3.8777378,"ws_autum_5":3.7865589,"ws_autum_6":3.8823273,"ws_autum_7":4.003207,"ws_winter_":4.297136,"ws_winter1":4.5937963,"ws_winte_1":4.795991,"ws_winte_2":4.2518387,"ws_winte_3":4.4932184,"ws_winte_4":4.643526,"ws_winte_5":4.235331,"ws_winte_6":4.5885763,"ws_winte_7":4.8322353},"geometry":{"type":"MultiPolygon","coordinates":[[[[-3.506544335149856,57.57602839104643],[-3.50840194985452,57.620924387959334],[-3.424723371315787,57.62189540588327],[-3.422969107180337,57.57699750820483],[-3.506544335149856,57.57602839104643]]]]}},{"type":"Feature","properties":{"x_coord":312500,"y_coord":862500,"ws_spring_":3.7057235,"ws_spring1":3.8239045,"ws_sprin_1":4.106219,"ws_sprin_2":3.6202655,"ws_sprin_3":3.8438358,"ws_sprin_4":4.054141,"ws_sprin_5":3.5153518,"ws_sprin_6":3.7635238,"ws_sprin_7":3.9983087,"ws_summer_":3.146608,"ws_summer1":3.2908378,"ws_summe_1":3.3491254,"ws_summe_2":3.0381618,"ws_summe_3":3.128574,"ws_summe_4":3.25328,"ws_summe_5":2.8624568,"ws_summe_6":3.0903301,"ws_summe_7":3.1832156,"ws_autumn_":3.7245038,"ws_autumn1":3.9020457,"ws_autum_1":4.042266,"ws_autum_2":3.6650097,"ws_autum_3":3.7723687,"ws_autum_4":3.8603768,"ws_autum_5":3.7024808,"ws_autum_6":3.7936707,"ws_autum_7":3.9407172,"ws_winter_":4.140164,"ws_winter1":4.475481,"ws_winte_1":4.690259,"ws_winte_2":4.0664973,"ws_winte_3":4.360297,"ws_winte_4":4.5142117,"ws_winte_5":4.0889673,"ws_winte_6":4.465489,"ws_winte_7":4.732023},"geometry":{"type":"MultiPolygon","coordinates":[[[[-3.50840194985452,57.620924387959334],[-3.510265736272592,57.665820056003895],[-3.426483100158883,57.666792649506405],[-3.424723371315787,57.62189540588327],[-3.50840194985452,57.620924387959334]]]]}},{"type":"Feature","properties":{"x_coord":317500,"y_coord":792500,"ws_spring_":3.8160489,"ws_spring1":3.9783225,"ws_sprin_1":4.3579817,"ws_sprin_2":3.811489,"ws_sprin_3":4.0595517,"ws_sprin_4":4.3318663,"ws_sprin_5":3.7061133,"ws_sprin_6":3.998487,"ws_sprin_7":4.3305664,"ws_summer_":3.3180346,"ws_summer1":3.4871688,"ws_summe_1":3.5385265,"ws_summe_2":3.2247288,"ws_summe_3":3.3526905,"ws_summe_4":3.4525623,"ws_summe_5":3.0949557,"ws_summe_6":3.3011837,"ws_summe_7":3.4199538,"ws_autumn_":3.8817928,"ws_autumn1":4.1030064,"ws_autum_1":4.242425,"ws_autum_2":3.8644054,"ws_autum_3":3.9957523,"ws_autum_4":4.063222,"ws_autum_5":3.9660687,"ws_autum_6":4.09923,"ws_autum_7":4.298188,"ws_winter_":4.3383036,"ws_winter1":4.710302,"ws_winte_1":5.084807,"ws_winte_2":4.3716516,"ws_winte_3":4.6401134,"ws_winte_4":4.8813076,"ws_winte_5":4.3013535,"ws_winte_6":4.725391,"ws_winte_7":5.0854487},"geometry":{"type":"MultiPolygon","coordinates":[[[[-3.400618072133469,56.9932981843721],[-3.402307567691439,57.038199654337504],[-3.319941109763735,57.039094818285555],[-3.318350500360562,56.994191761486135],[-3.400618072133469,56.9932981843721]]]]}},{"type":"Feature","properties":{"x_coord":317500,"y_coord":822500,"ws_spring_":3.6273258,"ws_spring1":3.803841,"ws_sprin_1":4.0723486,"ws_sprin_2":3.6776109,"ws_sprin_3":3.871339,"ws_sprin_4":4.1186843,"ws_sprin_5":3.5430522,"ws_sprin_6":3.7862008,"ws_sprin_7":4.068755,"ws_summer_":3.12573,"ws_summer1":3.2634995,"ws_summe_1":3.32245,"ws_summe_2":3.014196,"ws_summe_3":3.1080801,"ws_summe_4":3.272285,"ws_summe_5":2.865186,"ws_summe_6":3.074348,"ws_summe_7":3.177307,"ws_autumn_":3.6405792,"ws_autumn1":3.8138595,"ws_autum_1":3.9750054,"ws_autum_2":3.6185405,"ws_autum_3":3.7496228,"ws_autum_4":3.8112404,"ws_autum_5":3.66567,"ws_autum_6":3.793368,"ws_autum_7":3.9358172,"ws_winter_":4.113968,"ws_winter1":4.427739,"ws_winte_1":4.6936636,"ws_winte_2":4.0566673,"ws_winte_3":4.3415885,"ws_winte_4":4.525419,"ws_winte_5":4.087866,"ws_winte_6":4.447319,"ws_winte_7":4.7489166},"geometry":{"type":"MultiPolygon","coordinates":[[[[-3.410830797062397,57.262704739690854],[-3.412549089703703,57.3076047994891],[-3.329581226854653,57.308509938513566],[-3.327963837376181,57.26360841236168],[-3.410830797062397,57.262704739690854]]]]}},{"type":"Feature","properties":{"x_coord":317500,"y_coord":837500,"ws_spring_":3.5444007,"ws_spring1":3.6950316,"ws_sprin_1":3.9989524,"ws_sprin_2":3.5586343,"ws_sprin_3":3.78196,"ws_sprin_4":4.039205,"ws_sprin_5":3.4392815,"ws_sprin_6":3.6995292,"ws_sprin_7":4.0134373,"ws_summer_":3.0465581,"ws_summer1":3.1945498,"ws_summe_1":3.25467,"ws_summe_2":2.9666836,"ws_summe_3":3.0544713,"ws_summe_4":3.1962612,"ws_summe_5":2.8255842,"ws_summe_6":3.0385365,"ws_summe_7":3.1348178,"ws_autumn_":3.6326776,"ws_autumn1":3.7793155,"ws_autum_1":3.9208343,"ws_autum_2":3.581292,"ws_autum_3":3.749403,"ws_autum_4":3.7962604,"ws_autum_5":3.6840825,"ws_autum_6":3.7707438,"ws_autum_7":3.9482224,"ws_winter_":4.1075583,"ws_winter1":4.400032,"ws_winte_1":4.6934443,"ws_winte_2":4.072661,"ws_winte_3":4.319208,"ws_winte_4":4.5218763,"ws_winte_5":4.03658,"ws_winte_6":4.40129,"ws_winte_7":4.7034373},"geometry":{"type":"MultiPolygon","coordinates":[[[[-3.416001725962496,57.39740355215721],[-3.41773609863299,57.44230236952371],[-3.334464126442313,57.4432118593781],[-3.332831553172209,57.39831132784133],[-3.416001725962496,57.39740355215721]]]]}},{"type":"Feature","properties":{"x_coord":317500,"y_coord":857500,"ws_spring_":3.70367,"ws_spring1":3.8485827,"ws_sprin_1":4.1341624,"ws_sprin_2":3.6262653,"ws_sprin_3":3.8674588,"ws_sprin_4":4.109525,"ws_sprin_5":3.4892483,"ws_sprin_6":3.771481,"ws_sprin_7":4.0447245,"ws_summer_":3.1039937,"ws_summer1":3.2454963,"ws_summe_1":3.2929382,"ws_summe_2":2.977567,"ws_summe_3":3.0634105,"ws_summe_4":3.2057083,"ws_summe_5":2.7855008,"ws_summe_6":3.015984,"ws_summe_7":3.0958095,"ws_autumn_":3.9511902,"ws_autumn1":4.048802,"ws_autum_1":4.2380843,"ws_autum_2":3.8467495,"ws_autum_3":3.9802601,"ws_autum_4":4.0434113,"ws_autum_5":3.925248,"ws_autum_6":4.0295596,"ws_autum_7":4.164159,"ws_winter_":4.50212,"ws_winter1":4.841667,"ws_winte_1":5.0625453,"ws_winte_2":4.4575047,"ws_winte_3":4.7254057,"ws_winte_4":4.8710394,"ws_winte_5":4.426773,"ws_winte_6":4.796626,"ws_winte_7":5.086608},"geometry":{"type":"MultiPolygon","coordinates":[[[[-3.422969107180337,57.57699750820483],[-3.424723371315787,57.62189540588327],[-3.341040189637529,57.62281067217576],[-3.33938904316698,57.5779110950358],[-3.422969107180337,57.57699750820483]]]]}},{"type":"Feature","properties":{"x_coord":317500,"y_coord":862500,"ws_spring_":3.597363,"ws_spring1":3.711013,"ws_sprin_1":3.9795673,"ws_sprin_2":3.5167294,"ws_sprin_3":3.7376797,"ws_sprin_4":3.945057,"ws_sprin_5":3.4256816,"ws_sprin_6":3.6595829,"ws_sprin_7":3.877793,"ws_summer_":3.0390332,"ws_summer1":3.1895025,"ws_summe_1":3.2367463,"ws_summe_2":2.9380372,"ws_summe_3":3.0315576,"ws_summe_4":3.165254,"ws_summe_5":2.7628474,"ws_summe_6":2.992583,"ws_summe_7":3.0776258,"ws_autumn_":3.5851693,"ws_autumn1":3.7614398,"ws_autum_1":3.8852649,"ws_autum_2":3.532779,"ws_autum_3":3.6362462,"ws_autum_4":3.7399986,"ws_autum_5":3.566438,"ws_autum_6":3.6464896,"ws_autum_7":3.7960982,"ws_winter_":4.0077677,"ws_winter1":4.3459234,"ws_winte_1":4.5520096,"ws_winte_2":3.9318314,"ws_winte_3":4.224818,"ws_winte_4":4.38161,"ws_winte_5":3.9725316,"ws_winte_6":4.344573,"ws_winte_7":4.6023927},"geometry":{"type":"MultiPolygon","coordinates":[[[[-3.424723371315787,57.62189540588327],[-3.426483100158883,57.666792649506405],[-3.342695963486579,57.66770982003244],[-3.341040189637529,57.62281067217576],[-3.424723371315787,57.62189540588327]]]]}},{"type":"Feature","properties":{"x_coord":322500,"y_coord":792500,"ws_spring_":3.5978298,"ws_spring1":3.7509143,"ws_sprin_1":4.132882,"ws_sprin_2":3.574613,"ws_sprin_3":3.831839,"ws_sprin_4":4.1062984,"ws_sprin_5":3.4758518,"ws_sprin_6":3.7666488,"ws_sprin_7":4.1067705,"ws_summer_":3.151273,"ws_summer1":3.2950172,"ws_summe_1":3.3559937,"ws_summe_2":3.0565348,"ws_summe_3":3.1857972,"ws_summe_4":3.2700756,"ws_summe_5":2.9317493,"ws_summe_6":3.1394792,"ws_summe_7":3.2374396,"ws_autumn_":3.7062888,"ws_autumn1":3.9108424,"ws_autum_1":4.062604,"ws_autum_2":3.6710858,"ws_autum_3":3.8283875,"ws_autum_4":3.8786843,"ws_autum_5":3.8029609,"ws_autum_6":3.9468224,"ws_autum_7":4.1413984,"ws_winter_":4.128625,"ws_winter1":4.537799,"ws_winte_1":4.8817644,"ws_winte_2":4.196824,"ws_winte_3":4.480443,"ws_winte_4":4.691777,"ws_winte_5":4.1075544,"ws_winte_6":4.5374794,"ws_winte_7":4.894866},"geometry":{"type":"MultiPolygon","coordinates":[[[[-3.318350500360562,56.994191761486135],[-3.319941109763735,57.039094818285555],[-3.237569894649186,57.039936093137854],[-3.236078392083154,56.99503144567004],[-3.318350500360562,56.994191761486135]]]]}},{"type":"Feature","properties":{"x_coord":322500,"y_coord":827500,"ws_spring_":3.4774792,"ws_spring1":3.6506457,"ws_sprin_1":3.8479285,"ws_sprin_2":3.5259652,"ws_sprin_3":3.694819,"ws_sprin_4":3.9116082,"ws_sprin_5":3.3879807,"ws_sprin_6":3.6088543,"ws_sprin_7":3.8321698,"ws_summer_":2.9347358,"ws_summer1":3.0588436,"ws_summe_1":3.1107736,"ws_summe_2":2.8008318,"ws_summe_3":2.9082613,"ws_summe_4":3.066094,"ws_summe_5":2.661139,"ws_summe_6":2.8525767,"ws_summe_7":2.9203458,"ws_autumn_":3.4507484,"ws_autumn1":3.5947769,"ws_autum_1":3.7224896,"ws_autum_2":3.390468,"ws_autum_3":3.5155365,"ws_autum_4":3.6071658,"ws_autum_5":3.4476724,"ws_autum_6":3.5554135,"ws_autum_7":3.612014,"ws_winter_":3.8846831,"ws_winter1":4.1419144,"ws_winte_1":4.3457108,"ws_winte_2":3.8363407,"ws_winte_3":4.057413,"ws_winte_4":4.2253275,"ws_winte_5":3.859295,"ws_winte_6":4.189618,"ws_winte_7":4.428063},"geometry":{"type":"MultiPolygon","coordinates":[[[[-3.329581226854653,57.308509938513566],[-3.331204413617638,57.35341064974489],[-3.248131540654259,57.354262098235964],[-3.246609645588329,57.30935991815932],[-3.329581226854653,57.308509938513566]]]]}},{"type":"Feature","properties":{"x_coord":322500,"y_coord":837500,"ws_spring_":3.8004699,"ws_spring1":3.971091,"ws_sprin_1":4.2158775,"ws_sprin_2":3.793586,"ws_sprin_3":4.024909,"ws_sprin_4":4.2805696,"ws_sprin_5":3.6353035,"ws_sprin_6":3.9197674,"ws_sprin_7":4.209041,"ws_summer_":3.1330457,"ws_summer1":3.2769744,"ws_summe_1":3.3240952,"ws_summe_2":3.0042512,"ws_summe_3":3.1211932,"ws_summe_4":3.2864769,"ws_summe_5":2.8692908,"ws_summe_6":3.0833201,"ws_summe_7":3.151381,"ws_autumn_":3.9950194,"ws_autumn1":4.074283,"ws_autum_1":4.2540865,"ws_autum_2":3.8384807,"ws_autum_3":4.0457664,"ws_autum_4":4.1061163,"ws_autum_5":4.01024,"ws_autum_6":4.1120796,"ws_autum_7":4.2113037,"ws_winter_":4.5280366,"ws_winter1":4.8274803,"ws_winte_1":5.031597,"ws_winte_2":4.4789305,"ws_winte_3":4.7257013,"ws_winte_4":4.916802,"ws_winte_5":4.438868,"ws_winte_6":4.824536,"ws_winte_7":5.121868},"geometry":{"type":"MultiPolygon","coordinates":[[[[-3.332831553172209,57.39831132784133],[-3.334464126442313,57.4432118593781],[-3.251187332423458,57.444066376493886],[-3.249656632985245,57.39916420332034],[-3.332831553172209,57.39831132784133]]]]}},{"type":"Feature","properties":{"x_coord":322500,"y_coord":842500,"ws_spring_":3.2783942,"ws_spring1":3.400383,"ws_sprin_1":3.668213,"ws_sprin_2":3.2584915,"ws_sprin_3":3.4514709,"ws_sprin_4":3.6772614,"ws_sprin_5":3.1477532,"ws_sprin_6":3.3742528,"ws_sprin_7":3.6267865,"ws_summer_":2.7821684,"ws_summer1":2.911703,"ws_summe_1":2.9594936,"ws_summe_2":2.7065458,"ws_summe_3":2.7867458,"ws_summe_4":2.906272,"ws_summe_5":2.557489,"ws_summe_6":2.7624135,"ws_summe_7":2.8313484,"ws_autumn_":3.2442982,"ws_autumn1":3.385709,"ws_autum_1":3.5130742,"ws_autum_2":3.1943688,"ws_autum_3":3.321616,"ws_autum_4":3.36552,"ws_autum_5":3.2589002,"ws_autum_6":3.3253422,"ws_autum_7":3.4569154,"ws_winter_":3.6640239,"ws_winter1":3.9445662,"ws_winte_1":4.2087507,"ws_winte_2":3.64045,"ws_winte_3":3.8425784,"ws_winte_4":4.0279965,"ws_winte_5":3.609713,"ws_winte_6":3.9448426,"ws_winte_7":4.2163763},"geometry":{"type":"MultiPolygon","coordinates":[[[[-3.334464126442313,57.4432118593781],[-3.336101266746206,57.48811172262234],[-3.252722427486995,57.48896806703705],[-3.251187332423458,57.444066376493886],[-3.334464126442313,57.4432118593781]]]]}},{"type":"Feature","properties":{"x_coord":322500,"y_coord":857500,"ws_spring_":3.646255,"ws_spring1":3.8053288,"ws_sprin_1":4.0683966,"ws_sprin_2":3.5823307,"ws_sprin_3":3.8026783,"ws_sprin_4":4.0543356,"ws_sprin_5":3.4336452,"ws_sprin_6":3.701249,"ws_sprin_7":3.9652066,"ws_summer_":3.0293632,"ws_summer1":3.1554968,"ws_summe_1":3.2142513,"ws_summe_2":2.8871894,"ws_summe_3":2.9833481,"ws_summe_4":3.1307874,"ws_summe_5":2.698238,"ws_summe_6":2.9253576,"ws_summe_7":2.998244,"ws_autumn_":3.8057456,"ws_autumn1":3.920283,"ws_autum_1":4.1012144,"ws_autum_2":3.6991532,"ws_autum_3":3.8362994,"ws_autum_4":3.9236648,"ws_autum_5":3.7476623,"ws_autum_6":3.8729336,"ws_autum_7":3.9744213,"ws_winter_":4.3575673,"ws_winter1":4.714498,"ws_winte_1":4.9484224,"ws_winte_2":4.3128786,"ws_winte_3":4.6038604,"ws_winte_4":4.7669334,"ws_winte_5":4.2930155,"ws_winte_6":4.6832085,"ws_winte_7":4.9748883},"geometry":{"type":"MultiPolygon","coordinates":[[[[-3.33938904316698,57.5779110950358],[-3.341040189637529,57.62281067217576],[-3.257352944478386,57.62367040815478],[-3.255804688757805,57.57877004996387],[-3.33938904316698,57.5779110950358]]]]}},{"type":"Feature","properties":{"x_coord":322500,"y_coord":862500,"ws_spring_":3.5808384,"ws_spring1":3.7036366,"ws_sprin_1":3.9617743,"ws_sprin_2":3.5071914,"ws_sprin_3":3.7188296,"ws_sprin_4":3.9255733,"ws_sprin_5":3.4144692,"ws_sprin_6":3.645063,"ws_sprin_7":3.8529236,"ws_summer_":3.0221941,"ws_summer1":3.1692624,"ws_summe_1":3.215704,"ws_summe_2":2.9177923,"ws_summe_3":3.0141432,"ws_summe_4":3.1478753,"ws_summe_5":2.742927,"ws_summe_6":2.9733195,"ws_summe_7":3.0566125,"ws_autumn_":3.5017464,"ws_autumn1":3.6814263,"ws_autum_1":3.8063226,"ws_autum_2":3.4510963,"ws_autum_3":3.5551815,"ws_autum_4":3.6736145,"ws_autum_5":3.4669719,"ws_autum_6":3.5616956,"ws_autum_7":3.696017,"ws_winter_":3.911223,"ws_winter1":4.2561374,"ws_winte_1":4.455391,"ws_winte_2":3.8283029,"ws_winte_3":4.123636,"ws_winte_4":4.287155,"ws_winte_5":3.8812103,"ws_winte_6":4.259936,"ws_winte_7":4.518966},"geometry":{"type":"MultiPolygon","coordinates":[[[[-3.341040189637529,57.62281067217576],[-3.342695963486579,57.66770982003244],[-3.258906727538927,57.66857074888265],[-3.257352944478386,57.62367040815478],[-3.341040189637529,57.62281067217576]]]]}},{"type":"Feature","properties":{"x_coord":322500,"y_coord":867500,"ws_spring_":3.853513,"ws_spring1":3.9782536,"ws_sprin_1":4.212956,"ws_sprin_2":3.7760723,"ws_sprin_3":3.9773407,"ws_sprin_4":4.1817484,"ws_sprin_5":3.7230868,"ws_sprin_6":3.9413788,"ws_sprin_7":4.1043277,"ws_summer_":3.259133,"ws_summer1":3.408708,"ws_summe_1":3.444694,"ws_summe_2":3.1540465,"ws_summe_3":3.2620912,"ws_summe_4":3.379147,"ws_summe_5":2.9699678,"ws_summe_6":3.2050138,"ws_summe_7":3.3012547,"ws_autumn_":3.7487807,"ws_autumn1":3.95264,"ws_autum_1":4.0417814,"ws_autum_2":3.723893,"ws_autum_3":3.8138351,"ws_autum_4":3.9089196,"ws_autum_5":3.7061877,"ws_autum_6":3.778459,"ws_autum_7":3.9206653,"ws_winter_":4.168976,"ws_winter1":4.4780145,"ws_winte_1":4.6454706,"ws_winte_2":4.0528054,"ws_winte_3":4.3250113,"ws_winte_4":4.480497,"ws_winte_5":4.155019,"ws_winte_6":4.455491,"ws_winte_7":4.7201843},"geometry":{"type":"MultiPolygon","coordinates":[[[[-3.342695963486579,57.66770982003244],[-3.34435844673263,57.71260859621916],[-3.260464747607382,57.713471288607394],[-3.258906727538927,57.66857074888265],[-3.342695963486579,57.66770982003244]]]]}},{"type":"Feature","properties":{"x_coord":327500,"y_coord":792500,"ws_spring_":3.7025495,"ws_spring1":3.8812184,"ws_sprin_1":4.2632856,"ws_sprin_2":3.6705003,"ws_sprin_3":3.9533658,"ws_sprin_4":4.232518,"ws_sprin_5":3.5951061,"ws_sprin_6":3.8761737,"ws_sprin_7":4.231111,"ws_summer_":3.2589679,"ws_summer1":3.4017353,"ws_summe_1":3.4707985,"ws_summe_2":3.1489885,"ws_summe_3":3.2673593,"ws_summe_4":3.4103055,"ws_summe_5":3.0144901,"ws_summe_6":3.260777,"ws_summe_7":3.3543143,"ws_autumn_":3.7723522,"ws_autumn1":3.9686866,"ws_autum_1":4.1555443,"ws_autum_2":3.7273045,"ws_autum_3":3.8871467,"ws_autum_4":3.9290779,"ws_autum_5":3.8634446,"ws_autum_6":3.973732,"ws_autum_7":4.182397,"ws_winter_":4.236377,"ws_winter1":4.6602936,"ws_winte_1":5.03065,"ws_winte_2":4.2821665,"ws_winte_3":4.596261,"ws_winte_4":4.8095,"ws_winte_5":4.193795,"ws_winte_6":4.6646757,"ws_winte_7":5.0575323},"geometry":{"type":"MultiPolygon","coordinates":[[[[-3.236078392083154,56.99503144567004],[-3.237569894649186,57.039936093137854],[-3.155194431739617,57.04072314653398],[-3.153802224996663,56.995816952406386],[-3.236078392083154,56.99503144567004]]]]}},{"type":"Feature","properties":{"x_coord":327500,"y_coord":842500,"ws_spring_":3.417728,"ws_spring1":3.5668163,"ws_sprin_1":3.8300743,"ws_sprin_2":3.3882046,"ws_sprin_3":3.6256645,"ws_sprin_4":3.8530383,"ws_sprin_5":3.2783222,"ws_sprin_6":3.5350304,"ws_sprin_7":3.799422,"ws_summer_":2.905655,"ws_summer1":3.04363,"ws_summe_1":3.1093802,"ws_summe_2":2.8137555,"ws_summe_3":2.8906791,"ws_summe_4":3.036265,"ws_summe_5":2.669176,"ws_summe_6":2.8934102,"ws_summe_7":2.9762287,"ws_autumn_":3.453656,"ws_autumn1":3.595452,"ws_autum_1":3.7392948,"ws_autum_2":3.3899777,"ws_autum_3":3.5250804,"ws_autum_4":3.568369,"ws_autum_5":3.4759936,"ws_autum_6":3.5618362,"ws_autum_7":3.710807,"ws_winter_":3.9369674,"ws_winter1":4.2357035,"ws_winte_1":4.495515,"ws_winte_2":3.891676,"ws_winte_3":4.146731,"ws_winte_4":4.326242,"ws_winte_5":3.8523555,"ws_winte_6":4.21778,"ws_winte_7":4.5075393},"geometry":{"type":"MultiPolygon","coordinates":[[[[-3.251187332423458,57.444066376493886],[-3.252722427486995,57.48896806703705],[-3.169339099499616,57.48976813011532],[-3.16790598660487,57.44486476269736],[-3.251187332423458,57.444066376493886]]]]}},{"type":"Feature","properties":{"x_coord":327500,"y_coord":847500,"ws_spring_":3.4902654,"ws_spring1":3.6351204,"ws_sprin_1":3.865213,"ws_sprin_2":3.4953353,"ws_sprin_3":3.6785216,"ws_sprin_4":3.880848,"ws_sprin_5":3.3761685,"ws_sprin_6":3.591762,"ws_sprin_7":3.8283982,"ws_summer_":2.95326,"ws_summer1":3.0844417,"ws_summe_1":3.1343274,"ws_summe_2":2.8611584,"ws_summe_3":2.9470375,"ws_summe_4":3.0881739,"ws_summe_5":2.7010403,"ws_summe_6":2.9195337,"ws_summe_7":2.9758964,"ws_autumn_":3.615448,"ws_autumn1":3.721196,"ws_autum_1":3.86321,"ws_autum_2":3.5492024,"ws_autum_3":3.6667614,"ws_autum_4":3.7322223,"ws_autum_5":3.6034,"ws_autum_6":3.6729503,"ws_autum_7":3.7881336,"ws_winter_":4.0871253,"ws_winter1":4.349991,"ws_winte_1":4.5795364,"ws_winte_2":4.0140023,"ws_winte_3":4.216667,"ws_winte_4":4.3842683,"ws_winte_5":4.000428,"ws_winte_6":4.3132596,"ws_winte_7":4.542701},"geometry":{"type":"MultiPolygon","coordinates":[[[[-3.252722427486995,57.48896806703705],[-3.254261236253204,57.53386934759457],[-3.170776001203842,57.53467085580405],[-3.169339099499616,57.48976813011532],[-3.252722427486995,57.48896806703705]]]]}},{"type":"Feature","properties":{"x_coord":327500,"y_coord":852500,"ws_spring_":3.7555206,"ws_spring1":3.9202366,"ws_sprin_1":4.1436853,"ws_sprin_2":3.7570348,"ws_sprin_3":3.9275804,"ws_sprin_4":4.151021,"ws_sprin_5":3.6090348,"ws_sprin_6":3.8420982,"ws_sprin_7":4.0830965,"ws_summer_":3.1226096,"ws_summer1":3.2547805,"ws_summe_1":3.3186936,"ws_summe_2":3.0051475,"ws_summe_3":3.1024303,"ws_summe_4":3.259266,"ws_summe_5":2.8266764,"ws_summe_6":3.0406187,"ws_summe_7":3.1258576,"ws_autumn_":3.9901001,"ws_autumn1":4.0861063,"ws_autum_1":4.2167196,"ws_autum_2":3.889319,"ws_autum_3":4.034932,"ws_autum_4":4.1066785,"ws_autum_5":3.96636,"ws_autum_6":4.0576396,"ws_autum_7":4.1390257,"ws_winter_":4.556676,"ws_winter1":4.818773,"ws_winte_1":5.0014534,"ws_winte_2":4.4852943,"ws_winte_3":4.68637,"ws_winte_4":4.866948,"ws_winte_5":4.4745946,"ws_winte_6":4.8110995,"ws_winte_7":5.0240297},"geometry":{"type":"MultiPolygon","coordinates":[[[[-3.254261236253204,57.53386934759457],[-3.255804688757805,57.57877004996387],[-3.172217127714846,57.57957317294635],[-3.170776001203842,57.53467085580405],[-3.254261236253204,57.53386934759457]]]]}},{"type":"Feature","properties":{"x_coord":327500,"y_coord":857500,"ws_spring_":3.7693532,"ws_spring1":3.9265084,"ws_sprin_1":4.1574545,"ws_sprin_2":3.7172036,"ws_sprin_3":3.903865,"ws_sprin_4":4.1529837,"ws_sprin_5":3.5573285,"ws_sprin_6":3.81199,"ws_sprin_7":4.057436,"ws_summer_":3.1030185,"ws_summer1":3.2278202,"ws_summe_1":3.2892432,"ws_summe_2":2.9520774,"ws_summe_3":3.0613072,"ws_summe_4":3.2140918,"ws_summe_5":2.7694173,"ws_summe_6":2.987995,"ws_summe_7":3.0700233,"ws_autumn_":3.99693,"ws_autumn1":4.0879908,"ws_autum_1":4.247544,"ws_autum_2":3.866119,"ws_autum_3":4.0173726,"ws_autum_4":4.1091914,"ws_autum_5":3.9276333,"ws_autum_6":4.0336123,"ws_autum_7":4.131369,"ws_winter_":4.5874643,"ws_winter1":4.8836584,"ws_winte_1":5.08051,"ws_winte_2":4.513818,"ws_winte_3":4.7383995,"ws_winte_4":4.9232574,"ws_winte_5":4.483002,"ws_winte_6":4.850835,"ws_winte_7":5.0918517},"geometry":{"type":"MultiPolygon","coordinates":[[[[-3.255804688757805,57.57877004996387],[-3.257352944478386,57.62367040815478],[-3.173662511673954,57.62447494251891],[-3.172217127714846,57.57957317294635],[-3.255804688757805,57.57877004996387]]]]}},{"type":"Feature","properties":{"x_coord":327500,"y_coord":862500,"ws_spring_":3.4835925,"ws_spring1":3.611898,"ws_sprin_1":3.844607,"ws_sprin_2":3.4237742,"ws_sprin_3":3.6101418,"ws_sprin_4":3.8136914,"ws_sprin_5":3.318929,"ws_sprin_6":3.541617,"ws_sprin_7":3.7402053,"ws_summer_":2.9136355,"ws_summer1":3.0466096,"ws_summe_1":3.0972147,"ws_summe_2":2.793736,"ws_summe_3":2.9001584,"ws_summe_4":3.0309472,"ws_summe_5":2.6170843,"ws_summe_6":2.8559341,"ws_summe_7":2.9263983,"ws_autumn_":3.3992684,"ws_autumn1":3.574739,"ws_autum_1":3.6737018,"ws_autum_2":3.338784,"ws_autum_3":3.4471078,"ws_autum_4":3.571457,"ws_autum_5":3.3388298,"ws_autum_6":3.4435043,"ws_autum_7":3.5522923,"ws_winter_":3.7981179,"ws_winter1":4.111541,"ws_winte_1":4.297269,"ws_winte_2":3.7111354,"ws_winte_3":3.9776359,"ws_winte_4":4.1359243,"ws_winte_5":3.758555,"ws_winte_6":4.121455,"ws_winte_7":4.3627014},"geometry":{"type":"MultiPolygon","coordinates":[[[[-3.257352944478386,57.62367040815478],[-3.258906727538927,57.66857074888265],[-3.17511215138688,57.669376494782256],[-3.173662511673954,57.62447494251891],[-3.257352944478386,57.62367040815478]]]]}},{"type":"Feature","properties":{"x_coord":327500,"y_coord":867500,"ws_spring_":3.5355885,"ws_spring1":3.643085,"ws_sprin_1":3.8358903,"ws_sprin_2":3.470923,"ws_sprin_3":3.6329217,"ws_sprin_4":3.803355,"ws_sprin_5":3.3973985,"ws_sprin_6":3.5863717,"ws_sprin_7":3.7259593,"ws_summer_":2.9400606,"ws_summer1":3.0675323,"ws_summe_1":3.103099,"ws_summe_2":2.8258283,"ws_summe_3":2.9342685,"ws_summe_4":3.0445278,"ws_summe_5":2.6443777,"ws_summe_6":2.8712535,"ws_summe_7":2.9542077,"ws_autumn_":3.4069762,"ws_autumn1":3.5851262,"ws_autum_1":3.6459763,"ws_autum_2":3.3662903,"ws_autum_3":3.4422665,"ws_autum_4":3.5341663,"ws_autum_5":3.3197446,"ws_autum_6":3.4064052,"ws_autum_7":3.5071273,"ws_winter_":3.7964885,"ws_winter1":4.0667973,"ws_winte_1":4.214608,"ws_winte_2":3.6874657,"ws_winte_3":3.92445,"ws_winte_4":4.0539584,"ws_winte_5":3.7705898,"ws_winte_6":4.0385146,"ws_winte_7":4.269882},"geometry":{"type":"MultiPolygon","coordinates":[[[[-3.258906727538927,57.66857074888265],[-3.260464747607382,57.713471288607394],[-3.176566435509377,57.714278401367054],[-3.17511215138688,57.669376494782256],[-3.258906727538927,57.66857074888265]]]]}},{"type":"Feature","properties":{"x_coord":332500,"y_coord":792500,"ws_spring_":3.611215,"ws_spring1":3.8010025,"ws_sprin_1":4.136347,"ws_sprin_2":3.6202495,"ws_sprin_3":3.8613238,"ws_sprin_4":4.1078057,"ws_sprin_5":3.5212727,"ws_sprin_6":3.773426,"ws_sprin_7":4.0918536,"ws_summer_":3.1818402,"ws_summer1":3.3109252,"ws_summe_1":3.3751876,"ws_summe_2":3.0717647,"ws_summe_3":3.174411,"ws_summe_4":3.3150878,"ws_summe_5":2.932147,"ws_summe_6":3.1503797,"ws_summe_7":3.2354016,"ws_autumn_":3.6531348,"ws_autumn1":3.8294017,"ws_autum_1":3.9779255,"ws_autum_2":3.6034634,"ws_autum_3":3.7495575,"ws_autum_4":3.8064156,"ws_autum_5":3.682115,"ws_autum_6":3.7778907,"ws_autum_7":3.9806085,"ws_winter_":4.0927386,"ws_winter1":4.4704437,"ws_winte_1":4.7991743,"ws_winte_2":4.091174,"ws_winte_3":4.376607,"ws_winte_4":4.599174,"ws_winte_5":4.052132,"ws_winte_6":4.468285,"ws_winte_7":4.8548594},"geometry":{"type":"MultiPolygon","coordinates":[[[[-3.153802224996663,56.995816952406386],[-3.155194431739617,57.04072314653398],[-3.072815046043214,57.04145597008872],[-3.071522058367949,56.99654842542324],[-3.153802224996663,56.995816952406386]]]]}},{"type":"Feature","properties":{"x_coord":332500,"y_coord":842500,"ws_spring_":3.5623965,"ws_spring1":3.7336445,"ws_sprin_1":3.94103,"ws_sprin_2":3.5779598,"ws_sprin_3":3.751028,"ws_sprin_4":3.958345,"ws_sprin_5":3.437425,"ws_sprin_6":3.6695938,"ws_sprin_7":3.8828194,"ws_summer_":2.9899602,"ws_summer1":3.121821,"ws_summe_1":3.1805632,"ws_summe_2":2.862381,"ws_summe_3":2.967749,"ws_summe_4":3.1208997,"ws_summe_5":2.6945248,"ws_summe_6":2.9368427,"ws_summe_7":3.0147629,"ws_autumn_":3.5039272,"ws_autumn1":3.6886513,"ws_autum_1":3.8118672,"ws_autum_2":3.4341054,"ws_autum_3":3.5547962,"ws_autum_4":3.6706886,"ws_autum_5":3.4731126,"ws_autum_6":3.585731,"ws_autum_7":3.6406312,"ws_winter_":3.9813538,"ws_winter1":4.2498555,"ws_winte_1":4.4389577,"ws_winte_2":3.8949466,"ws_winte_3":4.134121,"ws_winte_4":4.3213835,"ws_winte_5":3.917485,"ws_winte_6":4.2680025,"ws_winte_7":4.5251226},"geometry":{"type":"MultiPolygon","coordinates":[[[[-3.16790598660487,57.44486476269736],[-3.169339099499616,57.48976813011532],[-3.085951437548736,57.490512548605174],[-3.084620862198001,57.44560820930226],[-3.16790598660487,57.44486476269736]]]]}},{"type":"Feature","properties":{"x_coord":332500,"y_coord":847500,"ws_spring_":3.4116282,"ws_spring1":3.5501046,"ws_sprin_1":3.7308457,"ws_sprin_2":3.4082038,"ws_sprin_3":3.547501,"ws_sprin_4":3.7585769,"ws_sprin_5":3.2621658,"ws_sprin_6":3.4879928,"ws_sprin_7":3.6714585,"ws_summer_":2.8050857,"ws_summer1":2.9265032,"ws_summe_1":2.9779704,"ws_summe_2":2.6739252,"ws_summe_3":2.770698,"ws_summe_4":2.9290147,"ws_summe_5":2.5264676,"ws_summe_6":2.7300353,"ws_summe_7":2.7982178,"ws_autumn_":3.4252071,"ws_autumn1":3.5420678,"ws_autum_1":3.6360843,"ws_autum_2":3.3296769,"ws_autum_3":3.4419723,"ws_autum_4":3.5280285,"ws_autum_5":3.364053,"ws_autum_6":3.4664922,"ws_autum_7":3.5027199,"ws_winter_":3.8810284,"ws_winter1":4.106776,"ws_winte_1":4.2615933,"ws_winte_2":3.8149974,"ws_winte_3":3.9802353,"ws_winte_4":4.164891,"ws_winte_5":3.8074474,"ws_winte_6":4.099052,"ws_winte_7":4.3098836},"geometry":{"type":"MultiPolygon","coordinates":[[[[-3.169339099499616,57.48976813011532],[-3.170776001203842,57.53467085580405],[-3.087285939380593,57.53541660597661],[-3.085951437548736,57.490512548605174],[-3.169339099499616,57.48976813011532]]]]}},{"type":"Feature","properties":{"x_coord":332500,"y_coord":852500,"ws_spring_":3.3064034,"ws_spring1":3.4474645,"ws_sprin_1":3.6411242,"ws_sprin_2":3.2971566,"ws_sprin_3":3.4365528,"ws_sprin_4":3.6369064,"ws_sprin_5":3.1626775,"ws_sprin_6":3.3683689,"ws_sprin_7":3.5678964,"ws_summer_":2.7230027,"ws_summer1":2.8275905,"ws_summe_1":2.8859692,"ws_summe_2":2.591283,"ws_summe_3":2.6890407,"ws_summe_4":2.827971,"ws_summe_5":2.4292142,"ws_summe_6":2.6220205,"ws_summe_7":2.6916726,"ws_autumn_":3.464501,"ws_autumn1":3.5474858,"ws_autum_1":3.6637619,"ws_autum_2":3.3680406,"ws_autum_3":3.4845176,"ws_autum_4":3.552053,"ws_autum_5":3.402644,"ws_autum_6":3.4807155,"ws_autum_7":3.5370324,"ws_winter_":3.9518795,"ws_winter1":4.1846185,"ws_winte_1":4.347188,"ws_winte_2":3.8861053,"ws_winte_3":4.071474,"ws_winte_4":4.2309237,"ws_winte_5":3.8629348,"ws_winte_6":4.1524653,"ws_winte_7":4.3612776},"geometry":{"type":"MultiPolygon","coordinates":[[[[-3.170776001203842,57.53467085580405],[-3.172217127714846,57.57957317294635],[-3.088624322117549,57.5803202681089],[-3.087285939380593,57.53541660597661],[-3.170776001203842,57.53467085580405]]]]}},{"type":"Feature","properties":{"x_coord":332500,"y_coord":857500,"ws_spring_":3.4763198,"ws_spring1":3.6352577,"ws_sprin_1":3.8309665,"ws_sprin_2":3.4597306,"ws_sprin_3":3.6097443,"ws_sprin_4":3.8229759,"ws_sprin_5":3.3091302,"ws_sprin_6":3.5334373,"ws_sprin_7":3.7520928,"ws_summer_":2.8789062,"ws_summer1":2.99009,"ws_summe_1":3.0519223,"ws_summe_2":2.7294462,"ws_summe_3":2.8402216,"ws_summe_4":2.9788795,"ws_summe_5":2.55569,"ws_summe_6":2.7645042,"ws_summe_7":2.8392735,"ws_autumn_":3.6383667,"ws_autumn1":3.7523987,"ws_autum_1":3.86624,"ws_autum_2":3.539949,"ws_autum_3":3.658718,"ws_autum_4":3.7639134,"ws_autum_5":3.5644603,"ws_autum_6":3.6461701,"ws_autum_7":3.7205722,"ws_winter_":4.158377,"ws_winter1":4.4163465,"ws_winte_1":4.5601397,"ws_winte_2":4.0591083,"ws_winte_3":4.290137,"ws_winte_4":4.4475837,"ws_winte_5":4.0556784,"ws_winte_6":4.3820095,"ws_winte_7":4.6062155},"geometry":{"type":"MultiPolygon","coordinates":[[[[-3.172217127714846,57.57957317294635],[-3.173662511673954,57.62447494251891],[-3.089966653467658,57.625223591797614],[-3.088624322117549,57.5803202681089],[-3.172217127714846,57.57957317294635]]]]}},{"type":"Feature","properties":{"x_coord":332500,"y_coord":862500,"ws_spring_":3.554947,"ws_spring1":3.6798444,"ws_sprin_1":3.8778872,"ws_sprin_2":3.5022953,"ws_sprin_3":3.6640053,"ws_sprin_4":3.8705726,"ws_sprin_5":3.4042351,"ws_sprin_6":3.6178367,"ws_sprin_7":3.7893481,"ws_summer_":2.9362843,"ws_summer1":3.0593565,"ws_summe_1":3.108561,"ws_summe_2":2.813538,"ws_summe_3":2.9248965,"ws_summe_4":3.0513406,"ws_summe_5":2.610002,"ws_summe_6":2.8493822,"ws_summe_7":2.9280024,"ws_autumn_":3.5432153,"ws_autumn1":3.697368,"ws_autum_1":3.7752156,"ws_autum_2":3.4789824,"ws_autum_3":3.5738251,"ws_autum_4":3.7070553,"ws_autum_5":3.4608357,"ws_autum_6":3.5507615,"ws_autum_7":3.623408,"ws_winter_":3.9734664,"ws_winter1":4.23885,"ws_winte_1":4.3996496,"ws_winte_2":3.867394,"ws_winte_3":4.1125565,"ws_winte_4":4.240423,"ws_winte_5":3.9115062,"ws_winte_6":4.227725,"ws_winte_7":4.441689},"geometry":{"type":"MultiPolygon","coordinates":[[[[-3.173662511673954,57.62447494251891],[-3.17511215138688,57.669376494782256],[-3.091313033890434,57.6701267711145],[-3.089966653467658,57.625223591797614],[-3.173662511673954,57.62447494251891]]]]}},{"type":"Feature","properties":{"x_coord":337500,"y_coord":792500,"ws_spring_":3.6762664,"ws_spring1":3.8356576,"ws_sprin_1":4.129306,"ws_sprin_2":3.657746,"ws_sprin_3":3.8984706,"ws_sprin_4":4.1264844,"ws_sprin_5":3.5281723,"ws_sprin_6":3.7955444,"ws_sprin_7":4.0920057,"ws_summer_":3.155849,"ws_summer1":3.2484155,"ws_summe_1":3.3344562,"ws_summe_2":2.9798293,"ws_summe_3":3.0934865,"ws_summe_4":3.2530537,"ws_summe_5":2.848329,"ws_summe_6":3.075673,"ws_summe_7":3.0909476,"ws_autumn_":3.729903,"ws_autumn1":3.8555942,"ws_autum_1":4.0250077,"ws_autum_2":3.6117349,"ws_autum_3":3.7912364,"ws_autum_4":3.8348908,"ws_autum_5":3.7383208,"ws_autum_6":3.8706584,"ws_autum_7":4.0100946,"ws_winter_":4.1435566,"ws_winter1":4.499891,"ws_winte_1":4.7813144,"ws_winte_2":4.1166916,"ws_winte_3":4.4729724,"ws_winte_4":4.655352,"ws_winte_5":4.122966,"ws_winte_6":4.5448785,"ws_winte_7":4.893981},"geometry":{"type":"MultiPolygon","coordinates":[[[[-3.071522058367949,56.99654842542324],[-3.072815046043214,57.04145597008872],[-2.99043180074454,57.04213470345689],[-2.989238232790601,56.99722593622516],[-3.071522058367949,56.99654842542324]]]]}},{"type":"Feature","properties":{"x_coord":337500,"y_coord":797500,"ws_spring_":3.597536,"ws_spring1":3.718431,"ws_sprin_1":3.9961686,"ws_sprin_2":3.588658,"ws_sprin_3":3.7526543,"ws_sprin_4":3.9562294,"ws_sprin_5":3.513876,"ws_sprin_6":3.696944,"ws_sprin_7":3.9292595,"ws_summer_":3.078323,"ws_summer1":3.2210968,"ws_summe_1":3.2677345,"ws_summe_2":2.9793289,"ws_summe_3":3.093278,"ws_summe_4":3.2085953,"ws_summe_5":2.821795,"ws_summe_6":3.0577395,"ws_summe_7":3.1298683,"ws_autumn_":3.514902,"ws_autumn1":3.7106996,"ws_autum_1":3.8084474,"ws_autum_2":3.510241,"ws_autum_3":3.5842872,"ws_autum_4":3.6406198,"ws_autum_5":3.479702,"ws_autum_6":3.5748906,"ws_autum_7":3.718151,"ws_winter_":3.9189172,"ws_winter1":4.239788,"ws_winte_1":4.4349823,"ws_winte_2":3.8731296,"ws_winte_3":4.092344,"ws_winte_4":4.287003,"ws_winte_5":3.8858967,"ws_winte_6":4.1846166,"ws_winte_7":4.4913445},"geometry":{"type":"MultiPolygon","coordinates":[[[[-3.072815046043214,57.04145597008872],[-3.074111621732122,57.08636323680493],[-2.991628836718914,57.087043130007665],[-2.99043180074454,57.04213470345689],[-3.072815046043214,57.04145597008872]]]]}},{"type":"Feature","properties":{"x_coord":337500,"y_coord":812500,"ws_spring_":3.3497047,"ws_spring1":3.515738,"ws_sprin_1":3.7696273,"ws_sprin_2":3.3888078,"ws_sprin_3":3.5529618,"ws_sprin_4":3.7134945,"ws_sprin_5":3.2988667,"ws_sprin_6":3.4661803,"ws_sprin_7":3.6876137,"ws_summer_":2.858479,"ws_summer1":2.9788938,"ws_summe_1":3.0533078,"ws_summe_2":2.7442937,"ws_summe_3":2.8439968,"ws_summe_4":2.983911,"ws_summe_5":2.5763974,"ws_summe_6":2.8014798,"ws_summe_7":2.8536458,"ws_autumn_":3.2690215,"ws_autumn1":3.4856415,"ws_autum_1":3.5929635,"ws_autum_2":3.2814727,"ws_autum_3":3.3460681,"ws_autum_4":3.442384,"ws_autum_5":3.217483,"ws_autum_6":3.3069007,"ws_autum_7":3.39943,"ws_winter_":3.7582817,"ws_winter1":4.0470076,"ws_winte_1":4.2304964,"ws_winte_2":3.6700962,"ws_winte_3":3.9499424,"ws_winte_4":4.0761466,"ws_winte_5":3.695898,"ws_winte_6":4.0043044,"ws_winte_7":4.2849684},"geometry":{"type":"MultiPolygon","coordinates":[[[[-3.076716123386917,57.17617724764692],[-3.078023870387716,57.22108363642813],[-2.995240578202896,57.22176651495371],[-2.99403336977923,57.17685893950785],[-3.076716123386917,57.17617724764692]]]]}},{"type":"Feature","properties":{"x_coord":337500,"y_coord":847500,"ws_spring_":3.8104997,"ws_spring1":3.9601276,"ws_sprin_1":4.1562357,"ws_sprin_2":3.779508,"ws_sprin_3":3.9457428,"ws_sprin_4":4.1499233,"ws_sprin_5":3.6619446,"ws_sprin_6":3.8782063,"ws_sprin_7":4.0767736,"ws_summer_":3.1846066,"ws_summer1":3.3084588,"ws_summe_1":3.366938,"ws_summe_2":3.0366385,"ws_summe_3":3.1439824,"ws_summe_4":3.3013794,"ws_summe_5":2.8678098,"ws_summe_6":3.1054244,"ws_summe_7":3.172363,"ws_autumn_":3.9396033,"ws_autumn1":4.062417,"ws_autum_1":4.1905413,"ws_autum_2":3.8481967,"ws_autum_3":3.9663033,"ws_autum_4":4.0544896,"ws_autum_5":3.8929508,"ws_autum_6":3.9837875,"ws_autum_7":4.05671,"ws_winter_":4.4704432,"ws_winter1":4.71834,"ws_winte_1":4.879088,"ws_winte_2":4.3656735,"ws_winte_3":4.5606804,"ws_winte_4":4.7293806,"ws_winte_5":4.3532515,"ws_winte_6":4.6561995,"ws_winte_7":4.8810015},"geometry":{"type":"MultiPolygon","coordinates":[[[[-3.085951437548736,57.490512548605174],[-3.087285939380593,57.53541660597661],[-3.003791914079704,57.53610714113228],[-3.00255985817824,57.491201899673406],[-3.085951437548736,57.490512548605174]]]]}},{"type":"Feature","properties":{"x_coord":337500,"y_coord":852500,"ws_spring_":3.5802333,"ws_spring1":3.7211368,"ws_sprin_1":3.8623843,"ws_sprin_2":3.5255427,"ws_sprin_3":3.677652,"ws_sprin_4":3.856395,"ws_sprin_5":3.4307008,"ws_sprin_6":3.6240792,"ws_sprin_7":3.7708087,"ws_summer_":2.9400783,"ws_summer1":3.0447865,"ws_summe_1":3.1070704,"ws_summe_2":2.7809691,"ws_summe_3":2.8869307,"ws_summe_4":3.0411773,"ws_summe_5":2.632855,"ws_summe_6":2.8285148,"ws_summe_7":2.9016173,"ws_autumn_":3.607331,"ws_autumn1":3.73368,"ws_autum_1":3.8159938,"ws_autum_2":3.518125,"ws_autum_3":3.6186643,"ws_autum_4":3.7351894,"ws_autum_5":3.5349739,"ws_autum_6":3.6156273,"ws_autum_7":3.637862,"ws_winter_":4.098982,"ws_winter1":4.313647,"ws_winte_1":4.452159,"ws_winte_2":3.986451,"ws_winte_3":4.1846075,"ws_winte_4":4.3308973,"ws_winte_5":3.9981606,"ws_winte_6":4.281903,"ws_winte_7":4.4660683},"geometry":{"type":"MultiPolygon","coordinates":[[[[-3.087285939380593,57.53541660597661],[-3.088624322117549,57.5803202681089],[-3.005027789934127,57.581012267518744],[-3.003791914079704,57.53610714113228],[-3.087285939380593,57.53541660597661]]]]}},{"type":"Feature","properties":{"x_coord":337500,"y_coord":857500,"ws_spring_":3.4205723,"ws_spring1":3.552826,"ws_sprin_1":3.6935215,"ws_sprin_2":3.3778408,"ws_sprin_3":3.5129025,"ws_sprin_4":3.709533,"ws_sprin_5":3.257291,"ws_sprin_6":3.459549,"ws_sprin_7":3.6130612,"ws_summer_":2.7645714,"ws_summer1":2.871719,"ws_summe_1":2.9166954,"ws_summe_2":2.597465,"ws_summe_3":2.6993136,"ws_summe_4":2.8628123,"ws_summe_5":2.4597564,"ws_summe_6":2.6493037,"ws_summe_7":2.706375,"ws_autumn_":3.5453873,"ws_autumn1":3.65083,"ws_autum_1":3.7011395,"ws_autum_2":3.4329352,"ws_autum_3":3.554776,"ws_autum_4":3.6603522,"ws_autum_5":3.4627292,"ws_autum_6":3.5377953,"ws_autum_7":3.5694344,"ws_winter_":4.032195,"ws_winter1":4.232579,"ws_winte_1":4.3373675,"ws_winte_2":3.9568107,"ws_winte_3":4.117187,"ws_winte_4":4.246401,"ws_winte_5":3.9418874,"ws_winte_6":4.2158513,"ws_winte_7":4.3794184},"geometry":{"type":"MultiPolygon","coordinates":[[[[-3.088624322117549,57.5803202681089],[-3.089966653467658,57.625223591797614],[-3.006267732519453,57.625917456347985],[-3.005027789934127,57.581012267518744],[-3.088624322117549,57.5803202681089]]]]}},{"type":"Feature","properties":{"x_coord":337500,"y_coord":862500,"ws_spring_":3.8434594,"ws_spring1":3.9719977,"ws_sprin_1":4.166768,"ws_sprin_2":3.7924867,"ws_sprin_3":3.9431157,"ws_sprin_4":4.168932,"ws_sprin_5":3.6781754,"ws_sprin_6":3.904335,"ws_sprin_7":4.0630674,"ws_summer_":3.1285691,"ws_summer1":3.2505772,"ws_summe_1":3.3272712,"ws_summe_2":2.957848,"ws_summe_3":3.088749,"ws_summe_4":3.2374318,"ws_summe_5":2.7538674,"ws_summe_6":2.9853032,"ws_summe_7":3.092013,"ws_autumn_":3.9242318,"ws_autumn1":4.0643497,"ws_autum_1":4.164303,"ws_autum_2":3.8310027,"ws_autum_3":3.9196992,"ws_autum_4":4.0829744,"ws_autum_5":3.790711,"ws_autum_6":3.8834584,"ws_autum_7":3.9364936,"ws_winter_":4.4219704,"ws_winter1":4.6796565,"ws_winte_1":4.8504295,"ws_winte_2":4.2917747,"ws_winte_3":4.555102,"ws_winte_4":4.682391,"ws_winte_5":4.331349,"ws_winte_6":4.641708,"ws_winte_7":4.8616314},"geometry":{"type":"MultiPolygon","coordinates":[[[[-3.089966653467658,57.625223591797614],[-3.091313033890434,57.6701267711145],[-3.00750999071321,57.67082163082926],[-3.006267732519453,57.625917456347985],[-3.089966653467658,57.625223591797614]]]]}},{"type":"Feature","properties":{"x_coord":342500,"y_coord":797500,"ws_spring_":3.6198711,"ws_spring1":3.7593079,"ws_sprin_1":4.085847,"ws_sprin_2":3.5749772,"ws_sprin_3":3.8083549,"ws_sprin_4":4.0291204,"ws_sprin_5":3.4760425,"ws_sprin_6":3.7317047,"ws_sprin_7":4.0344763,"ws_summer_":3.1003294,"ws_summer1":3.2428665,"ws_summe_1":3.2995057,"ws_summe_2":2.967852,"ws_summe_3":3.0773933,"ws_summe_4":3.2134109,"ws_summe_5":2.8270605,"ws_summe_6":3.059475,"ws_summe_7":3.1197503,"ws_autumn_":3.7396522,"ws_autumn1":3.9116066,"ws_autum_1":4.050319,"ws_autum_2":3.7198386,"ws_autum_3":3.8220947,"ws_autum_4":3.8901603,"ws_autum_5":3.7836254,"ws_autum_6":3.8750432,"ws_autum_7":4.0523486,"ws_winter_":4.2557554,"ws_winter1":4.6346107,"ws_winte_1":4.922331,"ws_winte_2":4.2772555,"ws_winte_3":4.5220265,"ws_winte_4":4.685125,"ws_winte_5":4.1761904,"ws_winte_6":4.5659595,"ws_winte_7":4.8941107},"geometry":{"type":"MultiPolygon","coordinates":[[[[-2.99043180074454,57.04213470345689],[-2.991628836718914,57.087043130007665],[-2.909142846599281,57.087668507543896],[-2.908045022536952,57.04275925385775],[-2.99043180074454,57.04213470345689]]]]}},{"type":"Feature","properties":{"x_coord":342500,"y_coord":812500,"ws_spring_":3.609887,"ws_spring1":3.7870617,"ws_sprin_1":4.0005293,"ws_sprin_2":3.627151,"ws_sprin_3":3.7982948,"ws_sprin_4":3.9572792,"ws_sprin_5":3.5472908,"ws_sprin_6":3.7254395,"ws_sprin_7":3.9235299,"ws_summer_":3.0904067,"ws_summer1":3.2240562,"ws_summe_1":3.2788074,"ws_summe_2":2.955219,"ws_summe_3":3.0626574,"ws_summe_4":3.2195823,"ws_summe_5":2.772529,"ws_summe_6":3.0054312,"ws_summe_7":3.0771174,"ws_autumn_":3.5166278,"ws_autumn1":3.7406979,"ws_autum_1":3.82397,"ws_autum_2":3.5154037,"ws_autum_3":3.573251,"ws_autum_4":3.688404,"ws_autum_5":3.4418378,"ws_autum_6":3.524165,"ws_autum_7":3.613546,"ws_winter_":4.029902,"ws_winter1":4.295211,"ws_winte_1":4.453331,"ws_winte_2":3.904138,"ws_winte_3":4.179713,"ws_winte_4":4.3070927,"ws_winte_5":3.9341912,"ws_winte_6":4.2134604,"ws_winte_7":4.4929824},"geometry":{"type":"MultiPolygon","coordinates":[[[[-2.99403336977923,57.17685893950785],[-2.995240578202896,57.22176651495371],[-2.912454279402279,57.222395003856306],[-2.91134735031179,57.17748648262085],[-2.99403336977923,57.17685893950785]]]]}},{"type":"Feature","properties":{"x_coord":342500,"y_coord":847500,"ws_spring_":3.7947617,"ws_spring1":3.967237,"ws_sprin_1":4.163135,"ws_sprin_2":3.7601478,"ws_sprin_3":3.9262958,"ws_sprin_4":4.12198,"ws_sprin_5":3.641295,"ws_sprin_6":3.8541226,"ws_sprin_7":4.0482426,"ws_summer_":3.1742475,"ws_summer1":3.296074,"ws_summe_1":3.354426,"ws_summe_2":3.0005178,"ws_summe_3":3.113864,"ws_summe_4":3.2706256,"ws_summe_5":2.8212368,"ws_summe_6":3.0519454,"ws_summe_7":3.1264615,"ws_autumn_":3.817945,"ws_autumn1":3.9899864,"ws_autum_1":4.100732,"ws_autum_2":3.7396324,"ws_autum_3":3.8401089,"ws_autum_4":3.9746673,"ws_autum_5":3.7388263,"ws_autum_6":3.839557,"ws_autum_7":3.8975449,"ws_winter_":4.364482,"ws_winter1":4.6254063,"ws_winte_1":4.7978716,"ws_winte_2":4.2068377,"ws_winte_3":4.471835,"ws_winte_4":4.628173,"ws_winte_5":4.2314005,"ws_winte_6":4.568776,"ws_winte_7":4.8107986},"geometry":{"type":"MultiPolygon","coordinates":[[[[-3.00255985817824,57.491201899673406],[-3.003791914079704,57.53610714113228],[-2.920294999635834,57.53674346342617],[-2.919164388671331,57.491837038661586],[-3.00255985817824,57.491201899673406]]]]}},{"type":"Feature","properties":{"x_coord":347500,"y_coord":797500,"ws_spring_":3.0394607,"ws_spring1":3.1956458,"ws_sprin_1":3.4601521,"ws_sprin_2":3.0102997,"ws_sprin_3":3.2171578,"ws_sprin_4":3.4152439,"ws_sprin_5":2.899845,"ws_sprin_6":3.1162868,"ws_sprin_7":3.3768265,"ws_summer_":2.6007962,"ws_summer1":2.6840625,"ws_summe_1":2.7439485,"ws_summe_2":2.4249177,"ws_summe_3":2.5655742,"ws_summe_4":2.6619143,"ws_summe_5":2.2920399,"ws_summe_6":2.494807,"ws_summe_7":2.5492804,"ws_autumn_":2.9982908,"ws_autumn1":3.1519732,"ws_autum_1":3.280239,"ws_autum_2":2.9514332,"ws_autum_3":3.0406203,"ws_autum_4":3.1143405,"ws_autum_5":2.9524996,"ws_autum_6":3.020385,"ws_autum_7":3.171312,"ws_winter_":3.4507027,"ws_winter1":3.7811592,"ws_winte_1":4.0426846,"ws_winte_2":3.4168117,"ws_winte_3":3.6586246,"ws_winte_4":3.8471954,"ws_winte_5":3.3566508,"ws_winte_6":3.6889405,"ws_winte_7":4.0410933},"geometry":{"type":"MultiPolygon","coordinates":[[[[-2.908045022536952,57.04275925385775],[-2.909142846599281,57.087668507543896],[-2.826653369293719,57.08823987933044],[-2.825655345017422,57.04332982498899],[-2.908045022536952,57.04275925385775]]]]}},{"type":"Feature","properties":{"x_coord":347500,"y_coord":802500,"ws_spring_":3.0612886,"ws_spring1":3.1913974,"ws_sprin_1":3.387643,"ws_sprin_2":3.0564275,"ws_sprin_3":3.1856933,"ws_sprin_4":3.316831,"ws_sprin_5":2.9537225,"ws_sprin_6":3.1209602,"ws_sprin_7":3.25844,"ws_summer_":2.5539448,"ws_summer1":2.6295342,"ws_summe_1":2.7382674,"ws_summe_2":2.3965485,"ws_summe_3":2.5150685,"ws_summe_4":2.626769,"ws_summe_5":2.2708879,"ws_summe_6":2.4417093,"ws_summe_7":2.4988027,"ws_autumn_":2.7419953,"ws_autumn1":2.906772,"ws_autum_1":2.9918358,"ws_autum_2":2.6875978,"ws_autum_3":2.737555,"ws_autum_4":2.8525255,"ws_autum_5":2.5825171,"ws_autum_6":2.6761525,"ws_autum_7":2.7634695,"ws_winter_":3.1586418,"ws_winter1":3.4051147,"ws_winte_1":3.5602221,"ws_winte_2":3.0474038,"ws_winte_3":3.293982,"ws_winte_4":3.4317975,"ws_winte_5":3.0635543,"ws_winte_6":3.309845,"ws_winte_7":3.5655384},"geometry":{"type":"MultiPolygon","coordinates":[[[[-2.909142846599281,57.087668507543896],[-2.910244042027539,57.13257732420327],[-2.82765434060861,57.133149853402145],[-2.826653369293719,57.08823987933044],[-2.909142846599281,57.087668507543896]]]]}},{"type":"Feature","properties":{"x_coord":347500,"y_coord":807500,"ws_spring_":3.6940548,"ws_spring1":3.8394668,"ws_sprin_1":3.9529176,"ws_sprin_2":3.7166378,"ws_sprin_3":3.783881,"ws_sprin_4":3.9339404,"ws_sprin_5":3.6204689,"ws_sprin_6":3.7641532,"ws_sprin_7":3.8657165,"ws_summer_":3.0917575,"ws_summer1":3.1923983,"ws_summe_1":3.2854886,"ws_summe_2":2.8994422,"ws_summe_3":3.0451074,"ws_summe_4":3.2086658,"ws_summe_5":2.794617,"ws_summe_6":2.9701226,"ws_summe_7":3.059913,"ws_autumn_":3.488233,"ws_autumn1":3.6472366,"ws_autum_1":3.7288728,"ws_autum_2":3.4066148,"ws_autum_3":3.4994762,"ws_autum_4":3.6220565,"ws_autum_5":3.3007305,"ws_autum_6":3.3843625,"ws_autum_7":3.5070176,"ws_winter_":3.9931016,"ws_winter1":4.170777,"ws_winte_1":4.2842383,"ws_winte_2":3.8303933,"ws_winte_3":4.081166,"ws_winte_4":4.171153,"ws_winte_5":3.8240669,"ws_winte_6":4.0699625,"ws_winte_7":4.2817216},"geometry":{"type":"MultiPolygon","coordinates":[[[[-2.910244042027539,57.13257732420327],[-2.91134735031179,57.17748648262085],[-2.828658173710211,57.17805958053441],[-2.82765434060861,57.133149853402145],[-2.910244042027539,57.13257732420327]]]]}},{"type":"Feature","properties":{"x_coord":347500,"y_coord":812500,"ws_spring_":3.5981336,"ws_spring1":3.7442658,"ws_sprin_1":3.932174,"ws_sprin_2":3.6053898,"ws_sprin_3":3.7445474,"ws_sprin_4":3.9064224,"ws_sprin_5":3.4892533,"ws_sprin_6":3.6596446,"ws_sprin_7":3.8662598,"ws_summer_":3.0455856,"ws_summer1":3.1445754,"ws_summe_1":3.198832,"ws_summe_2":2.8513834,"ws_summe_3":2.9601367,"ws_summe_4":3.1237519,"ws_summe_5":2.6906774,"ws_summe_6":2.8982797,"ws_summe_7":2.9503865,"ws_autumn_":3.5880618,"ws_autumn1":3.732669,"ws_autum_1":3.8238213,"ws_autum_2":3.5163646,"ws_autum_3":3.5960884,"ws_autum_4":3.7085583,"ws_autum_5":3.4857242,"ws_autum_6":3.5811088,"ws_autum_7":3.6327682,"ws_winter_":4.059119,"ws_winter1":4.2907534,"ws_winte_1":4.4783783,"ws_winte_2":3.9536166,"ws_winte_3":4.1757474,"ws_winte_4":4.326606,"ws_winte_5":3.9361253,"ws_winte_6":4.219896,"ws_winte_7":4.46836},"geometry":{"type":"MultiPolygon","coordinates":[[[[-2.91134735031179,57.17748648262085],[-2.912454279402279,57.222395003856306],[-2.82966474040535,57.22296896904812],[-2.828658173710211,57.17805958053441],[-2.91134735031179,57.17748648262085]]]]}},{"type":"Feature","properties":{"x_coord":347500,"y_coord":817500,"ws_spring_":3.7065697,"ws_spring1":3.8799634,"ws_sprin_1":4.0725455,"ws_sprin_2":3.7352467,"ws_sprin_3":3.8744946,"ws_sprin_4":4.0092535,"ws_sprin_5":3.637317,"ws_sprin_6":3.8051631,"ws_sprin_7":3.9934509,"ws_summer_":3.1299782,"ws_summer1":3.2536914,"ws_summe_1":3.3201156,"ws_summe_2":2.9640534,"ws_summe_3":3.088626,"ws_summe_4":3.2423236,"ws_summe_5":2.7825089,"ws_summe_6":3.0126092,"ws_summe_7":3.091926,"ws_autumn_":3.726207,"ws_autumn1":3.8820786,"ws_autum_1":3.993278,"ws_autum_2":3.666451,"ws_autum_3":3.7390962,"ws_autum_4":3.8581555,"ws_autum_5":3.5847843,"ws_autum_6":3.6726718,"ws_autum_7":3.753777,"ws_winter_":4.2567706,"ws_winter1":4.4992785,"ws_winte_1":4.6602073,"ws_winte_2":4.1171885,"ws_winte_3":4.37512,"ws_winte_4":4.4993987,"ws_winte_5":4.1310153,"ws_winte_6":4.3913746,"ws_winte_7":4.661297},"geometry":{"type":"MultiPolygon","coordinates":[[[[-2.912454279402279,57.222395003856306],[-2.913564335400854,57.267303328077254],[-2.830674212226676,57.267878105786096],[-2.82966474040535,57.22296896904812],[-2.912454279402279,57.222395003856306]]]]}},{"type":"Feature","properties":{"x_coord":347500,"y_coord":847500,"ws_spring_":3.7594275,"ws_spring1":3.9319375,"ws_sprin_1":4.0911045,"ws_sprin_2":3.7124696,"ws_sprin_3":3.890716,"ws_sprin_4":4.060998,"ws_sprin_5":3.626847,"ws_sprin_6":3.817615,"ws_sprin_7":3.9946647,"ws_summer_":3.1622045,"ws_summer1":3.264499,"ws_summe_1":3.3195338,"ws_summe_2":2.9855576,"ws_summe_3":3.0966897,"ws_summe_4":3.2422059,"ws_summe_5":2.8280072,"ws_summe_6":3.0470548,"ws_summe_7":3.128222,"ws_autumn_":3.7546191,"ws_autumn1":3.9098918,"ws_autum_1":4.0187654,"ws_autum_2":3.691089,"ws_autum_3":3.7844367,"ws_autum_4":3.9166782,"ws_autum_5":3.6839929,"ws_autum_6":3.7551537,"ws_autum_7":3.8238404,"ws_winter_":4.2857475,"ws_winter1":4.5229616,"ws_winte_1":4.6543775,"ws_winte_2":4.1146593,"ws_winte_3":4.392241,"ws_winte_4":4.5222697,"ws_winte_5":4.15479,"ws_winte_6":4.473538,"ws_winte_7":4.6958666},"geometry":{"type":"MultiPolygon","coordinates":[[[[-2.919164388671331,57.491837038661586],[-2.920294999635834,57.53674346342617],[-2.836794099588702,57.53732558968907],[-2.835765817406283,57.49241798656169],[-2.919164388671331,57.491837038661586]]]]}},{"type":"Feature","properties":{"x_coord":347500,"y_coord":852500,"ws_spring_":3.774876,"ws_spring1":3.9543939,"ws_sprin_1":4.1204805,"ws_sprin_2":3.7620265,"ws_sprin_3":3.91474,"ws_sprin_4":4.1059804,"ws_sprin_5":3.6925952,"ws_sprin_6":3.8777683,"ws_sprin_7":4.0200696,"ws_summer_":3.158639,"ws_summer1":3.3009639,"ws_summe_1":3.3611236,"ws_summe_2":3.0181572,"ws_summe_3":3.1236274,"ws_summe_4":3.2892723,"ws_summe_5":2.8496544,"ws_summe_6":3.091455,"ws_summe_7":3.1857142,"ws_autumn_":3.5727334,"ws_autumn1":3.8034177,"ws_autum_1":3.8477542,"ws_autum_2":3.5335758,"ws_autum_3":3.634581,"ws_autum_4":3.7443016,"ws_autum_5":3.4862583,"ws_autum_6":3.579726,"ws_autum_7":3.707177,"ws_winter_":4.040438,"ws_winter1":4.2777653,"ws_winte_1":4.425222,"ws_winte_2":3.836388,"ws_winte_3":4.171294,"ws_winte_4":4.2974772,"ws_winte_5":3.9509003,"ws_winte_6":4.2512083,"ws_winte_7":4.523217},"geometry":{"type":"MultiPolygon","coordinates":[[[[-2.920294999635834,57.53674346342617],[-2.921428681129294,57.581650031280304],[-2.837825457962858,57.58223258901339],[-2.836794099588702,57.53732558968907],[-2.920294999635834,57.53674346342617]]]]}},{"type":"Feature","properties":{"x_coord":352500,"y_coord":797500,"ws_spring_":2.9481921,"ws_spring1":3.0873199,"ws_sprin_1":3.3034413,"ws_sprin_2":2.937537,"ws_sprin_3":3.0882194,"ws_sprin_4":3.2692242,"ws_sprin_5":2.852832,"ws_sprin_6":3.0108492,"ws_sprin_7":3.2001853,"ws_summer_":2.5601614,"ws_summer1":2.63427,"ws_summe_1":2.6884112,"ws_summe_2":2.3837442,"ws_summe_3":2.5046864,"ws_summe_4":2.6254857,"ws_summe_5":2.2682123,"ws_summe_6":2.450378,"ws_summe_7":2.5087557,"ws_autumn_":2.8366067,"ws_autumn1":2.9868078,"ws_autum_1":3.094802,"ws_autum_2":2.808911,"ws_autum_3":2.8673518,"ws_autum_4":2.963114,"ws_autum_5":2.7560403,"ws_autum_6":2.8429923,"ws_autum_7":2.911505,"ws_winter_":3.23648,"ws_winter1":3.489594,"ws_winte_1":3.661428,"ws_winte_2":3.1530108,"ws_winte_3":3.4048886,"ws_winte_4":3.5167491,"ws_winte_5":3.143935,"ws_winte_6":3.4237137,"ws_winte_7":3.6989632},"geometry":{"type":"MultiPolygon","coordinates":[[[[-2.825655345017422,57.04332982498899],[-2.826653369293719,57.08823987933044],[-2.7441617961695,57.088756762260246],[-2.743263356346687,57.043846052929545],[-2.825655345017422,57.04332982498899]]]]}},{"type":"Feature","properties":{"x_coord":352500,"y_coord":802500,"ws_spring_":3.1651182,"ws_spring1":3.2779167,"ws_sprin_1":3.401687,"ws_sprin_2":3.168679,"ws_sprin_3":3.253882,"ws_sprin_4":3.3756537,"ws_sprin_5":3.0694718,"ws_sprin_6":3.2084,"ws_sprin_7":3.3038945,"ws_summer_":2.6966357,"ws_summer1":2.7839584,"ws_summe_1":2.8473017,"ws_summe_2":2.5400822,"ws_summe_3":2.6549404,"ws_summe_4":2.7763364,"ws_summe_5":2.4244127,"ws_summe_6":2.5981596,"ws_summe_7":2.6604168,"ws_autumn_":2.858618,"ws_autumn1":3.0243936,"ws_autum_1":3.0944378,"ws_autum_2":2.8077962,"ws_autum_3":2.8639436,"ws_autum_4":2.9684567,"ws_autum_5":2.7192245,"ws_autum_6":2.7845685,"ws_autum_7":2.875405,"ws_winter_":3.2227318,"ws_winter1":3.3967528,"ws_winte_1":3.4728742,"ws_winte_2":3.066733,"ws_winte_3":3.2790952,"ws_winte_4":3.35329,"ws_winte_5":3.0769248,"ws_winte_6":3.276947,"ws_winte_7":3.480613},"geometry":{"type":"MultiPolygon","coordinates":[[[[-2.826653369293719,57.08823987933044],[-2.82765434060861,57.133149853402145],[-2.745062858693481,57.13366743323918],[-2.7441617961695,57.088756762260246],[-2.826653369293719,57.08823987933044]]]]}},{"type":"Feature","properties":{"x_coord":352500,"y_coord":817500,"ws_spring_":3.7727432,"ws_spring1":3.9230468,"ws_sprin_1":4.0837393,"ws_sprin_2":3.7821784,"ws_sprin_3":3.8917172,"ws_sprin_4":4.0346193,"ws_sprin_5":3.6984742,"ws_sprin_6":3.83914,"ws_sprin_7":4.000661,"ws_summer_":3.1743116,"ws_summer1":3.278621,"ws_summe_1":3.3682964,"ws_summe_2":3.0066562,"ws_summe_3":3.1294484,"ws_summe_4":3.2834601,"ws_summe_5":2.8457494,"ws_summe_6":3.0714612,"ws_summe_7":3.1509504,"ws_autumn_":3.647918,"ws_autumn1":3.7903156,"ws_autum_1":3.8823895,"ws_autum_2":3.5859704,"ws_autum_3":3.6622376,"ws_autum_4":3.763818,"ws_autum_5":3.5165741,"ws_autum_6":3.5955913,"ws_autum_7":3.6763458,"ws_winter_":4.10415,"ws_winter1":4.321458,"ws_winte_1":4.4645057,"ws_winte_2":3.963279,"ws_winte_3":4.2470117,"ws_winte_4":4.339193,"ws_winte_5":3.9899387,"ws_winte_6":4.2734714,"ws_winte_7":4.5047493},"geometry":{"type":"MultiPolygon","coordinates":[[[[-2.82966474040535,57.22296896904812],[-2.830674212226676,57.267878105786096],[-2.747781393440653,57.26839863651317],[-2.746873013762315,57.22348868375169],[-2.82966474040535,57.22296896904812]]]]}},{"type":"Feature","properties":{"x_coord":352500,"y_coord":842500,"ws_spring_":3.5373967,"ws_spring1":3.7218602,"ws_sprin_1":3.8645008,"ws_sprin_2":3.511732,"ws_sprin_3":3.6854215,"ws_sprin_4":3.8034127,"ws_sprin_5":3.434401,"ws_sprin_6":3.5996678,"ws_sprin_7":3.7748313,"ws_summer_":2.9746735,"ws_summer1":3.070374,"ws_summe_1":3.1261868,"ws_summe_2":2.7941098,"ws_summe_3":2.913922,"ws_summe_4":3.0459132,"ws_summe_5":2.6416278,"ws_summe_6":2.835478,"ws_summe_7":2.9263823,"ws_autumn_":3.4944701,"ws_autumn1":3.6396089,"ws_autum_1":3.74128,"ws_autum_2":3.4259682,"ws_autum_3":3.5093675,"ws_autum_4":3.6508343,"ws_autum_5":3.387767,"ws_autum_6":3.4608402,"ws_autum_7":3.5373802,"ws_winter_":3.9953418,"ws_winter1":4.231869,"ws_winte_1":4.350625,"ws_winte_2":3.8186328,"ws_winte_3":4.1149626,"ws_winte_4":4.238845,"ws_winte_5":3.8691769,"ws_winte_6":4.157562,"ws_winte_7":4.396421},"geometry":{"type":"MultiPolygon","coordinates":[[[[-2.834741032199509,57.44751060100911],[-2.835765817406283,57.49241798656169],[-2.752364419822938,57.492943779157585],[-2.751441351985052,57.44803516203443],[-2.834741032199509,57.44751060100911]]]]}},{"type":"Feature","properties":{"x_coord":352500,"y_coord":847500,"ws_spring_":3.5881634,"ws_spring1":3.7748542,"ws_sprin_1":3.8979213,"ws_sprin_2":3.572776,"ws_sprin_3":3.7202733,"ws_sprin_4":3.8542569,"ws_sprin_5":3.498336,"ws_sprin_6":3.6549802,"ws_sprin_7":3.8089669,"ws_summer_":3.0137947,"ws_summer1":3.1206594,"ws_summe_1":3.1893651,"ws_summe_2":2.8375106,"ws_summe_3":2.9598148,"ws_summe_4":3.1038098,"ws_summe_5":2.6915805,"ws_summe_6":2.8954492,"ws_summe_7":2.9945712,"ws_autumn_":3.4730906,"ws_autumn1":3.6405728,"ws_autum_1":3.7233315,"ws_autum_2":3.4076595,"ws_autum_3":3.507115,"ws_autum_4":3.6194599,"ws_autum_5":3.3643365,"ws_autum_6":3.4380195,"ws_autum_7":3.5363464,"ws_winter_":3.9529343,"ws_winter1":4.1717324,"ws_winte_1":4.278384,"ws_winte_2":3.740619,"ws_winte_3":4.052387,"ws_winte_4":4.167895,"ws_winte_5":3.8308578,"ws_winte_6":4.0915594,"ws_winte_7":4.3381815},"geometry":{"type":"MultiPolygon","coordinates":[[[[-2.835765817406283,57.49241798656169],[-2.836794099588702,57.53732558968907],[-2.753290224515738,57.53785200519404],[-2.752364419822938,57.492943779157585],[-2.835765817406283,57.49241798656169]]]]}},{"type":"Feature","properties":{"x_coord":352500,"y_coord":852500,"ws_spring_":3.7705746,"ws_spring1":3.947684,"ws_sprin_1":4.05976,"ws_sprin_2":3.763494,"ws_sprin_3":3.890761,"ws_sprin_4":4.046082,"ws_sprin_5":3.693404,"ws_sprin_6":3.8547463,"ws_sprin_7":3.968576,"ws_summer_":3.1384072,"ws_summer1":3.267704,"ws_summe_1":3.3266647,"ws_summe_2":2.9567516,"ws_summe_3":3.0868478,"ws_summe_4":3.2479331,"ws_summe_5":2.8297625,"ws_summe_6":3.0394766,"ws_summe_7":3.1420026,"ws_autumn_":3.5508595,"ws_autumn1":3.7314389,"ws_autum_1":3.7911115,"ws_autum_2":3.4942634,"ws_autum_3":3.6010208,"ws_autum_4":3.6816032,"ws_autum_5":3.4334455,"ws_autum_6":3.5119736,"ws_autum_7":3.646052,"ws_winter_":3.9932194,"ws_winter1":4.1884136,"ws_winte_1":4.291513,"ws_winte_2":3.7846344,"ws_winte_3":4.087636,"ws_winte_4":4.2088327,"ws_winte_5":3.8642604,"ws_winte_6":4.133814,"ws_winte_7":4.3768945},"geometry":{"type":"MultiPolygon","coordinates":[[[[-2.836794099588702,57.53732558968907],[-2.837825457962858,57.58223258901339],[-2.754218780716936,57.582759888249164],[-2.753290224515738,57.53785200519404],[-2.836794099588702,57.53732558968907]]]]}},{"type":"Feature","properties":{"x_coord":357500,"y_coord":792500,"ws_spring_":3.5766423,"ws_spring1":3.7820747,"ws_sprin_1":3.9982114,"ws_sprin_2":3.5981116,"ws_sprin_3":3.7501006,"ws_sprin_4":3.9492784,"ws_sprin_5":3.4663625,"ws_sprin_6":3.6603446,"ws_sprin_7":3.9162383,"ws_summer_":3.011939,"ws_summer1":3.0953844,"ws_summe_1":3.1858783,"ws_summe_2":2.803513,"ws_summe_3":2.9328668,"ws_summe_4":3.1013732,"ws_summe_5":2.636628,"ws_summe_6":2.8295445,"ws_summe_7":2.893111,"ws_autumn_":3.7258506,"ws_autumn1":3.8441548,"ws_autum_1":3.9768052,"ws_autum_2":3.6296735,"ws_autum_3":3.7244148,"ws_autum_4":3.8569283,"ws_autum_5":3.6199174,"ws_autum_6":3.7309117,"ws_autum_7":3.7681618,"ws_winter_":4.2447934,"ws_winter1":4.558253,"ws_winte_1":4.810324,"ws_winte_2":4.2144117,"ws_winte_3":4.491477,"ws_winte_4":4.6556416,"ws_winte_5":4.1842437,"ws_winte_6":4.5115666,"ws_winte_7":4.836902},"geometry":{"type":"MultiPolygon","coordinates":[[[[-2.742366878748258,56.99893416205657],[-2.743263356346687,57.043846052929545],[-2.660869349222502,57.04430693189586],[-2.660071742535635,56.99939477832378],[-2.742366878748258,56.99893416205657]]]]}},{"type":"Feature","properties":{"x_coord":357500,"y_coord":797500,"ws_spring_":2.9423687,"ws_spring1":3.0876474,"ws_sprin_1":3.2545083,"ws_sprin_2":2.9255445,"ws_sprin_3":3.0700603,"ws_sprin_4":3.2069983,"ws_sprin_5":2.8449755,"ws_sprin_6":3.0034516,"ws_sprin_7":3.1493232,"ws_summer_":2.5318694,"ws_summer1":2.6045222,"ws_summe_1":2.6655438,"ws_summe_2":2.3523502,"ws_summe_3":2.4761748,"ws_summe_4":2.6034966,"ws_summe_5":2.236827,"ws_summe_6":2.3951545,"ws_summe_7":2.4606771,"ws_autumn_":2.7967527,"ws_autumn1":2.9417074,"ws_autum_1":3.0297408,"ws_autum_2":2.750316,"ws_autum_3":2.7983954,"ws_autum_4":2.9197173,"ws_autum_5":2.6571727,"ws_autum_6":2.7623827,"ws_autum_7":2.7917895,"ws_winter_":3.1849568,"ws_winter1":3.3801334,"ws_winte_1":3.5248055,"ws_winte_2":3.0496914,"ws_winte_3":3.311147,"ws_winte_4":3.376714,"ws_winte_5":3.086758,"ws_winte_6":3.3103797,"ws_winte_7":3.5451546},"geometry":{"type":"MultiPolygon","coordinates":[[[[-2.743263356346687,57.043846052929545],[-2.7441617961695,57.088756762260246],[-2.66166781578167,57.08921889692554],[-2.660869349222502,57.04430693189586],[-2.743263356346687,57.043846052929545]]]]}},{"type":"Feature","properties":{"x_coord":357500,"y_coord":802500,"ws_spring_":3.4887338,"ws_spring1":3.6208253,"ws_sprin_1":3.7276478,"ws_sprin_2":3.4843667,"ws_sprin_3":3.5614693,"ws_sprin_4":3.6826847,"ws_sprin_5":3.367223,"ws_sprin_6":3.5163014,"ws_sprin_7":3.6215637,"ws_summer_":2.9382322,"ws_summer1":3.0334146,"ws_summe_1":3.0980585,"ws_summe_2":2.7509227,"ws_summe_3":2.8716354,"ws_summe_4":3.0163848,"ws_summe_5":2.6216383,"ws_summe_6":2.797751,"ws_summe_7":2.875919,"ws_autumn_":3.2685578,"ws_autumn1":3.4186904,"ws_autum_1":3.5086582,"ws_autum_2":3.1913466,"ws_autum_3":3.243045,"ws_autum_4":3.3814342,"ws_autum_5":3.0795143,"ws_autum_6":3.167617,"ws_autum_7":3.267233,"ws_winter_":3.6798637,"ws_winter1":3.8620796,"ws_winte_1":3.9533787,"ws_winte_2":3.523508,"ws_winte_3":3.7499611,"ws_winte_4":3.8227074,"ws_winte_5":3.5306993,"ws_winte_6":3.7024243,"ws_winte_7":3.951938},"geometry":{"type":"MultiPolygon","coordinates":[[[[-2.7441617961695,57.088756762260246],[-2.745062858693481,57.13366743323918],[-2.66246844874216,57.134130737561144],[-2.66166781578167,57.08921889692554],[-2.7441617961695,57.088756762260246]]]]}},{"type":"Feature","properties":{"x_coord":357500,"y_coord":812500,"ws_spring_":3.7318969,"ws_spring1":3.914367,"ws_sprin_1":4.099354,"ws_sprin_2":3.744372,"ws_sprin_3":3.8838687,"ws_sprin_4":4.0314026,"ws_sprin_5":3.616293,"ws_sprin_6":3.783715,"ws_sprin_7":3.9905415,"ws_summer_":3.1339762,"ws_summer1":3.246264,"ws_summe_1":3.3108437,"ws_summe_2":2.9182937,"ws_summe_3":3.035456,"ws_summe_4":3.2066827,"ws_summe_5":2.731627,"ws_summe_6":2.9530947,"ws_summe_7":3.030445,"ws_autumn_":3.778069,"ws_autumn1":3.8871021,"ws_autum_1":4.008116,"ws_autum_2":3.6692276,"ws_autum_3":3.753898,"ws_autum_4":3.8740258,"ws_autum_5":3.6204712,"ws_autum_6":3.7272143,"ws_autum_7":3.7445366,"ws_winter_":4.2717934,"ws_winter1":4.521819,"ws_winte_1":4.7553725,"ws_winte_2":4.1210365,"ws_winte_3":4.4142237,"ws_winte_4":4.5595117,"ws_winte_5":4.1326365,"ws_winte_6":4.418441,"ws_winte_7":4.696434},"geometry":{"type":"MultiPolygon","coordinates":[[[[-2.745966318284487,57.178578211403845],[-2.746873013762315,57.22348868375169],[-2.664077990668515,57.223953608483455],[-2.663271739629699,57.179042350642],[-2.745966318284487,57.178578211403845]]]]}},{"type":"Feature","properties":{"x_coord":357500,"y_coord":817500,"ws_spring_":3.6574795,"ws_spring1":3.8273857,"ws_sprin_1":3.9827409,"ws_sprin_2":3.6835434,"ws_sprin_3":3.784432,"ws_sprin_4":3.918672,"ws_sprin_5":3.5717254,"ws_sprin_6":3.7223048,"ws_sprin_7":3.8639064,"ws_summer_":3.0977893,"ws_summer1":3.2165859,"ws_summe_1":3.295995,"ws_summe_2":2.9071205,"ws_summe_3":3.0510278,"ws_summe_4":3.1907887,"ws_summe_5":2.7219234,"ws_summe_6":2.9526968,"ws_summe_7":3.0437818,"ws_autumn_":3.549998,"ws_autumn1":3.741361,"ws_autum_1":3.799593,"ws_autum_2":3.478291,"ws_autum_3":3.537054,"ws_autum_4":3.6865451,"ws_autum_5":3.3585167,"ws_autum_6":3.4580722,"ws_autum_7":3.5423584,"ws_winter_":4.0237927,"ws_winter1":4.2690754,"ws_winte_1":4.3769693,"ws_winte_2":3.8273232,"ws_winte_3":4.1517243,"ws_winte_4":4.230235,"ws_winte_5":3.898007,"ws_winte_6":4.1445026,"ws_winte_7":4.389609},"geometry":{"type":"MultiPolygon","coordinates":[[[[-2.746873013762315,57.22348868375169],[-2.747781393440653,57.26839863651317],[-2.664886154142212,57.26886459212655],[-2.664077990668515,57.223953608483455],[-2.746873013762315,57.22348868375169]]]]}},{"type":"Feature","properties":{"x_coord":357500,"y_coord":842500,"ws_spring_":3.5777411,"ws_spring1":3.7545905,"ws_sprin_1":3.8748622,"ws_sprin_2":3.5477536,"ws_sprin_3":3.692452,"ws_sprin_4":3.8183491,"ws_sprin_5":3.4532998,"ws_sprin_6":3.6228442,"ws_sprin_7":3.767285,"ws_summer_":2.9887497,"ws_summer1":3.0831265,"ws_summe_1":3.1586769,"ws_summe_2":2.7784193,"ws_summe_3":2.9089303,"ws_summe_4":3.0554707,"ws_summe_5":2.6346424,"ws_summe_6":2.8273768,"ws_summe_7":2.9228697,"ws_autumn_":3.454052,"ws_autumn1":3.5864692,"ws_autum_1":3.69488,"ws_autum_2":3.3704236,"ws_autum_3":3.4475644,"ws_autum_4":3.588073,"ws_autum_5":3.3171532,"ws_autum_6":3.3875134,"ws_autum_7":3.4576633,"ws_winter_":3.8691344,"ws_winter1":4.0880294,"ws_winte_1":4.2354155,"ws_winte_2":3.6994317,"ws_winte_3":3.991325,"ws_winte_4":4.1279235,"ws_winte_5":3.7610555,"ws_winte_6":4.027932,"ws_winte_7":4.2575326},"geometry":{"type":"MultiPolygon","coordinates":[[[[-2.751441351985052,57.44803516203443],[-2.752364419822938,57.492943779157585],[-2.66896032341638,57.49341413991264],[-2.668139563882432,57.448504497547056],[-2.751441351985052,57.44803516203443]]]]}},{"type":"Feature","properties":{"x_coord":357500,"y_coord":847500,"ws_spring_":3.5844529,"ws_spring1":3.751908,"ws_sprin_1":3.8505197,"ws_sprin_2":3.5564346,"ws_sprin_3":3.679613,"ws_sprin_4":3.8142095,"ws_sprin_5":3.4819903,"ws_sprin_6":3.6340191,"ws_sprin_7":3.7584596,"ws_summer_":2.9892673,"ws_summer1":3.0948346,"ws_summe_1":3.1587834,"ws_summe_2":2.7940974,"ws_summe_3":2.9214892,"ws_summe_4":3.0707378,"ws_summe_5":2.660922,"ws_summe_6":2.8552253,"ws_summe_7":2.952333,"ws_autumn_":3.4077256,"ws_autumn1":3.5553203,"ws_autum_1":3.6388195,"ws_autum_2":3.343602,"ws_autum_3":3.4223552,"ws_autum_4":3.5345676,"ws_autum_5":3.2825427,"ws_autum_6":3.363583,"ws_autum_7":3.4448256,"ws_winter_":3.8070283,"ws_winter1":4.0157595,"ws_winte_1":4.1133466,"ws_winte_2":3.6251705,"ws_winte_3":3.9164166,"ws_winte_4":4.0345535,"ws_winte_5":3.6932728,"ws_winte_6":3.9382672,"ws_winte_7":4.1686907},"geometry":{"type":"MultiPolygon","coordinates":[[[[-2.752364419822938,57.492943779157585],[-2.753290224515738,57.53785200519404],[-2.669783621907863,57.53832317013172],[-2.66896032341638,57.49341413991264],[-2.752364419822938,57.492943779157585]]]]}},{"type":"Feature","properties":{"x_coord":362500,"y_coord":792500,"ws_spring_":3.1485887,"ws_spring1":3.3409793,"ws_sprin_1":3.4983807,"ws_sprin_2":3.1695342,"ws_sprin_3":3.3018997,"ws_sprin_4":3.4388092,"ws_sprin_5":3.0468607,"ws_sprin_6":3.2193654,"ws_sprin_7":3.4090962,"ws_summer_":2.640421,"ws_summer1":2.7207155,"ws_summe_1":2.8076425,"ws_summe_2":2.4386182,"ws_summe_3":2.5475047,"ws_summe_4":2.7132764,"ws_summe_5":2.3022876,"ws_summe_6":2.4703424,"ws_summe_7":2.5286016,"ws_autumn_":3.0835488,"ws_autumn1":3.22616,"ws_autum_1":3.345323,"ws_autum_2":3.0130057,"ws_autum_3":3.0766735,"ws_autum_4":3.197825,"ws_autum_5":2.926642,"ws_autum_6":3.0275087,"ws_autum_7":3.067422,"ws_winter_":3.5313714,"ws_winter1":3.7855778,"ws_winte_1":4.0085864,"ws_winte_2":3.4310536,"ws_winte_3":3.7311082,"ws_winte_4":3.8439934,"ws_winte_5":3.462146,"ws_winte_6":3.7386303,"ws_winte_7":4.009664},"geometry":{"type":"MultiPolygon","coordinates":[[[[-2.660071742535635,56.99939477832378],[-2.660869349222502,57.04430693189586],[-2.57847200415413,57.044714159859545],[-2.577773662980047,56.99980138484542],[-2.660071742535635,56.99939477832378]]]]}},{"type":"Feature","properties":{"x_coord":362500,"y_coord":797500,"ws_spring_":2.9228332,"ws_spring1":3.0610824,"ws_sprin_1":3.1697993,"ws_sprin_2":2.9223943,"ws_sprin_3":3.0118034,"ws_sprin_4":3.1353774,"ws_sprin_5":2.8285594,"ws_sprin_6":2.9772754,"ws_sprin_7":3.0790985,"ws_summer_":2.4804177,"ws_summer1":2.551314,"ws_summe_1":2.6139789,"ws_summe_2":2.3037608,"ws_summe_3":2.401362,"ws_summe_4":2.546643,"ws_summe_5":2.2105737,"ws_summe_6":2.343723,"ws_summe_7":2.4122193,"ws_autumn_":2.7328558,"ws_autumn1":2.8418853,"ws_autum_1":2.9238207,"ws_autum_2":2.6658351,"ws_autum_3":2.709847,"ws_autum_4":2.8276107,"ws_autum_5":2.5567207,"ws_autum_6":2.643866,"ws_autum_7":2.7005577,"ws_winter_":3.0772278,"ws_winter1":3.228149,"ws_winte_1":3.3380063,"ws_winte_2":2.9315624,"ws_winte_3":3.1585526,"ws_winte_4":3.2249267,"ws_winte_5":2.9641309,"ws_winte_6":3.1565812,"ws_winte_7":3.3761528},"geometry":{"type":"MultiPolygon","coordinates":[[[[-2.660869349222502,57.04430693189586],[-2.66166781578167,57.08921889692554],[-2.579170515991376,57.089627031596116],[-2.57847200415413,57.044714159859545],[-2.660869349222502,57.04430693189586]]]]}},{"type":"Feature","properties":{"x_coord":362500,"y_coord":802500,"ws_spring_":3.377977,"ws_spring1":3.5211902,"ws_sprin_1":3.5959237,"ws_sprin_2":3.386947,"ws_sprin_3":3.4406612,"ws_sprin_4":3.5604885,"ws_sprin_5":3.2748885,"ws_sprin_6":3.411162,"ws_sprin_7":3.48947,"ws_summer_":2.8109639,"ws_summer1":2.9061332,"ws_summe_1":2.97781,"ws_summe_2":2.6061459,"ws_summe_3":2.710656,"ws_summe_4":2.886932,"ws_summe_5":2.5047195,"ws_summe_6":2.6627686,"ws_summe_7":2.733725,"ws_autumn_":3.1515844,"ws_autumn1":3.2651532,"ws_autum_1":3.3777149,"ws_autum_2":3.0328593,"ws_autum_3":3.1213007,"ws_autum_4":3.224277,"ws_autum_5":2.9245296,"ws_autum_6":3.0210261,"ws_autum_7":3.1123178,"ws_winter_":3.5322297,"ws_winter1":3.6647823,"ws_winte_1":3.764726,"ws_winte_2":3.3519433,"ws_winte_3":3.5925777,"ws_winte_4":3.6576219,"ws_winte_5":3.3667438,"ws_winte_6":3.5566967,"ws_winte_7":3.7865596},"geometry":{"type":"MultiPolygon","coordinates":[[[[-2.66166781578167,57.08921889692554],[-2.66246844874216,57.134130737561144],[-2.579871198005406,57.13453965119591],[-2.579170515991376,57.089627031596116],[-2.66166781578167,57.08921889692554]]]]}},{"type":"Feature","properties":{"x_coord":362500,"y_coord":812500,"ws_spring_":3.3920999,"ws_spring1":3.5400233,"ws_sprin_1":3.6827507,"ws_sprin_2":3.3781943,"ws_sprin_3":3.4842715,"ws_sprin_4":3.644075,"ws_sprin_5":3.2673078,"ws_sprin_6":3.4302554,"ws_sprin_7":3.594633,"ws_summer_":2.8595738,"ws_summer1":2.9486766,"ws_summe_1":2.9973412,"ws_summe_2":2.6451497,"ws_summe_3":2.763737,"ws_summe_4":2.9069934,"ws_summe_5":2.5070803,"ws_summe_6":2.689176,"ws_summe_7":2.7460728,"ws_autumn_":3.3936489,"ws_autumn1":3.4732385,"ws_autum_1":3.591416,"ws_autum_2":3.2808151,"ws_autum_3":3.3759384,"ws_autum_4":3.46942,"ws_autum_5":3.2592342,"ws_autum_6":3.3500881,"ws_autum_7":3.3840516,"ws_winter_":3.7671196,"ws_winter1":3.9800568,"ws_winte_1":4.194407,"ws_winte_2":3.6643555,"ws_winte_3":3.9078972,"ws_winte_4":4.0473886,"ws_winte_5":3.6641204,"ws_winte_6":3.9542823,"ws_winte_7":4.175551},"geometry":{"type":"MultiPolygon","coordinates":[[[[-2.663271739629699,57.179042350642],[-2.664077990668515,57.223953608483455],[-2.581280414364788,57.22436385318892],[-2.580574724785207,57.17945192077628],[-2.663271739629699,57.179042350642]]]]}},{"type":"Feature","properties":{"x_coord":362500,"y_coord":817500,"ws_spring_":3.2159104,"ws_spring1":3.3435607,"ws_sprin_1":3.4657567,"ws_sprin_2":3.2370129,"ws_sprin_3":3.3072407,"ws_sprin_4":3.4255135,"ws_sprin_5":3.1434734,"ws_sprin_6":3.2751274,"ws_sprin_7":3.3757865,"ws_summer_":2.6890683,"ws_summer1":2.7865226,"ws_summe_1":2.8616476,"ws_summe_2":2.5013223,"ws_summe_3":2.6132314,"ws_summe_4":2.7687478,"ws_summe_5":2.3695533,"ws_summe_6":2.5689347,"ws_summe_7":2.6339483,"ws_autumn_":2.9582226,"ws_autumn1":3.084802,"ws_autum_1":3.1763191,"ws_autum_2":2.8744645,"ws_autum_3":2.9509323,"ws_autum_4":3.041378,"ws_autum_5":2.7522004,"ws_autum_6":2.8604457,"ws_autum_7":2.9571671,"ws_winter_":3.2733498,"ws_winter1":3.4435482,"ws_winte_1":3.5716076,"ws_winte_2":3.1150417,"ws_winte_3":3.380277,"ws_winte_4":3.4899235,"ws_winte_5":3.1422317,"ws_winte_6":3.4281974,"ws_winte_7":3.627779},"geometry":{"type":"MultiPolygon","coordinates":[[[[-2.664077990668515,57.223953608483455],[-2.664886154142212,57.26886459212655],[-2.581988100075445,57.26927567357746],[-2.581280414364788,57.22436385318892],[-2.664077990668515,57.223953608483455]]]]}},{"type":"Feature","properties":{"x_coord":362500,"y_coord":822500,"ws_spring_":3.8428254,"ws_spring1":3.9970021,"ws_sprin_1":4.1234074,"ws_sprin_2":3.845387,"ws_sprin_3":3.9319718,"ws_sprin_4":4.082576,"ws_sprin_5":3.7602127,"ws_sprin_6":3.9012637,"ws_sprin_7":4.038703,"ws_summer_":3.2058952,"ws_summer1":3.3012893,"ws_summe_1":3.3731875,"ws_summe_2":2.9852207,"ws_summe_3":3.1219504,"ws_summe_4":3.2797456,"ws_summe_5":2.8347702,"ws_summe_6":3.0332212,"ws_summe_7":3.123286,"ws_autumn_":3.8455143,"ws_autumn1":3.9394908,"ws_autum_1":4.023076,"ws_autum_2":3.728119,"ws_autum_3":3.821289,"ws_autum_4":3.940785,"ws_autum_5":3.6711373,"ws_autum_6":3.7476928,"ws_autum_7":3.8135967,"ws_winter_":4.3094187,"ws_winter1":4.4901204,"ws_winte_1":4.643192,"ws_winte_2":4.139347,"ws_winte_3":4.4052672,"ws_winte_4":4.531944,"ws_winte_5":4.157901,"ws_winte_6":4.445365,"ws_winte_7":4.6429515},"geometry":{"type":"MultiPolygon","coordinates":[[[[-2.664886154142212,57.26886459212655],[-2.665694107607028,57.31377512634411],[-2.582695871418577,57.31418699585301],[-2.581988100075445,57.26927567357746],[-2.664886154142212,57.26886459212655]]]]}},{"type":"Feature","properties":{"x_coord":362500,"y_coord":827500,"ws_spring_":3.7840161,"ws_spring1":3.9770653,"ws_sprin_1":4.123072,"ws_sprin_2":3.7997768,"ws_sprin_3":3.91042,"ws_sprin_4":4.06521,"ws_sprin_5":3.7088628,"ws_sprin_6":3.8571396,"ws_sprin_7":4.006304,"ws_summer_":3.180399,"ws_summer1":3.2970588,"ws_summe_1":3.38004,"ws_summe_2":2.9848588,"ws_summe_3":3.1300392,"ws_summe_4":3.2834072,"ws_summe_5":2.7997272,"ws_summe_6":3.0413961,"ws_summe_7":3.142806,"ws_autumn_":3.6863759,"ws_autumn1":3.85841,"ws_autum_1":3.940108,"ws_autum_2":3.6214974,"ws_autum_3":3.6943557,"ws_autum_4":3.8149784,"ws_autum_5":3.5270844,"ws_autum_6":3.6195145,"ws_autum_7":3.7025056,"ws_winter_":4.1742425,"ws_winter1":4.4155283,"ws_winte_1":4.523865,"ws_winte_2":3.985557,"ws_winte_3":4.325304,"ws_winte_4":4.433051,"ws_winte_5":4.06503,"ws_winte_6":4.330199,"ws_winte_7":4.590659},"geometry":{"type":"MultiPolygon","coordinates":[[[[-2.665694107607028,57.31377512634411],[-2.666505936493503,57.35868526064227],[-2.583406157023056,57.35909792199577],[-2.582695871418577,57.31418699585301],[-2.665694107607028,57.31377512634411]]]]}},{"type":"Feature","properties":{"x_coord":362500,"y_coord":847500,"ws_spring_":3.7660644,"ws_spring1":3.956182,"ws_sprin_1":4.0632324,"ws_sprin_2":3.7523365,"ws_sprin_3":3.8879197,"ws_sprin_4":4.0332713,"ws_sprin_5":3.6745064,"ws_sprin_6":3.8363712,"ws_sprin_7":3.9804692,"ws_summer_":3.1575515,"ws_summer1":3.2653496,"ws_summe_1":3.3362412,"ws_summe_2":2.949823,"ws_summe_3":3.0959163,"ws_summe_4":3.2555642,"ws_summe_5":2.8035414,"ws_summe_6":3.010858,"ws_summe_7":3.1173165,"ws_autumn_":3.6012847,"ws_autumn1":3.7507427,"ws_autum_1":3.8545976,"ws_autum_2":3.5305943,"ws_autum_3":3.6118534,"ws_autum_4":3.7404277,"ws_autum_5":3.4686794,"ws_autum_6":3.5521579,"ws_autum_7":3.6397934,"ws_winter_":4.015088,"ws_winter1":4.222848,"ws_winte_1":4.339193,"ws_winte_2":3.8103962,"ws_winte_3":4.1383495,"ws_winte_4":4.2733335,"ws_winte_5":3.922131,"ws_winte_6":4.18311,"ws_winte_7":4.4184074},"geometry":{"type":"MultiPolygon","coordinates":[[[[-2.66896032341638,57.49341413991264],[-2.669783621907863,57.53832317013172],[-2.586274568169892,57.538739123776956],[-2.585553954155318,57.493829003262],[-2.66896032341638,57.49341413991264]]]]}},{"type":"Feature","properties":{"x_coord":367500,"y_coord":787500,"ws_spring_":3.6992943,"ws_spring1":3.822733,"ws_sprin_1":3.989451,"ws_sprin_2":3.7044702,"ws_sprin_3":3.7981293,"ws_sprin_4":3.9935577,"ws_sprin_5":3.6206074,"ws_sprin_6":3.7829719,"ws_sprin_7":3.954342,"ws_summer_":3.0609946,"ws_summer1":3.1356854,"ws_summe_1":3.16816,"ws_summe_2":2.8314939,"ws_summe_3":2.9592345,"ws_summe_4":3.0966175,"ws_summe_5":2.702398,"ws_summe_6":2.836187,"ws_summe_7":2.9166293,"ws_autumn_":3.7741833,"ws_autumn1":3.8243515,"ws_autum_1":3.9481647,"ws_autum_2":3.6351285,"ws_autum_3":3.726925,"ws_autum_4":3.8507695,"ws_autum_5":3.592549,"ws_autum_6":3.7397904,"ws_autum_7":3.7957406,"ws_winter_":4.122202,"ws_winter1":4.407634,"ws_winte_1":4.596751,"ws_winte_2":4.124617,"ws_winte_3":4.360121,"ws_winte_4":4.5393534,"ws_winte_5":4.0998273,"ws_winte_6":4.3839116,"ws_winte_7":4.6460834},"geometry":{"type":"MultiPolygon","coordinates":[[[[-2.577309672068806,56.969833290328964],[-2.577773662980047,56.99980138484542],[-2.495473285967193,57.00015402496851],[-2.49507625450785,56.970260118313206],[-2.577309672068806,56.969833290328964]]]]}},{"type":"Feature","properties":{"x_coord":367500,"y_coord":792500,"ws_spring_":3.0211356,"ws_spring1":3.1483254,"ws_sprin_1":3.2685287,"ws_sprin_2":3.0089345,"ws_sprin_3":3.1214747,"ws_sprin_4":3.2526817,"ws_sprin_5":2.9252927,"ws_sprin_6":3.069546,"ws_sprin_7":3.211845,"ws_summer_":2.5369637,"ws_summer1":2.6185298,"ws_summe_1":2.6513734,"ws_summe_2":2.3395858,"ws_summe_3":2.457405,"ws_summe_4":2.5972917,"ws_summe_5":2.23885,"ws_summe_6":2.3767123,"ws_summe_7":2.421594,"ws_autumn_":2.9538324,"ws_autumn1":3.0208173,"ws_autum_1":3.1168742,"ws_autum_2":2.8485653,"ws_autum_3":2.9076314,"ws_autum_4":3.0277998,"ws_autum_5":2.7924848,"ws_autum_6":2.8892894,"ws_autum_7":2.9216895,"ws_winter_":3.2572815,"ws_winter1":3.4630706,"ws_winte_1":3.6355586,"ws_winte_2":3.187459,"ws_winte_3":3.3911011,"ws_winte_4":3.519611,"ws_winte_5":3.2042403,"ws_winte_6":3.4444058,"ws_winte_7":3.6490688},"geometry":{"type":"MultiPolygon","coordinates":[[[[-2.577773662980047,56.99980138484542],[-2.57847200415413,57.044714159859545],[-2.496071936098426,57.04506760138641],[-2.495473285967193,57.00015402496851],[-2.577773662980047,56.99980138484542]]]]}},{"type":"Feature","properties":{"x_coord":367500,"y_coord":797500,"ws_spring_":2.8593419,"ws_spring1":2.9771047,"ws_sprin_1":3.0591495,"ws_sprin_2":2.8656714,"ws_sprin_3":2.9371002,"ws_sprin_4":3.0271697,"ws_sprin_5":2.764897,"ws_sprin_6":2.9004934,"ws_sprin_7":2.979779,"ws_summer_":2.4010153,"ws_summer1":2.4786222,"ws_summe_1":2.5348496,"ws_summe_2":2.2327182,"ws_summe_3":2.317678,"ws_summe_4":2.4801419,"ws_summe_5":2.134209,"ws_summe_6":2.2868328,"ws_summe_7":2.3367524,"ws_autumn_":2.6524498,"ws_autumn1":2.7581615,"ws_autum_1":2.8483994,"ws_autum_2":2.5674157,"ws_autum_3":2.6377044,"ws_autum_4":2.7297175,"ws_autum_5":2.4751496,"ws_autum_6":2.5568423,"ws_autum_7":2.6276689,"ws_winter_":2.980743,"ws_winter1":3.106881,"ws_winte_1":3.1763198,"ws_winte_2":2.8331194,"ws_winte_3":3.0406418,"ws_winte_4":3.0921662,"ws_winte_5":2.874207,"ws_winte_6":3.0190496,"ws_winte_7":3.2215142},"geometry":{"type":"MultiPolygon","coordinates":[[[[-2.57847200415413,57.044714159859545],[-2.579170515991376,57.089627031596116],[-2.496671423358935,57.089980942698354],[-2.496071936098426,57.04506760138641],[-2.57847200415413,57.044714159859545]]]]}},{"type":"Feature","properties":{"x_coord":367500,"y_coord":802500,"ws_spring_":3.662051,"ws_spring1":3.7905183,"ws_sprin_1":3.8952954,"ws_sprin_2":3.6637702,"ws_sprin_3":3.7359061,"ws_sprin_4":3.856996,"ws_sprin_5":3.577624,"ws_sprin_6":3.7036757,"ws_sprin_7":3.8018456,"ws_summer_":3.0545554,"ws_summer1":3.1345105,"ws_summe_1":3.172978,"ws_summe_2":2.838316,"ws_summe_3":2.950119,"ws_summe_4":3.109788,"ws_summe_5":2.725693,"ws_summe_6":2.8739069,"ws_summe_7":2.9398086,"ws_autumn_":3.5494301,"ws_autumn1":3.6514645,"ws_autum_1":3.7455642,"ws_autum_2":3.4405468,"ws_autum_3":3.52874,"ws_autum_4":3.6201344,"ws_autum_5":3.3601193,"ws_autum_6":3.4615283,"ws_autum_7":3.5239232,"ws_winter_":3.9511666,"ws_winter1":4.0854006,"ws_winte_1":4.1916995,"ws_winte_2":3.8027663,"ws_winte_3":4.031371,"ws_winte_4":4.1131024,"ws_winte_5":3.8106613,"ws_winte_6":4.045298,"ws_winte_7":4.2404933},"geometry":{"type":"MultiPolygon","coordinates":[[[[-2.579170515991376,57.089627031596116],[-2.579871198005406,57.13453965119591],[-2.497271971832707,57.13489393931841],[-2.496671423358935,57.089980942698354],[-2.579170515991376,57.089627031596116]]]]}},{"type":"Feature","properties":{"x_coord":367500,"y_coord":812500,"ws_spring_":3.4825788,"ws_spring1":3.6457257,"ws_sprin_1":3.7794163,"ws_sprin_2":3.4498107,"ws_sprin_3":3.5691593,"ws_sprin_4":3.7000618,"ws_sprin_5":3.358364,"ws_sprin_6":3.4998963,"ws_sprin_7":3.6473968,"ws_summer_":2.9264426,"ws_summer1":3.0294254,"ws_summe_1":3.0889423,"ws_summe_2":2.727509,"ws_summe_3":2.8330936,"ws_summe_4":2.9983468,"ws_summe_5":2.5589962,"ws_summe_6":2.7646384,"ws_summe_7":2.8320146,"ws_autumn_":3.508592,"ws_autumn1":3.6461136,"ws_autum_1":3.7213542,"ws_autum_2":3.3974526,"ws_autum_3":3.4827034,"ws_autum_4":3.6011434,"ws_autum_5":3.3471675,"ws_autum_6":3.428247,"ws_autum_7":3.4740555,"ws_winter_":3.9952362,"ws_winter1":4.2091165,"ws_winte_1":4.3356557,"ws_winte_2":3.8012767,"ws_winte_3":4.0990367,"ws_winte_4":4.195857,"ws_winte_5":3.855044,"ws_winte_6":4.095998,"ws_winte_7":4.326062},"geometry":{"type":"MultiPolygon","coordinates":[[[[-2.580574724785207,57.17945192077628],[-2.581280414364788,57.22436385318892],[-2.498480309354896,57.22471905634031],[-2.497875214590533,57.17980662352631],[-2.580574724785207,57.17945192077628]]]]}},{"type":"Feature","properties":{"x_coord":367500,"y_coord":817500,"ws_spring_":3.3542054,"ws_spring1":3.4926045,"ws_sprin_1":3.5851417,"ws_sprin_2":3.3590424,"ws_sprin_3":3.433452,"ws_sprin_4":3.55709,"ws_sprin_5":3.2715697,"ws_sprin_6":3.3924077,"ws_sprin_7":3.485377,"ws_summer_":2.8172266,"ws_summer1":2.9149866,"ws_summe_1":2.9695115,"ws_summe_2":2.6348438,"ws_summe_3":2.739474,"ws_summe_4":2.9058073,"ws_summe_5":2.4950473,"ws_summe_6":2.6965609,"ws_summe_7":2.7732377,"ws_autumn_":3.244709,"ws_autumn1":3.3766975,"ws_autum_1":3.4560711,"ws_autum_2":3.1680334,"ws_autum_3":3.2322032,"ws_autum_4":3.3538418,"ws_autum_5":3.0775976,"ws_autum_6":3.161205,"ws_autum_7":3.2422643,"ws_winter_":3.6562505,"ws_winter1":3.817328,"ws_winte_1":3.905021,"ws_winte_2":3.469212,"ws_winte_3":3.7260025,"ws_winte_4":3.819037,"ws_winte_5":3.529873,"ws_winte_6":3.725375,"ws_winte_7":3.9373527},"geometry":{"type":"MultiPolygon","coordinates":[[[[-2.581280414364788,57.22436385318892],[-2.581988100075445,57.26927567357746],[-2.499087355449568,57.26963209155776],[-2.498480309354896,57.22471905634031],[-2.581280414364788,57.22436385318892]]]]}},{"type":"Feature","properties":{"x_coord":367500,"y_coord":822500,"ws_spring_":3.8445892,"ws_spring1":3.9927533,"ws_sprin_1":4.111467,"ws_sprin_2":3.8233662,"ws_sprin_3":3.9203763,"ws_sprin_4":4.060366,"ws_sprin_5":3.736483,"ws_sprin_6":3.880783,"ws_sprin_7":4.0166054,"ws_summer_":3.2276428,"ws_summer1":3.316914,"ws_summe_1":3.3762302,"ws_summe_2":3.0047088,"ws_summe_3":3.1341088,"ws_summe_4":3.285252,"ws_summe_5":2.860168,"ws_summe_6":3.0447228,"ws_summe_7":3.1326804,"ws_autumn_":3.9369743,"ws_autumn1":4.0135083,"ws_autum_1":4.100091,"ws_autum_2":3.8044517,"ws_autum_3":3.905304,"ws_autum_4":4.015634,"ws_autum_5":3.7929473,"ws_autum_6":3.856583,"ws_autum_7":3.9125504,"ws_winter_":4.405621,"ws_winter1":4.5795546,"ws_winte_1":4.7244987,"ws_winte_2":4.2438507,"ws_winte_3":4.4992657,"ws_winte_4":4.613853,"ws_winte_5":4.2683825,"ws_winte_6":4.518828,"ws_winte_7":4.7226963},"geometry":{"type":"MultiPolygon","coordinates":[[[[-2.581988100075445,57.26927567357746],[-2.582695871418577,57.31418699585301],[-2.499695784719755,57.31454399797604],[-2.499087355449568,57.26963209155776],[-2.581988100075445,57.26927567357746]]]]}},{"type":"Feature","properties":{"x_coord":367500,"y_coord":827500,"ws_spring_":3.5815651,"ws_spring1":3.7661393,"ws_sprin_1":3.9079776,"ws_sprin_2":3.5681145,"ws_sprin_3":3.6773732,"ws_sprin_4":3.8260033,"ws_sprin_5":3.4708233,"ws_sprin_6":3.6208801,"ws_sprin_7":3.7677963,"ws_summer_":2.985907,"ws_summer1":3.0945013,"ws_summe_1":3.1742184,"ws_summe_2":2.7633653,"ws_summe_3":2.8953524,"ws_summe_4":3.0645406,"ws_summe_5":2.6079793,"ws_summe_6":2.814404,"ws_summe_7":2.9091992,"ws_autumn_":3.4310384,"ws_autumn1":3.5754108,"ws_autum_1":3.6841838,"ws_autum_2":3.334933,"ws_autum_3":3.4208844,"ws_autum_4":3.5290482,"ws_autum_5":3.2523067,"ws_autum_6":3.3319328,"ws_autum_7":3.4126556,"ws_winter_":3.8735206,"ws_winter1":4.103915,"ws_winte_1":4.2394195,"ws_winte_2":3.6788146,"ws_winte_3":4.0107226,"ws_winte_4":4.1432467,"ws_winte_5":3.7631688,"ws_winte_6":4.043948,"ws_winte_7":4.300449},"geometry":{"type":"MultiPolygon","coordinates":[[[[-2.582695871418577,57.31418699585301],[-2.583406157023056,57.35909792199577],[-2.500305140052894,57.35945564984709],[-2.499695784719755,57.31454399797604],[-2.582695871418577,57.31418699585301]]]]}},{"type":"Feature","properties":{"x_coord":372500,"y_coord":792500,"ws_spring_":3.3488724,"ws_spring1":3.4828327,"ws_sprin_1":3.6473308,"ws_sprin_2":3.3127708,"ws_sprin_3":3.452959,"ws_sprin_4":3.6071758,"ws_sprin_5":3.2044399,"ws_sprin_6":3.3751998,"ws_sprin_7":3.5631833,"ws_summer_":2.823171,"ws_summer1":2.8990064,"ws_summe_1":2.9302688,"ws_summe_2":2.58621,"ws_summe_3":2.687305,"ws_summe_4":2.8681407,"ws_summe_5":2.4313197,"ws_summe_6":2.6021407,"ws_summe_7":2.6635141,"ws_autumn_":3.4575226,"ws_autumn1":3.4872353,"ws_autum_1":3.6105053,"ws_autum_2":3.3104637,"ws_autum_3":3.4007545,"ws_autum_4":3.5083795,"ws_autum_5":3.2973409,"ws_autum_6":3.4094563,"ws_autum_7":3.4439285,"ws_winter_":3.776474,"ws_winter1":4.021953,"ws_winte_1":4.185872,"ws_winte_2":3.736184,"ws_winte_3":3.9574666,"ws_winte_4":4.0925636,"ws_winte_5":3.7260602,"ws_winte_6":3.9936721,"ws_winte_7":4.2286615},"geometry":{"type":"MultiPolygon","coordinates":[[[[-2.495473285967193,57.00015402496851],[-2.496071936098426,57.04506760138641],[-2.413670480937821,57.04536612278123],[-2.413171184077359,57.00045166937682],[-2.495473285967193,57.00015402496851]]]]}},{"type":"Feature","properties":{"x_coord":372500,"y_coord":797500,"ws_spring_":3.1231887,"ws_spring1":3.2638307,"ws_sprin_1":3.3675454,"ws_sprin_2":3.0833604,"ws_sprin_3":3.208362,"ws_sprin_4":3.2977958,"ws_sprin_5":3.0043073,"ws_sprin_6":3.1366346,"ws_sprin_7":3.2434673,"ws_summer_":2.5621142,"ws_summer1":2.6538048,"ws_summe_1":2.710541,"ws_summe_2":2.364046,"ws_summe_3":2.4719207,"ws_summe_4":2.648994,"ws_summe_5":2.2308154,"ws_summe_6":2.410278,"ws_summe_7":2.4471984,"ws_autumn_":3.061873,"ws_autumn1":3.1459107,"ws_autum_1":3.2494137,"ws_autum_2":2.9685585,"ws_autum_3":3.0075643,"ws_autum_4":3.101795,"ws_autum_5":2.8609679,"ws_autum_6":2.9744544,"ws_autum_7":3.0081475,"ws_winter_":3.4512374,"ws_winter1":3.6381233,"ws_winte_1":3.723648,"ws_winte_2":3.3025784,"ws_winte_3":3.5336158,"ws_winte_4":3.621858,"ws_winte_5":3.3494015,"ws_winte_6":3.5438938,"ws_winte_7":3.7547386},"geometry":{"type":"MultiPolygon","coordinates":[[[[-2.496071936098426,57.04506760138641],[-2.496671423358935,57.089980942698354],[-2.414170254409181,57.09028058145446],[-2.413670480937821,57.04536612278123],[-2.496071936098426,57.04506760138641]]]]}},{"type":"Feature","properties":{"x_coord":372500,"y_coord":802500,"ws_spring_":3.7943673,"ws_spring1":3.939502,"ws_sprin_1":4.056408,"ws_sprin_2":3.77528,"ws_sprin_3":3.863844,"ws_sprin_4":3.9975345,"ws_sprin_5":3.6845288,"ws_sprin_6":3.832192,"ws_sprin_7":3.959909,"ws_summer_":3.1486735,"ws_summer1":3.2467842,"ws_summe_1":3.2994952,"ws_summe_2":2.9345095,"ws_summe_3":3.053145,"ws_summe_4":3.2149055,"ws_summe_5":2.785907,"ws_summe_6":2.946821,"ws_summe_7":3.0252318,"ws_autumn_":3.9291377,"ws_autumn1":3.9959512,"ws_autum_1":4.106049,"ws_autum_2":3.7998428,"ws_autum_3":3.8848615,"ws_autum_4":3.9961166,"ws_autum_5":3.7410798,"ws_autum_6":3.834102,"ws_autum_7":3.8807666,"ws_winter_":4.454185,"ws_winter1":4.6375475,"ws_winte_1":4.754984,"ws_winte_2":4.270459,"ws_winte_3":4.5247793,"ws_winte_4":4.62247,"ws_winte_5":4.321421,"ws_winte_6":4.523996,"ws_winte_7":4.7482786},"geometry":{"type":"MultiPolygon","coordinates":[[[[-2.496671423358935,57.089980942698354],[-2.497271971832707,57.13489393931841],[-2.414671885786235,57.13519394570508],[-2.414170254409181,57.09028058145446],[-2.496671423358935,57.089980942698354]]]]}},{"type":"Feature","properties":{"x_coord":372500,"y_coord":807500,"ws_spring_":3.6207128,"ws_spring1":3.7945278,"ws_sprin_1":3.9138603,"ws_sprin_2":3.5817456,"ws_sprin_3":3.6789036,"ws_sprin_4":3.8296514,"ws_sprin_5":3.4842515,"ws_sprin_6":3.6451764,"ws_sprin_7":3.7868512,"ws_summer_":3.0199966,"ws_summer1":3.1083086,"ws_summe_1":3.1481247,"ws_summe_2":2.757583,"ws_summe_3":2.8889997,"ws_summe_4":3.0409846,"ws_summe_5":2.628119,"ws_summe_6":2.7738361,"ws_summe_7":2.8499131,"ws_autumn_":3.6585438,"ws_autumn1":3.7440064,"ws_autum_1":3.8269653,"ws_autum_2":3.4942613,"ws_autum_3":3.592184,"ws_autum_4":3.7214222,"ws_autum_5":3.434311,"ws_autum_6":3.5605602,"ws_autum_7":3.5661156,"ws_winter_":4.1179547,"ws_winter1":4.329477,"ws_winte_1":4.5399647,"ws_winte_2":3.9330907,"ws_winte_3":4.2437215,"ws_winte_4":4.3633795,"ws_winte_5":3.972136,"ws_winte_6":4.24288,"ws_winte_7":4.487476},"geometry":{"type":"MultiPolygon","coordinates":[[[[-2.497271971832707,57.13489393931841],[-2.497875214590533,57.17980662352631],[-2.415173763904285,57.18010670609346],[-2.414671885786235,57.13519394570508],[-2.497271971832707,57.13489393931841]]]]}},{"type":"Feature","properties":{"x_coord":372500,"y_coord":812500,"ws_spring_":3.263083,"ws_spring1":3.4022763,"ws_sprin_1":3.5132458,"ws_sprin_2":3.246284,"ws_sprin_3":3.316499,"ws_sprin_4":3.4515,"ws_sprin_5":3.1402507,"ws_sprin_6":3.287952,"ws_sprin_7":3.3792005,"ws_summer_":2.6927743,"ws_summer1":2.7866852,"ws_summe_1":2.8332307,"ws_summe_2":2.474595,"ws_summe_3":2.5998898,"ws_summe_4":2.7456224,"ws_summe_5":2.362758,"ws_summe_6":2.5050073,"ws_summe_7":2.5782688,"ws_autumn_":3.0801463,"ws_autumn1":3.1985288,"ws_autum_1":3.2760487,"ws_autum_2":2.9597185,"ws_autum_3":3.0426533,"ws_autum_4":3.1502025,"ws_autum_5":2.8550353,"ws_autum_6":2.97668,"ws_autum_7":3.0332124,"ws_winter_":3.4377327,"ws_winter1":3.6154943,"ws_winte_1":3.7601433,"ws_winte_2":3.2556908,"ws_winte_3":3.5425117,"ws_winte_4":3.656292,"ws_winte_5":3.2937622,"ws_winte_6":3.5787463,"ws_winte_7":3.7733116},"geometry":{"type":"MultiPolygon","coordinates":[[[[-2.497875214590533,57.17980662352631],[-2.498480309354896,57.22471905634031],[-2.41567831617697,57.22501976433605],[-2.415173763904285,57.18010670609346],[-2.497875214590533,57.17980662352631]]]]}},{"type":"Feature","properties":{"x_coord":372500,"y_coord":817500,"ws_spring_":3.435781,"ws_spring1":3.5861983,"ws_sprin_1":3.6707356,"ws_sprin_2":3.426887,"ws_sprin_3":3.4849033,"ws_sprin_4":3.6277955,"ws_sprin_5":3.3197975,"ws_sprin_6":3.459397,"ws_sprin_7":3.5203748,"ws_summer_":2.825973,"ws_summer1":2.9269261,"ws_summe_1":2.9861894,"ws_summe_2":2.613258,"ws_summe_3":2.7335572,"ws_summe_4":2.8943384,"ws_summe_5":2.4668067,"ws_summe_6":2.6458728,"ws_summe_7":2.7298346,"ws_autumn_":3.2847962,"ws_autumn1":3.4206192,"ws_autum_1":3.5112357,"ws_autum_2":3.1524563,"ws_autum_3":3.2389748,"ws_autum_4":3.384404,"ws_autum_5":3.0518897,"ws_autum_6":3.1354136,"ws_autum_7":3.2243958,"ws_winter_":3.7196012,"ws_winter1":3.9012885,"ws_winte_1":3.9905887,"ws_winte_2":3.5077891,"ws_winte_3":3.7815585,"ws_winte_4":3.8786602,"ws_winte_5":3.5609672,"ws_winte_6":3.75755,"ws_winte_7":3.9772274},"geometry":{"type":"MultiPolygon","coordinates":[[[[-2.498480309354896,57.22471905634031],[-2.499087355449568,57.26963209155776],[-2.416184543226778,57.269933748755115],[-2.41567831617697,57.22501976433605],[-2.498480309354896,57.22471905634031]]]]}},{"type":"Feature","properties":{"x_coord":372500,"y_coord":827500,"ws_spring_":3.6059716,"ws_spring1":3.7878754,"ws_sprin_1":3.8507304,"ws_sprin_2":3.5968652,"ws_sprin_3":3.6693993,"ws_sprin_4":3.8159347,"ws_sprin_5":3.512415,"ws_sprin_6":3.6446953,"ws_sprin_7":3.7426572,"ws_summer_":3.0196793,"ws_summer1":3.1351013,"ws_summe_1":3.2029984,"ws_summe_2":2.7982183,"ws_summe_3":2.914364,"ws_summe_4":3.0994425,"ws_summe_5":2.6770074,"ws_summe_6":2.8403232,"ws_summe_7":2.9421108,"ws_autumn_":3.3540428,"ws_autumn1":3.5145366,"ws_autum_1":3.6044497,"ws_autum_2":3.2512538,"ws_autum_3":3.3438556,"ws_autum_4":3.4465206,"ws_autum_5":3.1465085,"ws_autum_6":3.2310498,"ws_autum_7":3.3302052,"ws_winter_":3.754622,"ws_winter1":3.924849,"ws_winte_1":4.0398955,"ws_winte_2":3.5258052,"ws_winte_3":3.813118,"ws_winte_4":3.9404762,"ws_winte_5":3.5922947,"ws_winte_6":3.847308,"ws_winte_7":4.069711},"geometry":{"type":"MultiPolygon","coordinates":[[[[-2.499695784719755,57.31454399797604],[-2.500305140052894,57.35945564984709],[-2.41720048437621,57.35975796889637],[-2.416691864941268,57.31484563745338],[-2.499695784719755,57.31454399797604]]]]}},{"type":"Feature","properties":{"x_coord":377500,"y_coord":787500,"ws_spring_":3.7741265,"ws_spring1":3.8933887,"ws_sprin_1":3.9954045,"ws_sprin_2":3.7535553,"ws_sprin_3":3.8395233,"ws_sprin_4":3.9644856,"ws_sprin_5":3.6711884,"ws_sprin_6":3.8229012,"ws_sprin_7":3.9458065,"ws_summer_":3.129344,"ws_summer1":3.2254815,"ws_summe_1":3.2453759,"ws_summe_2":2.9245934,"ws_summe_3":3.0527515,"ws_summe_4":3.17689,"ws_summe_5":2.7948375,"ws_summe_6":2.9426167,"ws_summe_7":3.01261,"ws_autumn_":3.916549,"ws_autumn1":3.971463,"ws_autum_1":4.0759716,"ws_autum_2":3.8099284,"ws_autum_3":3.850235,"ws_autum_4":3.970572,"ws_autum_5":3.7277923,"ws_autum_6":3.858291,"ws_autum_7":3.902594,"ws_winter_":4.3204513,"ws_winter1":4.524686,"ws_winte_1":4.690056,"ws_winte_2":4.249916,"ws_winte_3":4.4343266,"ws_winte_4":4.5764475,"ws_winte_5":4.256418,"ws_winte_6":4.481347,"ws_winte_7":4.6880636},"geometry":{"type":"MultiPolygon","coordinates":[[[[-2.412840926076734,56.97063260589142],[-2.413171184077359,57.00045166937682],[-2.330867580619548,57.00069511755285],[-2.33060372160688,56.970951035154314],[-2.412840926076734,56.97063260589142]]]]}},{"type":"Feature","properties":{"x_coord":377500,"y_coord":792500,"ws_spring_":3.53899,"ws_spring1":3.6707458,"ws_sprin_1":3.8108284,"ws_sprin_2":3.514785,"ws_sprin_3":3.6210048,"ws_sprin_4":3.791425,"ws_sprin_5":3.4092479,"ws_sprin_6":3.5629814,"ws_sprin_7":3.7458916,"ws_summer_":2.9650302,"ws_summer1":3.0458837,"ws_summe_1":3.07684,"ws_summe_2":2.7417927,"ws_summe_3":2.8337455,"ws_summe_4":3.0027063,"ws_summe_5":2.600701,"ws_summe_6":2.7440343,"ws_summe_7":2.8177085,"ws_autumn_":3.6177,"ws_autumn1":3.6955338,"ws_autum_1":3.7910736,"ws_autum_2":3.501944,"ws_autum_3":3.5806937,"ws_autum_4":3.7006164,"ws_autum_5":3.4703007,"ws_autum_6":3.614137,"ws_autum_7":3.6276035,"ws_winter_":3.9796937,"ws_winter1":4.2119923,"ws_winte_1":4.3809752,"ws_winte_2":3.9330916,"ws_winte_3":4.159642,"ws_winte_4":4.299817,"ws_winte_5":3.9335835,"ws_winte_6":4.2081156,"ws_winte_7":4.4323163},"geometry":{"type":"MultiPolygon","coordinates":[[[[-2.413171184077359,57.00045166937682],[-2.413670480937821,57.04536612278123],[-2.331266929320188,57.0456105598796],[-2.330867580619548,57.00069511755285],[-2.413171184077359,57.00045166937682]]]]}},{"type":"Feature","properties":{"x_coord":377500,"y_coord":797500,"ws_spring_":3.2340603,"ws_spring1":3.3609135,"ws_sprin_1":3.496518,"ws_sprin_2":3.1841729,"ws_sprin_3":3.2924004,"ws_sprin_4":3.4231606,"ws_sprin_5":3.0846052,"ws_sprin_6":3.2307346,"ws_sprin_7":3.3524928,"ws_summer_":2.6667588,"ws_summer1":2.7445714,"ws_summe_1":2.7648754,"ws_summe_2":2.4206228,"ws_summe_3":2.5462334,"ws_summe_4":2.7005935,"ws_summe_5":2.3019538,"ws_summe_6":2.448477,"ws_summe_7":2.5010266,"ws_autumn_":3.1926322,"ws_autumn1":3.2503486,"ws_autum_1":3.3480392,"ws_autum_2":3.0484366,"ws_autum_3":3.1256125,"ws_autum_4":3.2282157,"ws_autum_5":2.972412,"ws_autum_6":3.101935,"ws_autum_7":3.128879,"ws_winter_":3.53465,"ws_winter1":3.732399,"ws_winte_1":3.8970196,"ws_winte_2":3.3958592,"ws_winte_3":3.6466312,"ws_winte_4":3.7664936,"ws_winte_5":3.4288132,"ws_winte_6":3.6913006,"ws_winte_7":3.9013824},"geometry":{"type":"MultiPolygon","coordinates":[[[[-2.413670480937821,57.04536612278123],[-2.414170254409181,57.09028058145446],[-2.331667470750175,57.090525654700144],[-2.331266929320188,57.0456105598796],[-2.413670480937821,57.04536612278123]]]]}},{"type":"Feature","properties":{"x_coord":377500,"y_coord":802500,"ws_spring_":3.4669774,"ws_spring1":3.6020522,"ws_sprin_1":3.714573,"ws_sprin_2":3.4382043,"ws_sprin_3":3.4918296,"ws_sprin_4":3.6298962,"ws_sprin_5":3.3339431,"ws_sprin_6":3.48803,"ws_sprin_7":3.5491416,"ws_summer_":2.8316383,"ws_summer1":2.924374,"ws_summe_1":2.9625301,"ws_summe_2":2.5969715,"ws_summe_3":2.732986,"ws_summe_4":2.8521774,"ws_summe_5":2.472334,"ws_summe_6":2.6126204,"ws_summe_7":2.6810539,"ws_autumn_":3.37569,"ws_autumn1":3.4552026,"ws_autum_1":3.5414577,"ws_autum_2":3.2221038,"ws_autum_3":3.3091614,"ws_autum_4":3.40198,"ws_autum_5":3.0991201,"ws_autum_6":3.2326999,"ws_autum_7":3.2738583,"ws_winter_":3.7467103,"ws_winter1":3.9291682,"ws_winte_1":4.0803704,"ws_winte_2":3.5480068,"ws_winte_3":3.8294568,"ws_winte_4":3.9483142,"ws_winte_5":3.5943065,"ws_winte_6":3.8636482,"ws_winte_7":4.0496817},"geometry":{"type":"MultiPolygon","coordinates":[[[[-2.414170254409181,57.09028058145446],[-2.414671885786235,57.13519394570508],[-2.332070755862298,57.13543951274015],[-2.331667470750175,57.090525654700144],[-2.414170254409181,57.09028058145446]]]]}},{"type":"Feature","properties":{"x_coord":377500,"y_coord":807500,"ws_spring_":3.5619347,"ws_spring1":3.7011452,"ws_sprin_1":3.7904797,"ws_sprin_2":3.5109344,"ws_sprin_3":3.5759308,"ws_sprin_4":3.726478,"ws_sprin_5":3.4389405,"ws_sprin_6":3.5802155,"ws_sprin_7":3.6397557,"ws_summer_":2.9594436,"ws_summer1":3.042667,"ws_summe_1":3.0986881,"ws_summe_2":2.7200236,"ws_summe_3":2.843504,"ws_summe_4":2.97245,"ws_summe_5":2.6096575,"ws_summe_6":2.7349663,"ws_summe_7":2.8227355,"ws_autumn_":3.4346802,"ws_autumn1":3.5366096,"ws_autum_1":3.6068192,"ws_autum_2":3.2806149,"ws_autum_3":3.356727,"ws_autum_4":3.4656806,"ws_autum_5":3.166324,"ws_autum_6":3.2936673,"ws_autum_7":3.3379521,"ws_winter_":3.8003647,"ws_winter1":3.96474,"ws_winte_1":4.0883756,"ws_winte_2":3.5963998,"ws_winte_3":3.8564727,"ws_winte_4":3.952393,"ws_winte_5":3.620732,"ws_winte_6":3.8941677,"ws_winte_7":4.055319},"geometry":{"type":"MultiPolygon","coordinates":[[[[-2.414671885786235,57.13519394570508],[-2.415173763904285,57.18010670609346],[-2.332473297408601,57.180352765864185],[-2.332070755862298,57.13543951274015],[-2.414671885786235,57.13519394570508]]]]}},{"type":"Feature","properties":{"x_coord":377500,"y_coord":812500,"ws_spring_":3.6533928,"ws_spring1":3.789172,"ws_sprin_1":3.8948226,"ws_sprin_2":3.6171021,"ws_sprin_3":3.6825867,"ws_sprin_4":3.8098683,"ws_sprin_5":3.5205185,"ws_sprin_6":3.6625652,"ws_sprin_7":3.7514966,"ws_summer_":3.0548012,"ws_summer1":3.1307836,"ws_summe_1":3.1745884,"ws_summe_2":2.797542,"ws_summe_3":2.923156,"ws_summe_4":3.0713522,"ws_summe_5":2.685943,"ws_summe_6":2.8181584,"ws_summe_7":2.9032173,"ws_autumn_":3.5794315,"ws_autumn1":3.681293,"ws_autum_1":3.7408073,"ws_autum_2":3.4238377,"ws_autum_3":3.5068386,"ws_autum_4":3.615783,"ws_autum_5":3.3513713,"ws_autum_6":3.4596012,"ws_autum_7":3.506256,"ws_winter_":3.9395823,"ws_winter1":4.099622,"ws_winte_1":4.242392,"ws_winte_2":3.7590423,"ws_winte_3":4.006526,"ws_winte_4":4.1097784,"ws_winte_5":3.7764316,"ws_winte_6":4.0367303,"ws_winte_7":4.219459},"geometry":{"type":"MultiPolygon","coordinates":[[[[-2.415173763904285,57.18010670609346],[-2.41567831617697,57.22501976433605],[-2.332873648139687,57.225266638279756],[-2.332473297408601,57.180352765864185],[-2.415173763904285,57.18010670609346]]]]}},{"type":"Feature","properties":{"x_coord":377500,"y_coord":817500,"ws_spring_":3.5114734,"ws_spring1":3.6429074,"ws_sprin_1":3.748885,"ws_sprin_2":3.4629116,"ws_sprin_3":3.5316021,"ws_sprin_4":3.6770027,"ws_sprin_5":3.384259,"ws_sprin_6":3.5219674,"ws_sprin_7":3.5795436,"ws_summer_":2.9035616,"ws_summer1":2.9957907,"ws_summe_1":3.0565,"ws_summe_2":2.670923,"ws_summe_3":2.7989063,"ws_summe_4":2.9378862,"ws_summe_5":2.5465684,"ws_summe_6":2.69694,"ws_summe_7":2.779811,"ws_autumn_":3.3594823,"ws_autumn1":3.473655,"ws_autum_1":3.536372,"ws_autum_2":3.2013562,"ws_autum_3":3.2980042,"ws_autum_4":3.392664,"ws_autum_5":3.104382,"ws_autum_6":3.2137637,"ws_autum_7":3.2728984,"ws_winter_":3.7132287,"ws_winter1":3.8611076,"ws_winte_1":3.9912763,"ws_winte_2":3.4949193,"ws_winte_3":3.7548122,"ws_winte_4":3.8733299,"ws_winte_5":3.5240295,"ws_winte_6":3.7895882,"ws_winte_7":3.9709435},"geometry":{"type":"MultiPolygon","coordinates":[[[[-2.41567831617697,57.22501976433605],[-2.416184543226778,57.269933748755115],[-2.333276584007418,57.2701811061568],[-2.332873648139687,57.225266638279756],[-2.41567831617697,57.22501976433605]]]]}},{"type":"Feature","properties":{"x_coord":377500,"y_coord":822500,"ws_spring_":3.686533,"ws_spring1":3.8244953,"ws_sprin_1":3.9235382,"ws_sprin_2":3.6370811,"ws_sprin_3":3.7201622,"ws_sprin_4":3.8707855,"ws_sprin_5":3.572989,"ws_sprin_6":3.7131805,"ws_sprin_7":3.7718463,"ws_summer_":3.0536885,"ws_summer1":3.1579762,"ws_summe_1":3.2308376,"ws_summe_2":2.8310523,"ws_summe_3":2.9504526,"ws_summe_4":3.0938275,"ws_summe_5":2.6934218,"ws_summe_6":2.8488078,"ws_summe_7":2.9429908,"ws_autumn_":3.5089035,"ws_autumn1":3.628207,"ws_autum_1":3.7054214,"ws_autum_2":3.362164,"ws_autum_3":3.452212,"ws_autum_4":3.550447,"ws_autum_5":3.2622209,"ws_autum_6":3.3632462,"ws_autum_7":3.441904,"ws_winter_":3.8635597,"ws_winter1":4.01908,"ws_winte_1":4.1548615,"ws_winte_2":3.6452732,"ws_winte_3":3.9250913,"ws_winte_4":4.0503445,"ws_winte_5":3.6840286,"ws_winte_6":3.954269,"ws_winte_7":4.137106},"geometry":{"type":"MultiPolygon","coordinates":[[[[-2.416184543226778,57.269933748755115],[-2.416691864941268,57.31484563745338],[-2.333686242601932,57.315092761365676],[-2.333276584007418,57.2701811061568],[-2.416184543226778,57.269933748755115]]]]}},{"type":"Feature","properties":{"x_coord":377500,"y_coord":827500,"ws_spring_":3.7294135,"ws_spring1":3.8921764,"ws_sprin_1":3.963894,"ws_sprin_2":3.6769912,"ws_sprin_3":3.7725987,"ws_sprin_4":3.9205883,"ws_sprin_5":3.6239758,"ws_sprin_6":3.7570949,"ws_sprin_7":3.810597,"ws_summer_":3.0966482,"ws_summer1":3.2112923,"ws_summe_1":3.2867935,"ws_summe_2":2.8807456,"ws_summe_3":2.9988785,"ws_summe_4":3.155384,"ws_summe_5":2.7404795,"ws_summe_6":2.913137,"ws_summe_7":3.0024943,"ws_autumn_":3.4615874,"ws_autumn1":3.6175194,"ws_autum_1":3.710696,"ws_autum_2":3.3160737,"ws_autum_3":3.4180093,"ws_autum_4":3.5220916,"ws_autum_5":3.2130313,"ws_autum_6":3.3183875,"ws_autum_7":3.4108748,"ws_winter_":3.8283286,"ws_winter1":4.0021076,"ws_winte_1":4.0723243,"ws_winte_2":3.5979755,"ws_winte_3":3.8620524,"ws_winte_4":3.974144,"ws_winte_5":3.6349647,"ws_winte_6":3.8699775,"ws_winte_7":4.072892},"geometry":{"type":"MultiPolygon","coordinates":[[[[-2.416691864941268,57.31484563745338],[-2.41720048437621,57.35975796889637],[-2.334093688257839,57.360005236912826],[-2.333686242601932,57.315092761365676],[-2.416691864941268,57.31484563745338]]]]}},{"type":"Feature","properties":{"x_coord":382500,"y_coord":797500,"ws_spring_":3.5325344,"ws_spring1":3.6763759,"ws_sprin_1":3.7892184,"ws_sprin_2":3.4957435,"ws_sprin_3":3.590686,"ws_sprin_4":3.7390008,"ws_sprin_5":3.3843815,"ws_sprin_6":3.5298295,"ws_sprin_7":3.656021,"ws_summer_":2.9370372,"ws_summer1":3.024659,"ws_summe_1":3.0483365,"ws_summe_2":2.6795354,"ws_summe_3":2.802298,"ws_summe_4":2.9620576,"ws_summe_5":2.5454426,"ws_summe_6":2.7039309,"ws_summe_7":2.7713723,"ws_autumn_":3.5577896,"ws_autumn1":3.6337528,"ws_autum_1":3.7125092,"ws_autum_2":3.3898263,"ws_autum_3":3.4828231,"ws_autum_4":3.61663,"ws_autum_5":3.3340824,"ws_autum_6":3.4819598,"ws_autum_7":3.5040169,"ws_winter_":3.9241252,"ws_winter1":4.143266,"ws_winte_1":4.278216,"ws_winte_2":3.8011882,"ws_winte_3":4.035365,"ws_winte_4":4.1748037,"ws_winte_5":3.8152206,"ws_winte_6":4.100811,"ws_winte_7":4.2936406},"geometry":{"type":"MultiPolygon","coordinates":[[[[-2.331266929320188,57.0456105598796],[-2.331667470750175,57.090525654700144],[-2.249164097809715,57.090715166366245],[-2.248862784222239,57.04580086854962],[-2.331266929320188,57.0456105598796]]]]}},{"type":"Feature","properties":{"x_coord":382500,"y_coord":802500,"ws_spring_":3.4406943,"ws_spring1":3.5574353,"ws_sprin_1":3.657423,"ws_sprin_2":3.3575146,"ws_sprin_3":3.4446273,"ws_sprin_4":3.5743237,"ws_sprin_5":3.303471,"ws_sprin_6":3.4302826,"ws_sprin_7":3.4929805,"ws_summer_":2.833252,"ws_summer1":2.9136133,"ws_summe_1":2.9483895,"ws_summe_2":2.5843675,"ws_summe_3":2.7148664,"ws_summe_4":2.841467,"ws_summe_5":2.4830413,"ws_summe_6":2.6195138,"ws_summe_7":2.6760945,"ws_autumn_":3.2511616,"ws_autumn1":3.3397713,"ws_autum_1":3.4244456,"ws_autum_2":3.0752873,"ws_autum_3":3.1817255,"ws_autum_4":3.2598362,"ws_autum_5":2.9725037,"ws_autum_6":3.129802,"ws_autum_7":3.1558943,"ws_winter_":3.528441,"ws_winter1":3.7133565,"ws_winte_1":3.816571,"ws_winte_2":3.358588,"ws_winte_3":3.5976963,"ws_winte_4":3.7145271,"ws_winte_5":3.3686156,"ws_winte_6":3.6399703,"ws_winte_7":3.806062},"geometry":{"type":"MultiPolygon","coordinates":[[[[-2.331667470750175,57.090525654700144],[-2.332070755862298,57.13543951274015],[-2.249466723659757,57.135630044521236],[-2.249164097809715,57.090715166366245],[-2.331667470750175,57.090525654700144]]]]}},{"type":"Feature","properties":{"x_coord":382500,"y_coord":807500,"ws_spring_":3.84696,"ws_spring1":3.9638984,"ws_sprin_1":4.076517,"ws_sprin_2":3.7419033,"ws_sprin_3":3.8580985,"ws_sprin_4":3.980605,"ws_sprin_5":3.7033482,"ws_sprin_6":3.8393943,"ws_sprin_7":3.8974278,"ws_summer_":3.1936426,"ws_summer1":3.2700546,"ws_summe_1":3.312741,"ws_summe_2":2.9170878,"ws_summe_3":3.0468297,"ws_summe_4":3.1777039,"ws_summe_5":2.8081079,"ws_summe_6":2.9404206,"ws_summe_7":3.0196924,"ws_autumn_":3.7218494,"ws_autumn1":3.8007705,"ws_autum_1":3.8924232,"ws_autum_2":3.5345447,"ws_autum_3":3.6250687,"ws_autum_4":3.7247398,"ws_autum_5":3.4371948,"ws_autum_6":3.5884318,"ws_autum_7":3.624229,"ws_winter_":4.045085,"ws_winter1":4.2183766,"ws_winte_1":4.333762,"ws_winte_2":3.8641083,"ws_winte_3":4.1019454,"ws_winte_4":4.216708,"ws_winte_5":3.8612475,"ws_winte_6":4.1307764,"ws_winte_7":4.3073983},"geometry":{"type":"MultiPolygon","coordinates":[[[[-2.332070755862298,57.13543951274015],[-2.332473297408601,57.180352765864185],[-2.249768662919687,57.18054488395906],[-2.249466723659757,57.135630044521236],[-2.332070755862298,57.13543951274015]]]]}},{"type":"Feature","properties":{"x_coord":382500,"y_coord":812500,"ws_spring_":3.6982846,"ws_spring1":3.8276234,"ws_sprin_1":3.9468093,"ws_sprin_2":3.6320865,"ws_sprin_3":3.7196221,"ws_sprin_4":3.8360138,"ws_sprin_5":3.536448,"ws_sprin_6":3.6821282,"ws_sprin_7":3.7768223,"ws_summer_":3.0934975,"ws_summer1":3.159958,"ws_summe_1":3.2056606,"ws_summe_2":2.8030875,"ws_summe_3":2.9292963,"ws_summe_4":3.0712106,"ws_summe_5":2.6810012,"ws_summe_6":2.8246424,"ws_summe_7":2.90132,"ws_autumn_":3.674271,"ws_autumn1":3.770588,"ws_autum_1":3.8273869,"ws_autum_2":3.4811676,"ws_autum_3":3.578799,"ws_autum_4":3.6936736,"ws_autum_5":3.4230418,"ws_autum_6":3.550672,"ws_autum_7":3.5881588,"ws_winter_":4.00418,"ws_winter1":4.1744766,"ws_winte_1":4.339061,"ws_winte_2":3.8215377,"ws_winte_3":4.0635605,"ws_winte_4":4.200393,"ws_winte_5":3.8257337,"ws_winte_6":4.119978,"ws_winte_7":4.304453},"geometry":{"type":"MultiPolygon","coordinates":[[[[-2.332473297408601,57.180352765864185],[-2.332873648139687,57.225266638279756],[-2.250067233399247,57.225459708675864],[-2.249768662919687,57.18054488395906],[-2.332473297408601,57.180352765864185]]]]}},{"type":"Feature","properties":{"x_coord":382500,"y_coord":817500,"ws_spring_":3.5998356,"ws_spring1":3.7306075,"ws_sprin_1":3.8424835,"ws_sprin_2":3.5318317,"ws_sprin_3":3.6200538,"ws_sprin_4":3.764914,"ws_sprin_5":3.4705532,"ws_sprin_6":3.6062005,"ws_sprin_7":3.6642613,"ws_summer_":2.9928954,"ws_summer1":3.0860736,"ws_summe_1":3.1485453,"ws_summe_2":2.7412155,"ws_summe_3":2.8716094,"ws_summe_4":3.0161843,"ws_summe_5":2.6173065,"ws_summe_6":2.7765772,"ws_summe_7":2.8632133,"ws_autumn_":3.3773773,"ws_autumn1":3.512366,"ws_autum_1":3.5796883,"ws_autum_2":3.2109065,"ws_autum_3":3.3334262,"ws_autum_4":3.4018865,"ws_autum_5":3.107519,"ws_autum_6":3.249387,"ws_autum_7":3.3074918,"ws_winter_":3.6979015,"ws_winter1":3.8780136,"ws_winte_1":3.972816,"ws_winte_2":3.4843419,"ws_winte_3":3.741391,"ws_winte_4":3.856554,"ws_winte_5":3.5051522,"ws_winte_6":3.788632,"ws_winte_7":3.9685197},"geometry":{"type":"MultiPolygon","coordinates":[[[[-2.332873648139687,57.225266638279756],[-2.333276584007418,57.2701811061568],[-2.250370573761491,57.27037337220397],[-2.250067233399247,57.225459708675864],[-2.332873648139687,57.225266638279756]]]]}},{"type":"Feature","properties":{"x_coord":387500,"y_coord":797500,"ws_spring_":3.7817256,"ws_spring1":3.927662,"ws_sprin_1":4.0352297,"ws_sprin_2":3.743566,"ws_sprin_3":3.8306599,"ws_sprin_4":3.9690654,"ws_sprin_5":3.634789,"ws_sprin_6":3.7713444,"ws_sprin_7":3.896705,"ws_summer_":3.117304,"ws_summer1":3.1976185,"ws_summe_1":3.230713,"ws_summe_2":2.8651407,"ws_summe_3":2.9864097,"ws_summe_4":3.1350265,"ws_summe_5":2.7101815,"ws_summe_6":2.8702934,"ws_summe_7":2.9485695,"ws_autumn_":3.803447,"ws_autumn1":3.9019172,"ws_autum_1":3.9759624,"ws_autum_2":3.6292663,"ws_autum_3":3.7353835,"ws_autum_4":3.8560047,"ws_autum_5":3.5718865,"ws_autum_6":3.7134137,"ws_autum_7":3.7522378,"ws_winter_":4.21566,"ws_winter1":4.423155,"ws_winte_1":4.5431705,"ws_winte_2":4.0834985,"ws_winte_3":4.312502,"ws_winte_4":4.4645762,"ws_winte_5":4.076989,"ws_winte_6":4.3796973,"ws_winte_7":4.573553},"geometry":{"type":"MultiPolygon","coordinates":[[[[-2.248862784222239,57.04580086854962],[-2.249164097809715,57.090715166366245],[-2.166661568670598,57.09085143381585],[-2.166458059716788,57.04593708653957],[-2.248862784222239,57.04580086854962]]]]}},{"type":"Feature","properties":{"x_coord":387500,"y_coord":802500,"ws_spring_":3.577641,"ws_spring1":3.7103984,"ws_sprin_1":3.8040187,"ws_sprin_2":3.5085073,"ws_sprin_3":3.604435,"ws_sprin_4":3.7285514,"ws_sprin_5":3.4527707,"ws_sprin_6":3.5619254,"ws_sprin_7":3.6404126,"ws_summer_":2.9226036,"ws_summer1":3.0065434,"ws_summe_1":3.042502,"ws_summe_2":2.6877227,"ws_summe_3":2.8186305,"ws_summe_4":2.9528425,"ws_summe_5":2.5539117,"ws_summe_6":2.70364,"ws_summe_7":2.7643976,"ws_autumn_":3.442164,"ws_autumn1":3.5440605,"ws_autum_1":3.6312337,"ws_autum_2":3.278521,"ws_autum_3":3.3897767,"ws_autum_4":3.4656105,"ws_autum_5":3.1897368,"ws_autum_6":3.328331,"ws_autum_7":3.3798516,"ws_winter_":3.8038857,"ws_winter1":3.9706497,"ws_winte_1":4.0611854,"ws_winte_2":3.638525,"ws_winte_3":3.8778884,"ws_winte_4":3.9724483,"ws_winte_5":3.6446068,"ws_winte_6":3.9088159,"ws_winte_7":4.084305},"geometry":{"type":"MultiPolygon","coordinates":[[[[-2.249164097809715,57.090715166366245],[-2.249466723659757,57.135630044521236],[-2.166860471195824,57.13576720765307],[-2.166661568670598,57.09085143381585],[-2.249164097809715,57.090715166366245]]]]}},{"type":"Feature","properties":{"x_coord":387500,"y_coord":812500,"ws_spring_":3.7996426,"ws_spring1":3.949731,"ws_sprin_1":4.054553,"ws_sprin_2":3.7486694,"ws_sprin_3":3.8351898,"ws_sprin_4":3.9582832,"ws_sprin_5":3.644675,"ws_sprin_6":3.791359,"ws_sprin_7":3.8905387,"ws_summer_":3.1662905,"ws_summer1":3.2320874,"ws_summe_1":3.2745209,"ws_summe_2":2.8913245,"ws_summe_3":3.0220845,"ws_summe_4":3.1671727,"ws_summe_5":2.749512,"ws_summe_6":2.9032557,"ws_summe_7":2.982944,"ws_autumn_":3.830962,"ws_autumn1":3.9355683,"ws_autum_1":3.9930813,"ws_autum_2":3.655564,"ws_autum_3":3.759975,"ws_autum_4":3.8703728,"ws_autum_5":3.6012712,"ws_autum_6":3.724139,"ws_autum_7":3.7688687,"ws_winter_":4.23973,"ws_winter1":4.439687,"ws_winte_1":4.5562067,"ws_winte_2":4.0587816,"ws_winte_3":4.3158417,"ws_winte_4":4.4372597,"ws_winte_5":4.071252,"ws_winte_6":4.368028,"ws_winte_7":4.564226},"geometry":{"type":"MultiPolygon","coordinates":[[[[-2.249768662919687,57.18054488395906],[-2.250067233399247,57.225459708675864],[-2.167263963859317,57.22559624043454],[-2.167060964844698,57.180682371613365],[-2.249768662919687,57.18054488395906]]]]}},{"type":"Feature","properties":{"x_coord":387500,"y_coord":817500,"ws_spring_":3.7989135,"ws_spring1":3.9411073,"ws_sprin_1":4.0514464,"ws_sprin_2":3.7281501,"ws_sprin_3":3.8163426,"ws_sprin_4":3.9631264,"ws_sprin_5":3.6626618,"ws_sprin_6":3.7921798,"ws_sprin_7":3.8544872,"ws_summer_":3.1353157,"ws_summer1":3.2328212,"ws_summe_1":3.2758133,"ws_summe_2":2.8776863,"ws_summe_3":3.0124424,"ws_summe_4":3.154467,"ws_summe_5":2.7421608,"ws_summe_6":2.8921537,"ws_summe_7":2.9805787,"ws_autumn_":3.6257432,"ws_autumn1":3.7687492,"ws_autum_1":3.834475,"ws_autum_2":3.465957,"ws_autum_3":3.5828671,"ws_autum_4":3.657648,"ws_autum_5":3.360416,"ws_autum_6":3.495475,"ws_autum_7":3.562085,"ws_winter_":4.0231824,"ws_winter1":4.2058115,"ws_winte_1":4.290872,"ws_winte_2":3.7979622,"ws_winte_3":4.066667,"ws_winte_4":4.1677885,"ws_winte_5":3.8265374,"ws_winte_6":4.102486,"ws_winte_7":4.2988},"geometry":{"type":"MultiPolygon","coordinates":[[[[-2.250067233399247,57.225459708675864],[-2.250370573761491,57.27037337220397],[-2.167465711292399,57.27051055083965],[-2.167263963859317,57.22559624043454],[-2.250067233399247,57.225459708675864]]]]}},{"type":"Feature","properties":{"x_coord":387500,"y_coord":832500,"ws_spring_":3.8101192,"ws_spring1":3.9807992,"ws_sprin_1":4.0678077,"ws_sprin_2":3.7667592,"ws_sprin_3":3.8402076,"ws_sprin_4":3.99333,"ws_sprin_5":3.6623466,"ws_sprin_6":3.8118062,"ws_sprin_7":3.9073658,"ws_summer_":3.164251,"ws_summer1":3.2520661,"ws_summe_1":3.3107815,"ws_summe_2":2.9121506,"ws_summe_3":3.0309055,"ws_summe_4":3.17403,"ws_summe_5":2.7735522,"ws_summe_6":2.9265897,"ws_summe_7":3.0168762,"ws_autumn_":3.7383552,"ws_autumn1":3.86907,"ws_autum_1":3.9131844,"ws_autum_2":3.571589,"ws_autum_3":3.684236,"ws_autum_4":3.7881742,"ws_autum_5":3.512817,"ws_autum_6":3.6088657,"ws_autum_7":3.6718266,"ws_winter_":4.1739297,"ws_winter1":4.364737,"ws_winte_1":4.498329,"ws_winte_2":3.9393563,"ws_winte_3":4.234193,"ws_winte_4":4.361476,"ws_winte_5":4.004248,"ws_winte_6":4.277451,"ws_winte_7":4.481595},"geometry":{"type":"MultiPolygon","coordinates":[[[[-2.250985921252509,57.36019853632646],[-2.251293345932261,57.40511152889632],[-2.168082764421729,57.40525054112819],[-2.167876055821599,57.36033707764836],[-2.250985921252509,57.36019853632646]]]]}},{"type":"Feature","properties":{"x_coord":387500,"y_coord":837500,"ws_spring_":3.810521,"ws_spring1":3.9579132,"ws_sprin_1":4.0526586,"ws_sprin_2":3.755951,"ws_sprin_3":3.8631554,"ws_sprin_4":4.0093694,"ws_sprin_5":3.7086957,"ws_sprin_6":3.850423,"ws_sprin_7":3.90842,"ws_summer_":3.175866,"ws_summer1":3.2706993,"ws_summe_1":3.3368049,"ws_summe_2":2.9567752,"ws_summe_3":3.0682113,"ws_summe_4":3.2085633,"ws_summe_5":2.8309104,"ws_summe_6":2.9885917,"ws_summe_7":3.0925364,"ws_autumn_":3.564899,"ws_autumn1":3.7205138,"ws_autum_1":3.792539,"ws_autum_2":3.4338887,"ws_autum_3":3.541391,"ws_autum_4":3.6346374,"ws_autum_5":3.3429565,"ws_autum_6":3.439341,"ws_autum_7":3.5260155,"ws_winter_":3.954289,"ws_winter1":4.123453,"ws_winte_1":4.2031875,"ws_winte_2":3.710242,"ws_winte_3":3.9892247,"ws_winte_4":4.102698,"ws_winte_5":3.7744648,"ws_winte_6":4.0143886,"ws_winte_7":4.231503},"geometry":{"type":"MultiPolygon","coordinates":[[[[-2.251293345932261,57.40511152889632],[-2.251600636153336,57.450024132171585],[-2.16828751434436,57.45016346618078],[-2.168082764421729,57.40525054112819],[-2.251293345932261,57.40511152889632]]]]}},{"type":"Feature","properties":{"x_coord":392500,"y_coord":832500,"ws_spring_":3.8183417,"ws_spring1":3.9680564,"ws_sprin_1":4.0720115,"ws_sprin_2":3.7633896,"ws_sprin_3":3.8763993,"ws_sprin_4":4.0189557,"ws_sprin_5":3.7188125,"ws_sprin_6":3.8554058,"ws_sprin_7":3.9177086,"ws_summer_":3.1703591,"ws_summer1":3.2605102,"ws_summe_1":3.3155913,"ws_summe_2":2.9446075,"ws_summe_3":3.0704443,"ws_summe_4":3.191852,"ws_summe_5":2.8257282,"ws_summe_6":2.9622378,"ws_summe_7":3.0604806,"ws_autumn_":3.5948837,"ws_autumn1":3.7439613,"ws_autum_1":3.8035374,"ws_autum_2":3.450507,"ws_autum_3":3.568271,"ws_autum_4":3.6536713,"ws_autum_5":3.3579469,"ws_autum_6":3.48844,"ws_autum_7":3.5392385,"ws_winter_":3.972665,"ws_winter1":4.1467886,"ws_winte_1":4.2462015,"ws_winte_2":3.7500863,"ws_winte_3":4.0305586,"ws_winte_4":4.1490817,"ws_winte_5":3.8040338,"ws_winte_6":4.0762115,"ws_winte_7":4.2845607},"geometry":{"type":"MultiPolygon","coordinates":[[[[-2.167876055821599,57.36033707764836],[-2.168082764421729,57.40525054112819],[-2.08486984292259,57.40533446047178],[-2.084765527643563,57.360420748952365],[-2.167876055821599,57.36033707764836]]]]}},{"type":"Feature","properties":{"x_coord":427500,"y_coord":92500,"ws_spring_":3.7519596,"ws_spring1":3.8993435,"ws_sprin_1":4.0868974,"ws_sprin_2":3.6279194,"ws_sprin_3":3.7927666,"ws_sprin_4":3.8396344,"ws_sprin_5":3.5764606,"ws_sprin_6":3.7692833,"ws_sprin_7":3.8839092,"ws_summer_":3.1611705,"ws_summer1":3.263017,"ws_summe_1":3.3776276,"ws_summe_2":2.9526696,"ws_summe_3":3.0826418,"ws_summe_4":3.1451979,"ws_summe_5":2.8130138,"ws_summe_6":2.9235091,"ws_summe_7":3.0419576,"ws_autumn_":3.581004,"ws_autumn1":3.8207836,"ws_autum_1":3.857122,"ws_autum_2":3.446961,"ws_autum_3":3.6072357,"ws_autum_4":3.7304325,"ws_autum_5":3.3290448,"ws_autum_6":3.4895127,"ws_autum_7":3.5605114,"ws_winter_":4.405487,"ws_winter1":4.598223,"ws_winte_1":4.6951857,"ws_winte_2":4.1876864,"ws_winte_3":4.550912,"ws_winte_4":4.722886,"ws_winte_5":4.3432593,"ws_winte_6":4.5080304,"ws_winte_7":4.8286695},"geometry":{"type":"MultiPolygon","coordinates":[[[[-1.598480316250375,50.75388873865396],[-1.576072022184217,50.7538093696316],[-1.576477475147755,50.70884684488601],[-1.597604547624213,50.70892145361764],[-1.598480316250375,50.75388873865396]]]]}},{"type":"Feature","properties":{"x_coord":427500,"y_coord":97500,"ws_spring_":3.5380142,"ws_spring1":3.688491,"ws_sprin_1":3.8502374,"ws_sprin_2":3.442953,"ws_sprin_3":3.6054554,"ws_sprin_4":3.6459851,"ws_sprin_5":3.4054284,"ws_sprin_6":3.565902,"ws_sprin_7":3.669789,"ws_summer_":2.996408,"ws_summer1":3.081312,"ws_summe_1":3.174792,"ws_summe_2":2.8213108,"ws_summe_3":2.9331393,"ws_summe_4":2.9840436,"ws_summe_5":2.7055826,"ws_summe_6":2.7743142,"ws_summe_7":2.8810077,"ws_autumn_":3.3322346,"ws_autumn1":3.559651,"ws_autum_1":3.5773556,"ws_autum_2":3.208007,"ws_autum_3":3.3744023,"ws_autum_4":3.486194,"ws_autum_5":3.1191525,"ws_autum_6":3.2470093,"ws_autum_7":3.3189476,"ws_winter_":4.089555,"ws_winter1":4.2865157,"ws_winte_1":4.371623,"ws_winte_2":3.899495,"ws_winte_3":4.2318935,"ws_winte_4":4.406163,"ws_winte_5":4.062853,"ws_winte_6":4.1898756,"ws_winte_7":4.450335},"geometry":{"type":"MultiPolygon","coordinates":[[[[-1.599213549396417,50.79150478835423],[-1.575732190739775,50.791402187233885],[-1.576072022184217,50.7538093696316],[-1.598480316250375,50.75388873865396],[-1.599213549396417,50.79150478835423]]]]}},{"type":"Feature","properties":{"x_coord":432500,"y_coord":97500,"ws_spring_":3.4977307,"ws_spring1":3.6422951,"ws_sprin_1":3.816848,"ws_sprin_2":3.4043822,"ws_sprin_3":3.567424,"ws_sprin_4":3.601232,"ws_sprin_5":3.3663585,"ws_sprin_6":3.5277855,"ws_sprin_7":3.6332366,"ws_summer_":2.9645247,"ws_summer1":3.0484498,"ws_summe_1":3.1458552,"ws_summe_2":2.7810287,"ws_summe_3":2.8888257,"ws_summe_4":2.9589646,"ws_summe_5":2.6494799,"ws_summe_6":2.7388375,"ws_summe_7":2.847932,"ws_autumn_":3.2915928,"ws_autumn1":3.513171,"ws_autum_1":3.5392337,"ws_autum_2":3.1599326,"ws_autum_3":3.3308568,"ws_autum_4":3.4394333,"ws_autum_5":3.065175,"ws_autum_6":3.197276,"ws_autum_7":3.2730746,"ws_winter_":4.0508866,"ws_winter1":4.239482,"ws_winte_1":4.3379374,"ws_winte_2":3.854699,"ws_winte_3":4.1909127,"ws_winte_4":4.3670664,"ws_winte_5":4.0194864,"ws_winte_6":4.153413,"ws_winte_7":4.423532},"geometry":{"type":"MultiPolygon","coordinates":[[[[-1.50479829295859,50.791063595362154],[-1.505193741021062,50.75353012388628],[-1.576072022184217,50.7538093696316],[-1.575732190739775,50.791402187233885],[-1.50479829295859,50.791063595362154]]]]}},{"type":"Feature","properties":{"x_coord":437500,"y_coord":97500,"ws_spring_":3.6575885,"ws_spring1":3.7999864,"ws_sprin_1":3.9848332,"ws_sprin_2":3.5669086,"ws_sprin_3":3.7211773,"ws_sprin_4":3.7691395,"ws_sprin_5":3.5214374,"ws_sprin_6":3.6983795,"ws_sprin_7":3.8117623,"ws_summer_":3.08973,"ws_summer1":3.1841803,"ws_summe_1":3.2898521,"ws_summe_2":2.8946383,"ws_summe_3":3.0084078,"ws_summe_4":3.085727,"ws_summe_5":2.7350373,"ws_summe_6":2.8543906,"ws_summe_7":2.967665,"ws_autumn_":3.4921346,"ws_autumn1":3.7017512,"ws_autum_1":3.7578208,"ws_autum_2":3.3587449,"ws_autum_3":3.5277648,"ws_autum_4":3.6355138,"ws_autum_5":3.2525413,"ws_autum_6":3.3957324,"ws_autum_7":3.4693198,"ws_winter_":4.2780347,"ws_winter1":4.449678,"ws_winte_1":4.5506744,"ws_winte_2":4.0848455,"ws_winte_3":4.4242125,"ws_winte_4":4.5901747,"ws_winte_5":4.237348,"ws_winte_6":4.392887,"ws_winte_7":4.69189},"geometry":{"type":"MultiPolygon","coordinates":[[[[-1.433865824130937,50.79068186829404],[-1.434317266166027,50.75320779999315],[-1.505193741021062,50.75353012388628],[-1.50479829295859,50.791063595362154],[-1.433865824130937,50.79068186829404]]]]}},{"type":"Feature","properties":{"x_coord":452500,"y_coord":92500,"ws_spring_":3.7912507,"ws_spring1":3.967645,"ws_sprin_1":4.1526175,"ws_sprin_2":3.720718,"ws_sprin_3":3.8839107,"ws_sprin_4":3.9334977,"ws_sprin_5":3.6793144,"ws_sprin_6":3.8456826,"ws_sprin_7":3.993349,"ws_summer_":3.2946491,"ws_summer1":3.4074197,"ws_summe_1":3.4876037,"ws_summe_2":3.1061041,"ws_summe_3":3.2242572,"ws_summe_4":3.2962909,"ws_summe_5":2.960645,"ws_summe_6":3.0760899,"ws_summe_7":3.20357,"ws_autumn_":3.5858567,"ws_autumn1":3.8117085,"ws_autum_1":3.851503,"ws_autum_2":3.4666781,"ws_autum_3":3.63414,"ws_autum_4":3.7384198,"ws_autum_5":3.3383453,"ws_autum_6":3.483972,"ws_autum_7":3.5768456,"ws_winter_":4.3942747,"ws_winter1":4.5939984,"ws_winte_1":4.6794004,"ws_winte_2":4.1934867,"ws_winte_3":4.5242987,"ws_winte_4":4.698778,"ws_winte_5":4.349164,"ws_winte_6":4.492115,"ws_winte_7":4.764594},"geometry":{"type":"MultiPolygon","coordinates":[[[[-1.293246145884171,50.70747126845317],[-1.292569030226711,50.752431722136706],[-1.221696815435244,50.75198076132551],[-1.222442142162965,50.7070202507732],[-1.293246145884171,50.70747126845317]]]]}}]}